sku,categories
/,"cat_3,cat_11,cat_14,cat_21,cat_2224,cat_8"
001,cat_3
01,cat_3
02,cat_3
03,cat_3
04,cat_3
1,cat_2172
10,"cat_3,cat_11,cat_14,cat_8"
100,"cat_3,cat_11,cat_148,cat_158,cat_14,cat_152,cat_160,cat_8,cat_150,cat_159"
1000,"cat_3,cat_11"
1001,"cat_3,cat_11"
1002,cat_2172
1003,cat_2172
1004,cat_2172
1005,cat_2172
1005909,"cat_2374,cat_3,cat_40,cat_773,cat_8,cat_38"
1006,cat_2172
1007,cat_2172
1008,cat_2172
1009,cat_2172
101,"cat_3,cat_11,cat_82,cat_8,cat_27"
1010,cat_2172
1011,cat_2172
1012,cat_2172
1013,cat_2172
1014,"cat_3,cat_11,cat_115,cat_1345"
1015,"cat_3,cat_11,cat_115,cat_1345"
1016,"cat_3,cat_11,cat_115,cat_1345"
1017,"cat_3,cat_11,cat_115,cat_1345"
1018,"cat_2374,cat_3,cat_11,cat_45,cat_1345,cat_1348,cat_14,cat_47,cat_40,cat_773,cat_8,cat_38"
1019,"cat_2374,cat_3,cat_11,cat_45,cat_1345,cat_1348,cat_14,cat_47,cat_40,cat_773,cat_8,cat_38"
102,"cat_2374,cat_3,cat_21,cat_29,cat_30,cat_2224,cat_8,cat_27,cat_28"
1020,"cat_2374,cat_3,cat_11,cat_45,cat_1345,cat_1348,cat_14,cat_47,cat_40,cat_773,cat_8,cat_38"
1021,"cat_2374,cat_3,cat_11,cat_45,cat_1345,cat_1348,cat_14,cat_47,cat_40,cat_773,cat_8,cat_38"
1022,"cat_2374,cat_3,cat_11,cat_45,cat_1345,cat_1348,cat_14,cat_47,cat_40,cat_773,cat_8,cat_38"
1023,"cat_2374,cat_3,cat_11,cat_45,cat_1345,cat_1348,cat_14,cat_47,cat_40,cat_773,cat_8,cat_38"
1024,"cat_2374,cat_3,cat_11,cat_45,cat_1345,cat_1348,cat_14,cat_47,cat_40,cat_773,cat_8,cat_38"
1025,"cat_2374,cat_3,cat_11,cat_45,cat_1345,cat_1348,cat_14,cat_47,cat_40,cat_773,cat_8,cat_38"
1026,"cat_2374,cat_3,cat_11,cat_115,cat_1345,cat_14,cat_21,cat_2224,cat_8"
1027,"cat_2374,cat_3,cat_11,cat_45,cat_115,cat_14,cat_47,cat_21,cat_40,cat_2224,cat_773"
1028,"cat_2374,cat_3,cat_11,cat_45,cat_115,cat_14,cat_47,cat_21,cat_40,cat_2224,cat_773"
1029,"cat_3,cat_11,cat_285,cat_115,cat_283,cat_279,cat_8,cat_281"
102909,"cat_3,cat_11,cat_8"
1030,"cat_3,cat_11,cat_285,cat_115,cat_283,cat_279,cat_8,cat_281"
1031,"cat_3,cat_11,cat_285,cat_115,cat_283,cat_279,cat_8,cat_281"
1032,"cat_3,cat_11,cat_285,cat_115,cat_283,cat_279,cat_8,cat_281"
1033,"cat_3,cat_11,cat_285,cat_115,cat_283,cat_279,cat_8,cat_281"
1034,"cat_3,cat_11,cat_285,cat_115,cat_283,cat_279,cat_8,cat_281"
1035,"cat_3,cat_11,cat_285,cat_115,cat_283,cat_279,cat_8,cat_281"
1036,"cat_3,cat_11,cat_285,cat_115,cat_283,cat_279,cat_8,cat_281"
1037,cat_2172
1038,"cat_2374,cat_3,cat_21,cat_2224,cat_8"
1038313,"cat_3,cat_21,cat_2224"
1039,"cat_2374,cat_3,cat_21,cat_2224,cat_8"
104,"cat_3,cat_11,cat_82,cat_8,cat_27"
1040,"cat_2374,cat_3,cat_8"
1041,"cat_2374,cat_3,cat_8"
1042,"cat_2374,cat_3,cat_8"
1043,"cat_2374,cat_3,cat_8"
1044,"cat_2374,cat_3,cat_8"
1045,"cat_2374,cat_3,cat_21,cat_2224,cat_8"
1046,"cat_2374,cat_3,cat_8"
1047,"cat_2374,cat_3,cat_8"
1048,"cat_2374,cat_3,cat_8"
1049,"cat_2374,cat_3,cat_8"
105,"cat_3,cat_11,cat_82,cat_8,cat_27"
1050,"cat_2374,cat_3,cat_8"
1051,"cat_2374,cat_3,cat_8"
1052,"cat_2374,cat_3,cat_8"
1053,"cat_2374,cat_3,cat_8"
1054,"cat_2374,cat_3,cat_8"
1055,"cat_2374,cat_3,cat_8"
1062309,"cat_2127,cat_3,cat_11,cat_82,cat_185,cat_183,cat_184,cat_27,cat_186"
1065,"cat_2374,cat_3,cat_8"
1066,"cat_2374,cat_3,cat_8"
1067,"cat_2374,cat_3,cat_8"
1068,"cat_2374,cat_3,cat_8"
1069,"cat_2374,cat_3,cat_8"
1069203,"cat_3,cat_252,cat_254"
107,"cat_3,cat_11,cat_148,cat_14,cat_152,cat_8,cat_150"
1070,"cat_2374,cat_3,cat_8"
1071,"cat_2374,cat_3,cat_8"
1072,"cat_2374,cat_3,cat_8"
1073,"cat_2374,cat_3,cat_8"
107301501,"cat_3,cat_115,cat_40,cat_773,cat_38"
107303501,"cat_1968,cat_3,cat_11,cat_1551,cat_21,cat_1558,cat_2224,cat_8,cat_1549"
107303601,"cat_1968,cat_3,cat_1558,cat_1549"
107309301,"cat_1968,cat_2374,cat_3,cat_11,cat_45,cat_80,cat_21,cat_40,cat_78,cat_2224,cat_773,cat_786,cat_8,cat_38,cat_77"
107309401,"cat_1968,cat_2374,cat_3,cat_11,cat_45,cat_80,cat_21,cat_40,cat_78,cat_2224,cat_773,cat_786,cat_8,cat_38,cat_77"
107326601,"cat_1968,cat_2374,cat_3,cat_11,cat_45,cat_80,cat_21,cat_40,cat_78,cat_2224,cat_773,cat_786,cat_8,cat_38,cat_77"
107337301,"cat_3,cat_11,cat_1551,cat_14,cat_1553,cat_8,cat_1549"
107337601,"cat_3,cat_11,cat_1551,cat_14,cat_1553,cat_8,cat_1549"
107349601,"cat_3,cat_11,cat_285,cat_422,cat_115,cat_283,cat_421,cat_21,cat_279,cat_419,cat_2224,cat_8,cat_281,cat_420"
107355501,"cat_1968,cat_3,cat_11,cat_1551,cat_21,cat_1558,cat_2224,cat_8,cat_1549"
107360501,"cat_3,cat_11,cat_1551,cat_14,cat_1553,cat_8,cat_1549"
107375101,"cat_2127,cat_3,cat_11,cat_14"
107381801,"cat_1968,cat_3,cat_11,cat_19,cat_20,cat_17,cat_18"
1074,"cat_2374,cat_3,cat_8"
107400301,"cat_2127,cat_3,cat_11,cat_14"
107400401,"cat_2127,cat_3,cat_11,cat_14"
107400501,"cat_2127,cat_3,cat_11,cat_14"
107400601,"cat_2127,cat_3,cat_11,cat_14"
107403901,"cat_1968,cat_3,cat_11,cat_19,cat_20,cat_8,cat_17,cat_18"
107405301,"cat_2127,cat_3,cat_11,cat_14"
107408301,"cat_3,cat_1558,cat_1733,cat_1549,cat_1734"
107410801,cat_3
107411201,"cat_3,cat_21,cat_2224"
107414301,"cat_2127,cat_3,cat_11,cat_14"
107414401,"cat_2127,cat_3,cat_11,cat_14"
107414501,"cat_2127,cat_3,cat_11,cat_14"
107414601,"cat_2127,cat_3,cat_11,cat_14"
107414701,"cat_2127,cat_3,cat_11,cat_14"
107414801,"cat_2127,cat_3,cat_11,cat_14"
107414901,"cat_2127,cat_3,cat_11,cat_14"
107415001,"cat_2127,cat_3,cat_11,cat_14"
107415101,"cat_2127,cat_3,cat_11,cat_14"
107415201,"cat_2127,cat_3,cat_11,cat_14"
107415301,"cat_2127,cat_3,cat_11,cat_14"
107415401,"cat_2127,cat_3,cat_11,cat_14"
107415501,"cat_2127,cat_3,cat_11,cat_14"
107415601,"cat_2127,cat_3,cat_11,cat_14"
107417101,"cat_3,cat_11"
107417201,"cat_3,cat_11"
107417301,"cat_3,cat_11,cat_14,cat_8"
107420101,"cat_2374,cat_3,cat_21,cat_259,cat_2224,cat_8,cat_256"
107420201,"cat_2374,cat_3,cat_21,cat_259,cat_2224,cat_8,cat_256"
107420301,"cat_2374,cat_3,cat_21,cat_259,cat_2224,cat_8,cat_256"
107420401,"cat_2374,cat_3,cat_21,cat_259,cat_2224,cat_8,cat_256"
107438501,"cat_3,cat_11,cat_19,cat_66,cat_8,cat_17,cat_65"
107449401,"cat_2127,cat_3,cat_11,cat_14,cat_8"
107449501,"cat_2127,cat_3,cat_11,cat_14,cat_8"
107449601,"cat_2127,cat_3,cat_11,cat_14,cat_8"
107449701,"cat_2127,cat_3,cat_11,cat_14,cat_8"
107449801,"cat_2127,cat_3,cat_11,cat_14,cat_8"
107449901,"cat_2127,cat_3,cat_11,cat_14,cat_8"
107461301,"cat_1968,cat_3,cat_11,cat_19,cat_93,cat_8,cat_17,cat_92"
107473801,"cat_1968,cat_3,cat_11,cat_19,cat_91,cat_8,cat_17,cat_90"
107474301,"cat_1968,cat_2374,cat_3,cat_11,cat_45,cat_1345,cat_1348,cat_14,cat_47,cat_21,cat_40,cat_2224,cat_773,cat_8,cat_38"
107474701,"cat_1968,cat_3,cat_8,cat_31,cat_32"
107475801,"cat_1968,cat_3,cat_11,cat_19,cat_93,cat_8,cat_17,cat_92"
107476001,"cat_1968,cat_2374,cat_3,cat_11,cat_45,cat_80,cat_40,cat_78,cat_773,cat_786,cat_38,cat_77"
107476501,"cat_1968,cat_2374,cat_3,cat_11,cat_45,cat_80,cat_21,cat_40,cat_78,cat_2224,cat_773,cat_786,cat_8,cat_38,cat_77"
107477201,"cat_1968,cat_3,cat_115"
107478101,"cat_1968,cat_3,cat_1558,cat_1549"
107478701,"cat_1968,cat_3,cat_11,cat_1551,cat_8,cat_1549"
107480401,"cat_1968,cat_3,cat_11,cat_1551,cat_21,cat_1558,cat_2224,cat_8,cat_1549"
107480501,"cat_1968,cat_3,cat_11,cat_1551,cat_21,cat_1558,cat_2224,cat_8,cat_1549"
107480601,"cat_1968,cat_3,cat_11,cat_1551,cat_21,cat_1558,cat_2224,cat_8,cat_1549"
107480901,"cat_1968,cat_2374,cat_3,cat_21,cat_40,cat_2224,cat_773,cat_8,cat_38"
107482401,"cat_1968,cat_3,cat_11,cat_19,cat_68,cat_8,cat_17,cat_67"
107482601,"cat_1968,cat_3,cat_8,cat_31,cat_339"
107483601,"cat_1968,cat_2374,cat_3,cat_11,cat_45,cat_80,cat_21,cat_40,cat_78,cat_2224,cat_773,cat_786,cat_8,cat_38,cat_77"
107484301,"cat_1968,cat_3,cat_1558,cat_1549"
107487501,cat_3
107490301,cat_3
107494901,"cat_2127,cat_3,cat_11,cat_14"
1075,"cat_2374,cat_3,cat_8"
107500101,"cat_1968,cat_3,cat_11,cat_1551,cat_8,cat_1549"
107500201,"cat_1968,cat_3,cat_11,cat_115,cat_21,cat_2224,cat_8"
107501601,"cat_1968,cat_3,cat_11,cat_285,cat_115,cat_283,cat_21,cat_279,cat_2224,cat_281"
107501701,"cat_1968,cat_3,cat_11,cat_1551,cat_21,cat_1558,cat_2224,cat_8,cat_1549"
107501801,"cat_1968,cat_3,cat_11,cat_1551,cat_21,cat_1558,cat_2224,cat_8,cat_1549"
107502101,"cat_1968,cat_3,cat_11,cat_1551,cat_21,cat_1558,cat_2224,cat_8,cat_1549"
107502201,"cat_1968,cat_3,cat_11,cat_1551,cat_21,cat_1558,cat_2224,cat_8,cat_1549"
107502301,"cat_1968,cat_3,cat_11,cat_1551,cat_21,cat_1558,cat_2224,cat_1549"
107502801,"cat_1968,cat_3,cat_11,cat_1551,cat_115,cat_1558,cat_1549"
107524501,"cat_3,cat_11,cat_1551,cat_14,cat_1553,cat_8,cat_1549"
107531001,cat_3
107531101,cat_3
107532601,cat_3
107533401,"cat_3,cat_21,cat_2224"
107542401,"cat_1968,cat_3,cat_11,cat_14,cat_8"
107542601,"cat_1968,cat_3,cat_11,cat_19,cat_20,cat_8,cat_17,cat_18"
107542701,"cat_1968,cat_3,cat_11,cat_19,cat_20,cat_17,cat_18"
107543001,"cat_1968,cat_3,cat_11,cat_19,cat_66,cat_8,cat_17,cat_65"
107543301,"cat_1968,cat_3,cat_11,cat_19,cat_66,cat_8,cat_17,cat_65"
107543501,"cat_1968,cat_3,cat_11,cat_19,cat_93,cat_8,cat_17,cat_92"
107544001,"cat_1968,cat_3,cat_11,cat_14,cat_8"
107544101,"cat_1968,cat_3,cat_11,cat_14,cat_8"
107544201,"cat_1968,cat_3,cat_11,cat_14,cat_8"
107544301,"cat_1968,cat_3,cat_11,cat_14,cat_8"
107544501,"cat_1968,cat_3,cat_11,cat_19,cat_20,cat_17,cat_18"
107544901,"cat_1968,cat_3,cat_11,cat_19,cat_93,cat_8,cat_17,cat_92"
107545101,"cat_1968,cat_2374,cat_3,cat_11,cat_45,cat_80,cat_21,cat_40,cat_78,cat_2224,cat_773,cat_786,cat_8,cat_38,cat_77"
107545201,"cat_1968,cat_3,cat_11,cat_1551,cat_21,cat_1558,cat_2224,cat_8,cat_1549"
107545501,"cat_1968,cat_3,cat_1549,cat_1561"
107545601,"cat_1968,cat_3,cat_11,cat_1551,cat_8,cat_1549"
107546501,"cat_1968,cat_3,cat_11,cat_285,cat_115,cat_283,cat_21,cat_279,cat_2224,cat_8,cat_281"
107547101,"cat_1968,cat_3,cat_21,cat_1558,cat_1733,cat_2224,cat_8,cat_1549,cat_1734"
107547201,"cat_1968,cat_2374,cat_3,cat_21,cat_326,cat_2224"
107559301,"cat_2127,cat_3,cat_14"
107562601,"cat_2127,cat_3,cat_11,cat_14"
107574101,"cat_3,cat_11,cat_82,cat_8,cat_27"
107575601,"cat_2374,cat_3,cat_21,cat_40,cat_2224,cat_773,cat_38"
107576601,"cat_3,cat_11,cat_1345,cat_14"
107583201,"cat_2127,cat_3,cat_14"
107583401,"cat_2127,cat_3,cat_14"
107583501,"cat_2127,cat_3,cat_14"
107583601,"cat_2127,cat_3,cat_14"
107583801,"cat_2127,cat_3,cat_14"
107583901,"cat_2127,cat_3,cat_14"
107584001,"cat_2127,cat_3,cat_14"
107584101,"cat_2127,cat_3,cat_14"
107584201,"cat_2127,cat_3,cat_14"
107584401,"cat_2127,cat_3,cat_14"
107584501,"cat_2127,cat_3,cat_14"
107584601,"cat_2127,cat_3,cat_14"
107584701,"cat_2127,cat_3,cat_14"
107585001,"cat_2127,cat_3,cat_14"
107585301,"cat_2127,cat_3,cat_11"
107585401,"cat_2127,cat_3,cat_11,cat_14"
107585601,"cat_2127,cat_3,cat_11"
107586301,"cat_2127,cat_3,cat_11,cat_14"
107586401,"cat_2127,cat_3,cat_11"
107586501,"cat_2127,cat_3,cat_11,cat_14"
107586601,"cat_2127,cat_3,cat_11,cat_14"
107586801,"cat_2127,cat_3,cat_11,cat_14"
107586901,"cat_2127,cat_3,cat_11"
107587101,"cat_2127,cat_3,cat_11,cat_14"
107587501,"cat_2127,cat_3,cat_14"
107587601,"cat_2127,cat_3,cat_14"
107587701,"cat_2127,cat_3,cat_14"
107587801,"cat_2127,cat_3,cat_14"
107587901,"cat_2127,cat_3,cat_14"
107588001,"cat_2127,cat_3,cat_14"
107588101,"cat_2127,cat_3,cat_14"
107588501,"cat_2127,cat_3,cat_14"
107589101,"cat_2127,cat_3,cat_14"
107589301,"cat_2127,cat_3,cat_14"
107589401,"cat_2127,cat_3,cat_14"
107595501,"cat_1968,cat_3,cat_11,cat_1551,cat_21,cat_1558,cat_2224,cat_8,cat_1549"
107595701,"cat_1968,cat_3,cat_11,cat_1551,cat_8,cat_1549"
1076,"cat_2374,cat_3,cat_8"
107625501,"cat_2127,cat_3,cat_14"
107625601,"cat_2127,cat_3,cat_14"
107625701,"cat_2127,cat_3,cat_14"
107626101,"cat_2127,cat_3,cat_14"
107626201,"cat_2127,cat_3,cat_14"
107626501,"cat_2127,cat_3,cat_14"
107626701,"cat_2127,cat_3,cat_14"
107627001,"cat_2127,cat_3,cat_14"
107627201,"cat_2127,cat_3,cat_14"
107627301,"cat_2127,cat_3,cat_14"
107628001,"cat_2127,cat_3,cat_14"
107628201,"cat_2127,cat_3,cat_14"
107629301,"cat_2127,cat_3,cat_14"
107629401,"cat_2127,cat_3,cat_14"
107629501,"cat_2127,cat_3,cat_14"
107629901,"cat_2127,cat_3,cat_11,cat_14"
107630001,"cat_2127,cat_3,cat_11,cat_14"
107630101,"cat_2127,cat_3,cat_11,cat_14"
107630201,"cat_2127,cat_3,cat_11,cat_14"
107630301,"cat_2127,cat_3,cat_11,cat_14"
107630401,"cat_2127,cat_3,cat_11,cat_14"
107630501,"cat_2127,cat_3,cat_11,cat_14"
107630601,"cat_2127,cat_3,cat_11,cat_14"
107630701,"cat_2127,cat_3,cat_11,cat_14"
107630801,"cat_2127,cat_3,cat_11,cat_14"
107630901,"cat_2127,cat_3,cat_11,cat_14"
107631001,"cat_2127,cat_3,cat_11,cat_14"
107631101,"cat_2127,cat_3,cat_11,cat_14"
107631201,"cat_2127,cat_3,cat_11,cat_14"
107631301,"cat_2127,cat_3,cat_11,cat_14"
107631401,"cat_2127,cat_3,cat_11,cat_14"
107631501,"cat_2127,cat_3,cat_11,cat_14"
107631601,"cat_2127,cat_3,cat_11,cat_14"
107631801,"cat_2127,cat_3,cat_11,cat_14"
107631901,"cat_2127,cat_3,cat_11,cat_14"
107632001,"cat_2127,cat_3,cat_11,cat_14"
107632101,"cat_2127,cat_3,cat_11,cat_14"
107632201,"cat_2127,cat_3,cat_11,cat_14"
107632301,"cat_2127,cat_3,cat_11,cat_14"
107632401,"cat_2127,cat_3,cat_11,cat_14"
107632501,"cat_2127,cat_3,cat_11,cat_14"
107633801,"cat_2127,cat_3,cat_14"
107633901,"cat_2127,cat_3,cat_14"
107634501,"cat_2127,cat_3,cat_14"
107634601,"cat_2127,cat_3,cat_14"
107634901,"cat_2127,cat_3,cat_14"
107635201,"cat_2127,cat_3,cat_14"
107635401,"cat_2127,cat_3,cat_14"
107635601,"cat_2127,cat_3,cat_14"
107636101,"cat_2127,cat_3,cat_14"
107639201,"cat_2127,cat_3,cat_11,cat_14"
107639301,"cat_2127,cat_3,cat_11,cat_14"
107639501,"cat_2127,cat_3,cat_11,cat_14"
107639601,"cat_2127,cat_3,cat_11,cat_14"
107639701,"cat_2127,cat_3,cat_11,cat_14"
107639801,"cat_2127,cat_3,cat_11,cat_115,cat_14"
107642501,"cat_2127,cat_3,cat_11,cat_115,cat_14"
107643601,"cat_2127,cat_3,cat_11,cat_115,cat_14"
107643701,"cat_2127,cat_3,cat_11,cat_115,cat_14"
107643801,"cat_2127,cat_3,cat_11,cat_115,cat_14"
107643901,"cat_2127,cat_3,cat_11,cat_14"
107644301,"cat_2127,cat_3,cat_11,cat_14"
107644401,"cat_2127,cat_3,cat_11,cat_14"
107644601,"cat_2127,cat_3,cat_11,cat_14"
107645101,"cat_2127,cat_3,cat_11,cat_14"
107645301,"cat_2127,cat_3,cat_11"
107645601,"cat_2127,cat_3,cat_11,cat_14"
107646701,"cat_2127,cat_3,cat_11,cat_14"
107647001,"cat_2127,cat_3,cat_11,cat_14"
107647101,"cat_2127,cat_3,cat_11,cat_14"
107647201,"cat_2127,cat_3,cat_11,cat_14"
107647301,"cat_2127,cat_3,cat_11,cat_14"
107647401,"cat_2127,cat_3,cat_11,cat_14"
107647501,"cat_2127,cat_3,cat_11,cat_14"
107647601,"cat_2127,cat_3,cat_11,cat_14"
107647701,"cat_2127,cat_3,cat_11,cat_14"
107647801,"cat_2127,cat_3,cat_11,cat_14"
107647901,"cat_2127,cat_3,cat_11,cat_14"
107648001,"cat_2127,cat_3,cat_11,cat_14"
107648101,"cat_2127,cat_3,cat_11,cat_14"
107648201,"cat_2127,cat_3,cat_11,cat_14"
107648301,"cat_2127,cat_3,cat_11,cat_14"
107648401,"cat_2127,cat_3,cat_11,cat_14"
107648501,"cat_2127,cat_3,cat_11,cat_14"
107648601,"cat_2127,cat_3,cat_11,cat_14"
107648701,"cat_2127,cat_3,cat_11,cat_14"
107648801,"cat_2127,cat_3,cat_11,cat_14"
107648901,"cat_2127,cat_3,cat_11,cat_14"
107649001,"cat_2127,cat_3,cat_11,cat_14"
107649101,"cat_2127,cat_3,cat_11,cat_14"
107649201,"cat_2127,cat_3,cat_11,cat_14"
107649301,"cat_2127,cat_3,cat_11,cat_14"
107649401,"cat_2127,cat_3,cat_11,cat_14"
107649601,"cat_2127,cat_3,cat_11,cat_14"
107649701,"cat_2127,cat_3,cat_11,cat_14"
107649801,"cat_2127,cat_3,cat_11,cat_14"
107649901,"cat_2127,cat_3,cat_11,cat_14"
107650201,"cat_2127,cat_3,cat_11,cat_14"
107650401,"cat_2127,cat_3,cat_11,cat_14"
107650501,"cat_2127,cat_3,cat_11,cat_14"
107650901,"cat_2127,cat_3,cat_11,cat_14"
107651101,"cat_2127,cat_3,cat_11,cat_14"
107651201,"cat_2127,cat_3,cat_11"
107651401,"cat_2127,cat_3,cat_11,cat_14"
107651601,"cat_2127,cat_3,cat_11"
107652001,"cat_2127,cat_3,cat_11,cat_14"
107652101,"cat_2127,cat_3,cat_11,cat_14"
107652301,"cat_2127,cat_3,cat_11,cat_14"
107652501,"cat_2127,cat_3,cat_11,cat_14"
107652801,"cat_2127,cat_3,cat_11,cat_14"
107652901,"cat_2127,cat_3,cat_11,cat_14"
107653101,"cat_2127,cat_3,cat_11,cat_14"
107653201,"cat_2127,cat_3,cat_11"
107653301,"cat_2127,cat_3,cat_11,cat_14"
107653601,"cat_2127,cat_3,cat_11"
107654001,"cat_2127,cat_3,cat_11"
107654201,"cat_2127,cat_3,cat_11,cat_14"
107654501,"cat_2127,cat_3,cat_11,cat_14"
107658701,"cat_2127,cat_3,cat_14"
107658801,"cat_2127,cat_3,cat_14"
107659001,"cat_2127,cat_3,cat_14"
107659301,"cat_2127,cat_3,cat_14"
107659501,"cat_2127,cat_3,cat_14"
107660501,"cat_2127,cat_3,cat_14"
107660601,"cat_2127,cat_3,cat_14"
107661301,"cat_2127,cat_3,cat_14"
107661801,"cat_2127,cat_3,cat_14"
107664901,"cat_2127,cat_3,cat_11,cat_14"
107673801,"cat_2127,cat_3,cat_14"
107674601,"cat_2127,cat_3,cat_14"
107674701,"cat_2127,cat_3,cat_14"
107676601,"cat_2127,cat_3,cat_11,cat_14"
107676701,"cat_2127,cat_3,cat_11,cat_14"
107677001,"cat_2127,cat_3,cat_11,cat_14"
107677201,"cat_2127,cat_3,cat_11,cat_14"
107677501,"cat_2127,cat_3,cat_14"
107677601,"cat_2127,cat_3,cat_14"
107677701,"cat_2127,cat_3,cat_14"
107677801,"cat_2127,cat_3,cat_14"
107677901,"cat_2127,cat_3,cat_14"
107678001,"cat_2127,cat_3"
107678101,"cat_2127,cat_3,cat_14"
107678201,"cat_2127,cat_3,cat_14"
107678801,"cat_2127,cat_3,cat_14"
107679001,"cat_2127,cat_3,cat_14"
107681801,"cat_2127,cat_3,cat_11,cat_14,cat_8"
107681901,"cat_2127,cat_3,cat_11,cat_14,cat_8"
107682201,"cat_2127,cat_3,cat_11,cat_14,cat_8"
107682501,"cat_2374,cat_3,cat_115,cat_40,cat_773,cat_8,cat_38"
107682801,"cat_2127,cat_3,cat_14"
107682901,"cat_2127,cat_3,cat_14"
107683001,"cat_2127,cat_3"
107683101,"cat_2127,cat_3,cat_14"
107683201,"cat_2127,cat_3,cat_14"
107683301,"cat_2127,cat_3,cat_14"
107683601,"cat_1968,cat_3,cat_11,cat_14,cat_8"
107687201,"cat_2127,cat_3"
107687301,"cat_2127,cat_3,cat_14"
107687401,"cat_2127,cat_3,cat_14"
107687501,"cat_2127,cat_3,cat_14"
107687801,"cat_2127,cat_3,cat_11,cat_115,cat_14"
107688001,"cat_2127,cat_3,cat_11,cat_115,cat_14"
107688101,"cat_2127,cat_3,cat_11,cat_115,cat_14"
107688201,"cat_2127,cat_3,cat_11,cat_115,cat_14"
107688301,"cat_2127,cat_3,cat_11,cat_115,cat_14"
107688401,"cat_2127,cat_3,cat_11,cat_115,cat_14"
107688501,"cat_2127,cat_3,cat_11,cat_115,cat_14"
107688701,"cat_2127,cat_3,cat_11,cat_115,cat_14"
107688801,"cat_2127,cat_3,cat_11,cat_115,cat_14"
107688901,"cat_2127,cat_3,cat_11,cat_115,cat_14"
107689001,"cat_2127,cat_3,cat_11,cat_115,cat_14"
107689101,"cat_2127,cat_3,cat_11,cat_115,cat_14"
107689201,"cat_2127,cat_3,cat_11,cat_115,cat_14"
107689301,"cat_2127,cat_3,cat_11,cat_115,cat_14"
107689401,"cat_2127,cat_3,cat_11,cat_115,cat_14"
107689501,"cat_2127,cat_3,cat_11,cat_115,cat_14"
107689601,"cat_2127,cat_3,cat_11,cat_115,cat_14"
107689801,"cat_2127,cat_3,cat_11,cat_115,cat_14"
107689901,"cat_2127,cat_3,cat_11,cat_115,cat_14"
107690101,"cat_2127,cat_3,cat_11,cat_115,cat_14"
107690201,"cat_2127,cat_3,cat_11,cat_115,cat_14"
107690301,"cat_2127,cat_3,cat_11,cat_115,cat_14"
107690601,"cat_2127,cat_3,cat_11,cat_115,cat_14"
107690701,"cat_2127,cat_3,cat_11,cat_115,cat_14"
107690801,"cat_2127,cat_3,cat_11,cat_115,cat_14"
107690901,"cat_2127,cat_3,cat_11,cat_115,cat_14"
107691001,"cat_2127,cat_3,cat_11,cat_115,cat_14"
107691101,"cat_2127,cat_3,cat_11,cat_115,cat_14"
107691201,"cat_2127,cat_3,cat_11,cat_115,cat_14"
107691601,"cat_2127,cat_3,cat_11,cat_115,cat_14"
107699701,"cat_2127,cat_3,cat_11,cat_14"
107699801,"cat_2127,cat_3,cat_11,cat_14"
107699901,"cat_2127,cat_3,cat_11,cat_14"
1077,"cat_2374,cat_3,cat_8"
107700001,"cat_2127,cat_3,cat_11,cat_14"
107700101,"cat_2127,cat_3,cat_11,cat_14"
107700201,"cat_2127,cat_3,cat_11,cat_14"
107700301,"cat_2127,cat_3,cat_11,cat_14"
107700401,"cat_2127,cat_3,cat_11,cat_14"
107700501,"cat_2127,cat_3,cat_11,cat_14"
107700601,"cat_2127,cat_3,cat_11,cat_14"
107700701,"cat_2127,cat_3,cat_11,cat_14"
107700801,"cat_2127,cat_3,cat_11,cat_14"
107701001,"cat_2127,cat_3,cat_11,cat_14"
107701101,"cat_2127,cat_3,cat_11,cat_14"
107701201,"cat_2127,cat_3,cat_11,cat_14"
107701301,"cat_2127,cat_3,cat_11,cat_14"
107701401,"cat_2127,cat_3,cat_11,cat_14"
107701501,"cat_2127,cat_3,cat_11,cat_14"
107701601,"cat_2127,cat_3,cat_11,cat_14"
107701701,"cat_2127,cat_3,cat_11,cat_14"
107701801,"cat_2127,cat_3,cat_11,cat_14"
107702001,"cat_2127,cat_3,cat_11,cat_14"
107702101,"cat_2127,cat_3,cat_11,cat_14"
107702301,"cat_2127,cat_3,cat_11,cat_14"
107702401,"cat_2127,cat_3,cat_11,cat_14"
107702501,"cat_2127,cat_3,cat_11,cat_14"
107702601,"cat_2127,cat_3,cat_11,cat_14"
107706301,"cat_2127,cat_3,cat_14"
107706401,"cat_2127,cat_3,cat_14"
107706501,"cat_2127,cat_3,cat_11,cat_14"
107716001,"cat_2127,cat_3,cat_14"
107716701,"cat_1968,cat_2374,cat_3,cat_1345,cat_21,cat_2224,cat_8,cat_17"
107722301,"cat_3,cat_11,cat_115,cat_14,cat_8"
107734601,"cat_1968,cat_3,cat_11,cat_1551,cat_21,cat_1558,cat_2224,cat_8,cat_1549"
107736601,"cat_2127,cat_3,cat_11,cat_115,cat_14"
107736701,"cat_2127,cat_3,cat_11,cat_115,cat_14"
107736801,"cat_2127,cat_3,cat_11,cat_115,cat_14"
107736901,"cat_2127,cat_3,cat_11,cat_115,cat_14"
107737101,"cat_2127,cat_3,cat_11,cat_14"
107737201,"cat_2127,cat_3,cat_11,cat_14"
107737301,"cat_2127,cat_3,cat_11,cat_14"
107737501,"cat_2127,cat_3,cat_11,cat_14"
107737901,"cat_2127,cat_3,cat_11"
107738001,"cat_2127,cat_3,cat_11"
107738101,"cat_2127,cat_3,cat_11,cat_14"
107738301,"cat_2127,cat_3,cat_11,cat_14"
107739101,"cat_1968,cat_3,cat_11,cat_115,cat_21,cat_2224,cat_8"
107740401,"cat_1968,cat_3,cat_11,cat_14,cat_8"
107740501,"cat_1968,cat_3,cat_8,cat_1549,cat_1561"
107741301,"cat_1968,cat_2374,cat_3,cat_11,cat_45,cat_1345,cat_1348,cat_14,cat_47,cat_21,cat_40,cat_2224,cat_773,cat_8,cat_38"
107741701,"cat_2127,cat_3,cat_14"
107741801,"cat_2127,cat_3,cat_14"
107742001,"cat_2127,cat_3,cat_14"
107742101,"cat_2127,cat_3,cat_14"
107742201,"cat_2127,cat_3,cat_14"
107754501,"cat_3,cat_11,cat_1551,cat_115,cat_1558,cat_8,cat_1549"
107754601,"cat_3,cat_11,cat_1551,cat_115,cat_1558,cat_8,cat_1549"
107754701,"cat_3,cat_11,cat_1551,cat_115,cat_1558,cat_8,cat_1549"
107778501,"cat_2127,cat_2374,cat_3,cat_21,cat_40,cat_2224,cat_773,cat_8,cat_38"
107779001,"cat_2374,cat_3,cat_115,cat_40,cat_773,cat_8,cat_38"
107781101,"cat_2127,cat_3,cat_11,cat_115,cat_14"
107790501,"cat_2127,cat_3,cat_11,cat_82,cat_185,cat_183,cat_184,cat_27,cat_186"
107791101,"cat_2127,cat_3,cat_11,cat_82,cat_185,cat_183,cat_184,cat_27,cat_186"
107791201,"cat_2127,cat_3,cat_11,cat_82,cat_185,cat_183,cat_184,cat_27,cat_186"
107791301,"cat_2127,cat_3,cat_11,cat_82,cat_185,cat_183,cat_184,cat_27,cat_186"
107793201,"cat_2127,cat_3,cat_11,cat_82,cat_185,cat_183,cat_184,cat_27,cat_186"
107793301,"cat_2127,cat_3,cat_11,cat_82,cat_185,cat_183,cat_184,cat_27,cat_186"
107793501,"cat_2127,cat_3,cat_11,cat_82,cat_185,cat_183,cat_184,cat_27,cat_186"
107794701,"cat_2127,cat_3,cat_11,cat_82,cat_185,cat_183,cat_184,cat_27,cat_186"
107794801,"cat_2127,cat_3,cat_11,cat_82,cat_185,cat_183,cat_184,cat_27,cat_186"
1078,"cat_2374,cat_3,cat_8"
107821701,cat_3
107821801,cat_3
107822001,cat_3
107822101,cat_3
107822201,cat_3
107828101,"cat_2374,cat_3,cat_11,cat_45,cat_1345,cat_1348,cat_14,cat_47,cat_40,cat_773,cat_8,cat_38"
107829301,"cat_2374,cat_3,cat_40,cat_98,cat_773,cat_778,cat_38,cat_99"
107840701,"cat_3,cat_252,cat_297,cat_8,cat_254,cat_298"
107841101,"cat_3,cat_252,cat_297,cat_8,cat_254,cat_298"
107844901,cat_3
107845601,"cat_2127,cat_3,cat_11,cat_14"
107866801,"cat_2127,cat_3,cat_11,cat_14"
107870301,"cat_3,cat_8,cat_31,cat_32"
107877801,"cat_3,cat_8,cat_256,cat_257"
107880201,"cat_3,cat_8,cat_256,cat_257"
107880301,"cat_3,cat_8,cat_256,cat_257"
107880401,"cat_3,cat_256,cat_257"
107880601,"cat_2374,cat_3,cat_259,cat_262,cat_8,cat_256,cat_261"
107880801,"cat_2374,cat_3,cat_259,cat_262,cat_8,cat_256,cat_261"
107887401,"cat_1968,cat_3,cat_11,cat_1551,cat_115,cat_21,cat_1558,cat_2224,cat_8,cat_1549"
107887801,"cat_1968,cat_2374,cat_3,cat_115,cat_21,cat_40,cat_2224,cat_773,cat_8,cat_38"
107894601,"cat_2127,cat_3,cat_11"
107895101,"cat_2127,cat_3,cat_11"
107895401,"cat_2127,cat_3,cat_11"
107895601,"cat_2127,cat_3,cat_11,cat_14,cat_8"
107895701,"cat_2127,cat_3,cat_11"
107895801,"cat_2127,cat_3,cat_11"
107898401,"cat_2127,cat_3,cat_11,cat_14"
107898501,"cat_2127,cat_3,cat_11,cat_14"
107898601,"cat_2127,cat_3,cat_11,cat_14"
107898701,"cat_2127,cat_3,cat_11,cat_14"
107898801,"cat_2127,cat_3,cat_11,cat_14"
107898901,"cat_2127,cat_3,cat_11,cat_14"
107899001,"cat_2127,cat_3,cat_11,cat_14"
107899101,"cat_2127,cat_3,cat_11,cat_14"
107899301,"cat_2127,cat_3,cat_11,cat_14"
107899501,"cat_2127,cat_3,cat_11,cat_14"
107899601,"cat_2127,cat_3,cat_11,cat_14"
107899701,"cat_2127,cat_3,cat_11,cat_14"
107899801,"cat_2127,cat_3,cat_11,cat_14"
1079,"cat_2374,cat_3,cat_8"
107900001,"cat_2127,cat_3,cat_11"
107900101,"cat_2127,cat_3,cat_11,cat_14"
107903301,"cat_2127,cat_3,cat_11,cat_14"
107903401,"cat_2127,cat_3,cat_11,cat_14"
107903501,"cat_2127,cat_3,cat_11,cat_14"
107903601,"cat_2127,cat_3,cat_11,cat_14"
107903701,"cat_2127,cat_3,cat_11,cat_14"
107903801,"cat_2127,cat_3,cat_11,cat_14"
107903901,"cat_2127,cat_3,cat_11,cat_14"
107904001,"cat_2127,cat_3,cat_11,cat_14"
107904201,"cat_2127,cat_3,cat_11,cat_14"
107904301,"cat_2127,cat_3,cat_11,cat_14"
107904401,"cat_2127,cat_3,cat_11,cat_14"
107904501,"cat_2127,cat_3,cat_11,cat_14"
107904601,"cat_2127,cat_3,cat_11,cat_14"
107904701,"cat_2127,cat_3,cat_11,cat_14"
107904801,"cat_2127,cat_3,cat_11,cat_14"
107904901,"cat_2127,cat_3,cat_11,cat_14"
107905001,"cat_2127,cat_3,cat_11,cat_14"
107905701,"cat_1968,cat_3,cat_11,cat_285,cat_115,cat_283,cat_21,cat_279,cat_2224,cat_8,cat_281"
107905801,"cat_1968,cat_3,cat_11,cat_1551,cat_21,cat_1558,cat_2224,cat_8,cat_1549"
107905901,"cat_1968,cat_3,cat_11,cat_1551,cat_21,cat_1558,cat_2224,cat_8,cat_1549"
107907201,"cat_2374,cat_3,cat_11,cat_45,cat_115,cat_14,cat_47,cat_40,cat_773"
107907301,"cat_2374,cat_3,cat_11,cat_45,cat_115,cat_14,cat_47,cat_40,cat_773"
107907401,"cat_2374,cat_3,cat_11,cat_45,cat_115,cat_14,cat_47,cat_40,cat_773"
107907501,"cat_2374,cat_3,cat_11,cat_45,cat_115,cat_14,cat_47,cat_40,cat_773"
107917701,"cat_1968,cat_3,cat_11,cat_115,cat_21,cat_2224"
107917801,"cat_1968,cat_3,cat_11,cat_115,cat_21,cat_2224"
107919401,"cat_1968,cat_3,cat_11,cat_1551,cat_115,cat_21,cat_1558,cat_2224,cat_8,cat_1549"
107919501,"cat_1968,cat_3,cat_11,cat_19,cat_91,cat_8,cat_17,cat_90"
107931801,"cat_1968,cat_3,cat_11,cat_115,cat_21,cat_2224"
107931901,"cat_1968,cat_3,cat_11,cat_115,cat_21,cat_2224"
107947701,"cat_1968,cat_3,cat_11,cat_1551,cat_1549"
107949301,"cat_1968,cat_3,cat_11,cat_19,cat_20,cat_8,cat_17,cat_18"
107978801,"cat_3,cat_11,cat_1551,cat_8,cat_1549"
107981601,"cat_3,cat_29,cat_288,cat_27,cat_287"
107981801,"cat_3,cat_29,cat_288,cat_27,cat_287"
107984601,"cat_3,cat_29,cat_288,cat_27,cat_287"
107995801,"cat_1968,cat_3,cat_11,cat_1551,cat_21,cat_1558,cat_2224,cat_8,cat_1549"
107999501,cat_2172
107999601,cat_2172
107999701,cat_2172
108,"cat_3,cat_11,cat_148,cat_14,cat_152,cat_8,cat_150"
1080,"cat_2374,cat_3,cat_8"
108003801,"cat_1968,cat_3,cat_11,cat_19,cat_68,cat_8,cat_17,cat_67"
108003901,"cat_1968,cat_3,cat_11,cat_19,cat_66,cat_8,cat_17,cat_65"
108004201,"cat_1968,cat_3,cat_11,cat_285,cat_115,cat_283,cat_21,cat_279,cat_2224,cat_8,cat_281"
108009901,"cat_1968,cat_3,cat_11,cat_1551,cat_8,cat_1549"
108010501,"cat_1968,cat_3,cat_11,cat_45,cat_80,cat_21,cat_40,cat_78,cat_2224,cat_773,cat_786,cat_8,cat_38,cat_77"
108011101,"cat_1968,cat_2374,cat_3,cat_11,cat_45,cat_46,cat_1345,cat_1348,cat_1349,cat_14,cat_47,cat_48,cat_40,cat_41,cat_773,cat_790,cat_8,cat_38,cat_39"
108011201,"cat_1968,cat_2374,cat_3,cat_11,cat_45,cat_46,cat_1345,cat_1348,cat_1349,cat_14,cat_47,cat_48,cat_40,cat_41,cat_773,cat_790,cat_8,cat_38,cat_39"
108011301,"cat_1968,cat_2374,cat_3,cat_11,cat_45,cat_46,cat_1345,cat_1348,cat_1349,cat_14,cat_47,cat_48,cat_40,cat_41,cat_773,cat_790,cat_8,cat_38,cat_39"
108019101,"cat_1968,cat_2374,cat_3,cat_21,cat_40,cat_111,cat_2224,cat_773,cat_775,cat_8,cat_38,cat_112"
108019301,"cat_1968,cat_2374,cat_3,cat_40,cat_773,cat_38"
108020001,cat_3
108020901,"cat_2374,cat_3,cat_21,cat_259,cat_2224,cat_8,cat_256"
108024801,"cat_1968,cat_3,cat_11,cat_14,cat_8"
108025001,"cat_1968,cat_3,cat_11"
1080909,"cat_2374,cat_3,cat_21,cat_29,cat_30,cat_2224,cat_8,cat_27,cat_28"
1081,"cat_2374,cat_3,cat_8"
108129101,"cat_3,cat_11,cat_14"
108129201,"cat_3,cat_11,cat_14"
1082,"cat_2374,cat_3,cat_8"
1083,"cat_2374,cat_3,cat_8"
1084,"cat_2374,cat_3,cat_8"
1085,"cat_2374,cat_3,cat_8"
1086,"cat_2374,cat_3,cat_8"
1087,"cat_2374,cat_3,cat_8"
1088,"cat_2374,cat_3,cat_8"
108822901,"cat_3,cat_11,cat_115"
108826801,cat_3
108826901,cat_3
108827001,cat_3
108827101,cat_3
108827301,cat_3
108828701,"cat_2374,cat_3,cat_259,cat_8,cat_256"
108828801,"cat_2374,cat_3,cat_259,cat_8,cat_256"
108828901,"cat_2374,cat_3,cat_259,cat_8,cat_256"
108829001,"cat_2374,cat_3,cat_259,cat_262,cat_8,cat_256,cat_261"
108829101,"cat_2374,cat_3,cat_259,cat_262,cat_8,cat_256,cat_261"
108829801,"cat_3,cat_8,cat_256,cat_257"
108844901,"cat_1968,cat_3,cat_11,cat_1551,cat_21,cat_1558,cat_2224,cat_8,cat_1549"
108845101,"cat_1968,cat_3,cat_11,cat_19,cat_20,cat_17,cat_18"
108847601,"cat_2374,cat_3,cat_11"
108847701,"cat_2374,cat_3,cat_11"
108847801,"cat_2374,cat_3,cat_11"
108851501,"cat_1968,cat_3,cat_11,cat_14,cat_8"
108851901,"cat_1968,cat_3,cat_11,cat_1551,cat_8,cat_1549"
108852201,"cat_1968,cat_3,cat_11,cat_1551,cat_8,cat_1549"
108854601,"cat_1968,cat_2374,cat_3,cat_40,cat_111,cat_773,cat_775,cat_38,cat_112"
108855301,"cat_1968,cat_2374,cat_3,cat_11,cat_45,cat_46,cat_1345,cat_1348,cat_1349,cat_47,cat_48,cat_40,cat_41,cat_773,cat_790,cat_38,cat_39"
108856101,"cat_1968,cat_3,cat_11,cat_1551,cat_1558,cat_1549"
108857201,"cat_1968,cat_2374,cat_3,cat_11,cat_45,cat_80,cat_40,cat_78,cat_773,cat_786,cat_38,cat_77"
108863301,"cat_1968,cat_3,cat_11,cat_19,cat_66,cat_8,cat_17,cat_65"
108864301,"cat_1968,cat_2374,cat_3,cat_1345,cat_21,cat_2224,cat_8,cat_17"
108866301,"cat_1968,cat_3,cat_11,cat_1551,cat_8,cat_1549"
108866501,"cat_1968,cat_3,cat_11,cat_285,cat_115,cat_283,cat_279,cat_281"
108867101,"cat_1968,cat_3,cat_11,cat_285,cat_422,cat_115,cat_283,cat_421,cat_21,cat_279,cat_419,cat_2224,cat_8,cat_281,cat_420"
108869301,"cat_1968,cat_3,cat_11,cat_115"
108869801,"cat_1968,cat_3,cat_11,cat_14,cat_8"
108872501,"cat_1968,cat_2374,cat_3,cat_21,cat_40,cat_111,cat_2224,cat_773,cat_775,cat_8,cat_38,cat_112"
108874401,"cat_1968,cat_3,cat_11,cat_285,cat_115,cat_283,cat_279,cat_281"
108874801,"cat_1968,cat_3,cat_11,cat_115,cat_21,cat_2224"
108875001,"cat_1968,cat_3,cat_11,cat_14,cat_8"
108878101,"cat_1968,cat_3,cat_11,cat_1551,cat_1558,cat_1549"
108878501,"cat_1968,cat_2374,cat_3,cat_11,cat_45,cat_46,cat_1345,cat_1348,cat_1349,cat_47,cat_48,cat_21,cat_40,cat_41,cat_2224,cat_773,cat_790,cat_8,cat_38,cat_39"
108880401,"cat_2127,cat_3,cat_11"
1089,"cat_2374,cat_3,cat_8"
108931401,"cat_3,cat_1558,cat_1733,cat_8,cat_1549,cat_1734"
108931901,"cat_2374,cat_3,cat_21,cat_40,cat_2224,cat_773,cat_8,cat_38"
108940801,"cat_1968,cat_3,cat_11,cat_19,cat_20,cat_17,cat_18"
108940901,"cat_1968,cat_3,cat_11,cat_1551,cat_1558,cat_1549"
108941701,"cat_1968,cat_3,cat_11,cat_19,cat_91,cat_8,cat_17,cat_90"
108941901,"cat_1968,cat_3,cat_11,cat_19,cat_93,cat_8,cat_17,cat_92"
108942401,"cat_1968,cat_3,cat_1558,cat_8,cat_1549"
108943001,"cat_1968,cat_3,cat_8,cat_31,cat_32"
108943201,"cat_1968,cat_3,cat_11,cat_115,cat_21,cat_2224,cat_8"
108944101,"cat_1968,cat_3,cat_11,cat_285,cat_115,cat_283,cat_21,cat_279,cat_2224,cat_8,cat_281"
108944401,"cat_1968,cat_3,cat_115,cat_40,cat_773,cat_8,cat_38"
108945101,"cat_1968,cat_3,cat_11,cat_14,cat_8"
108945301,"cat_1968,cat_3,cat_11,cat_14,cat_8"
108945401,"cat_1968,cat_3,cat_11,cat_14,cat_8"
108945501,"cat_1968,cat_2374,cat_3,cat_21,cat_40,cat_2224,cat_773,cat_8,cat_38"
108973101,"cat_3,cat_11,cat_19,cat_20,cat_8,cat_17,cat_18"
108980101,"cat_2374,cat_3,cat_115,cat_40,cat_773,cat_38"
108980201,"cat_2374,cat_3,cat_115,cat_40,cat_773,cat_38"
108983801,cat_2172
108985001,"cat_1968,cat_3,cat_11,cat_14,cat_8"
108987501,"cat_2374,cat_3,cat_11,cat_45,cat_1345,cat_1348,cat_14,cat_47,cat_40,cat_773,cat_8,cat_38"
108987601,"cat_2374,cat_3,cat_11,cat_45,cat_1345,cat_1348,cat_14,cat_47,cat_40,cat_773,cat_8,cat_38"
108992201,"cat_2374,cat_3,cat_115,cat_40,cat_773,cat_38"
108992401,"cat_2374,cat_3,cat_115,cat_40,cat_773,cat_38"
109,"cat_3,cat_11,cat_148,cat_14,cat_152,cat_8,cat_150"
1090,"cat_2374,cat_3,cat_8"
1091,"cat_2374,cat_3,cat_8"
1092,"cat_2374,cat_3,cat_8"
1093,"cat_2374,cat_3,cat_8"
1094,"cat_2374,cat_3,cat_8"
1095,"cat_2374,cat_3,cat_8"
1096,"cat_2374,cat_3,cat_8"
1097,"cat_2374,cat_3,cat_8"
1098,"cat_2374,cat_3,cat_8"
1099,"cat_2374,cat_3,cat_8"
11,"cat_1968,cat_3,cat_8,cat_31,cat_32"
110,"cat_3,cat_11,cat_148,cat_14,cat_152,cat_8,cat_150"
1100,"cat_2374,cat_3,cat_8"
1101,"cat_2374,cat_3,cat_8"
1101503,cat_2172
1101603,cat_2172
1102,"cat_2374,cat_3,cat_8"
110217201,"cat_3,cat_8,cat_1549,cat_1561"
110231401,"cat_2374,cat_3,cat_11,cat_45,cat_1345,cat_1348,cat_14,cat_47,cat_40,cat_773,cat_8,cat_38"
110281301,"cat_3,cat_11,cat_1551,cat_8,cat_1549"
110281401,"cat_3,cat_11,cat_1551,cat_8,cat_1549"
110281501,"cat_3,cat_11,cat_1551,cat_8,cat_1549"
110281601,"cat_3,cat_11,cat_1551,cat_8,cat_1549"
110282601,"cat_1968,cat_3,cat_11,cat_14,cat_8"
110283101,"cat_1968,cat_3,cat_11,cat_115"
110283401,"cat_1968,cat_3,cat_11,cat_45,cat_80,cat_40,cat_78,cat_773,cat_786,cat_8,cat_38,cat_77"
110283501,"cat_1968,cat_2374,cat_3,cat_11,cat_45,cat_1345,cat_1348,cat_47,cat_40,cat_773,cat_38"
110283601,"cat_1968,cat_3,cat_11,cat_1551,cat_115,cat_21,cat_1558,cat_2224,cat_8,cat_1549"
110283801,"cat_1968,cat_3,cat_115"
110284401,"cat_1968,cat_3,cat_11,cat_115,cat_21,cat_2224,cat_8"
110285901,"cat_1968,cat_2374,cat_3,cat_21,cat_40,cat_2224,cat_773,cat_8,cat_38"
1103,"cat_2374,cat_3,cat_8"
110327301,"cat_2127,cat_3,cat_11,cat_14"
110327501,"cat_2127,cat_3,cat_11,cat_14"
110327801,"cat_2127,cat_3,cat_11,cat_14"
110328801,"cat_2127,cat_3"
110329401,"cat_2127,cat_3,cat_14"
110329601,"cat_2127,cat_3,cat_14"
110330001,"cat_2127,cat_3,cat_14"
110350201,cat_2172
110365301,cat_3
110365501,cat_3
110399301,"cat_1968,cat_3,cat_11,cat_285,cat_115,cat_283,cat_279,cat_281"
110399601,"cat_3,cat_11,cat_115"
110399701,"cat_3,cat_11,cat_115,cat_14,cat_8"
1104,"cat_2374,cat_3,cat_8"
110400501,"cat_2127,cat_3,cat_11,cat_14"
110436201,cat_2172
110448401,"cat_1968,cat_3,cat_11,cat_14,cat_8"
110448501,"cat_1968,cat_3,cat_11,cat_14,cat_8"
110451001,"cat_1968,cat_2374,cat_3,cat_21,cat_40,cat_111,cat_2224,cat_773,cat_775,cat_38,cat_112"
110451101,"cat_1968,cat_2374,cat_3,cat_21,cat_40,cat_111,cat_2224,cat_773,cat_775,cat_38,cat_112"
110452701,"cat_1968,cat_2374,cat_3,cat_40,cat_98,cat_773,cat_778,cat_8,cat_38,cat_99"
110452801,"cat_1968,cat_2374,cat_3,cat_21,cat_40,cat_98,cat_2224,cat_773,cat_778,cat_38,cat_99"
110452901,"cat_1968,cat_2374,cat_3,cat_40,cat_98,cat_773,cat_778,cat_8,cat_38,cat_99"
110453201,"cat_1968,cat_3,cat_11,cat_14,cat_8"
110453901,"cat_1968,cat_3,cat_11,cat_45,cat_80,cat_40,cat_78,cat_773,cat_786,cat_38,cat_77"
110454001,"cat_1968,cat_3,cat_11,cat_45,cat_80,cat_21,cat_40,cat_78,cat_2224,cat_773,cat_786,cat_8,cat_38,cat_77"
110454301,"cat_1968,cat_3,cat_11,cat_19,cat_66,cat_8,cat_17,cat_65"
110454501,"cat_1968,cat_3,cat_11,cat_115"
110454601,"cat_1968,cat_3,cat_11,cat_115,cat_21,cat_2224"
110454701,"cat_1968,cat_3,cat_11,cat_19,cat_20,cat_8,cat_17,cat_18"
110455101,"cat_1968,cat_3,cat_11,cat_1551,cat_21,cat_1558,cat_2224,cat_8,cat_1549"
110455301,"cat_1968,cat_3,cat_11,cat_1551,cat_21,cat_1558,cat_2224,cat_8,cat_1549"
110455401,"cat_1968,cat_3,cat_11,cat_1551,cat_21,cat_1558,cat_2224,cat_8,cat_1549"
110455601,"cat_1968,cat_3,cat_11,cat_19,cat_20,cat_8,cat_17,cat_18"
110455701,"cat_1968,cat_3,cat_11"
110456701,"cat_1968,cat_2374,cat_3,cat_21,cat_40,cat_111,cat_2224,cat_773,cat_775,cat_8,cat_38,cat_112"
110458201,"cat_3,cat_11,cat_8"
110466501,cat_2172
110467001,"cat_2127,cat_3,cat_14"
110467201,"cat_2127,cat_3,cat_14"
110467601,"cat_2127,cat_3,cat_14"
110467701,"cat_2127,cat_3,cat_14"
110467801,"cat_2127,cat_3,cat_14"
110467901,"cat_2127,cat_3,cat_14"
110468501,"cat_2127,cat_3,cat_14"
110468701,"cat_2127,cat_3,cat_14"
110469001,"cat_2127,cat_3,cat_14"
110469101,"cat_2127,cat_3,cat_14"
110469301,"cat_2127,cat_3,cat_14"
110469401,"cat_2127,cat_3"
110469901,"cat_2127,cat_3,cat_14"
110470001,"cat_2127,cat_3,cat_14"
110470301,"cat_2127,cat_3,cat_14"
110470401,"cat_2127,cat_3,cat_14"
110470501,"cat_2127,cat_3,cat_14"
110470801,"cat_2127,cat_3,cat_14"
110470901,"cat_2127,cat_3,cat_14"
110471001,"cat_2127,cat_3,cat_14"
110471201,"cat_2127,cat_3,cat_14"
110471301,"cat_2127,cat_3,cat_14"
110471401,"cat_2127,cat_3,cat_14"
110471501,"cat_2127,cat_3,cat_14"
110479501,cat_2172
110480401,"cat_2127,cat_3,cat_11,cat_14"
110480601,"cat_2127,cat_3,cat_11,cat_14"
110480801,"cat_2127,cat_3,cat_11,cat_14"
110480901,"cat_2127,cat_3,cat_11,cat_14"
110481701,"cat_3,cat_252,cat_8,cat_254"
110481801,"cat_3,cat_252,cat_8,cat_254"
110481901,"cat_3,cat_252,cat_8,cat_254"
110482001,"cat_3,cat_252,cat_8,cat_254"
1105,cat_2172
1106,"cat_3,cat_21,cat_252,cat_297,cat_2224,cat_8,cat_254,cat_298"
1107,"cat_3,cat_21,cat_252,cat_297,cat_2224,cat_8,cat_254,cat_298"
110771202,"cat_2374,cat_3,cat_21,cat_2224,cat_8"
1108,"cat_3,cat_21,cat_252,cat_297,cat_2224,cat_8,cat_254,cat_298"
1109,"cat_3,cat_8"
111,"cat_3,cat_11,cat_148,cat_14,cat_152,cat_8,cat_150"
1110,"cat_3,cat_8"
1111,"cat_3,cat_8"
1112,"cat_3,cat_8"
1113,"cat_3,cat_8"
1114,"cat_3,cat_8"
1115,"cat_3,cat_8"
1115811,"cat_3,cat_29,cat_30,cat_27,cat_28"
1116,"cat_3,cat_8"
1117,"cat_3,cat_8"
111716602,"cat_1968,cat_2374,cat_3,cat_40,cat_111,cat_773,cat_775,cat_8,cat_38,cat_112"
111743102,cat_2172
1118,"cat_3,cat_8"
111821807,"cat_2127,cat_3,cat_14"
111821810,"cat_2127,cat_3,cat_14"
111821811,"cat_2127,cat_3,cat_14"
111821812,"cat_2127,cat_3,cat_14"
111821816,"cat_2127,cat_3,cat_14"
111821818,"cat_2127,cat_3,cat_14"
111821819,"cat_2127,cat_3,cat_14"
111821821,"cat_2127,cat_3,cat_14"
111821822,"cat_2127,cat_3,cat_14"
111821823,"cat_2127,cat_3,cat_14"
111821825,"cat_2127,cat_3,cat_14"
111821826,"cat_2127,cat_3,cat_14"
111821827,"cat_2127,cat_3,cat_14"
111821829,"cat_2127,cat_3,cat_14"
111821830,"cat_2127,cat_3,cat_14"
111821831,"cat_2127,cat_3,cat_14"
111821834,"cat_2127,cat_3,cat_14"
111821835,"cat_2127,cat_3,cat_14"
111821836,"cat_2127,cat_3,cat_14"
111821842,"cat_2127,cat_3,cat_14"
111821844,"cat_2127,cat_3,cat_14"
111821845,"cat_2127,cat_3,cat_14"
111821846,"cat_2127,cat_3,cat_14"
111822325,cat_2172
111822530,cat_2172
111822630,"cat_2374,cat_3,cat_21,cat_29,cat_288,cat_2224,cat_8,cat_27,cat_287"
111822634,cat_3
111822635,cat_3
111822638,"cat_2374,cat_3,cat_21,cat_326,cat_2224,cat_8,cat_328"
111822645,"cat_3,cat_259,cat_256"
111822647,"cat_3,cat_326,cat_328"
111822648,"cat_3,cat_29,cat_288,cat_27,cat_287"
111822652,"cat_3,cat_115,cat_21,cat_2224"
111822653,"cat_3,cat_115"
111822654,"cat_3,cat_115"
111822655,"cat_3,cat_115"
111822656,"cat_3,cat_115"
111822657,"cat_3,cat_115"
111822658,"cat_3,cat_115"
111822659,"cat_3,cat_115"
111822660,"cat_3,cat_115"
111822661,"cat_3,cat_115"
111822663,"cat_3,cat_115"
111822664,"cat_3,cat_115"
111822665,"cat_3,cat_115"
111822666,"cat_3,cat_115"
111822667,"cat_3,cat_115"
111822668,"cat_3,cat_115"
111822669,"cat_3,cat_115"
111822670,"cat_3,cat_115"
111822671,"cat_3,cat_115"
111822672,"cat_3,cat_115"
111822673,"cat_3,cat_115"
111822674,"cat_3,cat_115"
111822675,"cat_3,cat_115"
111822676,"cat_3,cat_115"
111822677,"cat_3,cat_115"
111822800,"cat_2374,cat_3,cat_326,cat_328"
111822802,"cat_2374,cat_3,cat_326,cat_328"
111822803,"cat_2374,cat_3,cat_326,cat_328"
111822804,"cat_2374,cat_3,cat_326,cat_328"
111822805,"cat_2374,cat_3,cat_326,cat_8,cat_328"
111822806,"cat_2374,cat_3,cat_326,cat_328"
111822807,"cat_2374,cat_3,cat_326,cat_328"
111822808,"cat_2374,cat_3,cat_21,cat_2224,cat_8"
111822809,"cat_2374,cat_3,cat_21,cat_2224,cat_8"
111822810,"cat_2374,cat_3,cat_21,cat_2224,cat_8"
111822811,"cat_2374,cat_3,cat_21,cat_2224,cat_8"
111822812,"cat_2127,cat_3,cat_11,cat_14,cat_8"
111822813,"cat_2127,cat_3,cat_11,cat_14,cat_8"
111822816,"cat_2127,cat_3,cat_11,cat_14,cat_8"
111822817,"cat_2127,cat_3,cat_11,cat_14,cat_8"
111822818,"cat_2127,cat_3,cat_11,cat_14,cat_8"
111822908,"cat_1968,cat_3,cat_223"
111822909,"cat_1968,cat_3,cat_223"
111822911,"cat_1968,cat_3,cat_11,cat_19,cat_93,cat_8,cat_17,cat_92"
111822912,"cat_1968,cat_3,cat_11,cat_19,cat_93,cat_8,cat_17,cat_92"
111822913,"cat_1968,cat_3,cat_11,cat_19,cat_66,cat_8,cat_17,cat_65"
111822915,"cat_1968,cat_3,cat_11,cat_1551,cat_8,cat_1549"
111822916,"cat_1968,cat_3,cat_11,cat_45,cat_80,cat_40,cat_78,cat_773,cat_786,cat_38,cat_77"
111822921,"cat_1968,cat_2374,cat_3,cat_11,cat_45,cat_1345,cat_1348,cat_14,cat_47,cat_21,cat_40,cat_2224,cat_773,cat_8,cat_38"
111822922,"cat_1968,cat_3,cat_11,cat_285,cat_115,cat_283,cat_279,cat_8,cat_281"
111822923,"cat_1968,cat_3,cat_11,cat_115"
111822931,"cat_1968,cat_2374,cat_3,cat_11,cat_45,cat_1345,cat_1348,cat_14,cat_47,cat_21,cat_40,cat_2224,cat_773,cat_8,cat_38"
111823055,"cat_2127,cat_3,cat_11,cat_14"
111823075,"cat_1968,cat_3,cat_11,cat_285,cat_115,cat_283,cat_279,cat_8,cat_281"
111823115,"cat_1968,cat_2374,cat_3,cat_11,cat_45,cat_46,cat_1345,cat_1348,cat_1349,cat_14,cat_47,cat_48,cat_40,cat_41,cat_773,cat_790,cat_8,cat_38,cat_39"
111823116,"cat_1968,cat_2374,cat_3,cat_11,cat_45,cat_46,cat_1345,cat_1348,cat_1349,cat_14,cat_47,cat_48,cat_40,cat_41,cat_773,cat_790,cat_8,cat_38,cat_39"
111823117,"cat_1968,cat_2374,cat_3,cat_11,cat_45,cat_46,cat_1345,cat_1348,cat_1349,cat_14,cat_47,cat_48,cat_40,cat_41,cat_773,cat_790,cat_8,cat_38,cat_39"
111823118,"cat_1968,cat_2374,cat_3,cat_11,cat_45,cat_46,cat_1345,cat_1348,cat_1349,cat_14,cat_47,cat_48,cat_40,cat_41,cat_773,cat_790,cat_8,cat_38,cat_39"
111823189,"cat_1968,cat_2374,cat_3,cat_21,cat_40,cat_111,cat_2224,cat_773,cat_775,cat_8,cat_38,cat_112"
111823269,"cat_1968,cat_2374,cat_3,cat_40,cat_111,cat_773,cat_775,cat_8,cat_38,cat_112"
111823348,cat_2172
111823383,"cat_1968,cat_3,cat_11,cat_285,cat_422,cat_115,cat_283,cat_421,cat_21,cat_279,cat_419,cat_2224,cat_8,cat_281,cat_420"
111823397,"cat_1968,cat_3,cat_115,cat_21,cat_2224,cat_8"
111823435,"cat_1968,cat_3,cat_11,cat_1551,cat_21,cat_1558,cat_2224,cat_8,cat_1549"
111823436,"cat_1968,cat_3,cat_11,cat_1551,cat_1553,cat_1558"
111823437,"cat_1968,cat_3,cat_11,cat_1551,cat_21,cat_1558,cat_2224,cat_8,cat_1549"
111823472,"cat_3,cat_115,cat_21,cat_2224"
111823473,"cat_3,cat_115,cat_21,cat_2224"
111823474,"cat_3,cat_115"
111823475,"cat_3,cat_115"
111823476,"cat_3,cat_115"
111823477,"cat_3,cat_115"
111823478,"cat_3,cat_115"
111823479,"cat_3,cat_115,cat_21,cat_2224"
111823480,"cat_3,cat_115,cat_21,cat_2224"
111823481,"cat_3,cat_115,cat_21,cat_2224"
111823482,"cat_3,cat_115,cat_21,cat_2224"
111823485,"cat_3,cat_115,cat_21,cat_2224"
111823489,cat_2172
111823511,"cat_1968,cat_3,cat_11,cat_14,cat_8"
111823512,"cat_1968,cat_3,cat_11,cat_14,cat_8"
111823513,"cat_1968,cat_3,cat_11,cat_14,cat_8"
111823514,"cat_1968,cat_3,cat_11,cat_285,cat_115,cat_283,cat_279,cat_8,cat_281"
111823515,"cat_1968,cat_2374,cat_3,cat_11,cat_45,cat_1345,cat_1348,cat_14,cat_47,cat_21,cat_40,cat_2224,cat_773,cat_8,cat_38"
111823516,"cat_1968,cat_3,cat_11,cat_45,cat_80,cat_21,cat_40,cat_78,cat_2224,cat_773,cat_786,cat_8,cat_38,cat_77"
111823517,"cat_1968,cat_2374,cat_3,cat_40,cat_111,cat_773,cat_775,cat_38,cat_112"
111823518,"cat_1968,cat_2374,cat_3,cat_21,cat_40,cat_111,cat_2224,cat_773,cat_775,cat_8,cat_38,cat_112"
111823519,"cat_1968,cat_2374,cat_3,cat_40,cat_111,cat_773,cat_775,cat_38,cat_112"
111823521,"cat_1968,cat_2374,cat_3,cat_11,cat_45,cat_1345,cat_1348,cat_47,cat_40,cat_773,cat_8,cat_38"
111823523,"cat_1968,cat_2374,cat_3,cat_11,cat_45,cat_1345,cat_1348,cat_47,cat_21,cat_40,cat_2224,cat_773,cat_8,cat_38"
111823524,"cat_1968,cat_3,cat_223"
111823525,"cat_1968,cat_3,cat_223"
111823526,"cat_1968,cat_3,cat_223"
111823527,"cat_1968,cat_2374,cat_3,cat_40,cat_111,cat_773,cat_775,cat_38,cat_112"
111823528,"cat_1968,cat_2374,cat_3,cat_40,cat_111,cat_773,cat_775,cat_38,cat_112"
111823567,"cat_3,cat_11,cat_8"
111823569,"cat_3,cat_11,cat_8"
111823588,"cat_1968,cat_2374,cat_3,cat_11,cat_45,cat_1345,cat_1348,cat_47,cat_40,cat_773,cat_8,cat_38"
111823589,"cat_1968,cat_2374,cat_3,cat_11,cat_45,cat_1345,cat_1348,cat_47,cat_40,cat_773,cat_8,cat_38"
111823595,cat_2172
111823616,"cat_3,cat_11,cat_1551,cat_1700,cat_21,cat_1558,cat_1699,cat_2224,cat_8,cat_1549,cat_1698"
111823623,"cat_1968,cat_3,cat_11,cat_45,cat_46,cat_1345,cat_1348,cat_1349,cat_47,cat_48,cat_40,cat_41,cat_773,cat_790,cat_38,cat_39"
111823636,cat_2172
111823652,"cat_3,cat_11,cat_8"
111823787,"cat_3,cat_11"
111823788,"cat_3,cat_11"
111823789,"cat_3,cat_11,cat_8"
111823820,cat_2172
111823822,cat_2172
111823831,"cat_3,cat_11"
111823832,cat_2172
111823842,cat_2172
111823854,"cat_1968,cat_3,cat_223"
111823858,"cat_1968,cat_3,cat_11,cat_115,cat_21,cat_2224"
111823880,"cat_1968,cat_2374,cat_3,cat_11,cat_45,cat_1345,cat_1348,cat_14,cat_47,cat_21,cat_40,cat_2224,cat_773,cat_8,cat_38"
111823927,"cat_2127,cat_3,cat_11,cat_115"
111823928,"cat_2127,cat_3,cat_11,cat_14"
111823934,cat_2172
111823983,"cat_1968,cat_2374,cat_3,cat_11,cat_45,cat_1345,cat_1348,cat_14,cat_47,cat_40,cat_773,cat_8,cat_38"
111823984,"cat_1968,cat_2374,cat_3,cat_11,cat_45,cat_1345,cat_1348,cat_14,cat_47,cat_40,cat_773,cat_8,cat_38"
111823985,"cat_1968,cat_2374,cat_3,cat_11,cat_45,cat_1345,cat_1348,cat_14,cat_47,cat_40,cat_773,cat_8,cat_38"
111824020,"cat_3,cat_11,cat_45,cat_80,cat_21,cat_40,cat_78,cat_2224,cat_773,cat_786,cat_8,cat_38,cat_77"
111824021,"cat_2374,cat_3,cat_11,cat_45,cat_1345,cat_1348,cat_14,cat_47,cat_21,cat_40,cat_2224,cat_773,cat_8,cat_38"
111824092,"cat_1968,cat_3,cat_11,cat_14,cat_8"
111824093,"cat_1968,cat_3,cat_11,cat_115"
111824094,"cat_1968,cat_3,cat_11,cat_14,cat_8"
111824163,cat_2172
111824169,"cat_3,cat_21,cat_2224,cat_8"
111824237,"cat_3,cat_115,cat_21,cat_2224"
111824268,"cat_2374,cat_3,cat_40,cat_98,cat_773,cat_778,cat_8,cat_38,cat_99"
111824269,"cat_2374,cat_3,cat_40,cat_98,cat_773,cat_778,cat_8,cat_38,cat_99"
111824270,"cat_2374,cat_3,cat_40,cat_98,cat_773,cat_778,cat_8,cat_38,cat_99"
111824271,"cat_2374,cat_3,cat_40,cat_98,cat_773,cat_778,cat_8,cat_38,cat_99"
111824272,"cat_2374,cat_3,cat_40,cat_98,cat_773,cat_778,cat_8,cat_38,cat_99"
111824273,"cat_2374,cat_3,cat_11,cat_14,cat_8"
111824274,"cat_2374,cat_3,cat_11,cat_14,cat_8"
111824275,"cat_2374,cat_3,cat_11,cat_14,cat_8"
111824276,"cat_2374,cat_3,cat_11,cat_14,cat_8"
111824277,"cat_2374,cat_3,cat_11,cat_14,cat_8"
111824278,"cat_2374,cat_3,cat_11,cat_14,cat_8"
111824279,"cat_2374,cat_3,cat_11,cat_14,cat_8"
111824280,"cat_2374,cat_3,cat_11,cat_14,cat_8"
111824281,"cat_2374,cat_3,cat_11,cat_14,cat_8"
111824282,"cat_2374,cat_3,cat_11,cat_14,cat_8"
111824283,"cat_2374,cat_3,cat_11,cat_14,cat_8"
111824284,"cat_2374,cat_3,cat_11,cat_14,cat_8"
111824285,"cat_2374,cat_3,cat_11,cat_14,cat_8"
111824286,"cat_2374,cat_3,cat_40,cat_773,cat_8,cat_38"
111824291,"cat_2374,cat_3,cat_21,cat_40,cat_98,cat_2224,cat_773,cat_778,cat_8,cat_38,cat_99"
111824292,"cat_2374,cat_3,cat_21,cat_40,cat_98,cat_2224,cat_773,cat_778,cat_8,cat_38,cat_99"
111824294,"cat_2374,cat_3,cat_11,cat_14,cat_8"
111824295,"cat_3,cat_11,cat_14,cat_8"
111824296,"cat_2374,cat_3,cat_11,cat_14,cat_8"
111824297,"cat_3,cat_11,cat_14,cat_8"
111824298,"cat_3,cat_11,cat_14,cat_8"
111824301,"cat_2374,cat_3,cat_21,cat_40,cat_2224,cat_773,cat_8,cat_38"
111824302,"cat_2374,cat_3,cat_40,cat_111,cat_773,cat_775,cat_8,cat_38,cat_112"
111824407,"cat_3,cat_11,cat_148,cat_14,cat_152,cat_8,cat_150"
111824408,"cat_3,cat_11,cat_148,cat_152,cat_150"
111824409,"cat_3,cat_11,cat_148,cat_158,cat_14,cat_152,cat_160,cat_8,cat_150,cat_159"
111824413,"cat_3,cat_11,cat_82,cat_8,cat_27"
111824421,"cat_3,cat_11,cat_148,cat_158,cat_14,cat_152,cat_160,cat_8,cat_150,cat_159"
111824422,"cat_3,cat_11,cat_148,cat_158,cat_14,cat_152,cat_160,cat_8,cat_150,cat_159"
111824476,"cat_2127,cat_3,cat_11,cat_14"
111824477,"cat_2127,cat_3,cat_11,cat_14"
111824478,"cat_2127,cat_3,cat_11,cat_14"
111824479,"cat_2127,cat_3,cat_11,cat_14"
111824480,"cat_2127,cat_3,cat_11,cat_14"
111824486,"cat_3,cat_115,cat_21,cat_2224"
111824504,"cat_1968,cat_3,cat_11,cat_285,cat_115,cat_283,cat_279,cat_8,cat_281"
111824505,"cat_1968,cat_3,cat_11,cat_285,cat_115,cat_283,cat_21,cat_279,cat_2224,cat_8,cat_281"
111824506,"cat_1968,cat_3,cat_11,cat_1551,cat_115,cat_21,cat_1558,cat_2224,cat_8,cat_1549"
111824664,"cat_2374,cat_3,cat_21,cat_2224"
111824665,"cat_2374,cat_3,cat_21,cat_2224"
111824666,"cat_2374,cat_3,cat_21,cat_2224"
111824667,"cat_2374,cat_3,cat_21,cat_2224"
111824668,"cat_2374,cat_3,cat_21,cat_2224"
111824669,"cat_2374,cat_3,cat_21,cat_2224"
111824670,"cat_2374,cat_3,cat_21,cat_2224"
111824671,"cat_2374,cat_3,cat_21,cat_2224"
111824672,"cat_2374,cat_3,cat_21,cat_2224"
111824673,"cat_2374,cat_3,cat_21,cat_2224"
111824674,"cat_2374,cat_3,cat_21,cat_2224"
111824675,"cat_2374,cat_3,cat_21,cat_2224"
111824676,"cat_3,cat_21,cat_2224"
111824677,"cat_2374,cat_3,cat_21,cat_2224"
111824709,"cat_2374,cat_3,cat_40,cat_98,cat_773,cat_778,cat_8,cat_38,cat_99"
111824710,"cat_2374,cat_3,cat_40,cat_98,cat_773,cat_778,cat_8,cat_38,cat_99"
111824711,"cat_2374,cat_3,cat_40,cat_98,cat_773,cat_778,cat_8,cat_38,cat_99"
111824712,"cat_2374,cat_3,cat_40,cat_98,cat_773,cat_778,cat_8,cat_38,cat_99"
111824713,"cat_2374,cat_3,cat_40,cat_98,cat_773,cat_778,cat_8,cat_38,cat_99"
111824714,"cat_2374,cat_3,cat_40,cat_98,cat_773,cat_778,cat_8,cat_38,cat_99"
111824715,"cat_2374,cat_3,cat_40,cat_98,cat_773,cat_778,cat_8,cat_38,cat_99"
111824716,"cat_2374,cat_3,cat_40,cat_98,cat_770,cat_773,cat_778,cat_8,cat_38,cat_99"
111824736,"cat_1968,cat_2374,cat_3,cat_11"
111824788,"cat_2374,cat_3,cat_11,cat_14,cat_8"
111824922,"cat_1968,cat_3,cat_11,cat_115,cat_21,cat_2224"
111825748,"cat_2127,cat_3,cat_11,cat_82,cat_185,cat_14,cat_183,cat_184,cat_8,cat_27,cat_186"
111825749,"cat_2127,cat_3,cat_11,cat_82,cat_185,cat_14,cat_183,cat_184,cat_8,cat_27,cat_186"
111825809,"cat_1968,cat_3,cat_11,cat_285,cat_115,cat_283,cat_279,cat_8,cat_281"
111826339,cat_3
111826341,cat_3
111826554,"cat_2374,cat_3,cat_21,cat_2224"
111826555,"cat_2374,cat_3,cat_21,cat_2224"
111826571,"cat_1968,cat_2374,cat_3,cat_40,cat_111,cat_773,cat_775,cat_8,cat_38,cat_112"
111826572,"cat_1968,cat_2374,cat_3,cat_40,cat_111,cat_773,cat_775,cat_38,cat_112"
111826573,"cat_1968,cat_2374,cat_3,cat_11,cat_45,cat_1345,cat_1348,cat_14,cat_47,cat_21,cat_40,cat_2224,cat_773,cat_8,cat_38"
111826575,"cat_1968,cat_3,cat_11,cat_285,cat_115,cat_283,cat_21,cat_279,cat_2224,cat_8,cat_281"
111826576,"cat_1968,cat_2374,cat_3,cat_21,cat_40,cat_2224,cat_773,cat_8,cat_38"
111826577,"cat_1968,cat_3,cat_11,cat_1551,cat_21,cat_1558,cat_2224,cat_8,cat_1549"
111826578,"cat_1968,cat_2374,cat_3,cat_40,cat_773,cat_38"
111826579,"cat_1968,cat_2374,cat_3,cat_40,cat_773,cat_38"
111826581,"cat_1968,cat_3,cat_11,cat_1551,cat_8,cat_1549"
111826582,"cat_1968,cat_2374,cat_3,cat_11,cat_8"
111826583,"cat_1968,cat_3,cat_11,cat_285,cat_115,cat_283,cat_279,cat_8,cat_281"
111826585,"cat_1968,cat_2374,cat_3,cat_11,cat_14,cat_8"
111826586,"cat_1968,cat_3,cat_11,cat_45,cat_80,cat_21,cat_40,cat_78,cat_2224,cat_773,cat_786,cat_8,cat_38,cat_77"
111826588,"cat_1968,cat_2374,cat_3,cat_11,cat_45,cat_46,cat_1345,cat_1348,cat_1349,cat_14,cat_47,cat_48,cat_21,cat_40,cat_41,cat_2224,cat_773,cat_790,cat_8,cat_38,cat_39"
111826589,"cat_1968,cat_3,cat_11,cat_1551,cat_21,cat_1558,cat_2224,cat_1549"
111826595,"cat_1968,cat_2374,cat_3,cat_11,cat_45,cat_1345,cat_1348,cat_47,cat_40,cat_773,cat_38"
111826597,"cat_1968,cat_3,cat_11,cat_14,cat_8"
111826605,"cat_1968,cat_3,cat_11,cat_45,cat_80,cat_40,cat_78,cat_773,cat_786,cat_38,cat_77"
111826606,"cat_1968,cat_3,cat_11,cat_19,cat_20,cat_8,cat_17,cat_18"
111826607,"cat_1968,cat_3,cat_11,cat_19,cat_93,cat_8,cat_17,cat_92"
111826608,"cat_1968,cat_3,cat_11,cat_19,cat_66,cat_8,cat_17,cat_65"
111826609,"cat_1968,cat_3,cat_11,cat_19,cat_93,cat_8,cat_17,cat_92"
111826610,"cat_1968,cat_2374,cat_3,cat_11,cat_45,cat_1345,cat_1348,cat_14,cat_47,cat_21,cat_40,cat_2224,cat_773,cat_8,cat_38"
111826611,"cat_1968,cat_3,cat_11,cat_19,cat_93,cat_8,cat_17,cat_92"
111826612,"cat_1968,cat_3,cat_11,cat_19,cat_20,cat_8,cat_17,cat_18"
111826613,"cat_1968,cat_3,cat_11,cat_1551,cat_1549"
111826614,"cat_1968,cat_3,cat_11,cat_19,cat_66,cat_17,cat_65"
111826615,"cat_1968,cat_2374,cat_3,cat_11"
111826616,"cat_1968,cat_3,cat_11,cat_1551,cat_8,cat_1549"
111826658,"cat_3,cat_21,cat_40,cat_2224,cat_773,cat_8,cat_38"
111826659,"cat_2374,cat_3,cat_21,cat_40,cat_98,cat_2224,cat_770,cat_773,cat_778,cat_8,cat_38,cat_99"
1119,"cat_3,cat_8"
112,"cat_3,cat_11,cat_148,cat_14,cat_152,cat_8,cat_150"
1120,"cat_3,cat_8"
1120413,cat_2172
1121,"cat_3,cat_8"
1122,"cat_3,cat_8"
1123,"cat_3,cat_8"
1124,"cat_3,cat_8"
1125,"cat_3,cat_8,cat_222"
1125003,"cat_1968,cat_3,cat_11,cat_14,cat_8"
1126,"cat_2374,cat_3,cat_8"
1127,"cat_2374,cat_3,cat_8"
1128,"cat_2374,cat_3,cat_21,cat_2224"
1129,cat_3
113,"cat_3,cat_11,cat_148,cat_14,cat_152,cat_8,cat_150"
1130,cat_3
1131,cat_3
1131903,"cat_1968,cat_2374,cat_3,cat_40,cat_111,cat_773,cat_775,cat_38,cat_112"
1132,cat_3
1133,"cat_3,cat_21,cat_2224"
1134,"cat_3,cat_21,cat_1558,cat_1733,cat_2224,cat_8,cat_1549,cat_1734"
1135,"cat_2374,cat_3,cat_21,cat_2224,cat_8"
114,"cat_3,cat_11,cat_148,cat_14,cat_152,cat_8,cat_150"
1140590378,"cat_2374,cat_3,cat_259,cat_8,cat_256"
1140590379,"cat_2374,cat_3,cat_259,cat_8,cat_256"
1140590380,"cat_2374,cat_3,cat_259,cat_8,cat_256"
1140590381,"cat_2374,cat_3,cat_259,cat_8,cat_256"
1140590382,"cat_2374,cat_3,cat_259,cat_262,cat_8,cat_256,cat_261"
1140590383,"cat_2374,cat_3,cat_259,cat_262,cat_8,cat_256,cat_261"
1140590384,"cat_2374,cat_3,cat_259,cat_262,cat_8,cat_256,cat_261"
1140590385,"cat_3,cat_8,cat_256,cat_257"
1140590386,"cat_3,cat_8,cat_256,cat_257"
1140590387,"cat_3,cat_8,cat_256,cat_257"
1140590541,cat_3
1140590591,"cat_2374,cat_3,cat_21,cat_2224"
1140590667,cat_3
1140590668,cat_3
1140590669,cat_3
1140590670,cat_3
1140590671,cat_3
1140590836,"cat_3,cat_11,cat_19,cat_20,cat_8,cat_17,cat_18"
1140590837,"cat_2374,cat_3,cat_11,cat_45,cat_46,cat_1345,cat_1348,cat_1349,cat_14,cat_47,cat_48,cat_21,cat_40,cat_41,cat_2224,cat_773,cat_790,cat_8,cat_38,cat_39"
1140590896,cat_3
1140590976,"cat_3,cat_11,cat_1551,cat_1549"
1140590977,"cat_3,cat_11"
1140590978,"cat_3,cat_11,cat_1551,cat_1549"
1140590979,"cat_3,cat_11,cat_8"
1140591008,"cat_2374,cat_3,cat_21,cat_29,cat_288,cat_2224,cat_8,cat_27,cat_287"
1140591009,"cat_2374,cat_3,cat_21,cat_29,cat_30,cat_2224,cat_8,cat_27,cat_28"
1140591011,"cat_3,cat_29,cat_30,cat_27,cat_28"
1140591012,"cat_3,cat_29,cat_30,cat_27,cat_28"
1140591213,"cat_3,cat_252"
1140591215,"cat_3,cat_252"
1140591306,"cat_1968,cat_3,cat_11"
1140591338,cat_2172
1140591442,"cat_3,cat_21,cat_2224,cat_8"
1140591548,"cat_2127,cat_3,cat_11,cat_14"
1140591550,"cat_2127,cat_3,cat_11,cat_115,cat_14"
1140591551,"cat_2127,cat_3,cat_11,cat_14"
1140591553,cat_3
1140591586,"cat_2127,cat_3,cat_11,cat_14,cat_8"
1140591587,"cat_3,cat_11,cat_14,cat_8"
1140591606,"cat_3,cat_11"
1140591607,"cat_3,cat_11"
1140591608,"cat_3,cat_115,cat_21,cat_40,cat_2224,cat_773,cat_38"
1140591609,"cat_3,cat_115,cat_21,cat_40,cat_2224,cat_773,cat_38"
1140591610,"cat_2123,cat_3,cat_11"
1140591611,"cat_3,cat_11,cat_1551,cat_8,cat_1549"
1140591612,"cat_3,cat_11"
1140591613,"cat_3,cat_11"
1140591697,"cat_3,cat_8,cat_256,cat_257"
1140591698,"cat_2374,cat_3,cat_259,cat_262,cat_8,cat_256,cat_261"
1140591707,"cat_2127,cat_3,cat_11,cat_115,cat_14"
1140591742,"cat_3,cat_11,cat_115,cat_1345,cat_14,cat_21,cat_2224"
1140591743,"cat_3,cat_11,cat_115,cat_21,cat_2224"
1140591746,"cat_3,cat_11,cat_115,cat_21,cat_2224"
1140591747,"cat_3,cat_11,cat_115,cat_21,cat_2224"
1140591749,"cat_3,cat_11,cat_115"
1140591750,"cat_3,cat_11,cat_115,cat_21,cat_2224"
1140591753,"cat_3,cat_11,cat_115,cat_21,cat_2224"
1140591754,"cat_3,cat_11,cat_115,cat_21,cat_2224"
1140591755,"cat_3,cat_11,cat_115,cat_1345,cat_14,cat_21,cat_2224"
1140591756,"cat_3,cat_11,cat_115,cat_1345,cat_14,cat_21,cat_2224"
1140591757,"cat_3,cat_11,cat_115,cat_21,cat_2224"
1140591942,"cat_3,cat_11,cat_8"
1140591944,"cat_3,cat_11,cat_8"
1140591952,cat_2172
1140591953,cat_2172
1140591998,"cat_3,cat_21,cat_2224,cat_8"
1140591999,"cat_3,cat_21,cat_2224,cat_8"
1140592014,"cat_3,cat_11,cat_19,cat_66,cat_8,cat_17,cat_65"
1140592041,"cat_3,cat_11,cat_8"
1140592045,"cat_3,cat_11,cat_8"
1140592073,"cat_3,cat_11,cat_14,cat_8"
1140592074,"cat_3,cat_11,cat_14,cat_8"
1140592075,"cat_3,cat_11,cat_14,cat_8"
1140592076,"cat_3,cat_11,cat_14,cat_8"
1140592077,"cat_3,cat_11,cat_14,cat_8"
1140592143,"cat_2374,cat_3,cat_11,cat_14,cat_8"
1140592144,"cat_2374,cat_3,cat_11,cat_14,cat_8"
1140592145,"cat_2374,cat_3,cat_11,cat_45,cat_115,cat_14,cat_47,cat_40,cat_773"
1140592146,"cat_2374,cat_3,cat_11,cat_45,cat_115,cat_14,cat_47,cat_40,cat_773"
1140592147,"cat_2374,cat_3,cat_11,cat_45,cat_115,cat_14,cat_47,cat_40,cat_773"
1140592148,"cat_2374,cat_3,cat_11,cat_45,cat_115,cat_14,cat_47,cat_40,cat_773"
1140592149,"cat_2374,cat_3,cat_11,cat_45,cat_115,cat_14,cat_47,cat_40,cat_773"
1140592150,"cat_2374,cat_3,cat_11,cat_45,cat_115,cat_14,cat_47,cat_40,cat_773"
1140592151,"cat_2374,cat_3,cat_11,cat_45,cat_115,cat_14,cat_47,cat_40,cat_773"
1140592152,"cat_2374,cat_3,cat_11,cat_45,cat_115,cat_14,cat_47,cat_40,cat_773"
1140592153,"cat_2374,cat_3,cat_11,cat_45,cat_115,cat_14,cat_47,cat_40,cat_773"
1140592155,"cat_2374,cat_3,cat_40,cat_98,cat_773,cat_778,cat_8,cat_38,cat_99"
1140592156,"cat_2374,cat_3,cat_40,cat_98,cat_773,cat_778,cat_8,cat_38,cat_99"
1140592157,"cat_2374,cat_3,cat_40,cat_98,cat_773,cat_778,cat_8,cat_38,cat_99"
1140592158,"cat_2374,cat_3,cat_40,cat_98,cat_773,cat_778,cat_8,cat_38,cat_99"
1140592163,"cat_2374,cat_3,cat_21,cat_40,cat_98,cat_2224,cat_773,cat_778,cat_8,cat_38,cat_99"
1140592164,"cat_3,cat_11,cat_8"
1140592165,"cat_3,cat_11,cat_8"
1140592166,"cat_2374,cat_3,cat_11,cat_45,cat_115,cat_14,cat_47,cat_21,cat_40,cat_2224,cat_773"
1140592167,"cat_3,cat_11,cat_45,cat_46,cat_1345,cat_1348,cat_1349,cat_14,cat_47,cat_48,cat_21,cat_40,cat_41,cat_2224,cat_773,cat_790,cat_8,cat_38,cat_39"
1140592171,"cat_2374,cat_3,cat_40,cat_773,cat_8,cat_38"
1140592172,"cat_2374,cat_3,cat_40,cat_773,cat_8,cat_38"
1140592174,"cat_2374,cat_3,cat_11,cat_45,cat_115,cat_14,cat_47,cat_40,cat_773"
1140592176,"cat_3,cat_11,cat_14,cat_8"
1140592177,"cat_3,cat_11,cat_8"
1140592178,"cat_3,cat_11,cat_14,cat_8"
1140592258,"cat_3,cat_326,cat_328"
1140592279,"cat_3,cat_271,cat_272,cat_273,cat_274"
1140592280,cat_3
1140592281,"cat_3,cat_326,cat_328"
1140592283,"cat_3,cat_271,cat_272,cat_273,cat_274"
1140592284,"cat_3,cat_326,cat_328"
1140592285,"cat_3,cat_259,cat_256"
1140592286,"cat_3,cat_259,cat_256"
1140592287,"cat_3,cat_326,cat_328"
1140592288,"cat_3,cat_326,cat_328"
1140592289,"cat_3,cat_259,cat_256"
1140592290,"cat_3,cat_259,cat_256"
1140592359,"cat_1968,cat_3,cat_11,cat_14,cat_8"
1140592360,"cat_1968,cat_3,cat_11,cat_14,cat_8"
1140592361,"cat_1968,cat_2374,cat_3,cat_11,cat_45,cat_1345,cat_1348,cat_14,cat_47,cat_21,cat_40,cat_2224,cat_773,cat_8,cat_38"
1140592362,"cat_1968,cat_2374,cat_3,cat_11,cat_14,cat_8"
1140592436,cat_3
1140592439,cat_3
1140592440,"cat_3,cat_11,cat_82,cat_8,cat_27"
1140592441,"cat_3,cat_11,cat_82,cat_8,cat_27"
1140592442,"cat_3,cat_11,cat_82,cat_8,cat_27"
1140592443,"cat_3,cat_11,cat_82,cat_8,cat_27"
1140592444,"cat_3,cat_11,cat_82,cat_27"
1140592445,"cat_3,cat_11,cat_82,cat_8,cat_27"
1140592446,"cat_3,cat_11,cat_82,cat_8,cat_27"
1140592447,"cat_3,cat_11,cat_82,cat_8,cat_27"
1140592448,"cat_3,cat_11,cat_82,cat_8,cat_27"
1140592484,"cat_1968,cat_2374,cat_3,cat_11"
1140592485,"cat_1968,cat_3,cat_11,cat_115"
1140592499,"cat_3,cat_11,cat_14,cat_8"
1140592504,"cat_2374,cat_3,cat_40,cat_773,cat_8,cat_38"
1140592506,"cat_2374,cat_3,cat_40,cat_773,cat_8,cat_38"
1140592507,"cat_2374,cat_3,cat_40,cat_773,cat_8,cat_38"
1140592508,"cat_2374,cat_3,cat_40,cat_773,cat_8,cat_38"
1140592510,"cat_2374,cat_3,cat_40,cat_111,cat_773,cat_775,cat_8,cat_38,cat_112"
1140592511,"cat_2374,cat_3,cat_40,cat_111,cat_773,cat_775,cat_8,cat_38,cat_112"
1140592512,"cat_2374,cat_3,cat_40,cat_111,cat_773,cat_775,cat_8,cat_38,cat_112"
1140592513,"cat_2374,cat_3,cat_40,cat_111,cat_773,cat_775,cat_8,cat_38,cat_112"
1140592514,"cat_2374,cat_3,cat_40,cat_111,cat_773,cat_775,cat_8,cat_38,cat_112"
1140592515,"cat_2374,cat_3,cat_40,cat_111,cat_773,cat_775,cat_8,cat_38,cat_112"
1140592541,"cat_2374,cat_3,cat_40,cat_773,cat_8,cat_38"
1140592542,"cat_2374,cat_3,cat_40,cat_773,cat_8,cat_38"
1140592543,"cat_2374,cat_3,cat_40,cat_773,cat_8,cat_38"
1140592583,"cat_2374,cat_3,cat_40,cat_98,cat_773,cat_778,cat_8,cat_38,cat_99"
1140592706,"cat_1968,cat_2374,cat_3,cat_11,cat_45,cat_1345,cat_1348,cat_14,cat_47,cat_21,cat_40,cat_2224,cat_773,cat_8,cat_38"
1140592722,"cat_1968,cat_3,cat_11,cat_14,cat_8"
1140592729,cat_2172
1140592730,cat_2172
1140592861,"cat_1968,cat_3,cat_11,cat_285,cat_115,cat_283,cat_21,cat_279,cat_2224,cat_8,cat_281"
1140593348,"cat_2374,cat_3,cat_40,cat_773,cat_8,cat_38"
1140593477,"cat_3,cat_21,cat_2224,cat_8"
1140593807,cat_3
1140594448,"cat_3,cat_21,cat_2224"
1140594455,cat_3
1140594456,cat_3
1140594457,cat_3
1140594708,cat_2172
1140594709,"cat_2374,cat_3,cat_21,cat_326,cat_2224,cat_8,cat_328"
1140595161,"cat_3,cat_21,cat_2224"
1140595191,cat_3
1140595751,cat_3
1140595922,"cat_2127,cat_3,cat_14"
1140595931,"cat_3,cat_11,cat_8"
1140595980,"cat_2374,cat_3,cat_29,cat_30,cat_27,cat_28"
1140597051,"cat_1968,cat_3,cat_11,cat_115"
1140597067,cat_3
1140597068,cat_3
1140597166,cat_3
1140597167,cat_3
1140597203,"cat_2374,cat_3,cat_40,cat_98,cat_773,cat_778,cat_8,cat_38,cat_99"
1140597337,cat_3
1140597338,cat_3
1140597339,cat_3
1140597340,cat_3
1140597341,cat_3
1140597342,cat_3
1140597668,"cat_2127,cat_3,cat_11"
1140597806,"cat_3,cat_21,cat_2224"
1140597926,"cat_3,cat_11"
1140598016,"cat_1968,cat_2374,cat_3,cat_40,cat_111,cat_773,cat_775,cat_8,cat_38,cat_112"
1140598017,"cat_1968,cat_2374,cat_3,cat_40,cat_111,cat_773,cat_775,cat_8,cat_38,cat_112"
1140598018,"cat_1968,cat_2374,cat_3,cat_40,cat_111,cat_773,cat_775,cat_8,cat_38,cat_112"
1140598420,cat_3
1140598466,cat_3
1140598505,cat_3
1140598506,cat_3
1140598523,cat_3
1140598804,"cat_3,cat_11,cat_8"
1140598811,"cat_3,cat_11,cat_8"
1140598817,"cat_3,cat_11,cat_8"
1140599055,"cat_3,cat_11,cat_115,cat_1345"
1140599074,"cat_3,cat_8"
1140599214,cat_2172
1140599348,cat_2172
1140599349,cat_2172
1140599747,"cat_2374,cat_3,cat_8,cat_27,cat_35"
1140599748,"cat_2374,cat_3,cat_21,cat_29,cat_270,cat_2224,cat_8,cat_27,cat_269"
1140599750,"cat_2374,cat_3,cat_21,cat_29,cat_30,cat_2224,cat_8,cat_27,cat_28"
1140599751,"cat_2374,cat_3,cat_21,cat_29,cat_30,cat_2224,cat_8,cat_27,cat_28"
1140599753,"cat_3,cat_29,cat_30,cat_27,cat_28"
1140599754,"cat_3,cat_29,cat_30,cat_27,cat_28"
1140599755,"cat_3,cat_29,cat_30,cat_27,cat_28"
1140599756,"cat_3,cat_29,cat_30,cat_27,cat_28"
1140599757,"cat_3,cat_29,cat_30,cat_27,cat_28"
1140599758,"cat_3,cat_29,cat_30,cat_27,cat_28"
1140599759,"cat_3,cat_29,cat_30,cat_27,cat_28"
1140599760,"cat_3,cat_29,cat_30,cat_27,cat_28"
1140599761,"cat_3,cat_29,cat_30,cat_27,cat_28"
1140599762,"cat_3,cat_29,cat_30,cat_27,cat_28"
1140599763,"cat_3,cat_29,cat_30,cat_27,cat_28"
1140599764,"cat_3,cat_29,cat_30,cat_27,cat_28"
1140599765,"cat_3,cat_29,cat_30,cat_27,cat_28"
1140599766,"cat_3,cat_29,cat_30,cat_27,cat_28"
1140599767,"cat_3,cat_29,cat_30,cat_27,cat_28"
1140599768,"cat_3,cat_29,cat_30,cat_27,cat_28"
1140599769,"cat_3,cat_29,cat_30,cat_27,cat_28"
1140599791,"cat_3,cat_21,cat_2224,cat_8"
1140599879,"cat_2374,cat_3,cat_21,cat_29,cat_270,cat_2224,cat_8,cat_27,cat_269"
1140599880,"cat_3,cat_29,cat_30,cat_27,cat_28"
1140599881,"cat_3,cat_29,cat_30,cat_27,cat_28"
1140599882,"cat_3,cat_29,cat_30,cat_27,cat_28"
1140599883,"cat_3,cat_29,cat_30,cat_27,cat_28"
1140599884,"cat_3,cat_29,cat_30,cat_27,cat_28"
1140600085,"cat_1968,cat_3,cat_11,cat_1551,cat_21,cat_1558,cat_2224,cat_8,cat_1549"
1140600234,"cat_3,cat_11"
1140600235,"cat_3,cat_11"
1140600236,"cat_3,cat_11"
1140600249,"cat_1968,cat_3,cat_11,cat_14,cat_8"
1140600250,"cat_1968,cat_3,cat_11,cat_8"
1140600252,"cat_1968,cat_3,cat_11,cat_19,cat_93,cat_8,cat_17,cat_92"
1140600253,"cat_1968,cat_3,cat_11,cat_45,cat_80,cat_21,cat_40,cat_78,cat_2224,cat_773,cat_786,cat_8,cat_38,cat_77"
1140600400,"cat_1968,cat_2374,cat_3,cat_40,cat_98,cat_773,cat_778,cat_8,cat_38,cat_99"
1140600401,"cat_1968,cat_3,cat_11,cat_1551,cat_1549"
1140600404,"cat_1968,cat_2374,cat_3,cat_40,cat_98,cat_773,cat_778,cat_8,cat_38,cat_99"
1140600405,"cat_1968,cat_3,cat_11,cat_14,cat_8"
1140600410,"cat_1968,cat_2374,cat_3,cat_11"
1140600457,"cat_1968,cat_2374,cat_3,cat_40,cat_98,cat_773,cat_778,cat_8,cat_38,cat_99"
1140600458,"cat_1968,cat_2374,cat_3,cat_40,cat_98,cat_773,cat_778,cat_8,cat_38,cat_99"
1140600460,"cat_1968,cat_3,cat_11,cat_1551,cat_1549"
1140600461,"cat_1968,cat_2374,cat_3,cat_21,cat_40,cat_98,cat_2224,cat_773,cat_778,cat_8,cat_38,cat_99"
1140600462,"cat_1968,cat_3,cat_11,cat_1551,cat_21,cat_1558,cat_2224,cat_8,cat_1549"
1140600531,"cat_1968,cat_3,cat_11,cat_1551,cat_8,cat_1549"
1140600554,cat_2172
1140600610,"cat_2374,cat_3,cat_21,cat_40,cat_2224,cat_773,cat_8,cat_38"
1140600621,"cat_2374,cat_3,cat_11,cat_45,cat_46,cat_1345,cat_1348,cat_1349,cat_47,cat_48,cat_21,cat_40,cat_41,cat_2224,cat_773,cat_790,cat_38,cat_39"
1140600622,"cat_2374,cat_3,cat_40,cat_773,cat_38"
1140600627,"cat_3,cat_11,cat_148,cat_158,cat_14,cat_152,cat_160,cat_8,cat_150,cat_159"
1140600818,"cat_3,cat_11,cat_19,cat_93,cat_8,cat_17,cat_92"
1140600819,"cat_3,cat_11,cat_19,cat_66,cat_8,cat_17,cat_65"
1140600820,"cat_3,cat_11,cat_19,cat_66,cat_8,cat_17,cat_65"
1140600821,"cat_3,cat_11,cat_19,cat_93,cat_8,cat_17,cat_92"
1140600822,"cat_3,cat_11,cat_19,cat_68,cat_8,cat_17,cat_67"
1140600823,"cat_3,cat_11,cat_19,cat_91,cat_8,cat_17,cat_90"
1140600834,"cat_2214,cat_2374,cat_3,cat_21,cat_29,cat_30,cat_2224,cat_8,cat_27,cat_28"
1140600835,"cat_2214,cat_2374,cat_3,cat_21,cat_29,cat_30,cat_2224,cat_8,cat_27,cat_28"
1140600836,"cat_2214,cat_2374,cat_3,cat_21,cat_29,cat_30,cat_2224,cat_8,cat_27,cat_28"
1140600837,"cat_2214,cat_2374,cat_3,cat_21,cat_29,cat_30,cat_2224,cat_8,cat_27,cat_28"
1140600847,"cat_1968,cat_3,cat_11,cat_8"
1140600848,"cat_1968,cat_3,cat_11,cat_8"
1140600849,"cat_1968,cat_3,cat_11,cat_14,cat_8"
1140601223,"cat_1968,cat_3,cat_11,cat_1551,cat_1549"
1140601224,"cat_1968,cat_3,cat_11,cat_14,cat_8"
1140601225,"cat_1968,cat_3,cat_11"
1140601361,"cat_3,cat_11,cat_14,cat_8"
1140601362,"cat_3,cat_11,cat_14,cat_8"
1140601437,cat_2172
1140601540,"cat_1968,cat_3,cat_1549,cat_1561"
1140601976,"cat_3,cat_21,cat_252,cat_297,cat_2224,cat_8,cat_254,cat_298"
1140601977,"cat_2374,cat_3,cat_11,cat_45,cat_115,cat_14,cat_47,cat_40,cat_773"
1140601978,"cat_2374,cat_3,cat_11,cat_45,cat_115,cat_14,cat_47,cat_40,cat_773"
1140601979,"cat_2374,cat_3,cat_11,cat_45,cat_115,cat_14,cat_47,cat_40,cat_773"
1140601980,"cat_2374,cat_3,cat_11,cat_45,cat_115,cat_14,cat_47,cat_40,cat_773"
1140601981,"cat_2374,cat_3,cat_11,cat_45,cat_115,cat_14,cat_47,cat_40,cat_773"
1140601983,"cat_2374,cat_3,cat_11,cat_45,cat_46,cat_1345,cat_1348,cat_1349,cat_14,cat_47,cat_48,cat_21,cat_40,cat_41,cat_2224,cat_773,cat_790,cat_8,cat_38,cat_39"
1140601984,"cat_2374,cat_3,cat_11,cat_45,cat_46,cat_1345,cat_1348,cat_1349,cat_14,cat_47,cat_48,cat_21,cat_40,cat_41,cat_2224,cat_773,cat_790,cat_8,cat_38,cat_39"
1140602224,"cat_2127,cat_3,cat_11,cat_14"
1140602225,"cat_2127,cat_3,cat_11,cat_14"
1140602226,"cat_3,cat_11,cat_1551,cat_8,cat_1549"
1140602227,"cat_2127,cat_3,cat_11,cat_14,cat_8"
1140602228,"cat_2127,cat_3,cat_11,cat_14,cat_8"
1140602429,"cat_2127,cat_3,cat_11,cat_14"
1140602430,"cat_2127,cat_3,cat_11,cat_14"
1140602535,"cat_2127,cat_3,cat_1345,cat_14"
1140602536,"cat_2127,cat_3,cat_1345,cat_14"
1140602537,"cat_2127,cat_3,cat_1345,cat_14"
1140602538,"cat_2127,cat_3,cat_1345,cat_14"
1140602539,"cat_2127,cat_3,cat_1345,cat_14"
1140602541,"cat_2127,cat_3,cat_1345,cat_14"
1140602542,"cat_2127,cat_3,cat_1345,cat_14"
1140602543,"cat_2127,cat_3,cat_1345,cat_14"
1140602544,"cat_2127,cat_3,cat_1345,cat_14"
1140602545,"cat_2127,cat_3,cat_1345,cat_14"
1140602546,"cat_2127,cat_3,cat_1345,cat_14"
1140602547,"cat_2127,cat_3,cat_1345,cat_14"
1140602548,"cat_2127,cat_3,cat_1345,cat_14"
1140602549,"cat_2127,cat_3,cat_1345,cat_14"
1140602574,"cat_2127,cat_3,cat_1345,cat_14"
1140602575,"cat_2127,cat_3,cat_1345,cat_14"
1140602577,"cat_2127,cat_3,cat_1345,cat_14"
1140602582,"cat_2127,cat_3,cat_1345,cat_14"
1140602584,"cat_2127,cat_3,cat_1345,cat_14"
1140602596,"cat_2127,cat_3,cat_1345,cat_14"
1140602597,"cat_2127,cat_3,cat_1345,cat_14"
1140602598,"cat_2127,cat_3,cat_1345,cat_14"
1140602599,"cat_2127,cat_3,cat_1345,cat_14"
1140602600,"cat_2127,cat_3,cat_1345,cat_14"
1140602605,"cat_2127,cat_3,cat_11,cat_82,cat_185,cat_183,cat_184,cat_27,cat_186"
1140602606,"cat_2127,cat_3,cat_11,cat_82,cat_185,cat_183,cat_184,cat_27,cat_186"
1140602607,"cat_2127,cat_3,cat_11,cat_82,cat_185,cat_183,cat_184,cat_27,cat_186"
1140602608,"cat_2127,cat_3,cat_11,cat_82,cat_185,cat_183,cat_184,cat_27,cat_186"
1140602611,"cat_2127,cat_3,cat_11,cat_82,cat_185,cat_183,cat_184,cat_27,cat_186"
1140602612,"cat_2127,cat_3,cat_11,cat_82,cat_185,cat_183,cat_184,cat_27,cat_186"
1140602629,"cat_2127,cat_3,cat_11,cat_82,cat_185,cat_183,cat_184,cat_27,cat_186"
1140602630,"cat_2127,cat_3,cat_11,cat_82,cat_185,cat_183,cat_184,cat_27,cat_186"
1140602631,"cat_2127,cat_3,cat_11,cat_82,cat_185,cat_183,cat_184,cat_27,cat_186"
1140602637,"cat_2127,cat_3,cat_11,cat_82,cat_185,cat_183,cat_184,cat_27,cat_186"
1140603102,"cat_3,cat_21,cat_252,cat_2224"
1140603103,"cat_3,cat_21,cat_252,cat_2224"
1140603105,"cat_3,cat_252"
1140603106,"cat_3,cat_21,cat_252,cat_2224"
1140603325,"cat_2127,cat_3,cat_11,cat_14"
1140603326,"cat_2127,cat_3,cat_11,cat_14"
1140603327,"cat_2127,cat_3,cat_11,cat_14"
1140603328,"cat_2127,cat_3,cat_11,cat_14"
1140603329,"cat_3,cat_11,cat_1551,cat_1553,cat_21,cat_1558,cat_2224"
1140603330,"cat_3,cat_11,cat_14"
1140603331,"cat_2374,cat_3,cat_40,cat_98,cat_773,cat_778,cat_8,cat_38,cat_99"
1140603333,"cat_2374,cat_3,cat_40,cat_98,cat_773,cat_778,cat_8,cat_38,cat_99"
1140603334,"cat_3,cat_11,cat_8"
1140603354,"cat_3,cat_11,cat_14,cat_8"
1140603355,"cat_3,cat_11,cat_14,cat_8"
1140603620,"cat_2374,cat_3,cat_40,cat_773,cat_8,cat_38"
1140603621,"cat_2374,cat_3,cat_40,cat_773,cat_8,cat_38"
1140603622,"cat_2374,cat_3,cat_40,cat_773,cat_8,cat_38"
1140603625,"cat_2374,cat_3,cat_40,cat_773,cat_8,cat_38"
1140603626,"cat_2374,cat_3,cat_40,cat_773,cat_8,cat_38"
1140603627,"cat_2374,cat_3,cat_40,cat_773,cat_8,cat_38"
1140603628,"cat_2374,cat_3,cat_40,cat_773,cat_8,cat_38"
1140603629,"cat_2374,cat_3,cat_40,cat_773,cat_8,cat_38"
1140603630,"cat_2374,cat_3,cat_40,cat_773,cat_8,cat_38"
1140603631,"cat_2374,cat_3,cat_40,cat_773,cat_8,cat_38"
1140603640,"cat_2374,cat_3,cat_11,cat_14,cat_8"
1140603641,"cat_2374,cat_3,cat_11,cat_14,cat_8"
1140603642,"cat_2374,cat_3,cat_11,cat_14,cat_8"
1140603643,"cat_2374,cat_3,cat_11,cat_14,cat_8"
1140603644,"cat_2374,cat_3,cat_11,cat_14,cat_8"
1140603645,"cat_2374,cat_3,cat_11,cat_14,cat_8"
1140603646,"cat_2374,cat_3,cat_11,cat_14,cat_8"
1140603647,"cat_2374,cat_3,cat_11,cat_14,cat_8"
1140603648,"cat_2374,cat_3,cat_11,cat_14,cat_8"
1140603649,"cat_2374,cat_3,cat_11,cat_14,cat_8"
1140603650,"cat_2374,cat_3,cat_11,cat_14,cat_8"
1140603651,"cat_2374,cat_3,cat_11,cat_14,cat_8"
1140603652,"cat_3,cat_11,cat_14,cat_8"
1140603653,"cat_3,cat_11,cat_14,cat_8"
1140603654,"cat_3,cat_11,cat_14,cat_8"
1140603707,"cat_3,cat_11,cat_14,cat_8"
1140603708,"cat_3,cat_11,cat_14,cat_8"
1140603709,"cat_3,cat_11,cat_14,cat_8"
1140603710,"cat_3,cat_11,cat_14,cat_8"
1140603711,"cat_3,cat_11,cat_14,cat_8"
1140603712,"cat_3,cat_11,cat_14,cat_8"
1140603713,"cat_3,cat_11,cat_14,cat_8"
1140603714,"cat_3,cat_11,cat_14,cat_8"
1140603715,"cat_3,cat_11,cat_14,cat_8"
1140603716,"cat_3,cat_11,cat_14,cat_8"
1140603717,"cat_3,cat_11,cat_14,cat_8"
1140603718,"cat_3,cat_11,cat_14,cat_8"
1140603732,"cat_3,cat_11,cat_14,cat_8"
1140603733,"cat_3,cat_11,cat_14,cat_8"
1140603734,"cat_3,cat_11,cat_14,cat_8"
1140603735,"cat_3,cat_11,cat_14,cat_8"
1140603736,"cat_3,cat_11,cat_14,cat_8"
1140603737,"cat_3,cat_11,cat_14,cat_8"
1140603738,"cat_3,cat_11,cat_14,cat_8"
1140603739,"cat_3,cat_11,cat_14,cat_8"
1140603740,"cat_3,cat_11,cat_14,cat_8"
1140603741,"cat_3,cat_11,cat_14,cat_8"
1140603743,"cat_3,cat_11,cat_14,cat_8"
1140603745,"cat_3,cat_11,cat_1551,cat_14,cat_1553,cat_21,cat_1558,cat_2224"
1140604005,"cat_3,cat_11,cat_14,cat_8"
1140604006,"cat_3,cat_11"
1140604064,cat_2172
1140604653,"cat_1968,cat_2374,cat_3,cat_40,cat_111,cat_773,cat_775,cat_8,cat_38,cat_112"
1140605428,"cat_1968,cat_3,cat_11,cat_14,cat_8"
1140605481,"cat_2374,cat_3,cat_11,cat_14,cat_8"
1140605482,"cat_2374,cat_3,cat_11,cat_14,cat_8"
1140605483,"cat_2374,cat_3,cat_11,cat_14,cat_8"
1140605484,"cat_2374,cat_3,cat_11,cat_14,cat_8"
1140605485,"cat_2374,cat_3,cat_11,cat_14,cat_8"
1140605486,"cat_2374,cat_3,cat_11,cat_14,cat_8"
1140605487,"cat_2374,cat_3,cat_11,cat_14,cat_8"
1140605488,"cat_2374,cat_3,cat_11,cat_14,cat_8"
1140605489,"cat_2374,cat_3,cat_11,cat_14,cat_8"
1140605490,"cat_2374,cat_3,cat_11,cat_14,cat_8"
1140605491,"cat_2374,cat_3,cat_11,cat_14,cat_8"
1140605492,"cat_2374,cat_3,cat_11,cat_14,cat_8"
1140605493,"cat_2374,cat_3,cat_11,cat_14,cat_8"
1140605494,"cat_2374,cat_3,cat_11,cat_14,cat_8"
1140605495,"cat_2374,cat_3,cat_11,cat_14,cat_8"
1140605496,"cat_2374,cat_3,cat_11,cat_14,cat_8"
1140605497,"cat_2374,cat_3,cat_11,cat_14,cat_8"
1140605498,"cat_2374,cat_3,cat_11,cat_14,cat_8"
1140605499,"cat_2374,cat_3,cat_11,cat_14,cat_8"
1140605717,"cat_2374,cat_3,cat_11,cat_14,cat_8"
1140605778,"cat_1968,cat_3,cat_11,cat_1551,cat_21,cat_1558,cat_2224,cat_8,cat_1549"
1140605779,"cat_1968,cat_3,cat_11,cat_1551,cat_21,cat_1558,cat_2224,cat_8,cat_1549"
1140605780,"cat_1968,cat_3,cat_11,cat_1551,cat_21,cat_1558,cat_2224,cat_8,cat_1549"
1140605781,"cat_1968,cat_3,cat_11,cat_1551,cat_21,cat_1558,cat_2224,cat_8,cat_1549"
1140605782,"cat_1968,cat_3,cat_11,cat_1551,cat_21,cat_1558,cat_2224,cat_8,cat_1549"
1140605784,"cat_1968,cat_3,cat_11,cat_1551,cat_21,cat_1558,cat_2224,cat_8,cat_1549"
1140605786,"cat_1968,cat_3,cat_11,cat_45,cat_80,cat_21,cat_40,cat_78,cat_2224,cat_773,cat_786,cat_8,cat_38,cat_77"
1140605787,"cat_1968,cat_2374,cat_3,cat_11,cat_45,cat_80,cat_40,cat_78,cat_773,cat_786,cat_8,cat_38,cat_77"
1140605788,"cat_1968,cat_2374,cat_3,cat_11,cat_45,cat_80,cat_40,cat_78,cat_773,cat_786,cat_8,cat_38,cat_77"
1140605789,"cat_1968,cat_3,cat_11,cat_1551,cat_21,cat_1558,cat_2224,cat_8,cat_1549"
1140605790,"cat_1968,cat_2374,cat_3,cat_21,cat_40,cat_2224,cat_773,cat_8,cat_38"
1140605791,"cat_1968,cat_3,cat_11,cat_19,cat_93,cat_8,cat_17,cat_92"
1140605792,"cat_1968,cat_3,cat_11,cat_19,cat_93,cat_8,cat_17,cat_92"
1140605809,"cat_1968,cat_3,cat_11,cat_14,cat_8"
1140605813,"cat_1968,cat_3,cat_11,cat_14,cat_8"
1140605814,"cat_1968,cat_3,cat_11,cat_14,cat_8"
1140605815,"cat_1968,cat_3,cat_11,cat_14,cat_8"
1140605843,"cat_1968,cat_3,cat_11"
1140605844,"cat_1968,cat_3,cat_11,cat_8"
1140605846,"cat_1968,cat_2374,cat_3,cat_11,cat_45,cat_46,cat_1345,cat_1348,cat_1349,cat_14,cat_47,cat_48,cat_21,cat_40,cat_41,cat_2224,cat_773,cat_790,cat_8,cat_38,cat_39"
1140605847,"cat_1968,cat_3,cat_11,cat_8"
1140605848,"cat_1968,cat_3,cat_11,cat_8"
1140605849,"cat_1968,cat_3,cat_11,cat_14,cat_8"
1140605850,"cat_1968,cat_3,cat_11,cat_19,cat_66,cat_8,cat_17,cat_65"
1140605851,"cat_1968,cat_3,cat_11,cat_19,cat_66,cat_8,cat_17,cat_65"
1140605853,"cat_1968,cat_3,cat_11,cat_14,cat_8"
1140605904,cat_2172
1140605921,cat_2172
1140605922,cat_2172
1140606054,"cat_2374,cat_3,cat_115,cat_40,cat_773,cat_38"
1140606603,"cat_3,cat_11,cat_8"
1140606604,"cat_3,cat_11,cat_21,cat_2224,cat_8,cat_222"
1140606605,"cat_3,cat_11,cat_21,cat_2224,cat_8,cat_222"
1140606696,"cat_2127,cat_3"
1140607340,cat_3
1140607341,"cat_3,cat_21,cat_2224"
1140607342,"cat_3,cat_8"
1140607343,"cat_3,cat_115"
1140607345,"cat_3,cat_8"
1140607354,"cat_3,cat_115"
1140607355,"cat_3,cat_115"
1140607356,"cat_3,cat_115"
1140607357,"cat_3,cat_115,cat_21,cat_2224"
1140607367,"cat_3,cat_21,cat_2224"
1140607490,"cat_3,cat_11,cat_1551,cat_8,cat_1549"
1140607491,"cat_3,cat_11,cat_1551,cat_8,cat_1549"
1140607492,"cat_2374,cat_3,cat_8"
1140607493,"cat_3,cat_8"
1140607494,"cat_3,cat_11,cat_8"
1140607496,"cat_3,cat_11,cat_21,cat_2224,cat_8,cat_222"
1140607500,"cat_3,cat_11,cat_8"
1140607501,"cat_3,cat_11,cat_8"
1140607513,"cat_3,cat_223"
1140607796,"cat_2374,cat_3,cat_8"
1140607799,"cat_2374,cat_3,cat_8"
1140607800,"cat_3,cat_11,cat_428,cat_429"
1140607801,"cat_3,cat_11,cat_428,cat_429"
1140607802,"cat_3,cat_11,cat_428,cat_429"
1140607803,"cat_3,cat_8,cat_222"
1140607804,"cat_2374,cat_3,cat_21,cat_2224,cat_222"
1140607805,"cat_2374,cat_3,cat_21,cat_2224,cat_8,cat_222"
1140607806,"cat_2374,cat_3,cat_21,cat_2224,cat_8,cat_222"
1140607807,"cat_2374,cat_3,cat_21,cat_2224,cat_8,cat_222"
1140607825,"cat_3,cat_11,cat_82,cat_8,cat_27"
1140608134,"cat_11,cat_14,cat_8"
1140608135,"cat_2127,cat_3"
1140608203,"cat_3,cat_8"
1140608204,"cat_3,cat_8"
1140608227,"cat_3,cat_29,cat_417,cat_8,cat_27,cat_418"
1140608264,cat_3
1140608265,"cat_3,cat_11"
1140608266,"cat_3,cat_11"
1140608267,"cat_3,cat_11"
1140608274,"cat_2374,cat_3,cat_40,cat_98,cat_773,cat_778,cat_8,cat_38,cat_99"
1140608275,"cat_3,cat_11,cat_148,cat_14,cat_152,cat_8,cat_150"
1140608276,"cat_3,cat_11,cat_148,cat_14,cat_152,cat_8,cat_150"
1140608277,"cat_3,cat_11,cat_148,cat_14,cat_152,cat_8,cat_150"
1140608278,"cat_3,cat_11,cat_148,cat_14,cat_152,cat_8,cat_150"
1140608279,"cat_3,cat_11,cat_148,cat_14,cat_152,cat_8,cat_150"
1140608280,"cat_3,cat_11,cat_148,cat_14,cat_152,cat_8,cat_150"
1140608281,"cat_3,cat_11,cat_148,cat_14,cat_152,cat_8,cat_150"
1140608283,"cat_3,cat_11,cat_148,cat_14,cat_152,cat_8,cat_150"
1140608284,"cat_3,cat_11,cat_148,cat_14,cat_152,cat_8,cat_150"
1140608285,"cat_3,cat_11,cat_148,cat_14,cat_152,cat_8,cat_150"
1140608286,"cat_3,cat_11,cat_148,cat_14,cat_152,cat_8,cat_150"
1140608287,"cat_3,cat_11,cat_148,cat_14,cat_152,cat_8,cat_150"
1140608288,"cat_3,cat_11,cat_148,cat_14,cat_152,cat_8,cat_150"
1140608289,"cat_3,cat_11,cat_148,cat_14,cat_152,cat_8,cat_150"
1140608290,"cat_3,cat_11,cat_148,cat_158,cat_14,cat_152,cat_160,cat_8,cat_150,cat_159"
1140608291,"cat_3,cat_11,cat_148,cat_158,cat_14,cat_152,cat_160,cat_8,cat_150,cat_159"
1140608292,"cat_3,cat_11,cat_148,cat_14,cat_152,cat_8,cat_150"
1140608293,"cat_3,cat_11,cat_148,cat_158,cat_14,cat_152,cat_160,cat_8,cat_150,cat_159"
1140608294,"cat_3,cat_11,cat_148,cat_158,cat_14,cat_152,cat_160,cat_8,cat_150,cat_159"
1140608295,"cat_3,cat_11,cat_148,cat_158,cat_14,cat_152,cat_160,cat_8,cat_150,cat_159"
1140608296,"cat_3,cat_11,cat_148,cat_158,cat_14,cat_152,cat_160,cat_8,cat_150,cat_159"
1140608297,"cat_3,cat_11,cat_148,cat_158,cat_14,cat_152,cat_160,cat_8,cat_150,cat_159"
1140608302,"cat_2374,cat_3,cat_115,cat_21,cat_40,cat_2224,cat_773,cat_8,cat_38"
1140608303,"cat_2374,cat_3,cat_259,cat_262,cat_8,cat_256,cat_261"
1140608304,"cat_2374,cat_3,cat_259,cat_262,cat_8,cat_256,cat_261"
1140608305,"cat_2374,cat_3,cat_259,cat_262,cat_8,cat_256,cat_261"
1140608306,"cat_2374,cat_3,cat_259,cat_262,cat_8,cat_256,cat_261"
1140608307,"cat_2374,cat_3,cat_259,cat_262,cat_256,cat_261"
1140608311,cat_3
1140608312,cat_2172
1140608313,cat_2172
1140608716,"cat_2374,cat_3,cat_21,cat_40,cat_98,cat_2224,cat_773,cat_778,cat_8,cat_38,cat_99"
1140608837,"cat_2374,cat_3,cat_29,cat_288,cat_8,cat_27,cat_287"
1140608839,"cat_3,cat_11,cat_14"
1140608840,"cat_3,cat_11,cat_1551,cat_8,cat_1549"
1140608841,"cat_3,cat_11,cat_1551,cat_8,cat_1549"
1140608842,"cat_2374,cat_3,cat_21,cat_29,cat_288,cat_2224,cat_8,cat_27,cat_287"
1140608843,"cat_2374,cat_3,cat_21,cat_29,cat_288,cat_2224,cat_8,cat_27,cat_287"
1140608844,"cat_3,cat_11,cat_1551,cat_8,cat_1549"
1140608845,"cat_3,cat_11,cat_1551,cat_8,cat_1549"
1140608846,"cat_3,cat_11,cat_1551,cat_8,cat_1549"
1140608847,"cat_3,cat_11,cat_1551,cat_8,cat_1549"
1140608848,"cat_2374,cat_3,cat_11,cat_45,cat_46,cat_1345,cat_1348,cat_1349,cat_14,cat_47,cat_48,cat_21,cat_40,cat_41,cat_2224,cat_773,cat_790,cat_8,cat_38,cat_39"
1140608852,"cat_2374,cat_3,cat_11,cat_45,cat_115,cat_14,cat_47,cat_21,cat_40,cat_2224,cat_773"
1140608855,"cat_2374,cat_3,cat_40,cat_773,cat_8,cat_38"
1140608857,"cat_2374,cat_3,cat_11,cat_45,cat_46,cat_1345,cat_1348,cat_1349,cat_47,cat_48,cat_40,cat_41,cat_773,cat_790,cat_38,cat_39"
1140608858,"cat_2374,cat_3,cat_11,cat_45,cat_46,cat_1345,cat_1348,cat_1349,cat_14,cat_47,cat_48,cat_21,cat_40,cat_41,cat_2224,cat_773,cat_790,cat_8,cat_38,cat_39"
1140608860,"cat_2374,cat_3,cat_11,cat_45,cat_46,cat_1345,cat_1348,cat_1349,cat_14,cat_47,cat_48,cat_21,cat_40,cat_41,cat_2224,cat_773,cat_790,cat_8,cat_38,cat_39"
1140608861,"cat_2374,cat_3,cat_11,cat_45,cat_46,cat_1345,cat_1348,cat_1349,cat_14,cat_47,cat_48,cat_21,cat_40,cat_41,cat_2224,cat_773,cat_790,cat_8,cat_38,cat_39"
1140608862,"cat_3,cat_11"
1140608863,"cat_3,cat_11"
1140608864,"cat_2374,cat_3,cat_29,cat_288,cat_8,cat_27,cat_287"
1140608879,"cat_3,cat_11,cat_14"
1140608880,"cat_3,cat_11,cat_14"
1140608881,"cat_3,cat_11,cat_14"
1140609029,"cat_2374,cat_3,cat_40,cat_773,cat_8,cat_38"
1140609135,"cat_2127,cat_3,cat_11,cat_14"
1140609605,cat_2172
1140609814,"cat_2127,cat_3,cat_11,cat_14"
1140610221,cat_2172
1140610222,cat_2172
1140610224,cat_2172
1140610477,"cat_2374,cat_3,cat_11,cat_45,cat_115,cat_14,cat_47,cat_40,cat_773"
1140610478,"cat_2374,cat_3,cat_11,cat_45,cat_115,cat_14,cat_47,cat_40,cat_773"
1140610479,"cat_2374,cat_3,cat_11,cat_45,cat_115,cat_14,cat_47,cat_40,cat_773"
1140610480,"cat_2374,cat_3,cat_11,cat_45,cat_115,cat_14,cat_47,cat_40,cat_773"
1140610483,"cat_2374,cat_3,cat_8"
1140610484,"cat_2374,cat_3,cat_8"
1140610485,cat_2172
1140610486,"cat_2374,cat_3,cat_8"
1140610487,"cat_2374,cat_3,cat_8"
1140610488,"cat_3,cat_11"
1140610492,"cat_3,cat_11,cat_1551,cat_1549"
1140610493,"cat_3,cat_11"
1140610494,"cat_3,cat_11,cat_1551,cat_1549"
1140610573,cat_2172
1140610630,cat_2172
1140610639,"cat_2374,cat_3,cat_21,cat_2224,cat_8"
1140610661,"cat_2374,cat_3,cat_8"
1140610738,cat_3
1140610739,cat_3
1140610740,cat_3
1140610741,cat_3
1140610854,"cat_3,cat_11,cat_148,cat_158,cat_14,cat_152,cat_160,cat_8,cat_150,cat_159"
1140610855,"cat_3,cat_11,cat_148,cat_158,cat_14,cat_152,cat_160,cat_8,cat_150,cat_159"
1140610856,"cat_3,cat_11,cat_148,cat_158,cat_14,cat_152,cat_160,cat_8,cat_150,cat_159"
1140610857,"cat_3,cat_11,cat_148,cat_158,cat_14,cat_152,cat_160,cat_8,cat_150,cat_159"
1140610858,"cat_3,cat_11,cat_148,cat_158,cat_14,cat_152,cat_160,cat_8,cat_150,cat_159"
1140610859,"cat_3,cat_11,cat_148,cat_158,cat_14,cat_152,cat_160,cat_8,cat_150,cat_159"
1140610863,"cat_3,cat_11,cat_82,cat_27"
1140611136,"cat_3,cat_11,cat_82,cat_8,cat_27"
1140611137,"cat_3,cat_11,cat_82,cat_8,cat_27"
1140611138,"cat_3,cat_11,cat_82,cat_8,cat_27"
1140611474,cat_2172
1140611475,cat_2172
1140611621,"cat_2374,cat_3,cat_21,cat_2224,cat_8"
1140611623,"cat_3,cat_115,cat_252"
1140611624,"cat_3,cat_115,cat_252"
1140611625,"cat_2374,cat_3,cat_21,cat_2224,cat_8"
1140611626,"cat_2374,cat_3,cat_21,cat_2224,cat_8"
1140611627,"cat_2374,cat_3,cat_21,cat_2224,cat_8"
1140611638,"cat_3,cat_252"
1140611639,"cat_3,cat_252"
1140611640,"cat_3,cat_252"
1140611641,"cat_3,cat_252"
1140611642,"cat_3,cat_252"
1140611643,"cat_3,cat_252"
1140611649,cat_2172
1140611650,cat_2172
1140611651,cat_2172
1140611652,cat_2172
1140611653,cat_2172
1140611654,cat_2172
1140611655,cat_2172
1140611656,cat_2172
1140611657,cat_2172
1140611664,"cat_3,cat_11,cat_8"
1140611665,"cat_3,cat_11,cat_8"
1140611666,"cat_3,cat_11,cat_8"
1140611672,"cat_3,cat_11,cat_8"
1140611684,"cat_3,cat_11,cat_8"
1140611704,"cat_3,cat_11,cat_8"
1140611705,"cat_3,cat_11,cat_8"
1140611715,"cat_3,cat_11,cat_8"
1140611716,"cat_3,cat_11,cat_8"
1140611717,"cat_3,cat_11,cat_8"
1140611766,"cat_2374,cat_3,cat_40,cat_98,cat_773,cat_778,cat_8,cat_38,cat_99"
1140611767,"cat_2374,cat_3,cat_40,cat_98,cat_770,cat_773,cat_778,cat_8,cat_38,cat_99"
1140611768,"cat_2374,cat_3,cat_40,cat_98,cat_770,cat_773,cat_778,cat_8,cat_38,cat_99"
1140611769,"cat_2374,cat_3,cat_40,cat_98,cat_773,cat_778,cat_8,cat_38,cat_99"
1140611770,"cat_2374,cat_3,cat_40,cat_98,cat_773,cat_778,cat_8,cat_38,cat_99"
1140611771,"cat_2374,cat_3,cat_40,cat_98,cat_773,cat_778,cat_8,cat_38,cat_99"
1140611772,"cat_2374,cat_3,cat_40,cat_98,cat_773,cat_778,cat_8,cat_38,cat_99"
1140611773,"cat_2374,cat_3,cat_40,cat_98,cat_773,cat_778,cat_8,cat_38,cat_99"
1140611776,"cat_2374,cat_3,cat_11,cat_14,cat_8"
1140611778,"cat_2374,cat_3,cat_11,cat_14,cat_8"
1140611808,"cat_2374,cat_3,cat_40,cat_773,cat_8,cat_38"
1140611809,"cat_2374,cat_3,cat_21,cat_2224"
1140611811,"cat_2374,cat_3,cat_21,cat_2224"
1140611813,"cat_2374,cat_3,cat_21,cat_2224"
1140611815,"cat_2127,cat_3,cat_11,cat_82,cat_185,cat_14,cat_183,cat_184,cat_8,cat_27,cat_186"
1140611993,"cat_3,cat_11,cat_45,cat_46,cat_1345,cat_1348,cat_1349,cat_14,cat_47,cat_48,cat_770,cat_773,cat_790,cat_8,cat_38,cat_39"
1140612159,cat_2172
1140612161,cat_2172
1140612166,"cat_3,cat_21,cat_2224"
1140612167,"cat_3,cat_21,cat_2224"
1140612168,"cat_2127,cat_3,cat_11,cat_14,cat_8"
1140612169,"cat_2127,cat_3,cat_11,cat_14,cat_8"
1140612170,"cat_2127,cat_3,cat_11,cat_14,cat_8"
1140612171,"cat_2127,cat_3,cat_11,cat_14,cat_8"
1140612172,"cat_2127,cat_3,cat_11,cat_14,cat_8"
1140612173,"cat_2127,cat_3,cat_11,cat_14,cat_8"
1140612174,"cat_2127,cat_3,cat_11,cat_14,cat_8"
1140612175,"cat_2127,cat_3,cat_11,cat_14,cat_8"
1140612176,"cat_2127,cat_3,cat_11,cat_14,cat_8"
1140612177,"cat_2127,cat_3,cat_11,cat_14,cat_8"
1140612183,"cat_2127,cat_3,cat_11,cat_14,cat_8"
1140612185,"cat_2127,cat_3,cat_11,cat_14,cat_8"
1140612186,"cat_2127,cat_3,cat_11,cat_14,cat_8"
1140612351,"cat_2374,cat_3,cat_21,cat_271,cat_272,cat_2224,cat_8,cat_273,cat_274"
1140612352,"cat_2374,cat_3,cat_21,cat_2224,cat_8"
1140612353,"cat_2374,cat_3,cat_21,cat_2224,cat_8"
1140612354,"cat_2374,cat_3,cat_21,cat_2224,cat_8"
1140612355,"cat_2374,cat_3,cat_21,cat_326,cat_2224,cat_8,cat_328"
1140612356,"cat_2374,cat_3,cat_21,cat_326,cat_2224"
1140612357,"cat_2374,cat_3,cat_21,cat_326,cat_333,cat_2224"
1140612358,"cat_2374,cat_3,cat_21,cat_326,cat_333,cat_2224"
1140612359,"cat_2374,cat_3,cat_21,cat_2224,cat_8"
1140612372,"cat_2374,cat_3,cat_21,cat_271,cat_272,cat_2224,cat_8,cat_273,cat_274"
1140612373,"cat_2374,cat_3,cat_21,cat_271,cat_272,cat_2224,cat_8,cat_273,cat_274"
1140612375,"cat_2374,cat_3,cat_271,cat_272,cat_273,cat_274"
1140612376,"cat_2374,cat_3,cat_271,cat_272,cat_273,cat_274"
1140612377,"cat_2374,cat_3,cat_271,cat_272,cat_273,cat_274"
1140612378,"cat_2374,cat_3,cat_271,cat_272,cat_273,cat_274"
1140612391,"cat_2374,cat_3,cat_21,cat_326,cat_2224,cat_8,cat_328"
1140612400,"cat_2374,cat_3,cat_21,cat_259,cat_2224,cat_8,cat_256"
1140612401,"cat_2374,cat_3,cat_21,cat_259,cat_2224,cat_8,cat_256"
1140612402,"cat_2374,cat_3,cat_21,cat_326,cat_2224,cat_8,cat_328"
1140612403,"cat_2374,cat_3,cat_21,cat_326,cat_2224,cat_8,cat_328"
1140612404,"cat_2374,cat_3,cat_21,cat_326,cat_2224,cat_8,cat_328"
1140612409,"cat_2374,cat_3,cat_21,cat_326,cat_2224,cat_8,cat_328"
1140612410,"cat_2374,cat_3,cat_21,cat_326,cat_2224,cat_8,cat_328"
1140612411,"cat_3,cat_259,cat_256"
1140612412,"cat_2374,cat_3,cat_259,cat_256"
1140612413,"cat_3,cat_259,cat_256"
1140612566,"cat_3,cat_11,cat_14"
1140612567,"cat_3,cat_11,cat_14"
1140612568,"cat_3,cat_11,cat_14"
1140612569,"cat_3,cat_11,cat_14"
1140612585,"cat_3,cat_11,cat_148,cat_14,cat_152,cat_8,cat_150"
1140612953,"cat_3,cat_21,cat_2224"
1140612954,"cat_3,cat_21,cat_2224"
1140612955,"cat_3,cat_21,cat_2224"
1140612956,"cat_3,cat_21,cat_2224"
1140612957,"cat_3,cat_21,cat_2224"
1140612958,"cat_3,cat_8"
1140612959,"cat_3,cat_21,cat_2224,cat_8"
1140612960,"cat_3,cat_115"
1140612961,"cat_3,cat_115"
1140612962,"cat_3,cat_115"
1140612963,"cat_3,cat_115"
1140612964,"cat_3,cat_115"
1140612965,"cat_3,cat_11,cat_148,cat_14,cat_152,cat_8,cat_150"
1140612966,"cat_2374,cat_3,cat_21,cat_29,cat_288,cat_2224,cat_8,cat_27,cat_287"
1140612969,"cat_3,cat_11,cat_82,cat_1345,cat_1360,cat_14,cat_183"
1140612970,"cat_3,cat_11,cat_82,cat_1345,cat_1360,cat_14,cat_183"
1140613011,"cat_3,cat_11,cat_82,cat_8,cat_27"
1140613012,"cat_3,cat_8,cat_256,cat_257"
1140613013,"cat_2374,cat_3,cat_259,cat_262,cat_8,cat_256,cat_261"
1140613014,"cat_3,cat_259,cat_8,cat_256"
1140613015,"cat_3,cat_11,cat_1551,cat_1549"
1140613033,"cat_1968,cat_2374,cat_3,cat_11,cat_45,cat_80,cat_21,cat_40,cat_78,cat_2224,cat_773,cat_786,cat_8,cat_38,cat_77"
1140613108,cat_2172
1140613109,cat_2172
1140613140,"cat_3,cat_11,cat_19,cat_20,cat_17,cat_18"
1140613328,"cat_3,cat_11,cat_148,cat_14,cat_152,cat_8,cat_150"
1140613329,"cat_3,cat_11,cat_148,cat_14,cat_152,cat_8,cat_150"
1140613330,"cat_3,cat_11,cat_148,cat_14,cat_152,cat_8,cat_150"
1140613403,cat_2172
1140613632,"cat_2374,cat_3,cat_21,cat_40,cat_2224,cat_773,cat_8,cat_38"
1140613634,"cat_2374,cat_3,cat_40,cat_773,cat_8,cat_38"
1140613638,"cat_2374,cat_3,cat_40,cat_773,cat_8,cat_38"
1140613639,"cat_2374,cat_3,cat_40,cat_773,cat_8,cat_38"
1140613640,"cat_2374,cat_3,cat_40,cat_773,cat_8,cat_38"
1140613641,"cat_2374,cat_3,cat_40,cat_773,cat_8,cat_38"
1140613642,"cat_2374,cat_3,cat_40,cat_773,cat_8,cat_38"
1140613648,"cat_2374,cat_3,cat_40,cat_773,cat_8,cat_38"
1140613649,"cat_2374,cat_3,cat_40,cat_773,cat_8,cat_38"
1140613650,"cat_2374,cat_3,cat_40,cat_773,cat_8,cat_38"
1140613652,"cat_2374,cat_3,cat_40,cat_773,cat_8,cat_38"
1140613657,"cat_2374,cat_3,cat_40,cat_773,cat_8,cat_38"
1140613658,"cat_2374,cat_3,cat_40,cat_773,cat_8,cat_38"
1140613662,"cat_2374,cat_3,cat_40,cat_773,cat_38"
1140613664,"cat_2374,cat_3,cat_40,cat_773,cat_38"
1140613665,"cat_2374,cat_3,cat_21,cat_40,cat_2224,cat_773,cat_38"
1140613666,"cat_3,cat_11,cat_14,cat_8"
1140613667,"cat_3,cat_11,cat_14,cat_8"
1140613668,"cat_2374,cat_3,cat_40,cat_773,cat_8,cat_38"
1140613669,"cat_2374,cat_3,cat_40,cat_773,cat_8,cat_38"
1140613702,"cat_2374,cat_3,cat_40,cat_773,cat_8,cat_38"
1140613703,"cat_2374,cat_3,cat_11,cat_14,cat_8"
1140613704,"cat_2374,cat_3,cat_11,cat_14,cat_8"
1140613705,"cat_2374,cat_3,cat_11,cat_14,cat_8"
1140613706,"cat_2374,cat_3,cat_11,cat_14,cat_8"
1140613707,"cat_2374,cat_3,cat_11,cat_45,cat_115,cat_14,cat_47,cat_21,cat_40,cat_2224,cat_773"
1140613710,"cat_2374,cat_3,cat_11,cat_45,cat_115,cat_14,cat_47,cat_40,cat_773"
1140613711,"cat_2374,cat_3,cat_11,cat_45,cat_115,cat_14,cat_47,cat_40,cat_773"
1140613714,"cat_2374,cat_3,cat_11,cat_45,cat_115,cat_14,cat_47,cat_40,cat_773"
1140613715,"cat_2374,cat_3,cat_11,cat_45,cat_115,cat_14,cat_47,cat_40,cat_773"
1140613716,"cat_2374,cat_3,cat_11,cat_45,cat_1345,cat_1348,cat_14,cat_47,cat_21,cat_40,cat_2224,cat_773,cat_8,cat_38"
1140613717,"cat_2374,cat_3,cat_115,cat_40,cat_773,cat_8,cat_38"
1140613718,"cat_2374,cat_3,cat_115,cat_40,cat_773,cat_8,cat_38"
1140613719,"cat_2374,cat_3,cat_40,cat_773,cat_8,cat_38"
1140613721,"cat_2374,cat_3,cat_40,cat_773,cat_8,cat_38"
1140613723,"cat_2374,cat_3,cat_40,cat_773,cat_8,cat_38"
1140613727,"cat_2374,cat_3,cat_40,cat_111,cat_773,cat_775,cat_8,cat_38,cat_112"
1140613728,"cat_2374,cat_3,cat_40,cat_111,cat_773,cat_775,cat_8,cat_38,cat_112"
1140613729,"cat_2374,cat_3,cat_21,cat_40,cat_111,cat_2224,cat_773,cat_775,cat_8,cat_38,cat_112"
1140613730,"cat_2374,cat_3,cat_40,cat_111,cat_773,cat_775,cat_8,cat_38,cat_112"
1140613731,"cat_2374,cat_3,cat_40,cat_111,cat_773,cat_775,cat_8,cat_38,cat_112"
1140613732,"cat_2374,cat_3,cat_40,cat_111,cat_773,cat_775,cat_8,cat_38,cat_112"
1140613733,"cat_2374,cat_3,cat_40,cat_111,cat_773,cat_775,cat_8,cat_38,cat_112"
1140613734,"cat_2374,cat_3,cat_40,cat_111,cat_773,cat_775,cat_38,cat_112"
1140613735,"cat_2374,cat_3,cat_40,cat_111,cat_773,cat_775,cat_38,cat_112"
1140613736,"cat_2374,cat_3,cat_40,cat_111,cat_773,cat_775,cat_38,cat_112"
1140613737,"cat_2374,cat_3,cat_40,cat_111,cat_773,cat_775,cat_38,cat_112"
1140613738,"cat_2374,cat_3,cat_40,cat_111,cat_773,cat_775,cat_8,cat_38,cat_112"
1140613739,"cat_2374,cat_3,cat_40,cat_111,cat_773,cat_775,cat_8,cat_38,cat_112"
1140613742,"cat_2374,cat_3,cat_40,cat_98,cat_773,cat_778,cat_8,cat_38,cat_99"
1140613743,"cat_3,cat_40,cat_98,cat_773,cat_778,cat_8,cat_38,cat_99"
1140613744,"cat_2374,cat_3,cat_40,cat_98,cat_773,cat_778,cat_38,cat_99"
1140613745,"cat_2374,cat_3,cat_40,cat_98,cat_773,cat_778,cat_8,cat_38,cat_99"
1140613746,"cat_2374,cat_3,cat_40,cat_98,cat_773,cat_778,cat_8,cat_38,cat_99"
1140613747,"cat_2374,cat_3,cat_40,cat_98,cat_773,cat_778,cat_8,cat_38,cat_99"
1140613748,"cat_2374,cat_3,cat_40,cat_98,cat_773,cat_778,cat_8,cat_38,cat_99"
1140613749,"cat_2374,cat_3,cat_40,cat_98,cat_773,cat_778,cat_38,cat_99"
1140613750,"cat_2374,cat_3,cat_40,cat_98,cat_773,cat_778,cat_38,cat_99"
1140613751,"cat_2374,cat_3,cat_11,cat_45,cat_1345,cat_1348,cat_14,cat_47,cat_21,cat_40,cat_2224,cat_773,cat_8,cat_38"
1140613922,"cat_3,cat_11"
1140614077,"cat_2374,cat_3,cat_40,cat_773,cat_8,cat_38"
1140614078,"cat_2374,cat_3,cat_40,cat_773,cat_8,cat_38"
1140614079,"cat_2374,cat_3,cat_40,cat_773,cat_8,cat_38"
1140614080,"cat_2374,cat_3,cat_40,cat_773,cat_8,cat_38"
1140614081,"cat_2374,cat_3,cat_40,cat_773,cat_8,cat_38"
1140614082,"cat_2374,cat_3,cat_40,cat_111,cat_773,cat_775,cat_8,cat_38,cat_112"
1140614083,"cat_2374,cat_3,cat_40,cat_111,cat_773,cat_775,cat_8,cat_38,cat_112"
1140614084,"cat_2374,cat_3,cat_40,cat_111,cat_773,cat_775,cat_8,cat_38,cat_112"
1140614085,"cat_2374,cat_3,cat_40,cat_111,cat_773,cat_775,cat_8,cat_38,cat_112"
1140614086,"cat_2374,cat_3,cat_40,cat_111,cat_773,cat_775,cat_8,cat_38,cat_112"
1140614087,"cat_2374,cat_3,cat_40,cat_111,cat_773,cat_775,cat_8,cat_38,cat_112"
1140614153,"cat_2374,cat_3,cat_40,cat_773,cat_8,cat_38"
1140614154,"cat_2374,cat_3,cat_40,cat_773,cat_8,cat_38"
1140614155,"cat_2374,cat_3,cat_40,cat_773,cat_8,cat_38"
1140614156,"cat_2374,cat_3,cat_40,cat_773,cat_8,cat_38"
1140614157,"cat_2374,cat_3,cat_40,cat_773,cat_8,cat_38"
1140614158,"cat_2374,cat_3,cat_40,cat_773,cat_8,cat_38"
1140614159,"cat_2374,cat_3,cat_40,cat_773,cat_8,cat_38"
1140614160,"cat_2374,cat_3,cat_40,cat_773,cat_8,cat_38"
1140614161,"cat_2374,cat_3,cat_40,cat_773,cat_8,cat_38"
1140614162,"cat_2374,cat_3,cat_11,cat_45,cat_1345,cat_1348,cat_14,cat_47,cat_40,cat_773,cat_8,cat_38"
1140614163,"cat_2374,cat_3,cat_11,cat_45,cat_1345,cat_1348,cat_14,cat_47,cat_40,cat_773,cat_8,cat_38"
1140614164,"cat_2374,cat_3,cat_11,cat_45,cat_1345,cat_1348,cat_14,cat_47,cat_40,cat_773,cat_8,cat_38"
1140614165,"cat_2374,cat_3,cat_11,cat_45,cat_1345,cat_1348,cat_14,cat_47,cat_40,cat_773,cat_8,cat_38"
1140614166,"cat_2374,cat_3,cat_11,cat_45,cat_1345,cat_1348,cat_14,cat_47,cat_40,cat_773,cat_8,cat_38"
1140614169,"cat_2374,cat_3,cat_40,cat_773,cat_8,cat_38"
1140614170,"cat_2374,cat_3,cat_40,cat_773,cat_8,cat_38"
1140614171,"cat_2374,cat_3,cat_40,cat_773,cat_8,cat_38"
1140614172,"cat_2374,cat_3,cat_40,cat_773,cat_8,cat_38"
1140614245,"cat_3,cat_14,cat_21,cat_2224"
1140614246,"cat_3,cat_14,cat_21,cat_2224"
1140614247,cat_2172
1140614560,"cat_2374,cat_3,cat_11,cat_45,cat_115,cat_14,cat_47,cat_40,cat_773"
1140614561,"cat_2374,cat_3,cat_11,cat_45,cat_115,cat_14,cat_47,cat_40,cat_773"
1140614562,"cat_2374,cat_3,cat_11,cat_45,cat_115,cat_14,cat_47,cat_40,cat_773"
1140614563,"cat_2374,cat_3,cat_11,cat_45,cat_115,cat_14,cat_47,cat_40,cat_773"
1140614566,"cat_3,cat_11,cat_21,cat_2224,cat_8,cat_222"
1140614567,"cat_3,cat_11,cat_21,cat_2224,cat_8,cat_222"
1140614568,"cat_3,cat_11,cat_21,cat_2224,cat_8,cat_222"
1140614569,"cat_2374,cat_3,cat_21,cat_2224,cat_8,cat_222"
1140614570,"cat_2374,cat_3,cat_21,cat_2224,cat_8,cat_222"
1140614571,"cat_2374,cat_3,cat_21,cat_2224,cat_8,cat_222"
1140614572,"cat_2374,cat_3,cat_21,cat_2224,cat_8,cat_222"
1140614573,"cat_2374,cat_3,cat_21,cat_2224,cat_8,cat_222"
1140614574,"cat_3,cat_8"
1140614575,"cat_3,cat_8"
1140614576,"cat_3,cat_8"
1140614577,"cat_3,cat_8"
1140614982,"cat_2374,cat_3,cat_40,cat_111,cat_773,cat_775,cat_8,cat_38,cat_112"
1140614983,"cat_2374,cat_3,cat_40,cat_111,cat_773,cat_775,cat_8,cat_38,cat_112"
1140614984,"cat_2374,cat_3,cat_40,cat_111,cat_773,cat_775,cat_8,cat_38,cat_112"
1140614985,"cat_2374,cat_3,cat_40,cat_111,cat_773,cat_775,cat_8,cat_38,cat_112"
1140614987,"cat_2374,cat_3,cat_21,cat_40,cat_111,cat_2224,cat_773,cat_775,cat_8,cat_38,cat_112"
1140615067,cat_2172
1140615304,"cat_2374,cat_3,cat_8"
1140615316,"cat_3,cat_8,cat_222,cat_223"
1140615319,"cat_3,cat_11,cat_1551,cat_1840,cat_1558,cat_1841,cat_2224,cat_8,cat_1549,cat_1839"
1140615326,"cat_3,cat_8,cat_222,cat_223"
1140615334,cat_2172
1140615335,cat_2172
1140615359,"cat_3,cat_11,cat_82,cat_8,cat_27"
1140615360,"cat_3,cat_11,cat_82,cat_8,cat_27"
1140615361,"cat_3,cat_11,cat_82,cat_8,cat_27"
1140615362,"cat_3,cat_11,cat_82,cat_8,cat_27"
1140615363,"cat_3,cat_11,cat_82,cat_8,cat_27"
1140615364,"cat_3,cat_11,cat_82,cat_8,cat_27"
1140615365,"cat_3,cat_11,cat_82,cat_8,cat_27"
1140615366,"cat_3,cat_11,cat_82,cat_8,cat_27"
1140615367,"cat_3,cat_11,cat_82,cat_8,cat_27"
1140615368,"cat_3,cat_11,cat_82,cat_8,cat_27"
1140615369,"cat_2374,cat_3,cat_21,cat_259,cat_262,cat_2224,cat_8,cat_256,cat_261"
1140615370,"cat_2374,cat_3,cat_21,cat_259,cat_262,cat_2224,cat_8,cat_256,cat_261"
1140615572,"cat_3,cat_8,cat_223"
1140615573,"cat_3,cat_8,cat_222,cat_223"
1140615574,"cat_3,cat_8,cat_222,cat_223"
1140615575,"cat_3,cat_8,cat_223"
1140615576,"cat_3,cat_8,cat_222,cat_223"
1140615577,"cat_3,cat_8,cat_223"
1140615579,"cat_3,cat_8,cat_222,cat_223"
1140615580,"cat_3,cat_8,cat_222,cat_223"
1140615829,"cat_2127,cat_3,cat_14"
1140615830,"cat_2127,cat_3,cat_14"
1140615831,"cat_2127,cat_3,cat_14"
1140615833,"cat_2127,cat_3,cat_14"
1140615834,"cat_2127,cat_3,cat_14"
1140615835,"cat_2127,cat_3,cat_14"
1140615836,"cat_2127,cat_3,cat_14"
1140615837,"cat_2127,cat_3,cat_14"
1140615838,"cat_2127,cat_3,cat_14"
1140615839,"cat_3,cat_14"
1140615840,"cat_2127,cat_3,cat_14"
1140615841,"cat_2127,cat_3,cat_14"
1140615842,"cat_2374,cat_3,cat_21,cat_40,cat_98,cat_2224,cat_773,cat_778,cat_8,cat_38,cat_99"
1140615844,"cat_2374,cat_3,cat_40,cat_98,cat_773,cat_778,cat_38,cat_99"
1140615845,"cat_2374,cat_3,cat_40,cat_98,cat_773,cat_778,cat_38,cat_99"
1140615846,"cat_2374,cat_3,cat_40,cat_98,cat_773,cat_778,cat_38,cat_99"
1140615847,"cat_2374,cat_3,cat_40,cat_98,cat_773,cat_778,cat_38,cat_99"
1140615848,"cat_2374,cat_3,cat_40,cat_98,cat_773,cat_778,cat_38,cat_99"
1140615849,"cat_2374,cat_3,cat_40,cat_98,cat_773,cat_778,cat_38,cat_99"
1140616065,"cat_2374,cat_3,cat_11,cat_82,cat_409,cat_21,cat_29,cat_407,cat_2224,cat_8,cat_27,cat_408"
1140616366,cat_2172
1140616367,"cat_3,cat_252,cat_297,cat_8,cat_254,cat_298"
1140616368,"cat_3,cat_252,cat_297,cat_8,cat_254,cat_298"
1140616369,"cat_3,cat_252,cat_297,cat_8,cat_254,cat_298"
1140616371,"cat_3,cat_252"
1140616372,"cat_3,cat_252"
1140616373,"cat_3,cat_252"
1140616400,cat_2172
1140616495,cat_3
1140616496,cat_3
1140616543,cat_3
1140616544,cat_3
1140616545,cat_3
1140616546,cat_3
1140616547,cat_3
1140616548,cat_3
1140616549,cat_3
1140616550,cat_3
1140616551,cat_3
1140616552,cat_3
1140616553,cat_3
1140616554,cat_3
1140616557,"cat_3,cat_222"
1140616558,"cat_3,cat_222"
1140616561,"cat_2374,cat_3,cat_11,cat_45,cat_1345,cat_1348,cat_14,cat_47,cat_21,cat_40,cat_2224,cat_773,cat_8,cat_38"
1140616562,"cat_3,cat_11,cat_45,cat_80,cat_21,cat_40,cat_78,cat_2224,cat_773,cat_786,cat_8,cat_38,cat_77"
1140616563,"cat_3,cat_11,cat_45,cat_80,cat_21,cat_40,cat_78,cat_2224,cat_773,cat_786,cat_8,cat_38,cat_77"
1140616564,"cat_3,cat_11,cat_45,cat_80,cat_21,cat_40,cat_78,cat_2224,cat_773,cat_786,cat_8,cat_38,cat_77"
1140616565,"cat_3,cat_11,cat_45,cat_80,cat_21,cat_40,cat_78,cat_2224,cat_773,cat_786,cat_8,cat_38,cat_77"
1140616568,"cat_3,cat_11,cat_45,cat_80,cat_21,cat_40,cat_78,cat_2224,cat_773,cat_786,cat_8,cat_38,cat_77"
1140616569,"cat_3,cat_11,cat_45,cat_80,cat_21,cat_40,cat_78,cat_2224,cat_773,cat_786,cat_8,cat_38,cat_77"
1140616572,"cat_2374,cat_3,cat_11,cat_45,cat_1345,cat_1348,cat_14,cat_47,cat_21,cat_40,cat_2224,cat_773,cat_8,cat_38"
1140616682,"cat_3,cat_11,cat_45,cat_80,cat_21,cat_40,cat_78,cat_2224,cat_773,cat_786,cat_8,cat_38,cat_77"
1140616683,"cat_3,cat_11,cat_1551,cat_21,cat_1558,cat_2224,cat_8,cat_1549"
1140616684,"cat_3,cat_11,cat_1551,cat_21,cat_1558,cat_2224,cat_8,cat_1549"
1140616685,"cat_3,cat_11,cat_1551,cat_21,cat_1558,cat_2224,cat_8,cat_1549"
1140616687,"cat_3,cat_11,cat_1551,cat_21,cat_1558,cat_2224,cat_8,cat_1549"
1140616688,"cat_3,cat_11,cat_1551,cat_21,cat_1558,cat_2224,cat_8,cat_1549"
1140616689,"cat_3,cat_11,cat_1551,cat_21,cat_1558,cat_2224,cat_8,cat_1549"
1140616690,"cat_3,cat_11,cat_1551,cat_21,cat_1558,cat_2224,cat_8,cat_1549"
1140616691,"cat_3,cat_11,cat_1551,cat_21,cat_1558,cat_2224,cat_8,cat_1549"
1140616692,"cat_3,cat_11,cat_1551,cat_21,cat_1558,cat_2224,cat_8,cat_1549"
1140616693,"cat_3,cat_11,cat_1551,cat_21,cat_1558,cat_2224,cat_8,cat_1549"
1140616694,"cat_3,cat_11,cat_1551,cat_21,cat_1558,cat_2224,cat_8,cat_1549"
1140616695,"cat_3,cat_11,cat_1551,cat_21,cat_1558,cat_2224,cat_8,cat_1549"
1140616696,"cat_3,cat_11,cat_1551,cat_21,cat_1558,cat_2224,cat_8,cat_1549"
1140616697,"cat_3,cat_11,cat_1551,cat_115,cat_21,cat_1558,cat_2224,cat_8,cat_1549"
1140616698,"cat_3,cat_11,cat_82,cat_278,cat_8,cat_27,cat_277"
1140616699,"cat_3,cat_11,cat_82,cat_278,cat_8,cat_27,cat_277"
1140616700,"cat_3,cat_11,cat_82,cat_8,cat_27"
1140616701,"cat_2374,cat_3,cat_115,cat_21,cat_2224"
1140616826,"cat_1968,cat_3,cat_11,cat_14,cat_8"
1140616827,"cat_1968,cat_3,cat_11,cat_14,cat_8"
1140616828,"cat_1968,cat_3,cat_11"
1140616829,"cat_1968,cat_3,cat_11,cat_1551,cat_8,cat_1549"
1140616830,"cat_1968,cat_3,cat_11,cat_14,cat_8"
1140616831,"cat_1968,cat_3,cat_11,cat_14,cat_8"
1140616832,"cat_1968,cat_3,cat_11,cat_14,cat_8"
1140616833,"cat_1968,cat_3,cat_11,cat_19,cat_66,cat_8,cat_17,cat_65"
1140616834,"cat_1968,cat_3,cat_11,cat_19,cat_20,cat_8,cat_17,cat_18"
1140616835,"cat_1968,cat_3,cat_11,cat_19,cat_20,cat_8,cat_17,cat_18"
1140616839,"cat_1968,cat_2374,cat_3,cat_11,cat_14,cat_8"
1140616841,"cat_1968,cat_2374,cat_3,cat_21,cat_40,cat_98,cat_2224,cat_773,cat_778,cat_8,cat_38,cat_99"
1140616843,"cat_1968,cat_2374,cat_3,cat_21,cat_40,cat_98,cat_2224,cat_773,cat_778,cat_38,cat_99"
1140616844,"cat_1968,cat_2374,cat_3,cat_40,cat_98,cat_773,cat_778,cat_8,cat_38,cat_99"
1140616845,"cat_1968,cat_2374,cat_3,cat_21,cat_40,cat_98,cat_2224,cat_773,cat_778,cat_8,cat_38,cat_99"
1140616846,"cat_1968,cat_3,cat_11,cat_8"
1140616847,"cat_1968,cat_3,cat_11,cat_1551,cat_8,cat_1549"
1140616848,"cat_1968,cat_3,cat_8,cat_222,cat_223"
1140616849,"cat_1968,cat_3,cat_8,cat_222,cat_223"
1140616980,"cat_2374,cat_3,cat_115,cat_40,cat_773,cat_8,cat_38"
1140616981,"cat_2374,cat_3,cat_115,cat_40,cat_773,cat_8,cat_38"
1140616982,"cat_2374,cat_3,cat_115,cat_40,cat_773,cat_8,cat_38"
1140616983,"cat_2374,cat_3,cat_115,cat_40,cat_773,cat_8,cat_38"
1140617031,"cat_3,cat_11,cat_148,cat_14,cat_152,cat_8,cat_150"
1140617032,"cat_3,cat_11,cat_148,cat_14,cat_152,cat_8,cat_150"
1140617033,"cat_3,cat_11,cat_82,cat_8,cat_27"
1140617076,"cat_3,cat_11,cat_82,cat_8,cat_27"
1140617077,"cat_3,cat_11,cat_82,cat_8,cat_27"
1140617078,"cat_3,cat_11,cat_82,cat_8,cat_27"
1140617079,"cat_3,cat_11,cat_82,cat_8,cat_27"
1140617080,"cat_3,cat_11,cat_82,cat_8,cat_27"
1140617081,"cat_3,cat_11,cat_82,cat_8,cat_27"
1140617082,"cat_3,cat_11,cat_82,cat_8,cat_27"
1140617083,"cat_3,cat_11,cat_82,cat_8,cat_27"
1140617084,"cat_3,cat_11,cat_82,cat_8,cat_27"
1140617085,"cat_3,cat_11,cat_82,cat_8,cat_27"
1140617086,"cat_3,cat_11,cat_82,cat_8,cat_27"
1140617087,"cat_3,cat_11,cat_82,cat_8,cat_27"
1140617088,"cat_3,cat_11,cat_82,cat_8,cat_27"
1140617089,"cat_3,cat_11,cat_82,cat_8,cat_27"
1140617090,"cat_3,cat_11,cat_82,cat_8,cat_27"
1140617091,"cat_3,cat_11,cat_82,cat_8,cat_27"
1140617120,cat_2172
1140617669,"cat_2374,cat_3,cat_115,cat_40,cat_773,cat_8,cat_38"
1140617670,"cat_2374,cat_3,cat_115,cat_40,cat_773,cat_8,cat_38"
1140617671,"cat_2374,cat_3,cat_115,cat_40,cat_773,cat_8,cat_38"
1140617672,"cat_2374,cat_3,cat_115,cat_40,cat_773,cat_8,cat_38"
1140617856,"cat_2374,cat_3,cat_115,cat_21,cat_2224"
1140618099,"cat_3,cat_11,cat_148,cat_158,cat_14,cat_152,cat_160,cat_8,cat_150,cat_159"
1140618100,"cat_3,cat_11,cat_148,cat_158,cat_14,cat_152,cat_160,cat_8,cat_150,cat_159"
1140618102,"cat_3,cat_11,cat_148,cat_158,cat_14,cat_152,cat_160,cat_8,cat_150,cat_159"
1140618103,"cat_3,cat_11,cat_148,cat_158,cat_14,cat_152,cat_160,cat_8,cat_150,cat_159"
1140618104,"cat_3,cat_11,cat_148,cat_158,cat_14,cat_152,cat_160,cat_8,cat_150,cat_159"
1140618142,"cat_3,cat_11,cat_148,cat_158,cat_14,cat_152,cat_160,cat_8,cat_150,cat_159"
1140618143,"cat_3,cat_11,cat_148,cat_158,cat_14,cat_152,cat_160,cat_8,cat_150,cat_159"
1140618145,"cat_3,cat_11,cat_148,cat_158,cat_14,cat_152,cat_160,cat_8,cat_150,cat_159"
1140618146,"cat_3,cat_11,cat_148,cat_158,cat_14,cat_152,cat_160,cat_8,cat_150,cat_159"
1140618153,"cat_3,cat_11,cat_148,cat_14,cat_152,cat_8,cat_150"
1140618164,"cat_3,cat_11,cat_148,cat_158,cat_14,cat_152,cat_160,cat_8,cat_150,cat_159"
1140618169,"cat_2127,cat_3,cat_11,cat_14,cat_8"
1140618170,"cat_2127,cat_3,cat_11,cat_14,cat_8"
1140618172,"cat_2127,cat_3,cat_11,cat_14,cat_8"
1140618174,"cat_2127,cat_3,cat_11,cat_14,cat_8"
1140618175,"cat_2127,cat_3,cat_11,cat_14,cat_8"
1140618184,"cat_2127,cat_3,cat_11,cat_14,cat_8"
1140618185,"cat_2127,cat_3,cat_11,cat_14,cat_8"
1140618186,"cat_2127,cat_3,cat_11,cat_14,cat_8"
1140618187,"cat_2127,cat_3,cat_11,cat_14,cat_8"
1140618188,"cat_2127,cat_3,cat_11,cat_14,cat_8"
1140618364,"cat_2127,cat_3,cat_11,cat_14,cat_8"
1140618365,"cat_2127,cat_3,cat_11,cat_14,cat_8"
1140618366,"cat_2127,cat_3,cat_11,cat_14,cat_8"
1140618367,"cat_2127,cat_3,cat_11,cat_14,cat_8"
1140618368,"cat_2127,cat_3,cat_11,cat_14,cat_8"
1140618369,"cat_2127,cat_3,cat_11,cat_14,cat_8"
1140618370,"cat_2127,cat_3,cat_11,cat_14,cat_8"
1140618371,"cat_2127,cat_3,cat_11,cat_14,cat_8"
1140618372,"cat_2127,cat_3,cat_11,cat_14,cat_8"
1140618373,"cat_2127,cat_3,cat_11,cat_14,cat_8"
1140618374,"cat_2127,cat_3,cat_11,cat_14,cat_8"
1140618375,"cat_2127,cat_3,cat_11,cat_14,cat_8"
1140618513,"cat_3,cat_11,cat_14,cat_8"
1140618514,"cat_3,cat_11,cat_14,cat_8"
1140618515,"cat_3,cat_11,cat_14,cat_8"
1140618516,"cat_3,cat_11,cat_14,cat_8"
1140618519,"cat_3,cat_11,cat_14,cat_8"
1140618521,"cat_3,cat_11,cat_14,cat_8"
1140618523,"cat_2374,cat_3,cat_40,cat_98,cat_773,cat_778,cat_8,cat_38,cat_99"
1140618538,"cat_2374,cat_3,cat_40,cat_98,cat_773,cat_778,cat_8,cat_38,cat_99"
1140618539,"cat_2374,cat_3,cat_40,cat_98,cat_773,cat_778,cat_8,cat_38,cat_99"
1140618540,"cat_2374,cat_3,cat_40,cat_98,cat_773,cat_778,cat_8,cat_38,cat_99"
1140618550,"cat_2374,cat_3,cat_40,cat_98,cat_773,cat_778,cat_8,cat_38,cat_99"
1140618551,"cat_2374,cat_3,cat_40,cat_98,cat_773,cat_778,cat_8,cat_38,cat_99"
1140618552,"cat_2374,cat_3,cat_40,cat_98,cat_770,cat_773,cat_778,cat_8,cat_38,cat_99"
1140618553,"cat_2374,cat_3,cat_40,cat_98,cat_770,cat_773,cat_778,cat_8,cat_38,cat_99"
1140618793,cat_2172
1140618869,"cat_1968,cat_2374,cat_3,cat_40,cat_98,cat_773,cat_778,cat_38,cat_99"
1140618870,"cat_1968,cat_2374,cat_3,cat_40,cat_98,cat_773,cat_778,cat_38,cat_99"
1140618871,"cat_1968,cat_2374,cat_3,cat_40,cat_98,cat_773,cat_778,cat_38,cat_99"
1140618912,"cat_2127,cat_3,cat_11,cat_115,cat_14,cat_8"
1140618913,"cat_2127,cat_3,cat_11,cat_115,cat_14,cat_8"
1140618914,"cat_2127,cat_3,cat_11,cat_115,cat_14,cat_8"
1140618915,"cat_2127,cat_3,cat_11,cat_115,cat_14,cat_8"
1140618916,"cat_2127,cat_3,cat_11,cat_115,cat_14,cat_8"
1140618917,"cat_2127,cat_3,cat_11,cat_115,cat_14,cat_8"
1140618918,"cat_2127,cat_3,cat_11,cat_115,cat_14,cat_8"
1140618919,"cat_2127,cat_3,cat_11,cat_115,cat_14,cat_8"
1140618920,"cat_2127,cat_3,cat_11,cat_115,cat_14,cat_8"
1140618921,"cat_2127,cat_3,cat_11,cat_115,cat_14,cat_8"
1140618922,"cat_2127,cat_3,cat_11,cat_115,cat_14,cat_8"
1140618923,"cat_2127,cat_3,cat_11,cat_115,cat_14,cat_8"
1140618924,"cat_2127,cat_3,cat_11,cat_115,cat_14,cat_8"
1140618925,"cat_2127,cat_3,cat_11,cat_115,cat_14,cat_8"
1140618926,"cat_2127,cat_3,cat_11,cat_115,cat_14,cat_8"
1140618927,"cat_2127,cat_3,cat_11,cat_115,cat_14,cat_8"
1140618928,"cat_2127,cat_3,cat_11,cat_115,cat_14,cat_8"
1140618929,"cat_2127,cat_3,cat_11,cat_115,cat_14,cat_8"
1140618930,cat_3
1140618931,"cat_3,cat_21,cat_2224"
1140618932,"cat_2374,cat_3,cat_21,cat_40,cat_98,cat_2224,cat_773,cat_778,cat_8,cat_38,cat_99"
1140618933,"cat_2127,cat_3,cat_11,cat_115,cat_14,cat_8"
1140618934,"cat_2127,cat_3,cat_11,cat_115,cat_14,cat_8"
1140618935,"cat_2127,cat_3,cat_11,cat_115,cat_14,cat_8"
1140618936,"cat_2127,cat_3,cat_11,cat_115,cat_14,cat_8"
1140618937,"cat_2127,cat_3,cat_11,cat_115,cat_14,cat_8"
1140618938,"cat_2127,cat_3,cat_11,cat_115,cat_14,cat_8"
1140618939,"cat_2127,cat_3,cat_11,cat_115,cat_14,cat_8"
1140618951,"cat_2127,cat_3,cat_11,cat_115,cat_14,cat_8"
1140618952,"cat_2127,cat_3,cat_11,cat_115,cat_14,cat_8"
1140618953,"cat_2127,cat_3,cat_11,cat_115,cat_14,cat_8"
1140618954,"cat_2127,cat_3,cat_11,cat_115,cat_14,cat_8"
1140618955,"cat_2127,cat_3,cat_11,cat_115,cat_14,cat_8"
1140618956,"cat_2127,cat_3,cat_11,cat_115,cat_14,cat_8"
1140618957,"cat_2127,cat_3,cat_11,cat_115,cat_14,cat_8"
1140618958,"cat_2127,cat_3,cat_11,cat_115,cat_14,cat_8"
1140618959,"cat_2127,cat_3,cat_11,cat_115,cat_14,cat_8"
1140618960,"cat_2127,cat_3,cat_11,cat_115,cat_14,cat_8"
1140618961,"cat_2127,cat_3,cat_11,cat_115,cat_14,cat_8"
1140618962,"cat_2127,cat_3,cat_11,cat_115,cat_14,cat_8"
1140618963,"cat_2127,cat_3,cat_11,cat_115,cat_14,cat_8"
1140618964,"cat_2127,cat_3,cat_11,cat_115,cat_14,cat_8"
1140618965,"cat_2127,cat_3,cat_11,cat_115,cat_14,cat_8"
1140618966,"cat_2127,cat_3,cat_11,cat_115,cat_14,cat_8"
1140618967,"cat_2127,cat_3,cat_11,cat_115,cat_14,cat_8"
1140618968,"cat_2127,cat_3,cat_11,cat_115,cat_14,cat_8"
1140618969,"cat_2127,cat_3,cat_11,cat_115,cat_14,cat_8"
1140618970,"cat_2127,cat_3,cat_11,cat_115,cat_14"
1140618971,"cat_2127,cat_3,cat_11,cat_115,cat_14"
1140618972,"cat_2127,cat_3,cat_11,cat_115,cat_14"
1140618973,"cat_2127,cat_3,cat_11,cat_115,cat_14"
1140618974,"cat_2127,cat_3,cat_11,cat_115,cat_14"
1140618975,"cat_2127,cat_3,cat_11,cat_115,cat_14"
1140618976,"cat_2127,cat_3,cat_11,cat_115,cat_14"
1140618977,"cat_2127,cat_3,cat_11,cat_115,cat_14"
1140618978,"cat_2127,cat_3,cat_11,cat_115"
1140618980,"cat_2127,cat_3,cat_11,cat_115,cat_14"
1140618981,"cat_2127,cat_3,cat_11,cat_115,cat_14"
1140618984,"cat_2127,cat_3,cat_11,cat_115,cat_14"
1140618985,"cat_2127,cat_3,cat_11,cat_115,cat_14"
1140618986,"cat_2127,cat_3,cat_11,cat_115,cat_14"
1140618987,"cat_2127,cat_3,cat_11,cat_115,cat_14"
1140618988,"cat_2127,cat_3,cat_11,cat_115,cat_14"
1140618989,"cat_2127,cat_3,cat_11,cat_115,cat_14"
1140618990,"cat_2127,cat_3,cat_11,cat_115,cat_14"
1140618991,"cat_2127,cat_3,cat_11,cat_115,cat_14"
1140618992,"cat_2127,cat_3,cat_11,cat_115,cat_14"
1140618993,"cat_2127,cat_3,cat_11,cat_115,cat_14"
1140618994,"cat_2127,cat_3,cat_11,cat_115,cat_14"
1140618995,"cat_2127,cat_3,cat_11,cat_115,cat_14"
1140618998,"cat_2127,cat_3,cat_11,cat_115,cat_14"
1140618999,"cat_2127,cat_3,cat_11,cat_115,cat_14"
1140619000,"cat_2127,cat_3,cat_11,cat_115,cat_14"
1140619001,"cat_2127,cat_3,cat_11,cat_115,cat_14"
1140619002,"cat_2127,cat_3,cat_11,cat_115,cat_14"
1140619003,"cat_2127,cat_3,cat_11,cat_115,cat_14"
1140619004,"cat_2127,cat_3,cat_11,cat_115,cat_14"
1140619005,"cat_2127,cat_3,cat_11,cat_115,cat_14"
1140619006,"cat_2127,cat_3,cat_11,cat_115,cat_14"
1140619007,"cat_2127,cat_3,cat_11,cat_115,cat_14"
1140619008,"cat_2127,cat_3,cat_11,cat_14"
1140619009,"cat_2127,cat_3,cat_11,cat_14"
1140619010,"cat_2127,cat_3,cat_11,cat_14"
1140619011,"cat_2127,cat_3,cat_11,cat_14"
1140619012,"cat_2127,cat_3,cat_11,cat_14"
1140619013,"cat_2127,cat_3,cat_11,cat_14"
1140619014,"cat_2127,cat_3,cat_11,cat_14"
1140619016,"cat_2127,cat_3,cat_11,cat_14,cat_8"
1140619017,"cat_2127,cat_3,cat_11,cat_14,cat_8"
1140619018,"cat_2127,cat_3,cat_14"
1140619019,"cat_2127,cat_3,cat_14"
1140619020,"cat_2127,cat_3,cat_14"
1140619021,"cat_2127,cat_3,cat_14"
1140619022,"cat_2374,cat_3,cat_326,cat_8,cat_328"
1140619023,"cat_2374,cat_3,cat_326,cat_8,cat_328"
1140619024,"cat_2374,cat_3,cat_326,cat_8,cat_328"
1140619025,"cat_2374,cat_3,cat_326,cat_8,cat_328"
1140619026,"cat_2374,cat_3,cat_326,cat_8,cat_328"
1140619027,"cat_2374,cat_3,cat_326,cat_8,cat_328"
1140619028,"cat_2127,cat_3,cat_14,cat_8"
1140619029,"cat_2127,cat_3,cat_11,cat_14"
1140619030,"cat_2127,cat_3,cat_11,cat_14"
1140619031,"cat_2127,cat_3,cat_11,cat_14"
1140619032,"cat_2127,cat_3,cat_11"
1140619033,"cat_2127,cat_3,cat_11"
1140619034,"cat_2127,cat_3,cat_14"
1140619035,"cat_2127,cat_3,cat_14"
1140619037,"cat_2127,cat_3,cat_11,cat_115,cat_14"
1140619038,"cat_2127,cat_3,cat_11,cat_14"
1140619039,"cat_2127,cat_3,cat_11,cat_14"
1140619040,"cat_2127,cat_3,cat_11,cat_14"
1140619041,"cat_2127,cat_3,cat_11,cat_14"
1140619042,"cat_2127,cat_3,cat_11,cat_14"
1140619043,"cat_2127,cat_3,cat_11,cat_14"
1140619044,"cat_2127,cat_3,cat_11,cat_14"
1140619045,"cat_2127,cat_3,cat_11,cat_14"
1140619046,"cat_2127,cat_3,cat_11,cat_14"
1140619047,"cat_2127,cat_3,cat_11,cat_14"
1140619048,"cat_2127,cat_3,cat_11,cat_14"
1140619049,"cat_2127,cat_3,cat_11,cat_14"
1140619050,"cat_2127,cat_3,cat_11,cat_14"
1140619051,"cat_2127,cat_3,cat_11,cat_14"
1140619052,"cat_2127,cat_3,cat_11,cat_14"
1140619053,"cat_2127,cat_3,cat_11,cat_14"
1140619054,"cat_2127,cat_3,cat_11,cat_14"
1140619055,"cat_2127,cat_3,cat_11,cat_14"
1140619056,"cat_2127,cat_3,cat_11,cat_14"
1140619057,"cat_2127,cat_3,cat_11,cat_14"
1140619058,"cat_2127,cat_3,cat_11,cat_14"
1140619059,"cat_2127,cat_3,cat_11,cat_14"
1140619060,"cat_2127,cat_3,cat_11,cat_14"
1140619061,"cat_2127,cat_3,cat_11,cat_14"
1140619062,"cat_2127,cat_3,cat_11,cat_14"
1140619063,"cat_2127,cat_3,cat_11,cat_14"
1140619064,"cat_2127,cat_3,cat_11,cat_14"
1140619065,"cat_2127,cat_3,cat_11,cat_14"
1140619066,"cat_2127,cat_3,cat_11,cat_14"
1140619067,"cat_2127,cat_3,cat_11,cat_14"
1140619068,"cat_2127,cat_3,cat_11,cat_14"
1140619069,"cat_2127,cat_3,cat_11,cat_14"
1140619070,"cat_2127,cat_3,cat_11,cat_14"
1140619071,"cat_2127,cat_3,cat_11,cat_14"
1140619072,"cat_2127,cat_3,cat_11,cat_14"
1140619073,"cat_2127,cat_3,cat_11,cat_14"
1140619074,"cat_2127,cat_3,cat_11,cat_14"
1140619077,"cat_2127,cat_3,cat_11,cat_14"
1140619078,"cat_2127,cat_3,cat_11,cat_14"
1140619079,"cat_2127,cat_3,cat_11,cat_14"
1140619080,"cat_2127,cat_3,cat_11,cat_14"
1140619081,"cat_2127,cat_3,cat_11,cat_14"
1140619082,"cat_2127,cat_3,cat_11,cat_14"
1140619083,"cat_2127,cat_3,cat_11,cat_14"
1140619084,"cat_2127,cat_3,cat_11,cat_14"
1140619086,"cat_2127,cat_3,cat_11,cat_14"
1140619087,"cat_2127,cat_3,cat_11,cat_14"
1140619088,"cat_2127,cat_3,cat_11,cat_14"
1140619089,"cat_2127,cat_3,cat_11,cat_14"
1140619090,"cat_2127,cat_3,cat_11,cat_14"
1140619091,"cat_2127,cat_3,cat_11,cat_14"
1140619092,"cat_2127,cat_3,cat_11,cat_14"
1140619093,"cat_2127,cat_3,cat_11,cat_14"
1140619094,"cat_2127,cat_3,cat_11,cat_14"
1140619095,"cat_2127,cat_3,cat_11"
1140619096,"cat_2127,cat_3,cat_11"
1140619099,"cat_2127,cat_3,cat_11"
1140619100,"cat_2127,cat_3,cat_11"
1140619101,"cat_2127,cat_3,cat_11"
1140619102,"cat_2127,cat_3,cat_11,cat_14"
1140619103,"cat_2127,cat_3,cat_11,cat_14"
1140619104,"cat_2127,cat_3,cat_11"
1140619105,"cat_2127,cat_3,cat_11"
1140619106,"cat_2127,cat_3,cat_11"
1140619107,"cat_2127,cat_3,cat_11"
1140619108,"cat_2127,cat_3,cat_11"
1140619109,"cat_2127,cat_3,cat_11,cat_14"
1140619111,"cat_2127,cat_3,cat_11,cat_14"
1140619112,"cat_2127,cat_3,cat_11,cat_14"
1140619113,"cat_2127,cat_3,cat_11,cat_14"
1140619114,"cat_2127,cat_3,cat_11"
1140619115,"cat_2127,cat_3,cat_11,cat_14"
1140619117,"cat_2127,cat_3,cat_11,cat_14"
1140619118,"cat_2127,cat_3,cat_11,cat_14"
1140619119,"cat_2127,cat_3,cat_11,cat_14"
1140619126,"cat_2127,cat_3,cat_14"
1140619127,"cat_2127,cat_3,cat_14"
1140619128,"cat_2127,cat_3,cat_14"
1140619130,"cat_2127,cat_3,cat_14"
1140619134,"cat_2127,cat_2374,cat_3,cat_11,cat_14"
1140619135,"cat_2127,cat_2374,cat_3,cat_11,cat_14"
1140619136,"cat_2127,cat_2374,cat_3,cat_11,cat_14"
1140619145,"cat_2127,cat_3,cat_14,cat_8"
1140619146,"cat_2127,cat_3,cat_14,cat_8"
1140619149,"cat_2127,cat_3,cat_14,cat_8"
1140619150,"cat_2127,cat_3,cat_14,cat_8"
1140619151,"cat_2127,cat_3,cat_14,cat_8"
1140619152,"cat_2127,cat_3,cat_14,cat_8"
1140619154,"cat_2127,cat_3,cat_11,cat_115,cat_14,cat_8"
1140619155,"cat_3,cat_11,cat_148,cat_14,cat_152,cat_8,cat_150"
1140619156,"cat_3,cat_11,cat_148,cat_14,cat_152,cat_8,cat_150"
1140619157,"cat_3,cat_11,cat_148,cat_14,cat_152,cat_8,cat_150"
1140619158,"cat_3,cat_11,cat_148,cat_158,cat_14,cat_152,cat_160,cat_8,cat_150,cat_159"
1140619159,"cat_3,cat_11,cat_148,cat_158,cat_14,cat_152,cat_160,cat_8,cat_150,cat_159"
1140619160,"cat_3,cat_11,cat_148,cat_14,cat_152,cat_8,cat_150"
1140619161,"cat_3,cat_11,cat_148,cat_14,cat_152,cat_8,cat_150"
1140619163,"cat_3,cat_11,cat_148,cat_158,cat_14,cat_152,cat_160,cat_8,cat_150,cat_159"
1140619164,"cat_3,cat_11,cat_148,cat_158,cat_14,cat_152,cat_160,cat_8,cat_150,cat_159"
1140619165,"cat_3,cat_11,cat_148,cat_158,cat_14,cat_152,cat_160,cat_8,cat_150,cat_159"
1140619166,"cat_3,cat_11,cat_148,cat_14,cat_152,cat_8,cat_150"
1140619167,"cat_3,cat_11,cat_148,cat_158,cat_14,cat_152,cat_160,cat_8,cat_150,cat_159"
1140619171,"cat_3,cat_11,cat_148,cat_158,cat_14,cat_152,cat_160,cat_8,cat_150,cat_159"
1140619172,"cat_3,cat_11,cat_148,cat_158,cat_14,cat_152,cat_160,cat_8,cat_150,cat_159"
1140619176,"cat_3,cat_11,cat_148,cat_14,cat_152,cat_8,cat_150"
1140619182,"cat_3,cat_11,cat_148,cat_158,cat_14,cat_152,cat_160,cat_8,cat_150,cat_159"
1140619184,"cat_3,cat_11,cat_148,cat_158,cat_14,cat_152,cat_160,cat_8,cat_150,cat_159"
1140619185,"cat_3,cat_11,cat_148,cat_158,cat_14,cat_152,cat_160,cat_8,cat_150,cat_159"
1140619202,"cat_2374,cat_3,cat_40,cat_98,cat_773,cat_778,cat_8,cat_38,cat_99"
1140619203,"cat_2374,cat_3,cat_40,cat_98,cat_773,cat_778,cat_8,cat_38,cat_99"
1140619204,"cat_2374,cat_3,cat_40,cat_98,cat_773,cat_778,cat_8,cat_38,cat_99"
1140619205,"cat_2374,cat_3,cat_40,cat_98,cat_773,cat_778,cat_8,cat_38,cat_99"
1140619206,"cat_2374,cat_3,cat_40,cat_98,cat_773,cat_778,cat_8,cat_38,cat_99"
1140619207,"cat_2374,cat_3,cat_40,cat_98,cat_773,cat_778,cat_8,cat_38,cat_99"
1140619218,"cat_3,cat_29,cat_8,cat_27"
1140619219,"cat_3,cat_29,cat_8,cat_27"
1140619220,"cat_3,cat_29,cat_8,cat_27"
1140619221,"cat_3,cat_29,cat_8,cat_27"
1140619222,"cat_3,cat_29,cat_8,cat_27"
1140619223,"cat_3,cat_29,cat_8,cat_27"
1140619224,"cat_3,cat_29,cat_8,cat_27"
1140619225,"cat_3,cat_29,cat_8,cat_27"
1140619226,"cat_3,cat_29,cat_8,cat_27"
1140619228,"cat_3,cat_29,cat_8,cat_27"
1140619229,"cat_3,cat_29,cat_8,cat_27"
1140619230,"cat_3,cat_29,cat_8,cat_27"
1140619231,"cat_3,cat_29,cat_8,cat_27"
1140619232,"cat_3,cat_29,cat_8,cat_27"
1140619233,"cat_3,cat_29,cat_8,cat_27"
1140619234,"cat_3,cat_29,cat_8,cat_27"
1140619235,"cat_3,cat_29,cat_8,cat_27"
1140619525,"cat_2127,cat_3,cat_11,cat_115,cat_14,cat_8"
1140619530,"cat_2127,cat_3,cat_11,cat_115,cat_14,cat_8"
1140619531,"cat_2127,cat_3,cat_11,cat_115,cat_14,cat_8"
1140619534,cat_2172
1140619535,cat_2172
1140619536,cat_2172
1140619808,"cat_3,cat_11,cat_148,cat_158,cat_14,cat_152,cat_160,cat_8,cat_150,cat_159"
1140619812,"cat_3,cat_11,cat_148,cat_158,cat_14,cat_152,cat_160,cat_8,cat_150,cat_159"
1140619815,"cat_2127,cat_3,cat_11,cat_148,cat_14,cat_152,cat_8,cat_150"
1140619816,"cat_2127,cat_3,cat_11,cat_148,cat_14,cat_152,cat_8,cat_150"
1140619817,"cat_2127,cat_3,cat_11,cat_148,cat_14,cat_152,cat_8,cat_150"
1140619820,"cat_2127,cat_3,cat_11,cat_148,cat_14,cat_152,cat_8,cat_150"
1140619824,"cat_2127,cat_3,cat_11,cat_148,cat_14,cat_152,cat_8,cat_150"
1140619826,"cat_3,cat_11,cat_148,cat_158,cat_14,cat_152,cat_160,cat_8,cat_150,cat_159"
1140619827,"cat_3,cat_11,cat_148,cat_158,cat_14,cat_152,cat_160,cat_8,cat_150,cat_159"
1140619828,"cat_3,cat_11,cat_148,cat_158,cat_14,cat_152,cat_160,cat_8,cat_150,cat_159"
1140619829,"cat_3,cat_11,cat_148,cat_158,cat_14,cat_152,cat_160,cat_8,cat_150,cat_159"
1140619830,"cat_3,cat_11,cat_148,cat_158,cat_14,cat_152,cat_160,cat_8,cat_150,cat_159"
1140619831,"cat_3,cat_11,cat_148,cat_158,cat_14,cat_152,cat_160,cat_8,cat_150,cat_159"
1140619832,"cat_3,cat_11,cat_148,cat_158,cat_14,cat_152,cat_160,cat_8,cat_150,cat_159"
1140619833,"cat_2374,cat_3,cat_21,cat_40,cat_98,cat_2224,cat_773,cat_778,cat_38,cat_99"
1140619834,"cat_2127,cat_3,cat_14"
1140619835,"cat_2127,cat_3,cat_14"
1140619836,"cat_2127,cat_3,cat_14"
1140619837,"cat_2127,cat_3,cat_14"
1140619838,"cat_2127,cat_3,cat_11,cat_14"
1140619839,"cat_2127,cat_3,cat_11,cat_14"
1140620122,cat_2172
1140620289,"cat_2127,cat_3,cat_11,cat_82,cat_185,cat_14,cat_183,cat_184,cat_8,cat_27,cat_186"
1140620290,"cat_2127,cat_3,cat_11,cat_82,cat_185,cat_14,cat_183,cat_184,cat_8,cat_27,cat_186"
1140620291,"cat_2127,cat_3,cat_11,cat_82,cat_185,cat_14,cat_183,cat_184,cat_8,cat_27,cat_186"
1140620293,"cat_2127,cat_3,cat_11,cat_82,cat_185,cat_14,cat_183,cat_184,cat_8,cat_27,cat_186"
1140620294,"cat_2127,cat_3,cat_11,cat_82,cat_185,cat_14,cat_183,cat_184,cat_8,cat_27,cat_186"
1140620295,"cat_3,cat_11,cat_82,cat_185,cat_14,cat_183,cat_184,cat_8,cat_27,cat_186"
1140620296,"cat_3,cat_11,cat_82,cat_185,cat_14,cat_183,cat_184,cat_8,cat_27,cat_186"
1140620297,"cat_3,cat_11,cat_82,cat_185,cat_14,cat_183,cat_184,cat_8,cat_27,cat_186"
1140620951,"cat_3,cat_11,cat_1551,cat_1840,cat_21,cat_1558,cat_1841,cat_2224,cat_8,cat_1549,cat_1839"
1140620952,"cat_3,cat_11,cat_45,cat_80,cat_21,cat_40,cat_78,cat_2224,cat_773,cat_786,cat_8,cat_38,cat_77"
1140620953,"cat_3,cat_11,cat_45,cat_80,cat_21,cat_40,cat_78,cat_2224,cat_773,cat_786,cat_8,cat_38,cat_77"
1140620954,"cat_3,cat_11,cat_45,cat_80,cat_21,cat_40,cat_78,cat_2224,cat_773,cat_786,cat_8,cat_38,cat_77"
1140621028,"cat_3,cat_11,cat_82,cat_8,cat_27"
1140621029,"cat_3,cat_11,cat_82,cat_8,cat_27"
1140621030,"cat_3,cat_21,cat_259,cat_262,cat_2224,cat_256,cat_261"
1140621031,"cat_3,cat_8,cat_222"
1140621032,"cat_3,cat_8,cat_222"
1140621033,"cat_3,cat_8,cat_222"
1140621034,"cat_3,cat_11,cat_8,cat_222"
1140621035,"cat_3,cat_11,cat_148,cat_14,cat_152,cat_8,cat_150"
1140621036,"cat_3,cat_11,cat_148,cat_14,cat_152,cat_8,cat_150"
1140621037,"cat_3,cat_11,cat_82,cat_8,cat_27"
1140621038,"cat_3,cat_11,cat_82,cat_1345,cat_1360,cat_14,cat_183"
1140621039,"cat_3,cat_11,cat_82,cat_1345,cat_1360,cat_14,cat_183"
1140621040,"cat_3,cat_11,cat_148,cat_14,cat_152,cat_8,cat_150"
1140621041,"cat_3,cat_11,cat_82,cat_8,cat_27"
1140621042,"cat_3,cat_11,cat_82,cat_8,cat_27"
1140621043,"cat_3,cat_11,cat_82,cat_8,cat_27"
1140621044,"cat_3,cat_11,cat_82,cat_1345,cat_1360,cat_14,cat_183"
1140621045,"cat_3,cat_11,cat_82,cat_1345,cat_1360,cat_14,cat_183"
1140621047,cat_2172
1140621070,cat_2172
1140621072,"cat_2374,cat_3,cat_40,cat_773,cat_8,cat_38"
1140621073,"cat_2374,cat_3,cat_40,cat_773,cat_8,cat_38"
1140621144,"cat_2374,cat_3,cat_40,cat_773,cat_8,cat_38"
1140621145,"cat_2374,cat_3,cat_40,cat_773,cat_8,cat_38"
1140621146,"cat_2374,cat_3,cat_40,cat_773,cat_8,cat_38"
1140621147,"cat_2374,cat_3,cat_40,cat_773,cat_8,cat_38"
1140621148,"cat_2374,cat_3,cat_40,cat_773,cat_8,cat_38"
1140621252,"cat_3,cat_11,cat_8"
1140621253,"cat_3,cat_11,cat_8"
1140621254,"cat_3,cat_11,cat_8"
1140621255,"cat_3,cat_11,cat_8"
1140621256,"cat_3,cat_11,cat_8"
1140621258,"cat_3,cat_11,cat_8"
1140621259,"cat_3,cat_11,cat_8"
1140621260,"cat_3,cat_11"
1140621261,"cat_3,cat_11,cat_8"
1140621262,"cat_3,cat_11,cat_8"
1140621263,"cat_3,cat_11,cat_8"
1140621264,"cat_3,cat_11"
1140621265,"cat_3,cat_11,cat_8"
1140621266,"cat_3,cat_11,cat_8"
1140621267,"cat_3,cat_11,cat_8"
1140621268,"cat_3,cat_11,cat_8"
1140621287,"cat_3,cat_11,cat_8"
1140621288,"cat_3,cat_11,cat_8"
1140621289,"cat_3,cat_11,cat_8"
1140621290,"cat_3,cat_11,cat_8"
1140621291,"cat_3,cat_11,cat_8"
1140621292,"cat_3,cat_11,cat_8"
1140621293,"cat_3,cat_11,cat_8"
1140621294,"cat_3,cat_11,cat_8"
1140621295,"cat_3,cat_11,cat_8"
1140621296,"cat_3,cat_11,cat_8"
1140621297,"cat_3,cat_11,cat_8"
1140621298,"cat_3,cat_11,cat_8"
1140621299,"cat_3,cat_11,cat_8"
1140621300,"cat_3,cat_11,cat_8"
1140621301,"cat_3,cat_11,cat_8"
1140621302,"cat_3,cat_11,cat_8"
1140621303,"cat_3,cat_11,cat_8"
1140621304,"cat_3,cat_11,cat_8"
1140621305,"cat_3,cat_11,cat_8"
1140621306,"cat_3,cat_11,cat_8"
1140621307,"cat_3,cat_11,cat_8"
1140621308,"cat_3,cat_11,cat_8"
1140621309,"cat_3,cat_11,cat_8"
1140621310,"cat_3,cat_11,cat_8"
1140621311,"cat_3,cat_11,cat_8"
1140621312,"cat_3,cat_11,cat_8"
1140621313,"cat_3,cat_11,cat_8"
1140621314,"cat_3,cat_11,cat_8"
1140621315,"cat_3,cat_11,cat_8"
1140621316,"cat_3,cat_11,cat_8"
1140621317,"cat_3,cat_11,cat_8"
1140621318,"cat_3,cat_11,cat_8"
1140621319,"cat_3,cat_11,cat_8"
1140621320,"cat_3,cat_11,cat_8"
1140621321,"cat_3,cat_11,cat_8"
1140621322,"cat_3,cat_11,cat_8"
1140621323,"cat_3,cat_11,cat_8"
1140621324,"cat_3,cat_11,cat_8"
1140621325,"cat_3,cat_11,cat_8"
1140621326,"cat_3,cat_11,cat_8"
1140621327,"cat_3,cat_11,cat_8"
1140621328,"cat_3,cat_11,cat_8"
1140621329,"cat_3,cat_11,cat_8"
1140621330,"cat_3,cat_11,cat_8"
1140621331,"cat_3,cat_11,cat_8"
1140621332,"cat_3,cat_11,cat_8"
1140621333,"cat_3,cat_11,cat_8"
1140621334,"cat_3,cat_11,cat_8"
1140621335,"cat_3,cat_11,cat_8"
1140621336,"cat_3,cat_11,cat_8"
1140621376,"cat_2374,cat_3,cat_21,cat_271,cat_272,cat_2224,cat_8,cat_273,cat_274"
1140621377,"cat_3,cat_271,cat_272,cat_273,cat_274"
1140621378,"cat_2374,cat_3,cat_21,cat_271,cat_272,cat_2224,cat_8,cat_273,cat_274"
1140621380,"cat_2374,cat_3,cat_21,cat_326,cat_333,cat_2224"
1140621381,"cat_2374,cat_3,cat_326,cat_328"
1140621382,"cat_2374,cat_3,cat_271,cat_272,cat_326,cat_273,cat_274,cat_328"
1140621383,"cat_2374,cat_3,cat_21,cat_326,cat_2224,cat_8,cat_328"
1140621384,"cat_2374,cat_3,cat_271,cat_272,cat_326,cat_273,cat_274,cat_328"
1140621386,"cat_2374,cat_3,cat_21,cat_326,cat_2224,cat_8,cat_328"
1140621387,"cat_2374,cat_3,cat_326,cat_328"
1140621389,"cat_3,cat_259,cat_326,cat_256,cat_328"
1140621390,"cat_2374,cat_3,cat_21,cat_259,cat_2224,cat_8,cat_256"
1140621391,"cat_2374,cat_3,cat_21,cat_259,cat_2224,cat_8,cat_256"
1140621392,"cat_2374,cat_3,cat_21,cat_259,cat_2224,cat_8,cat_256"
1140621393,"cat_2374,cat_3,cat_21,cat_259,cat_2224,cat_8,cat_256"
1140621394,"cat_2374,cat_3,cat_21,cat_259,cat_2224,cat_8,cat_256"
1140621395,"cat_2374,cat_3,cat_21,cat_259,cat_2224,cat_8,cat_256"
1140621396,"cat_2374,cat_3,cat_21,cat_259,cat_2224,cat_8,cat_256"
1140621397,"cat_2374,cat_3,cat_21,cat_259,cat_2224,cat_8,cat_256"
1140621398,"cat_2374,cat_3,cat_21,cat_259,cat_2224,cat_8,cat_256"
1140621399,"cat_2374,cat_3,cat_259,cat_256"
1140621400,"cat_2374,cat_3,cat_259,cat_256"
1140621402,"cat_3,cat_326,cat_328"
1140621404,"cat_3,cat_326,cat_328"
1140621405,"cat_3,cat_326,cat_328"
1140621435,"cat_3,cat_252"
1140621436,"cat_3,cat_252"
1140621437,"cat_2374,cat_3,cat_40,cat_111,cat_773,cat_775,cat_8,cat_38,cat_112"
1140621438,"cat_2374,cat_3,cat_40,cat_111,cat_773,cat_775,cat_8,cat_38,cat_112"
1140621439,"cat_2374,cat_3,cat_40,cat_111,cat_773,cat_775,cat_8,cat_38,cat_112"
1140621440,"cat_2374,cat_3,cat_40,cat_111,cat_773,cat_775,cat_8,cat_38,cat_112"
1140621441,"cat_2374,cat_3,cat_40,cat_111,cat_773,cat_775,cat_38,cat_112"
1140621442,"cat_2374,cat_3,cat_40,cat_111,cat_773,cat_775,cat_38,cat_112"
1140621443,"cat_2374,cat_3,cat_40,cat_111,cat_773,cat_775,cat_38,cat_112"
1140621444,"cat_2374,cat_3,cat_40,cat_111,cat_773,cat_775,cat_38,cat_112"
1140621445,"cat_2374,cat_3,cat_11,cat_115,cat_1345,cat_14,cat_8"
1140621446,"cat_2374,cat_3,cat_11,cat_115,cat_1345,cat_14,cat_8"
1140621447,"cat_2374,cat_3,cat_11,cat_115,cat_1345,cat_14,cat_8"
1140621449,"cat_2374,cat_3,cat_8"
1140621451,"cat_2374,cat_3,cat_8"
1140621453,"cat_2374,cat_3,cat_8"
1140621455,"cat_2374,cat_3,cat_8"
1140621457,"cat_2374,cat_3,cat_8"
1140621459,"cat_2374,cat_3,cat_8"
1140621461,"cat_2374,cat_3,cat_8"
1140621463,"cat_2374,cat_3,cat_8"
1140621465,"cat_2374,cat_3,cat_8"
1140621468,"cat_2374,cat_3,cat_8"
1140621470,"cat_2374,cat_3,cat_8"
1140621540,"cat_3,cat_11,cat_285,cat_115,cat_283,cat_21,cat_279,cat_2224,cat_8,cat_281"
1140621541,"cat_3,cat_11,cat_285,cat_115,cat_283,cat_21,cat_279,cat_2224,cat_8,cat_281"
1140621542,"cat_3,cat_11,cat_285,cat_115,cat_283,cat_21,cat_279,cat_2224,cat_8,cat_281"
1140621543,cat_2172
1140621544,"cat_3,cat_11,cat_285,cat_115,cat_283,cat_279,cat_8,cat_281"
1140621545,"cat_3,cat_11,cat_285,cat_115,cat_283,cat_279,cat_8,cat_281"
1140621555,"cat_3,cat_11,cat_148,cat_158,cat_14,cat_152,cat_160,cat_8,cat_150,cat_159"
1140621556,"cat_3,cat_11,cat_148,cat_158,cat_14,cat_152,cat_160,cat_8,cat_150,cat_159"
1140621557,"cat_3,cat_11,cat_148,cat_158,cat_14,cat_152,cat_160,cat_8,cat_150,cat_159"
1140621558,"cat_3,cat_11,cat_148,cat_158,cat_14,cat_152,cat_160,cat_8,cat_150,cat_159"
1140621559,"cat_3,cat_11,cat_148,cat_158,cat_14,cat_152,cat_160,cat_8,cat_150,cat_159"
1140621564,"cat_3,cat_21,cat_2224,cat_8"
1140621565,"cat_2121,cat_3,cat_21,cat_2224,cat_8"
1140621572,"cat_2127,cat_3,cat_11,cat_14"
1140621607,"cat_2374,cat_3,cat_40,cat_773,cat_8,cat_38"
1140621608,"cat_2374,cat_3,cat_40,cat_773,cat_8,cat_38"
1140621609,"cat_2374,cat_3,cat_40,cat_773,cat_8,cat_38"
1140621611,"cat_2374,cat_3,cat_40,cat_773,cat_8,cat_38"
1140621612,"cat_3,cat_11,cat_21,cat_2224"
1140621619,"cat_3,cat_11,cat_14,cat_8"
1140621622,"cat_3,cat_11,cat_14,cat_8"
1140621623,"cat_2374,cat_3,cat_1345,cat_14"
1140621624,"cat_2374,cat_3,cat_1345,cat_14"
1140621625,"cat_2374,cat_3,cat_1345,cat_14"
1140621626,"cat_2374,cat_3,cat_1345,cat_14"
1140621627,"cat_2374,cat_3,cat_1345,cat_14"
1140621628,"cat_2374,cat_3,cat_1345,cat_14"
1140621629,"cat_2374,cat_3,cat_1345,cat_14"
1140621630,"cat_2374,cat_3,cat_1345,cat_14"
1140621632,"cat_2374,cat_3,cat_1345,cat_14"
1140621633,"cat_2374,cat_3,cat_1345,cat_14"
1140621636,"cat_2374,cat_3,cat_1345,cat_14"
1140621637,"cat_2374,cat_3,cat_1345,cat_14"
1140621638,"cat_2374,cat_3,cat_1345,cat_14"
1140621639,"cat_2374,cat_3,cat_1345,cat_14"
1140621640,"cat_2374,cat_3,cat_1345,cat_14"
1140621641,"cat_2374,cat_3,cat_1345,cat_14"
1140621642,"cat_2374,cat_3,cat_1345,cat_14"
1140621643,"cat_2374,cat_3,cat_1345,cat_14"
1140621645,"cat_2374,cat_3,cat_1345,cat_14"
1140621647,"cat_2374,cat_3,cat_1345,cat_14"
1140621675,"cat_2374,cat_3,cat_40,cat_98,cat_773,cat_778,cat_8,cat_38,cat_99"
1140621676,"cat_2374,cat_3,cat_40,cat_98,cat_773,cat_778,cat_8,cat_38,cat_99"
1140621677,"cat_2374,cat_3,cat_40,cat_98,cat_773,cat_778,cat_8,cat_38,cat_99"
1140621686,"cat_2374,cat_3,cat_21,cat_2224,cat_8,cat_222"
1140621687,"cat_2374,cat_3,cat_21,cat_2224,cat_8,cat_222"
1140621688,"cat_2374,cat_3,cat_21,cat_2224,cat_8,cat_222"
1140621689,"cat_2374,cat_3,cat_21,cat_2224,cat_8,cat_222"
1140621698,"cat_3,cat_11,cat_14,cat_8"
1140621830,cat_2172
1140621832,cat_2172
1140621833,cat_2172
1140621837,cat_2172
1140621997,cat_2172
1140622006,"cat_3,cat_11,cat_8"
1140622007,"cat_3,cat_11,cat_8"
1140622008,"cat_3,cat_11,cat_8"
1140622009,"cat_3,cat_11,cat_8"
1140622010,"cat_3,cat_11,cat_8"
1140622011,"cat_3,cat_11,cat_8"
1140622187,"cat_3,cat_11,cat_1551,cat_1700,cat_21,cat_1558,cat_1699,cat_2224,cat_8,cat_1549,cat_1698"
1140622241,"cat_1968,cat_3,cat_11,cat_1551,cat_1840,cat_1558,cat_1841,cat_8,cat_1549,cat_1839"
1140622242,"cat_1968,cat_3,cat_11,cat_1551,cat_1840,cat_1558,cat_1841,cat_8,cat_1549,cat_1839"
1140622243,"cat_1968,cat_3,cat_11,cat_1551,cat_1840,cat_1558,cat_1841,cat_8,cat_1549,cat_1839"
1140622244,"cat_1968,cat_3,cat_11,cat_1551,cat_1840,cat_1558,cat_1841,cat_8,cat_1549,cat_1839"
1140622245,"cat_1968,cat_3,cat_11,cat_1551,cat_1840,cat_1558,cat_1841,cat_8,cat_1549,cat_1839"
1140622246,"cat_1968,cat_3,cat_11,cat_1551,cat_1840,cat_1558,cat_1841,cat_8,cat_1549,cat_1839"
1140622247,"cat_1968,cat_3,cat_11,cat_1551,cat_1840,cat_1558,cat_1841,cat_8,cat_1549,cat_1839"
1140622248,"cat_1968,cat_3,cat_11,cat_1551,cat_1840,cat_1558,cat_1841,cat_8,cat_1549,cat_1839"
1140622416,cat_2172
1140622417,cat_2172
1140622591,"cat_2374,cat_3,cat_11,cat_45,cat_46,cat_1345,cat_1348,cat_1349,cat_14,cat_47,cat_48,cat_21,cat_40,cat_41,cat_2224,cat_773,cat_790,cat_8,cat_38,cat_39"
1140622592,"cat_3,cat_11,cat_14,cat_8"
1140622609,"cat_2127,cat_3,cat_14"
1140622610,"cat_2127,cat_3,cat_14"
1140622611,"cat_2127,cat_3,cat_14"
1140622612,"cat_2127,cat_3,cat_14"
1140622613,"cat_2127,cat_3,cat_14"
1140622614,"cat_2127,cat_3"
1140622615,"cat_2127,cat_3"
1140622616,"cat_2127,cat_3,cat_14"
1140622633,"cat_2127,cat_3"
1140622634,"cat_2127,cat_3,cat_11"
1140622635,"cat_3,cat_8"
1140622636,"cat_3,cat_8"
1140622637,"cat_3,cat_8"
1140622638,"cat_3,cat_8,cat_222"
1140622639,"cat_3,cat_8"
1140622640,"cat_3,cat_8"
1140622641,"cat_3,cat_8"
1140622642,"cat_3,cat_8,cat_222"
1140622643,"cat_3,cat_8"
1140622644,"cat_3,cat_8"
1140622645,"cat_3,cat_8"
1140622646,"cat_3,cat_8,cat_222"
1140622647,"cat_320,cat_3,cat_8"
1140622648,"cat_321,cat_3,cat_8,cat_222"
1140622649,"cat_320,cat_3,cat_8"
1140622650,"cat_321,cat_3,cat_8"
1140622651,"cat_320,cat_3,cat_8,cat_222"
1140622652,"cat_321,cat_3,cat_8,cat_222"
1140622653,"cat_320,cat_3,cat_8"
1140622654,"cat_3,cat_8,cat_222"
1140622655,"cat_3,cat_8,cat_222"
1140622656,"cat_3,cat_8"
1140622657,"cat_3,cat_8,cat_222"
1140622658,"cat_3,cat_8,cat_222"
1140622659,"cat_3,cat_8,cat_222"
1140622660,"cat_3,cat_8"
1140622661,"cat_3,cat_8,cat_222"
1140622662,"cat_3,cat_8"
1140622663,"cat_3,cat_8"
1140622664,"cat_3,cat_8,cat_222,cat_223"
1140622665,"cat_3,cat_8,cat_222,cat_223"
1140622666,"cat_3,cat_8,cat_222,cat_223"
1140622667,"cat_3,cat_8,cat_222,cat_223"
1140622668,"cat_3,cat_8,cat_223"
1140622669,"cat_3,cat_8,cat_222,cat_223"
1140622670,"cat_3,cat_8,cat_222,cat_223"
1140622671,"cat_3,cat_8,cat_222,cat_223"
1140622672,"cat_3,cat_8,cat_223"
1140622673,"cat_3,cat_8,cat_223"
1140622674,"cat_3,cat_8,cat_222,cat_223"
1140622675,"cat_3,cat_11,cat_19,cat_20,cat_8,cat_17,cat_18"
1140622680,"cat_3,cat_21,cat_2224"
1140622681,"cat_3,cat_21,cat_2224"
1140622682,"cat_3,cat_21,cat_2224"
1140622683,"cat_3,cat_11,cat_8"
1140622684,"cat_3,cat_11,cat_21,cat_2224,cat_8,cat_222"
1140622685,"cat_3,cat_11,cat_21,cat_2224,cat_8,cat_222"
1140622686,"cat_3,cat_8,cat_222,cat_223"
1140622687,"cat_3,cat_8,cat_222,cat_223"
1140622688,"cat_2127,cat_3,cat_11,cat_14,cat_8"
1140622689,"cat_2127,cat_3,cat_11,cat_14,cat_8"
1140622698,"cat_2127,cat_3,cat_11,cat_14,cat_8"
1140622699,"cat_2127,cat_3,cat_11,cat_14,cat_8"
1140622700,"cat_2127,cat_3,cat_11,cat_14,cat_8"
1140622701,"cat_2127,cat_3,cat_11,cat_14,cat_8"
1140622702,"cat_2127,cat_3,cat_11,cat_14,cat_8"
1140622703,"cat_2127,cat_3,cat_11,cat_14,cat_8"
1140622704,"cat_2127,cat_3,cat_11,cat_14,cat_8"
1140622764,cat_2172
1140622772,"cat_2127,cat_3,cat_11,cat_14,cat_8"
1140622773,"cat_2127,cat_3,cat_11,cat_14,cat_8"
1140622774,"cat_2127,cat_3,cat_11,cat_14,cat_8"
1140622775,"cat_2127,cat_3,cat_11,cat_14,cat_8"
1140622776,"cat_2127,cat_3,cat_11,cat_14,cat_8"
1140622777,"cat_2127,cat_3,cat_11,cat_14,cat_8"
1140622778,"cat_2127,cat_3,cat_11,cat_14,cat_8"
1140622779,"cat_2127,cat_3,cat_11,cat_14,cat_8"
1140622780,"cat_2127,cat_3,cat_11,cat_14,cat_8"
1140622781,"cat_2127,cat_3,cat_11,cat_14,cat_8"
1140622782,"cat_2127,cat_3,cat_11,cat_14,cat_8"
1140622783,"cat_2127,cat_3,cat_11,cat_14,cat_8"
1140622784,"cat_2127,cat_3,cat_11,cat_14,cat_8"
1140622785,"cat_2127,cat_3,cat_11,cat_14,cat_8"
1140622786,"cat_2127,cat_3,cat_11"
1140622787,"cat_2127,cat_3,cat_11"
1140622789,"cat_2127,cat_3,cat_11"
1140622790,"cat_2127,cat_3,cat_11"
1140622791,"cat_2127,cat_3,cat_11"
1140622792,"cat_2127,cat_3,cat_11"
1140622793,"cat_2127,cat_3,cat_11"
1140622794,"cat_2127,cat_3,cat_11"
1140622810,"cat_3,cat_11"
1140622811,"cat_3,cat_11"
1140622812,"cat_3,cat_11,cat_14,cat_8"
1140622813,"cat_3,cat_11,cat_14,cat_8"
1140622814,"cat_3,cat_11,cat_14,cat_8"
1140622815,"cat_3,cat_11"
1140622816,"cat_3,cat_11"
1140622817,"cat_3,cat_11,cat_14,cat_8"
1140622818,"cat_2127,cat_3,cat_11,cat_14,cat_8"
1140622822,"cat_2127,cat_3,cat_11,cat_14,cat_8"
1140622823,"cat_2127,cat_3,cat_11,cat_14,cat_8"
1140622824,"cat_2127,cat_3,cat_14"
1140622843,"cat_2374,cat_3,cat_11,cat_45,cat_46,cat_1345,cat_1348,cat_1349,cat_14,cat_47,cat_48,cat_21,cat_40,cat_41,cat_2224,cat_773,cat_790,cat_8,cat_38,cat_39"
1140622844,"cat_2374,cat_3,cat_11,cat_45,cat_46,cat_1345,cat_1348,cat_1349,cat_14,cat_47,cat_48,cat_21,cat_40,cat_41,cat_2224,cat_773,cat_790,cat_8,cat_38,cat_39"
1140622849,"cat_2374,cat_3,cat_21,cat_40,cat_111,cat_2224,cat_773,cat_775,cat_8,cat_38,cat_112"
1140622850,"cat_2374,cat_3,cat_21,cat_40,cat_111,cat_2224,cat_773,cat_775,cat_8,cat_38,cat_112"
1140622851,"cat_2374,cat_3,cat_21,cat_40,cat_111,cat_2224,cat_773,cat_775,cat_8,cat_38,cat_112"
1140622852,"cat_2374,cat_3,cat_21,cat_40,cat_111,cat_2224,cat_773,cat_775,cat_8,cat_38,cat_112"
1140622853,"cat_2374,cat_3,cat_21,cat_40,cat_111,cat_2224,cat_773,cat_775,cat_8,cat_38,cat_112"
1140622854,"cat_2374,cat_3,cat_40,cat_111,cat_773,cat_775,cat_8,cat_38,cat_112"
1140622855,"cat_2374,cat_3,cat_21,cat_40,cat_111,cat_2224,cat_773,cat_775,cat_8,cat_38,cat_112"
1140622856,"cat_2374,cat_3,cat_21,cat_40,cat_111,cat_2224,cat_773,cat_775,cat_8,cat_38,cat_112"
1140622857,"cat_2374,cat_3,cat_21,cat_40,cat_111,cat_2224,cat_773,cat_775,cat_8,cat_38,cat_112"
1140622858,"cat_2374,cat_3,cat_21,cat_40,cat_111,cat_2224,cat_773,cat_775,cat_8,cat_38,cat_112"
1140622893,"cat_3,cat_11,cat_14,cat_8"
1140622894,"cat_3,cat_11,cat_14,cat_8"
1140622895,"cat_3,cat_11,cat_14,cat_8"
1140622906,"cat_3,cat_21,cat_2224"
1140622940,"cat_3,cat_11,cat_1551,cat_1553,cat_1558"
1140622941,"cat_3,cat_11,cat_1551,cat_1553,cat_1558"
1140622942,"cat_3,cat_11,cat_1551,cat_1553,cat_1558"
1140622943,"cat_3,cat_11,cat_1551,cat_1553,cat_1558"
1140622944,"cat_3,cat_11,cat_1551,cat_1553,cat_1558"
1140622945,"cat_3,cat_11,cat_1551,cat_14,cat_1553,cat_1558"
1140622946,"cat_3,cat_11,cat_1551,cat_14,cat_1553,cat_1558"
1140622988,"cat_2374,cat_3,cat_8"
1140622989,"cat_2374,cat_3,cat_8"
1140622990,"cat_2374,cat_3,cat_8"
1140622991,"cat_2374,cat_3,cat_8"
1140623058,"cat_3,cat_8,cat_222,cat_223"
1140623110,"cat_3,cat_11,cat_1551,cat_14,cat_1553,cat_1558"
1140623203,"cat_2374,cat_3,cat_11,cat_45,cat_1345,cat_1348,cat_14,cat_47,cat_40,cat_773,cat_8,cat_38"
1140623204,"cat_2374,cat_3,cat_11,cat_45,cat_1345,cat_1348,cat_14,cat_47,cat_40,cat_773,cat_8,cat_38"
1140623738,"cat_2374,cat_3,cat_40,cat_111,cat_773,cat_775,cat_8,cat_38,cat_112"
1140623739,"cat_2374,cat_3,cat_40,cat_111,cat_773,cat_775,cat_8,cat_38,cat_112"
1140623740,"cat_2374,cat_3,cat_40,cat_111,cat_773,cat_775,cat_8,cat_38,cat_112"
1140623741,"cat_2374,cat_3,cat_40,cat_111,cat_773,cat_775,cat_8,cat_38,cat_112"
1140623742,"cat_2374,cat_3,cat_40,cat_773,cat_8,cat_38"
1140623743,"cat_2374,cat_3,cat_40,cat_773,cat_8,cat_38"
1140623744,"cat_2374,cat_3,cat_40,cat_773,cat_8,cat_38"
1140623745,"cat_2374,cat_3,cat_40,cat_773,cat_8,cat_38"
1140623746,"cat_2374,cat_3,cat_40,cat_773,cat_8,cat_38"
1140623747,"cat_2374,cat_3,cat_40,cat_773,cat_8,cat_38"
1140623748,"cat_2374,cat_3,cat_40,cat_773,cat_8,cat_38"
1140623749,"cat_2374,cat_3,cat_40,cat_773,cat_8,cat_38"
1140623750,"cat_2374,cat_3,cat_40,cat_773,cat_8,cat_38"
1140623751,"cat_3,cat_11,cat_14,cat_8"
1140623752,"cat_3,cat_11,cat_14,cat_8"
1140623753,"cat_3,cat_11,cat_14,cat_8"
1140623754,"cat_3,cat_11,cat_14,cat_8"
1140623755,"cat_3,cat_11,cat_14,cat_8"
1140623756,"cat_3,cat_11,cat_14,cat_8"
1140623757,"cat_3,cat_11,cat_14,cat_8"
1140623758,"cat_3,cat_11,cat_14,cat_8"
1140623759,"cat_3,cat_11,cat_14,cat_8"
1140623760,"cat_3,cat_11,cat_14,cat_8"
1140623842,cat_3
1140623843,cat_3
1140623846,cat_3
1140623847,cat_3
1140623848,cat_3
1140623849,cat_3
1140624086,"cat_3,cat_11,cat_8"
1140624087,"cat_3,cat_11,cat_8"
1140624088,"cat_3,cat_11,cat_8"
1140624089,"cat_3,cat_11,cat_8"
1140624090,cat_3
1140624091,"cat_3,cat_21,cat_2224"
1140624092,"cat_3,cat_21,cat_2224"
1140624093,"cat_3,cat_21,cat_2224"
1140624094,"cat_3,cat_21,cat_2224"
1140624095,"cat_3,cat_21,cat_2224"
1140624096,"cat_3,cat_21,cat_2224"
1140624097,"cat_3,cat_21,cat_2224"
1140624098,"cat_3,cat_21,cat_2224,cat_8"
1140624099,"cat_3,cat_8"
1140624100,"cat_3,cat_8"
1140624101,"cat_3,cat_8"
1140624102,"cat_3,cat_21,cat_2224,cat_8"
1140624103,"cat_3,cat_21,cat_2224"
1140624104,"cat_3,cat_21,cat_2224,cat_8"
1140624114,"cat_1968,cat_3,cat_11,cat_14,cat_8"
1140624115,"cat_1968,cat_2374,cat_3,cat_11,cat_45,cat_46,cat_1345,cat_1348,cat_1349,cat_14,cat_47,cat_48,cat_21,cat_40,cat_41,cat_2224,cat_773,cat_790,cat_8,cat_38,cat_39"
1140624117,"cat_1968,cat_3,cat_11,cat_19,cat_93,cat_8,cat_17,cat_92"
1140624118,"cat_1968,cat_3,cat_11,cat_8"
1140624119,"cat_1968,cat_3,cat_11,cat_19,cat_66,cat_17,cat_65"
1140624120,"cat_1968,cat_3,cat_11,cat_14,cat_8"
1140624121,"cat_1968,cat_3,cat_8,cat_222,cat_223"
1140624123,"cat_1968,cat_3,cat_11,cat_14,cat_8"
1140624124,"cat_1968,cat_3,cat_11,cat_14,cat_8"
1140624125,"cat_1968,cat_3,cat_11,cat_1551,cat_21,cat_1558,cat_2224,cat_8,cat_1549"
1140624126,"cat_1968,cat_3,cat_11,cat_1551,cat_21,cat_1558,cat_2224,cat_8,cat_1549"
1140624127,"cat_1968,cat_3,cat_11,cat_45,cat_80,cat_21,cat_40,cat_78,cat_2224,cat_773,cat_786,cat_8,cat_38,cat_77"
1140624128,"cat_1968,cat_3,cat_11,cat_1551,cat_8,cat_1549"
1140624129,"cat_1968,cat_3,cat_11,cat_1551,cat_8,cat_1549"
1140624130,"cat_1968,cat_3,cat_11,cat_14,cat_770,cat_8"
1140624208,"cat_1968,cat_3,cat_11,cat_1551,cat_21,cat_1558,cat_2224,cat_8,cat_1549"
1140624209,"cat_1968,cat_3,cat_11,cat_1551,cat_21,cat_1558,cat_2224,cat_8,cat_1549"
1140624481,cat_3
1140624561,cat_3
1140624562,cat_3
1140624754,"cat_2374,cat_3,cat_11,cat_45,cat_46,cat_1345,cat_1348,cat_1349,cat_14,cat_47,cat_48,cat_21,cat_40,cat_41,cat_2224,cat_773,cat_790,cat_8,cat_38,cat_39"
1140624809,"cat_3,cat_11,cat_115,cat_21,cat_2224"
1140624810,"cat_115,cat_21,cat_2224"
1140624811,"cat_3,cat_11,cat_115,cat_21,cat_2224"
1140624812,"cat_3,cat_11,cat_115,cat_21,cat_2224"
1140624815,"cat_2374,cat_3,cat_21,cat_1558,cat_1733,cat_2224,cat_8,cat_1549,cat_1734"
1140624838,"cat_3,cat_11,cat_19,cat_20,cat_8,cat_17,cat_18"
1140624840,"cat_2374,cat_3,cat_11,cat_45,cat_115,cat_14,cat_47,cat_40,cat_773"
1140624841,"cat_2374,cat_3,cat_11,cat_45,cat_115,cat_14,cat_47,cat_40,cat_773"
1140624843,"cat_2374,cat_3,cat_11,cat_45,cat_115,cat_14,cat_47,cat_40,cat_773"
1140624844,"cat_2374,cat_3,cat_11,cat_45,cat_115,cat_14,cat_47,cat_40,cat_773"
1140624946,"cat_2127,cat_3,cat_11,cat_14"
1140624947,"cat_2127,cat_3,cat_11,cat_14"
1140624948,"cat_2127,cat_3,cat_11,cat_14"
1140624949,"cat_2127,cat_3,cat_11,cat_14"
1140624950,"cat_2127,cat_3,cat_11,cat_14"
1140624951,"cat_2127,cat_3,cat_11,cat_14"
1140624952,"cat_2127,cat_3,cat_11,cat_14"
1140624953,"cat_2127,cat_3,cat_11,cat_14"
1140624954,"cat_2127,cat_3,cat_11,cat_14"
1140624955,"cat_2127,cat_3,cat_11,cat_14"
1140624956,"cat_2127,cat_3,cat_11,cat_14"
1140624958,"cat_2127,cat_3,cat_11,cat_14"
1140624959,"cat_2127,cat_3,cat_11,cat_14"
1140624960,"cat_2127,cat_3,cat_11,cat_14"
1140624961,"cat_2127,cat_3,cat_11,cat_14"
1140624962,"cat_2127,cat_3,cat_11,cat_14"
1140624965,"cat_2127,cat_3,cat_11,cat_14"
1140624966,"cat_2127,cat_3,cat_11,cat_14"
1140624967,"cat_2127,cat_3,cat_11,cat_14"
1140624968,"cat_2127,cat_3,cat_11,cat_14"
1140624969,"cat_2127,cat_3,cat_11,cat_14"
1140624970,"cat_2127,cat_3,cat_11,cat_14"
1140624971,"cat_2127,cat_3,cat_11,cat_14"
1140624972,"cat_2127,cat_3,cat_11,cat_14"
1140624973,"cat_2127,cat_3,cat_11,cat_14"
1140624974,"cat_2127,cat_3,cat_11,cat_14"
1140624975,"cat_2127,cat_3,cat_11,cat_14"
1140624976,"cat_2127,cat_3,cat_11,cat_14"
1140624977,"cat_2127,cat_3,cat_11,cat_14"
1140624978,"cat_2127,cat_3,cat_11,cat_14"
1140624979,"cat_2127,cat_3,cat_11,cat_14"
1140624980,"cat_2127,cat_3,cat_11,cat_14"
1140624981,"cat_2127,cat_3,cat_11,cat_14"
1140624982,"cat_2127,cat_3,cat_11,cat_14"
1140624983,"cat_2127,cat_3,cat_11,cat_14"
1140624984,"cat_2127,cat_3,cat_11,cat_14"
1140624985,"cat_2127,cat_3,cat_11,cat_14"
1140624986,"cat_2127,cat_3,cat_11,cat_14"
1140625201,"cat_1968,cat_3,cat_11,cat_14,cat_8"
1140625202,"cat_3,cat_11,cat_14,cat_8"
1140625203,"cat_3,cat_11,cat_14,cat_8"
1140625204,"cat_1968,cat_3,cat_11,cat_14,cat_8"
1140625205,"cat_1968,cat_2374,cat_3,cat_11,cat_45,cat_46,cat_1345,cat_1348,cat_1349,cat_14,cat_47,cat_48,cat_21,cat_40,cat_41,cat_2224,cat_773,cat_790,cat_8,cat_38,cat_39"
1140625255,"cat_2127,cat_3,cat_11,cat_115,cat_14"
1140625256,"cat_2127,cat_3,cat_11,cat_115,cat_14"
1140625257,"cat_2127,cat_3,cat_11,cat_115,cat_14"
1140625258,"cat_2127,cat_3,cat_11,cat_115,cat_14"
1140625259,"cat_2127,cat_3,cat_14,cat_8"
1140625260,"cat_2127,cat_3,cat_14,cat_8"
1140625261,"cat_2127,cat_3,cat_11,cat_14"
1140625262,"cat_2127,cat_3,cat_11,cat_14"
1140625263,"cat_2127,cat_3,cat_11,cat_14"
1140625264,"cat_2127,cat_3,cat_11,cat_14"
1140625270,"cat_2127,cat_3,cat_11,cat_115,cat_14"
1140625271,"cat_2127,cat_3,cat_11,cat_115,cat_14"
1140625272,"cat_2127,cat_3,cat_11,cat_14"
1140625273,"cat_2127,cat_3,cat_11,cat_14"
1140625325,"cat_2127,cat_3,cat_11,cat_115,cat_14"
1140625909,"cat_2374,cat_3,cat_29,cat_2235,cat_2224,cat_8,cat_27,cat_2233,cat_2234"
1140625912,"cat_2374,cat_3,cat_29,cat_2235,cat_2224,cat_8,cat_27,cat_2233,cat_2234"
1140625913,"cat_2374,cat_3,cat_29,cat_2235,cat_2224,cat_8,cat_27,cat_2233,cat_2234"
1140625916,"cat_2374,cat_3,cat_29,cat_2235,cat_2224,cat_8,cat_27,cat_2233,cat_2234"
1140625917,"cat_2374,cat_3,cat_29,cat_2235,cat_2224,cat_8,cat_27,cat_2233,cat_2234"
1140625918,"cat_2374,cat_3,cat_29,cat_2235,cat_2224,cat_8,cat_27,cat_2233,cat_2234"
1140625919,"cat_2374,cat_3,cat_29,cat_2235,cat_2224,cat_8,cat_27,cat_2233,cat_2234"
1140625920,"cat_2374,cat_3,cat_29,cat_2235,cat_2224,cat_8,cat_27,cat_2233,cat_2234"
1140625923,"cat_2374,cat_3,cat_29,cat_2235,cat_2224,cat_8,cat_27,cat_2233,cat_2234"
1140625924,"cat_2374,cat_3,cat_29,cat_2235,cat_2224,cat_8,cat_27,cat_2233,cat_2234"
1140625927,"cat_2127,cat_3,cat_11"
1140625928,"cat_2127,cat_3,cat_11,cat_14,cat_8"
1140625929,"cat_2127,cat_3,cat_11"
1140625930,"cat_2127,cat_3,cat_11,cat_14,cat_8"
1140625931,"cat_2127,cat_3,cat_11,cat_14,cat_8"
1140625932,"cat_2127,cat_3,cat_11,cat_14,cat_8"
1140625933,"cat_2127,cat_3,cat_11,cat_14,cat_8"
1140625934,"cat_2127,cat_3,cat_11,cat_14,cat_8"
1140625935,cat_3
1140625936,"cat_2127,cat_3,cat_11,cat_14,cat_8"
1140625937,"cat_2127,cat_3,cat_11,cat_14,cat_8"
1140625938,"cat_2127,cat_3,cat_11"
1140625939,"cat_2127,cat_3,cat_11,cat_14,cat_8"
1140625940,"cat_3,cat_11,cat_14,cat_8"
1140625941,"cat_3,cat_11,cat_14,cat_8"
1140626030,"cat_2127,cat_3,cat_11,cat_14"
1140626031,"cat_2127,cat_3,cat_11,cat_14"
1140626032,"cat_2127,cat_3,cat_11,cat_14"
1140626033,"cat_2127,cat_3,cat_11,cat_14"
1140626034,"cat_2127,cat_3,cat_11,cat_14"
1140626035,"cat_2127,cat_3,cat_11,cat_14"
1140626036,"cat_2127,cat_3,cat_11,cat_14"
1140626037,"cat_2127,cat_3,cat_14,cat_8"
1140626038,"cat_2127,cat_3,cat_14"
1140626039,"cat_2127,cat_3,cat_14"
1140626040,"cat_2127,cat_3,cat_11,cat_14"
1140626041,"cat_2127,cat_3,cat_11,cat_14"
1140626042,"cat_2127,cat_3,cat_14"
1140626043,"cat_2127,cat_3,cat_14"
1140626044,"cat_2127,cat_3,cat_14"
1140626045,"cat_2127,cat_3,cat_11,cat_14"
1140626046,"cat_2127,cat_3,cat_11,cat_14"
1140626047,"cat_2127,cat_3,cat_11,cat_14"
1140626048,"cat_2127,cat_3,cat_11,cat_14"
1140626049,"cat_2127,cat_3,cat_11,cat_14"
1140626050,"cat_2127,cat_3,cat_11,cat_14"
1140626051,"cat_2127,cat_3,cat_11,cat_14"
1140626055,"cat_2127,cat_3,cat_11,cat_14"
1140626056,"cat_2127,cat_3,cat_11,cat_14"
1140626057,"cat_2127,cat_3,cat_11,cat_115,cat_14,cat_8"
1140626059,"cat_2127,cat_3,cat_11,cat_14"
1140626060,cat_2172
1140626061,cat_2172
1140626062,cat_2172
1140626063,"cat_2127,cat_3,cat_11,cat_115,cat_14,cat_8"
1140626065,"cat_2127,cat_3,cat_11,cat_115,cat_14,cat_8"
1140626066,"cat_2127,cat_3,cat_11,cat_115,cat_14,cat_8"
1140626067,"cat_2127,cat_3,cat_11,cat_115,cat_14,cat_8"
1140626068,"cat_2127,cat_3,cat_11,cat_115,cat_14,cat_8"
1140626069,"cat_2127,cat_3,cat_11,cat_115,cat_14,cat_8"
1140626070,"cat_2127,cat_3,cat_11,cat_115,cat_14,cat_8"
1140626073,"cat_2127,cat_3,cat_11,cat_115,cat_14,cat_8"
1140626074,"cat_2127,cat_3,cat_11,cat_115,cat_14,cat_8"
1140626075,"cat_2127,cat_3,cat_11,cat_115,cat_14,cat_8"
1140626076,"cat_2127,cat_3,cat_11,cat_115,cat_14,cat_8"
1140626077,"cat_2127,cat_3,cat_11,cat_115,cat_14,cat_8"
1140626078,"cat_2127,cat_3,cat_11,cat_115,cat_14,cat_8"
1140626079,"cat_2127,cat_3,cat_11,cat_115,cat_14,cat_8"
1140626084,"cat_2127,cat_3,cat_11,cat_115,cat_14,cat_8"
1140626085,"cat_2127,cat_3,cat_11,cat_115,cat_14,cat_8"
1140626086,"cat_2127,cat_3,cat_11,cat_115,cat_14,cat_8"
1140626087,"cat_2127,cat_3,cat_11,cat_115,cat_14,cat_8"
1140626088,"cat_2127,cat_3,cat_11,cat_115,cat_14,cat_8"
1140626089,"cat_2127,cat_3,cat_11,cat_115,cat_14,cat_8"
1140626090,"cat_2127,cat_3,cat_11,cat_115,cat_14,cat_8"
1140626091,"cat_2127,cat_3,cat_11,cat_115,cat_14,cat_8"
1140626092,"cat_2127,cat_3,cat_11,cat_115,cat_14,cat_8"
1140626093,"cat_2127,cat_3,cat_11,cat_115,cat_14,cat_8"
1140626094,"cat_2127,cat_3,cat_11,cat_115,cat_14,cat_8"
1140626097,"cat_2127,cat_3,cat_11,cat_115,cat_14,cat_8"
1140626116,"cat_2127,cat_3,cat_11,cat_115,cat_14,cat_8"
1140626122,"cat_2127,cat_3,cat_11,cat_115,cat_14,cat_8"
1140626127,"cat_2127,cat_3,cat_11,cat_115,cat_14,cat_8"
1140626128,"cat_2127,cat_3,cat_11,cat_115,cat_14,cat_8"
1140626129,"cat_2127,cat_3,cat_11,cat_115,cat_14,cat_8"
1140626130,"cat_2127,cat_3,cat_11,cat_115,cat_14,cat_8"
1140626131,"cat_2127,cat_3,cat_11,cat_115,cat_14,cat_8"
1140626132,"cat_2127,cat_3,cat_11,cat_115,cat_14,cat_8"
1140626133,"cat_2127,cat_3,cat_11,cat_115,cat_14,cat_8"
1140626134,"cat_2127,cat_3,cat_11,cat_115,cat_14,cat_8"
1140626159,"cat_2127,cat_3,cat_11,cat_14,cat_8"
1140626160,"cat_2127,cat_3"
1140626161,"cat_2127,cat_3,cat_14"
1140626162,"cat_2127,cat_3,cat_14"
1140626163,"cat_2127,cat_3,cat_14,cat_8"
1140626164,"cat_2127,cat_3,cat_14,cat_8"
1140626167,"cat_2127,cat_3,cat_11,cat_115,cat_14,cat_8"
1140626168,"cat_2127,cat_3,cat_11,cat_115,cat_14"
1140626169,"cat_2127,cat_3,cat_11,cat_115,cat_14"
1140626170,"cat_2127,cat_3,cat_14,cat_8"
1140626171,"cat_2127,cat_3,cat_14,cat_8"
1140626172,"cat_2127,cat_3,cat_14,cat_8"
1140626173,"cat_2127,cat_3,cat_14,cat_8"
1140626174,"cat_2127,cat_3,cat_11,cat_14"
1140626175,"cat_2127,cat_3,cat_11,cat_14"
1140626176,"cat_2127,cat_3"
1140626177,"cat_2127,cat_3,cat_11,cat_14"
1140626178,"cat_2127,cat_3,cat_11,cat_14"
1140626179,"cat_2127,cat_3"
1140626180,"cat_2127,cat_3"
1140626181,"cat_2127,cat_3"
1140626182,"cat_2127,cat_3"
1140626183,"cat_2127,cat_3,cat_14"
1140626184,"cat_2127,cat_3,cat_14"
1140626185,"cat_2127,cat_3,cat_14"
1140626186,"cat_2127,cat_3,cat_11,cat_14"
1140626187,"cat_2127,cat_3,cat_14"
1140626188,"cat_2127,cat_3,cat_14"
1140626189,"cat_2127,cat_3,cat_14"
1140626190,"cat_2127,cat_3,cat_14"
1140626191,"cat_2127,cat_3,cat_14"
1140626192,"cat_2127,cat_3,cat_14"
1140626193,"cat_2127,cat_3,cat_14"
1140626194,"cat_2127,cat_3,cat_14"
1140626238,"cat_3,cat_11,cat_148,cat_14,cat_152,cat_8,cat_150"
1140626239,"cat_3,cat_11,cat_148,cat_14,cat_152,cat_8,cat_150"
1140626240,"cat_3,cat_11,cat_148,cat_14,cat_152,cat_8,cat_150"
1140626241,"cat_3,cat_11,cat_148,cat_14,cat_152,cat_8,cat_150"
1140626242,"cat_3,cat_11,cat_148,cat_14,cat_152,cat_8,cat_150"
1140626243,"cat_3,cat_11,cat_148,cat_14,cat_152,cat_8,cat_150"
1140626244,"cat_3,cat_11,cat_148,cat_14,cat_152,cat_8,cat_150"
1140626245,"cat_3,cat_11,cat_148,cat_14,cat_152,cat_8,cat_150"
1140626246,"cat_3,cat_11,cat_148,cat_14,cat_152,cat_8,cat_150"
1140626247,"cat_3,cat_11,cat_148,cat_14,cat_152,cat_8,cat_150"
1140626248,"cat_3,cat_11,cat_148,cat_14,cat_152,cat_8,cat_150"
1140626249,"cat_3,cat_11,cat_148,cat_14,cat_152,cat_8,cat_150"
1140626250,"cat_3,cat_11,cat_148,cat_14,cat_152,cat_8,cat_150"
1140626255,"cat_3,cat_11,cat_148,cat_14,cat_152,cat_8,cat_150"
1140626256,"cat_3,cat_11,cat_148,cat_14,cat_152,cat_8,cat_150"
1140626257,"cat_3,cat_11,cat_148,cat_14,cat_152,cat_8,cat_150"
1140626258,"cat_3,cat_11,cat_148,cat_14,cat_152,cat_8,cat_150"
1140626274,"cat_3,cat_11,cat_148,cat_14,cat_152,cat_8,cat_150"
1140626275,"cat_3,cat_11,cat_148,cat_14,cat_152,cat_8,cat_150"
1140626276,"cat_3,cat_11,cat_148,cat_14,cat_152,cat_8,cat_150"
1140626277,"cat_3,cat_11,cat_148,cat_14,cat_152,cat_8,cat_150"
1140626278,"cat_3,cat_11,cat_148,cat_14,cat_152,cat_8,cat_150"
1140626279,"cat_3,cat_11,cat_148,cat_14,cat_152,cat_8,cat_150"
1140626280,"cat_3,cat_11,cat_148,cat_14,cat_152,cat_8,cat_150"
1140626281,"cat_3,cat_11,cat_82,cat_1345,cat_1360,cat_14,cat_183"
1140626285,"cat_3,cat_11,cat_82,cat_1345,cat_1360,cat_14,cat_183"
1140626286,"cat_3,cat_11,cat_82,cat_1345,cat_1360,cat_14,cat_183"
1140626287,"cat_3,cat_11,cat_82,cat_1345,cat_1360,cat_14,cat_183"
1140626288,"cat_3,cat_11,cat_82,cat_1345,cat_1360,cat_14,cat_183"
1140626289,"cat_3,cat_11,cat_82,cat_1345,cat_1360,cat_14,cat_183"
1140626290,"cat_3,cat_11,cat_82,cat_1345,cat_1360,cat_14,cat_183"
1140626291,"cat_3,cat_11,cat_82,cat_1345,cat_1360,cat_14,cat_183"
1140626292,"cat_3,cat_11,cat_82,cat_1345,cat_1360,cat_14,cat_183"
1140626293,"cat_3,cat_11,cat_82,cat_1345,cat_1360,cat_14,cat_183"
1140626402,"cat_2127,cat_3,cat_14,cat_8"
1140626403,"cat_2127,cat_3,cat_14"
1140626405,"cat_2127,cat_3,cat_14,cat_8"
1140626406,"cat_2127,cat_3,cat_14,cat_8"
1140626407,"cat_2127,cat_3,cat_14,cat_8"
1140626408,"cat_2127,cat_3,cat_14,cat_8"
1140626409,"cat_2127,cat_3,cat_14,cat_8"
1140626410,"cat_2127,cat_3,cat_14,cat_8"
1140626411,"cat_2127,cat_3,cat_11,cat_115,cat_14,cat_8"
1140626412,"cat_2127,cat_3,cat_11,cat_115,cat_14,cat_8"
1140626475,"cat_2127,cat_3,cat_11,cat_14"
1140626476,"cat_2127,cat_3,cat_11,cat_14"
1140626478,"cat_2127,cat_3,cat_11,cat_14"
1140626480,"cat_2127,cat_3,cat_11,cat_14"
1140626481,"cat_2127,cat_3,cat_11,cat_14"
1140626482,"cat_3,cat_8"
1140626483,"cat_3,cat_8"
1140626484,"cat_3,cat_8"
1140626485,"cat_3,cat_8"
1140626486,"cat_3,cat_11,cat_285,cat_115,cat_283,cat_279,cat_8,cat_281"
1140626487,"cat_3,cat_11,cat_285,cat_115,cat_283,cat_279,cat_8,cat_281"
1140626488,"cat_3,cat_11,cat_285,cat_115,cat_283,cat_279,cat_8,cat_281"
1140626489,"cat_3,cat_11,cat_285,cat_115,cat_283,cat_279,cat_8,cat_281"
1140626490,"cat_2374,cat_3,cat_326,cat_8,cat_328"
1140626491,"cat_2374,cat_3,cat_326,cat_8,cat_328"
1140626492,"cat_2374,cat_3,cat_326,cat_8,cat_328"
1140626493,"cat_2374,cat_3,cat_326,cat_8,cat_328"
1140626494,cat_2172
1140626495,cat_2172
1140626496,cat_2172
1140626499,cat_2172
1140626500,cat_2172
1140626501,"cat_2374,cat_3,cat_271,cat_272,cat_8,cat_273,cat_274"
1140626502,"cat_2374,cat_3,cat_271,cat_272,cat_8,cat_273,cat_274"
1140626503,"cat_2374,cat_3,cat_271,cat_272,cat_8,cat_273,cat_274"
1140626504,"cat_2374,cat_3,cat_271,cat_272,cat_8,cat_273,cat_274"
1140626505,"cat_2374,cat_3,cat_271,cat_272,cat_8,cat_273,cat_274"
1140626506,"cat_2374,cat_3,cat_271,cat_272,cat_8,cat_273,cat_274"
1140626507,"cat_2374,cat_3,cat_271,cat_272,cat_8,cat_273,cat_274"
1140626508,"cat_2374,cat_3,cat_271,cat_272,cat_8,cat_273,cat_274"
1140626509,"cat_2374,cat_3,cat_271,cat_272,cat_8,cat_273,cat_274"
1140626695,"cat_2127,cat_3,cat_11,cat_14,cat_8"
1140626697,"cat_2127,cat_3,cat_11,cat_14,cat_8"
1140626698,"cat_2127,cat_3,cat_11,cat_14,cat_8"
1140626699,"cat_2127,cat_3,cat_11,cat_14,cat_8"
1140626700,"cat_2127,cat_3,cat_11,cat_14,cat_8"
1140626701,"cat_2127,cat_3,cat_11,cat_14,cat_8"
1140626702,"cat_2127,cat_3,cat_11,cat_14,cat_8"
1140626703,"cat_2127,cat_3,cat_11,cat_14,cat_8"
1140626704,"cat_2127,cat_3,cat_11,cat_14,cat_8"
1140626705,"cat_3,cat_11,cat_14,cat_8"
1140627088,"cat_1968,cat_3,cat_11,cat_19,cat_20,cat_17,cat_18"
1140627089,"cat_1968,cat_3,cat_11,cat_19,cat_20,cat_17,cat_18"
1140627090,"cat_1968,cat_3,cat_11,cat_19,cat_20,cat_17,cat_18"
1140627091,"cat_1968,cat_3,cat_11,cat_1551,cat_8,cat_1549"
1140627092,"cat_1968,cat_3,cat_11,cat_1551,cat_8,cat_1549"
1140627093,"cat_1968,cat_3,cat_11,cat_1551,cat_8,cat_1549"
1140627094,"cat_1968,cat_3,cat_11,cat_1551,cat_8,cat_1549"
1140627095,"cat_1968,cat_3,cat_11,cat_1551,cat_8,cat_1549"
1140627096,"cat_1968,cat_2374,cat_3,cat_11,cat_45,cat_46,cat_1345,cat_1348,cat_1349,cat_14,cat_47,cat_48,cat_40,cat_41,cat_773,cat_790,cat_8,cat_38,cat_39"
1140627104,"cat_1968,cat_2374,cat_3,cat_11,cat_45,cat_46,cat_1345,cat_1348,cat_1349,cat_14,cat_47,cat_48,cat_40,cat_41,cat_773,cat_790,cat_8,cat_38,cat_39"
1140627105,"cat_1968,cat_2374,cat_3,cat_11,cat_45,cat_46,cat_1345,cat_1348,cat_1349,cat_14,cat_47,cat_48,cat_40,cat_41,cat_773,cat_790,cat_8,cat_38,cat_39"
1140627107,"cat_1968,cat_2374,cat_3,cat_11,cat_45,cat_46,cat_1345,cat_1348,cat_1349,cat_14,cat_47,cat_48,cat_40,cat_41,cat_773,cat_790,cat_8,cat_38,cat_39"
1140627108,"cat_1968,cat_2374,cat_3,cat_11,cat_45,cat_46,cat_1345,cat_1348,cat_1349,cat_14,cat_47,cat_48,cat_40,cat_41,cat_773,cat_790,cat_8,cat_38,cat_39"
1140627154,"cat_1968,cat_3,cat_11,cat_8"
1140627155,"cat_1968,cat_3,cat_11"
1140627156,"cat_1968,cat_3,cat_11"
1140627163,"cat_1968,cat_3,cat_11,cat_45,cat_80,cat_40,cat_78,cat_773,cat_786,cat_8,cat_38,cat_77"
1140627164,"cat_1968,cat_3,cat_11,cat_45,cat_80,cat_40,cat_78,cat_773,cat_786,cat_8,cat_38,cat_77"
1140627165,"cat_1968,cat_3,cat_11,cat_45,cat_80,cat_40,cat_78,cat_773,cat_786,cat_8,cat_38,cat_77"
1140627166,"cat_1968,cat_3,cat_11,cat_45,cat_80,cat_40,cat_78,cat_773,cat_786,cat_8,cat_38,cat_77"
1140627167,"cat_1968,cat_3,cat_11,cat_19,cat_66,cat_17,cat_65"
1140627168,"cat_1968,cat_3,cat_11,cat_19,cat_66,cat_17,cat_65"
1140627170,"cat_1968,cat_3,cat_11,cat_1551,cat_1558,cat_8,cat_1549"
1140627171,"cat_1968,cat_3,cat_11,cat_1551,cat_1558,cat_8,cat_1549"
1140627172,"cat_1968,cat_3,cat_11,cat_1551,cat_1558,cat_8,cat_1549"
1140627173,"cat_1968,cat_3,cat_11,cat_1551,cat_1558,cat_8,cat_1549"
1140627174,"cat_1968,cat_3,cat_11,cat_1551,cat_1558,cat_8,cat_1549"
1140627175,"cat_1968,cat_3,cat_11,cat_1551,cat_1558,cat_8,cat_1549"
1140627176,"cat_1968,cat_3,cat_11,cat_1551,cat_1558,cat_8,cat_1549"
1140627177,"cat_1968,cat_3,cat_11,cat_1551,cat_1558,cat_8,cat_1549"
1140627180,"cat_2127,cat_3"
1140627181,"cat_2127,cat_3"
1140627182,"cat_2127,cat_3"
1140627183,"cat_2127,cat_3"
1140627184,"cat_2127,cat_3"
1140627185,"cat_2127,cat_3"
1140627186,"cat_2127,cat_3"
1140627187,"cat_2127,cat_3"
1140627188,"cat_2127,cat_3"
1140627189,"cat_2127,cat_3"
1140627200,"cat_2127,cat_3,cat_14"
1140627209,"cat_2127,cat_3,cat_11,cat_14"
1140627218,"cat_2374,cat_3,cat_21,cat_40,cat_2224,cat_773,cat_8,cat_38"
1140627220,"cat_2374,cat_3,cat_40,cat_773,cat_38"
1140627221,"cat_2374,cat_3,cat_40,cat_773,cat_38"
1140627222,"cat_2374,cat_3,cat_40,cat_773,cat_38"
1140627223,"cat_2374,cat_3,cat_40,cat_773,cat_38"
1140627305,"cat_3,cat_11,cat_285,cat_115,cat_283,cat_279,cat_2224,cat_8,cat_281"
1140627824,"cat_2127,cat_3,cat_11,cat_14,cat_8"
1140627825,"cat_2127,cat_3,cat_11,cat_14,cat_8"
1140627826,"cat_2127,cat_3,cat_11,cat_115,cat_14"
1140627827,"cat_2127,cat_3,cat_11,cat_14"
1140627828,"cat_2127,cat_3,cat_11,cat_14"
1140627829,"cat_2127,cat_3,cat_11,cat_14"
1140627834,"cat_2127,cat_3,cat_11,cat_115,cat_14"
1140627844,"cat_2127,cat_3,cat_11,cat_115,cat_14"
1140627845,"cat_2127,cat_3,cat_11,cat_115,cat_14"
1140627846,"cat_2127,cat_3,cat_11,cat_115,cat_14"
1140627847,"cat_2127,cat_3,cat_11,cat_115,cat_14"
1140627848,"cat_2127,cat_3,cat_11,cat_115,cat_14"
1140627851,"cat_2127,cat_3,cat_11,cat_115,cat_14"
1140627852,"cat_2127,cat_3,cat_11,cat_115,cat_14"
1140627853,"cat_2127,cat_3,cat_11,cat_115,cat_14"
1140627854,"cat_2127,cat_3,cat_11,cat_115"
1140627855,"cat_2127,cat_3,cat_11,cat_115,cat_14"
1140627856,"cat_2127,cat_3,cat_11,cat_115,cat_14"
1140627857,"cat_2127,cat_3,cat_11,cat_115,cat_14"
1140627858,"cat_2127,cat_3,cat_11,cat_115,cat_14"
1140627859,"cat_2127,cat_3,cat_11,cat_115,cat_14"
1140627860,"cat_2127,cat_3,cat_11,cat_115,cat_14"
1140627861,"cat_2127,cat_3,cat_11,cat_115,cat_14"
1140627862,"cat_2127,cat_3,cat_11,cat_115,cat_14"
1140627863,"cat_2127,cat_3,cat_11,cat_115,cat_14"
1140627864,"cat_2127,cat_3,cat_11,cat_115,cat_14"
1140627865,"cat_2127,cat_3,cat_11,cat_115,cat_14"
1140627866,"cat_2127,cat_3,cat_11,cat_115,cat_14"
1140627867,"cat_2127,cat_3,cat_11,cat_115,cat_14"
1140627868,"cat_2127,cat_3,cat_11,cat_115,cat_14"
1140627869,"cat_2127,cat_3,cat_11,cat_115,cat_14"
1140627877,cat_2172
1140627878,cat_2172
1140628265,"cat_3,cat_11,cat_115,cat_2224,cat_8"
1140628266,"cat_3,cat_11,cat_115,cat_2224,cat_8"
1140628267,"cat_3,cat_11,cat_115,cat_2224,cat_8"
1140628313,"cat_2374,cat_3,cat_21,cat_40,cat_2224,cat_773,cat_8,cat_38"
1140628321,"cat_2374,cat_3,cat_21,cat_40,cat_98,cat_2224,cat_773,cat_778,cat_38,cat_99"
1140628322,"cat_2374,cat_3,cat_21,cat_40,cat_98,cat_2224,cat_773,cat_778,cat_38,cat_99"
1140628329,"cat_2374,cat_3,cat_21,cat_40,cat_98,cat_2224,cat_773,cat_778,cat_38,cat_99"
1140628330,"cat_2374,cat_3,cat_1345,cat_14"
1140628331,"cat_2374,cat_3,cat_1345,cat_14"
1140628332,"cat_2374,cat_3,cat_1345,cat_14"
1140628333,"cat_2374,cat_3,cat_1345,cat_14"
1140628682,cat_3
1140628683,cat_3
1140628838,"cat_2374,cat_3,cat_21,cat_40,cat_98,cat_2224,cat_773,cat_778,cat_38,cat_99"
1140628848,"cat_3,cat_11,cat_82,cat_185,cat_14,cat_183,cat_184,cat_8,cat_27,cat_186"
1140628897,"cat_2374,cat_3,cat_40,cat_111,cat_773,cat_775,cat_8,cat_38,cat_112"
1140628898,"cat_2374,cat_3,cat_40,cat_111,cat_773,cat_775,cat_8,cat_38,cat_112"
1140629176,"cat_2127,cat_3,cat_11,cat_82,cat_185,cat_183,cat_184,cat_27,cat_186"
1140629282,"cat_3,cat_11"
1140629283,"cat_3,cat_11"
1140629284,"cat_3,cat_11,cat_8"
1140629285,"cat_3,cat_11,cat_8"
1140629286,"cat_3,cat_11,cat_8"
1140629287,"cat_3,cat_11,cat_8"
1140629288,"cat_3,cat_11,cat_8"
1140629289,"cat_3,cat_11,cat_8"
1140629290,"cat_3,cat_11,cat_8"
1140629291,"cat_3,cat_11,cat_8"
1140629292,"cat_3,cat_11,cat_8"
1140629293,"cat_3,cat_11,cat_8"
1140629294,"cat_3,cat_11,cat_14,cat_8"
1140629295,"cat_3,cat_11,cat_14,cat_8"
1140629296,"cat_3,cat_11,cat_14,cat_8"
1140629297,"cat_3,cat_11,cat_14,cat_8"
1140629298,"cat_3,cat_11,cat_14,cat_8"
1140629299,"cat_3,cat_11,cat_14,cat_8"
1140629303,"cat_3,cat_11,cat_14,cat_8"
1140629304,"cat_3,cat_11,cat_14,cat_8"
1140629305,"cat_3,cat_11,cat_14,cat_8"
1140629306,"cat_2374,cat_3,cat_1345,cat_14"
1140629307,"cat_2374,cat_3,cat_1345,cat_14"
1140629308,"cat_2374,cat_3,cat_1345,cat_14"
1140629440,"cat_3,cat_11,cat_82,cat_185,cat_14,cat_183,cat_184,cat_8,cat_27,cat_186"
1140629441,"cat_2374,cat_3,cat_259,cat_2236,cat_2224,cat_8,cat_256,cat_2237"
1140629442,"cat_2374,cat_3,cat_259,cat_2236,cat_2224,cat_8,cat_256,cat_2237"
1140629443,"cat_2374,cat_3,cat_259,cat_2236,cat_2224,cat_8,cat_256,cat_2237"
1140629444,"cat_2374,cat_3,cat_259,cat_2236,cat_2224,cat_8,cat_256,cat_2237"
1140629445,"cat_2374,cat_3,cat_259,cat_2236,cat_2224,cat_8,cat_256,cat_2237"
1140629495,"cat_2127,cat_3,cat_11,cat_19,cat_1345,cat_17"
1140629496,"cat_2127,cat_2374,cat_3,cat_11,cat_19,cat_66,cat_8,cat_17,cat_65"
1140629497,"cat_2127,cat_2374,cat_3,cat_11,cat_19,cat_1345,cat_17"
1140629498,"cat_2127,cat_2374,cat_3,cat_11,cat_19,cat_1345,cat_8,cat_17"
1140629499,"cat_2127,cat_2374,cat_3,cat_11,cat_19,cat_1345,cat_8,cat_17"
1140629502,"cat_2127,cat_2374,cat_3,cat_11,cat_19,cat_1345,cat_8,cat_17"
1140629503,"cat_2127,cat_2374,cat_3,cat_11,cat_19,cat_1345,cat_8,cat_17"
1140629504,"cat_2127,cat_2374,cat_3,cat_11,cat_19,cat_1345,cat_8,cat_17"
1140629506,"cat_2127,cat_2374,cat_3,cat_11,cat_19,cat_1345,cat_17"
1140629507,"cat_2127,cat_2374,cat_3,cat_11,cat_19,cat_1345,cat_8,cat_17"
1140629508,"cat_2127,cat_2374,cat_3,cat_11,cat_19,cat_1345,cat_8,cat_17"
1140629547,"cat_2127,cat_2374,cat_3,cat_11,cat_19,cat_1345,cat_8,cat_17"
1140629549,"cat_2127,cat_2374,cat_3,cat_11,cat_14"
1140629550,"cat_2127,cat_2374,cat_3,cat_11,cat_14"
1140629551,"cat_2127,cat_2374,cat_3,cat_1345,cat_14"
1140629571,"cat_2127,cat_2374,cat_3,cat_1345,cat_14"
1140629572,"cat_2127,cat_2374,cat_3,cat_1345,cat_14"
1140629573,"cat_2127,cat_2374,cat_3,cat_1345,cat_14"
1140629574,"cat_2127,cat_2374,cat_3,cat_1345,cat_14"
1140629575,"cat_2127,cat_2374,cat_3,cat_1345,cat_14"
1140629576,"cat_2127,cat_2374,cat_3,cat_1345,cat_14"
1140629577,"cat_2127,cat_2374,cat_3,cat_1345,cat_14"
1140629578,"cat_2127,cat_2374,cat_3,cat_1345,cat_14"
1140629583,"cat_2127,cat_2374,cat_3,cat_1345,cat_14"
1140629584,"cat_2127,cat_2374,cat_3,cat_1345,cat_14"
1140629585,"cat_2127,cat_2374,cat_3,cat_1345,cat_14"
1140629586,"cat_2127,cat_2374,cat_3,cat_1345,cat_14"
1140629587,"cat_2127,cat_2374,cat_3,cat_11,cat_19,cat_1345,cat_8,cat_17"
1140629589,"cat_2127,cat_2374,cat_3,cat_11,cat_19,cat_1345,cat_8,cat_17"
1140629590,"cat_2127,cat_2374,cat_3,cat_11,cat_19,cat_1345,cat_8,cat_17"
1140629591,"cat_2127,cat_2374,cat_3,cat_11,cat_19,cat_1345,cat_8,cat_17"
1140629592,"cat_2127,cat_2374,cat_3,cat_11,cat_19,cat_1345,cat_8,cat_17"
1140629593,"cat_2127,cat_2374,cat_3,cat_11,cat_19,cat_1345,cat_8,cat_17"
1140629594,"cat_2127,cat_2374,cat_3,cat_11,cat_19,cat_1345,cat_8,cat_17"
1140629595,"cat_2127,cat_2374,cat_3,cat_11,cat_19,cat_1345,cat_8,cat_17"
1140629596,"cat_2127,cat_2374,cat_3,cat_11,cat_19,cat_1345,cat_8,cat_17"
1140629597,"cat_2127,cat_3,cat_11,cat_148,cat_158,cat_152,cat_160,cat_150,cat_159"
1140629598,"cat_2127,cat_2374,cat_3,cat_11,cat_19,cat_1345,cat_8,cat_17"
1140629599,"cat_2127,cat_3,cat_11,cat_14"
1140629600,"cat_2127,cat_3,cat_11,cat_14"
1140629601,"cat_2127,cat_3,cat_11,cat_14"
1140629602,"cat_2127,cat_3,cat_11,cat_14"
1140629603,"cat_2127,cat_3,cat_11,cat_14"
1140629604,"cat_2127,cat_3,cat_11,cat_14"
1140629606,"cat_2127,cat_3,cat_11,cat_14"
1140629607,"cat_2127,cat_3,cat_11,cat_14"
1140629608,"cat_2127,cat_3,cat_11,cat_14"
1140629609,"cat_2127,cat_3,cat_11,cat_14"
1140629610,"cat_2127,cat_3,cat_11,cat_14"
1140629611,"cat_2127,cat_3,cat_11,cat_14"
1140629682,"cat_2127,cat_3,cat_11,cat_14"
1140629683,"cat_2127,cat_3,cat_11,cat_14"
1140629684,"cat_2127,cat_3,cat_11,cat_14"
1140629685,"cat_2127,cat_3,cat_11,cat_14"
1140629686,"cat_2127,cat_3,cat_11,cat_14"
1140629687,"cat_2127,cat_3,cat_11,cat_14"
1140629688,"cat_2127,cat_3,cat_11,cat_14"
1140629689,"cat_2127,cat_3,cat_11,cat_14"
1140629690,"cat_2127,cat_2374,cat_3,cat_11,cat_14"
1140629691,"cat_2127,cat_2374,cat_3,cat_11,cat_14"
1140629692,"cat_2127,cat_2374,cat_3,cat_11"
1140629693,"cat_2127,cat_2374,cat_3,cat_11,cat_19,cat_1345,cat_8,cat_17"
1140629694,"cat_2127,cat_2374,cat_3,cat_11,cat_19,cat_1345,cat_8,cat_17"
1140629695,"cat_2127,cat_2374,cat_3,cat_11,cat_19,cat_1345,cat_8,cat_17"
1140629696,"cat_2127,cat_2374,cat_3,cat_11,cat_19,cat_1345,cat_8,cat_17"
1140629697,"cat_2127,cat_2374,cat_3,cat_11,cat_19,cat_1345,cat_8,cat_17"
1140629698,"cat_2127,cat_2374,cat_3,cat_11,cat_19,cat_1345,cat_8,cat_17"
1140629701,cat_3
1140629702,"cat_2127,cat_2374,cat_3,cat_11,cat_19,cat_1345,cat_8,cat_17"
1140629703,"cat_2127,cat_2374,cat_3,cat_11,cat_19,cat_1345,cat_8,cat_17"
1140629704,"cat_2127,cat_3,cat_11,cat_14"
1140629705,"cat_2127,cat_3,cat_11,cat_14"
1140629706,"cat_2127,cat_3,cat_11,cat_14"
1140629707,"cat_2127,cat_3,cat_11,cat_14"
1140629708,"cat_2127,cat_3,cat_11,cat_14"
1140629709,"cat_2127,cat_3,cat_11,cat_14"
1140629710,"cat_2127,cat_3,cat_11,cat_14"
1140629711,"cat_2127,cat_3,cat_11,cat_14"
1140629712,"cat_2127,cat_3,cat_11,cat_14"
1140629731,"cat_2127,cat_3,cat_11,cat_14,cat_8"
1140629732,"cat_2127,cat_3,cat_11,cat_14,cat_8"
1140629733,"cat_2127,cat_3,cat_11,cat_14,cat_8"
1140629737,"cat_2127,cat_3,cat_11,cat_14,cat_8"
1140629738,"cat_2127,cat_3,cat_11,cat_14,cat_8"
1140629742,"cat_2127,cat_3,cat_11,cat_14,cat_8"
1140629750,"cat_2127,cat_3,cat_11,cat_14,cat_8"
1140629751,"cat_2127,cat_3,cat_11,cat_14,cat_8"
1140629752,"cat_2127,cat_3,cat_11,cat_14,cat_8"
1140629753,"cat_2127,cat_3,cat_11,cat_14,cat_8"
1140629754,"cat_2127,cat_3,cat_11,cat_14,cat_8"
1140629756,"cat_2127,cat_3,cat_11,cat_14,cat_8"
1140629757,"cat_2127,cat_3,cat_11,cat_14,cat_8"
1140629758,"cat_2127,cat_3,cat_11,cat_14,cat_8"
1140629759,"cat_2127,cat_3,cat_11,cat_14,cat_8"
1140629760,"cat_2127,cat_3,cat_11,cat_14,cat_8"
1140629771,"cat_2127,cat_2374,cat_3,cat_1345,cat_14"
1140629773,"cat_2127,cat_3,cat_11,cat_148,cat_158,cat_14,cat_152,cat_160,cat_8,cat_150,cat_159"
1140629774,"cat_2127,cat_3,cat_11,cat_148,cat_158,cat_152,cat_160,cat_150,cat_159"
1140629775,"cat_2127,cat_3,cat_11,cat_148,cat_158,cat_14,cat_152,cat_160,cat_8,cat_150,cat_159"
1140629776,"cat_2127,cat_2374,cat_3,cat_11,cat_19,cat_1345,cat_8,cat_17"
1140629778,"cat_2127,cat_3,cat_11,cat_148,cat_158,cat_14,cat_152,cat_160,cat_8,cat_150,cat_159"
1140629779,"cat_2127,cat_3,cat_11,cat_148,cat_158,cat_14,cat_152,cat_160,cat_8,cat_150,cat_159"
1140629780,"cat_2127,cat_3,cat_11,cat_148,cat_158,cat_14,cat_152,cat_160,cat_8,cat_150,cat_159"
1140629781,"cat_2127,cat_3,cat_11,cat_148,cat_158,cat_14,cat_152,cat_160,cat_8,cat_150,cat_159"
1140629782,"cat_2127,cat_3,cat_11,cat_148,cat_158,cat_14,cat_152,cat_160,cat_8,cat_150,cat_159"
1140629784,"cat_2127,cat_3,cat_11,cat_148,cat_158,cat_14,cat_152,cat_160,cat_8,cat_150,cat_159"
1140629785,"cat_2127,cat_3,cat_11,cat_148,cat_158,cat_14,cat_152,cat_160,cat_8,cat_150,cat_159"
1140629789,"cat_2127,cat_2374,cat_3,cat_11,cat_19,cat_1345,cat_8,cat_17"
1140629836,"cat_3,cat_8,cat_256,cat_257"
1140629837,"cat_3,cat_8,cat_256,cat_257"
1140629838,"cat_3,cat_8,cat_256,cat_257"
1140629839,"cat_3,cat_8,cat_256,cat_257"
1140629840,"cat_3,cat_8,cat_256,cat_257"
1140629841,"cat_3,cat_8,cat_256,cat_257"
1140629842,"cat_3,cat_8,cat_256,cat_257"
1140629843,"cat_3,cat_8,cat_256,cat_257"
1140629844,"cat_3,cat_8,cat_256,cat_257"
1140629845,"cat_3,cat_8,cat_256,cat_257"
1140629846,"cat_2374,cat_3,cat_259,cat_262,cat_8,cat_256,cat_261"
1140629847,"cat_2374,cat_3,cat_259,cat_262,cat_8,cat_256,cat_261"
1140629848,"cat_2374,cat_3,cat_259,cat_262,cat_8,cat_256,cat_261"
1140629849,"cat_2374,cat_3,cat_259,cat_262,cat_8,cat_256,cat_261"
1140629850,"cat_2374,cat_3,cat_259,cat_262,cat_8,cat_256,cat_261"
1140629851,"cat_2374,cat_3,cat_259,cat_262,cat_8,cat_256,cat_261"
1140629852,"cat_2374,cat_3,cat_259,cat_262,cat_8,cat_256,cat_261"
1140629853,"cat_2374,cat_3,cat_259,cat_262,cat_8,cat_256,cat_261"
1140629854,"cat_2374,cat_3,cat_259,cat_262,cat_8,cat_256,cat_261"
1140629855,"cat_2374,cat_3,cat_259,cat_262,cat_8,cat_256,cat_261"
1140629856,"cat_2374,cat_3,cat_259,cat_262,cat_256,cat_261"
1140629857,"cat_2374,cat_3,cat_259,cat_262,cat_256,cat_261"
1140629858,"cat_2374,cat_3,cat_259,cat_262,cat_256,cat_261"
1140629859,"cat_2374,cat_3,cat_259,cat_262,cat_256,cat_261"
1140629860,"cat_2374,cat_3,cat_259,cat_262,cat_256,cat_261"
1140629861,"cat_2374,cat_3,cat_259,cat_262,cat_256,cat_261"
1140629862,"cat_2374,cat_3,cat_259,cat_262,cat_256,cat_261"
1140629863,"cat_2374,cat_3,cat_259,cat_262,cat_256,cat_261"
1140629864,"cat_2374,cat_3,cat_259,cat_262,cat_256,cat_261"
1140629865,"cat_2374,cat_3,cat_259,cat_262,cat_256,cat_261"
1140629866,cat_2172
1140629872,"cat_2127,cat_3,cat_11,cat_14,cat_8"
1140629873,"cat_2127,cat_3,cat_11,cat_14,cat_8"
1140629886,"cat_2374,cat_3,cat_1345,cat_14"
1140629887,"cat_3,cat_11,cat_14,cat_8"
1140629888,"cat_3,cat_11,cat_14,cat_8"
1140629889,"cat_3,cat_11,cat_14,cat_8"
1140629890,"cat_3,cat_11,cat_14,cat_8"
1140629893,"cat_2374,cat_3,cat_40,cat_98,cat_770,cat_773,cat_778,cat_8,cat_38,cat_99"
1140629894,"cat_2374,cat_3,cat_21,cat_40,cat_98,cat_2224,cat_773,cat_778,cat_8,cat_38,cat_99"
1140629896,"cat_2374,cat_3,cat_11,cat_14,cat_8"
1140629897,"cat_2374,cat_3,cat_11,cat_14,cat_8"
1140629898,"cat_2374,cat_3,cat_11,cat_14,cat_8"
1140629899,"cat_2374,cat_3,cat_11,cat_14,cat_8"
1140629914,"cat_2127,cat_2374,cat_3,cat_11,cat_19,cat_1345,cat_17"
1140629938,"cat_3,cat_11,cat_14,cat_8"
1140629939,"cat_2374,cat_3,cat_40,cat_111,cat_773,cat_775,cat_8,cat_38,cat_112"
1140629940,"cat_2374,cat_3,cat_40,cat_111,cat_773,cat_775,cat_8,cat_38,cat_112"
1140629941,"cat_2374,cat_3,cat_40,cat_111,cat_773,cat_775,cat_8,cat_38,cat_112"
1140629942,"cat_2374,cat_3,cat_40,cat_111,cat_773,cat_775,cat_8,cat_38,cat_112"
1140629943,"cat_2374,cat_3,cat_115,cat_21,cat_40,cat_111,cat_2224,cat_773,cat_775,cat_8,cat_38,cat_112"
1140630213,"cat_3,cat_11,cat_82,cat_29,cat_8,cat_27"
1140630214,"cat_3,cat_11,cat_82,cat_29,cat_8,cat_27"
1140630215,"cat_3,cat_11,cat_82,cat_29,cat_8,cat_27"
1140630216,"cat_3,cat_11,cat_82,cat_29,cat_8,cat_27"
1140630217,"cat_3,cat_11,cat_82,cat_29,cat_8,cat_27"
1140630218,"cat_3,cat_11,cat_82,cat_29,cat_8,cat_27"
1140630234,"cat_2374,cat_3,cat_40,cat_98,cat_773,cat_778,cat_8,cat_38,cat_99"
1140630235,"cat_2374,cat_3,cat_40,cat_98,cat_773,cat_778,cat_8,cat_38,cat_99"
1140630237,"cat_2374,cat_3,cat_40,cat_98,cat_773,cat_778,cat_8,cat_38,cat_99"
1140630238,"cat_2374,cat_3,cat_40,cat_98,cat_773,cat_778,cat_8,cat_38,cat_99"
1140630239,"cat_2374,cat_3,cat_40,cat_98,cat_773,cat_778,cat_8,cat_38,cat_99"
1140630240,"cat_2374,cat_3,cat_40,cat_98,cat_773,cat_778,cat_8,cat_38,cat_99"
1140630241,"cat_2374,cat_3,cat_40,cat_98,cat_773,cat_778,cat_8,cat_38,cat_99"
1140630243,"cat_2374,cat_3,cat_40,cat_98,cat_773,cat_778,cat_8,cat_38,cat_99"
1140630244,"cat_2374,cat_3,cat_40,cat_98,cat_770,cat_773,cat_778,cat_8,cat_38,cat_99"
1140630245,"cat_2374,cat_3,cat_40,cat_98,cat_770,cat_773,cat_778,cat_8,cat_38,cat_99"
1140630246,"cat_2374,cat_3,cat_40,cat_98,cat_773,cat_778,cat_8,cat_38,cat_99"
1140630247,"cat_2374,cat_3,cat_40,cat_98,cat_770,cat_773,cat_778,cat_8,cat_38,cat_99"
1140630534,"cat_3,cat_8,cat_222"
1140630535,"cat_3,cat_8,cat_222"
1140630536,"cat_3,cat_8,cat_222"
1140630537,"cat_3,cat_8,cat_222"
1140630538,"cat_3,cat_8,cat_222"
1140630539,"cat_321,cat_3,cat_8,cat_222"
1140630540,"cat_3,cat_8,cat_222"
1140630541,"cat_3,cat_8,cat_222"
1140630542,"cat_3,cat_8,cat_222"
1140630543,"cat_3,cat_8,cat_222"
1140630544,"cat_3,cat_8,cat_222"
1140630545,"cat_3,cat_8,cat_222"
1140630546,"cat_3,cat_8,cat_222"
1140630547,"cat_3,cat_8,cat_222"
1140630548,"cat_3,cat_8,cat_222"
1140630549,"cat_3,cat_8,cat_222"
1140630550,"cat_321,cat_3,cat_8,cat_222"
1140630551,"cat_320,cat_3,cat_8,cat_222"
1140630552,"cat_320,cat_3,cat_8,cat_222"
1140630553,"cat_320,cat_3,cat_8,cat_222"
1140630554,"cat_3,cat_8,cat_222"
1140630556,"cat_3,cat_8,cat_222"
1140630557,"cat_321,cat_3,cat_8,cat_222"
1140630559,"cat_3,cat_8"
1140630561,"cat_3,cat_8"
1140630562,"cat_3,cat_8"
1140630563,"cat_3,cat_8"
1140630564,"cat_3,cat_8"
1140630572,"cat_3,cat_8,cat_222"
1140630573,"cat_3,cat_8,cat_222"
1140630574,"cat_3,cat_8,cat_222"
1140630575,"cat_3,cat_8,cat_222"
1140630576,"cat_3,cat_8,cat_222"
1140630577,"cat_3,cat_8,cat_222"
1140630578,"cat_3,cat_8,cat_222"
1140630579,"cat_3,cat_8,cat_222,cat_223"
1140630580,"cat_3,cat_8,cat_222,cat_223"
1140630581,"cat_3,cat_8,cat_222,cat_223"
1140630582,"cat_3,cat_222,cat_223"
1140630584,"cat_3,cat_222,cat_223"
1140630585,"cat_3,cat_222,cat_223"
1140630587,"cat_3,cat_223"
1140630588,"cat_3,cat_223"
1140630589,"cat_3,cat_8,cat_222,cat_223"
1140630591,"cat_3,cat_8,cat_222,cat_223"
1140630593,"cat_2374,cat_3,cat_21,cat_2224"
1140630594,"cat_2374,cat_3,cat_21,cat_2224"
1140630595,"cat_3,cat_21,cat_2224"
1140630596,"cat_3,cat_8,cat_222,cat_223"
1140630679,"cat_3,cat_11,cat_14"
1140630680,"cat_3,cat_11,cat_14"
1140630681,"cat_3,cat_11,cat_14"
1140630682,"cat_3,cat_11,cat_14"
1140630683,"cat_3,cat_11,cat_14"
1140630685,cat_2172
1140630686,cat_2172
1140630687,cat_2172
1140630688,cat_2172
1140630689,cat_2172
1140630690,cat_2172
1140630691,cat_2172
1140630692,cat_2172
1140630693,cat_2172
1140630694,cat_2172
1140630695,cat_2172
1140630696,cat_2172
1140630697,cat_2172
1140630698,cat_2172
1140630699,cat_2172
1140630700,cat_2172
1140630707,"cat_2127,cat_3,cat_11,cat_14,cat_8"
1140630708,"cat_2127,cat_3,cat_11,cat_14,cat_8"
1140630709,"cat_2127,cat_3,cat_11,cat_14,cat_8"
1140630710,"cat_2127,cat_3,cat_11,cat_14,cat_8"
1140630711,"cat_2127,cat_3,cat_11,cat_14,cat_8"
1140630712,"cat_2127,cat_3,cat_11,cat_14,cat_8"
1140630714,"cat_2127,cat_3,cat_11,cat_14,cat_8"
1140630715,"cat_2127,cat_3,cat_11,cat_14,cat_8"
1140630716,"cat_2127,cat_3,cat_11,cat_14,cat_8"
1140630717,"cat_2127,cat_3,cat_11,cat_14,cat_8"
1140630718,"cat_2127,cat_3,cat_11,cat_14,cat_8"
1140630719,"cat_2127,cat_3,cat_11,cat_14,cat_8"
1140630720,"cat_2127,cat_3,cat_11,cat_14,cat_8"
1140630721,"cat_2127,cat_3,cat_11,cat_14,cat_8"
1140630723,"cat_2127,cat_3,cat_11,cat_14"
1140630765,"cat_2127,cat_3,cat_11,cat_14"
1140630766,"cat_2127,cat_3,cat_11,cat_14"
1140630767,"cat_2127,cat_3,cat_11"
1140630768,"cat_2127,cat_3,cat_11"
1140630769,"cat_2127,cat_3,cat_11,cat_14"
1140630770,"cat_2127,cat_3,cat_11,cat_14"
1140630771,"cat_2127,cat_3,cat_11,cat_14"
1140630772,"cat_2127,cat_3,cat_11,cat_14"
1140630773,"cat_2127,cat_3,cat_11"
1140630774,"cat_2127,cat_3,cat_11,cat_14"
1140630794,"cat_2127,cat_3,cat_11,cat_14"
1140630796,"cat_2127,cat_3,cat_11,cat_14"
1140630799,"cat_2127,cat_3,cat_11,cat_14"
1140630800,"cat_2127,cat_3,cat_11,cat_14"
1140630801,"cat_2127,cat_3,cat_11,cat_14"
1140630802,"cat_2127,cat_3,cat_11,cat_14"
1140630803,"cat_2127,cat_3,cat_11,cat_14,cat_8"
1140630804,"cat_2127,cat_3,cat_11,cat_14,cat_8"
1140630805,"cat_2127,cat_3,cat_11,cat_14,cat_8"
1140630806,"cat_2127,cat_3,cat_11,cat_14,cat_8"
1140630807,"cat_2127,cat_3,cat_11,cat_14"
1140630810,"cat_2127,cat_3,cat_11,cat_14"
1140630811,"cat_2127,cat_3,cat_11,cat_14"
1140630812,"cat_2127,cat_3,cat_11,cat_14"
1140630813,"cat_2127,cat_3,cat_11,cat_14"
1140630814,"cat_2127,cat_3,cat_11,cat_14"
1140630815,"cat_2127,cat_3,cat_11,cat_14"
1140630816,"cat_2127,cat_3,cat_11,cat_14,cat_8"
1140630817,"cat_2127,cat_3,cat_11,cat_14,cat_8"
1140630818,"cat_2127,cat_3,cat_11,cat_14,cat_8"
1140630819,"cat_2127,cat_3,cat_11,cat_14,cat_8"
1140630820,"cat_2127,cat_3,cat_11,cat_14"
1140630821,"cat_2127,cat_3,cat_11"
1140630822,"cat_2127,cat_3,cat_11,cat_14"
1140630823,"cat_2127,cat_3,cat_11,cat_14"
1140630825,"cat_2127,cat_3,cat_11,cat_14"
1140630826,"cat_2127,cat_3,cat_11,cat_14"
1140630827,"cat_2127,cat_3,cat_11,cat_14"
1140630828,"cat_2127,cat_3,cat_11,cat_14"
1140630829,"cat_2127,cat_3,cat_11,cat_14"
1140630830,"cat_2127,cat_3,cat_11,cat_14"
1140630831,"cat_2127,cat_3,cat_11,cat_14"
1140630832,"cat_2127,cat_3,cat_11,cat_14"
1140630833,"cat_2127,cat_3,cat_11,cat_14"
1140630834,"cat_2127,cat_3,cat_11,cat_14"
1140630835,"cat_2127,cat_3,cat_11,cat_14"
1140630836,"cat_2127,cat_3,cat_11,cat_14"
1140630837,"cat_2127,cat_3,cat_11,cat_14"
1140630838,"cat_2127,cat_3,cat_11,cat_14"
1140630839,"cat_2127,cat_3,cat_11,cat_14"
1140630840,"cat_2127,cat_3,cat_11,cat_14"
1140630841,"cat_2127,cat_3,cat_11,cat_14"
1140630842,"cat_2127,cat_3,cat_11,cat_14"
1140630843,"cat_2127,cat_3,cat_11,cat_14"
1140630844,"cat_2127,cat_3,cat_11,cat_14"
1140630845,"cat_2127,cat_3,cat_11,cat_14"
1140630846,"cat_2127,cat_3,cat_11,cat_14"
1140630847,"cat_2127,cat_3,cat_11,cat_14"
1140630848,"cat_2127,cat_3,cat_11,cat_14"
1140630849,"cat_2127,cat_3,cat_11,cat_14"
1140630850,"cat_2127,cat_3,cat_11,cat_14"
1140630851,"cat_2127,cat_3,cat_11,cat_14,cat_8"
1140630852,"cat_2127,cat_3,cat_11,cat_14,cat_8"
1140630853,"cat_2127,cat_3,cat_11,cat_14,cat_8"
1140630854,"cat_2127,cat_3,cat_11,cat_14,cat_8"
1140630855,"cat_2127,cat_3,cat_11,cat_14"
1140630856,"cat_2127,cat_3,cat_11,cat_14"
1140630857,"cat_2127,cat_3,cat_11,cat_14"
1140630858,"cat_2127,cat_3,cat_11,cat_14"
1140630859,"cat_2127,cat_3,cat_11,cat_14"
1140630860,"cat_2127,cat_3,cat_1345,cat_14"
1140630861,"cat_2127,cat_3,cat_1345,cat_14"
1140630862,"cat_2127,cat_3,cat_11,cat_14"
1140630863,"cat_2127,cat_3,cat_11,cat_14"
1140630864,"cat_2127,cat_3,cat_11,cat_14"
1140630865,"cat_2127,cat_3,cat_11,cat_14"
1140630866,"cat_2127,cat_3,cat_11,cat_14"
1140630867,"cat_2127,cat_3,cat_11,cat_14"
1140630868,"cat_2127,cat_3,cat_11,cat_14"
1140630869,"cat_2127,cat_3,cat_11,cat_14"
1140630870,"cat_2127,cat_3,cat_1345,cat_14"
1140630871,"cat_2127,cat_3,cat_1345,cat_14"
1140630872,"cat_2127,cat_3,cat_1345,cat_14"
1140630873,"cat_2127,cat_3,cat_1345,cat_14"
1140630874,"cat_2127,cat_3,cat_1345,cat_14"
1140630875,"cat_2127,cat_3,cat_1345,cat_14"
1140630876,"cat_2127,cat_3,cat_1345,cat_14"
1140630877,"cat_2127,cat_3,cat_1345,cat_14"
1140630878,"cat_2127,cat_3,cat_1345,cat_14"
1140630879,"cat_1968,cat_3,cat_11,cat_1551,cat_1549"
1140630880,"cat_1968,cat_3,cat_11,cat_1551,cat_1549"
1140630881,"cat_1968,cat_3,cat_11,cat_1551,cat_1549"
1140630882,"cat_1968,cat_3,cat_11,cat_1551,cat_1549"
1140630883,"cat_1968,cat_3,cat_11,cat_1551,cat_1549"
1140630884,"cat_1968,cat_3,cat_11,cat_285,cat_115,cat_283,cat_279,cat_8,cat_281"
1140630885,"cat_1968,cat_3,cat_11,cat_285,cat_115,cat_283,cat_279,cat_8,cat_281"
1140630886,"cat_1968,cat_3,cat_11,cat_285,cat_115,cat_283,cat_279,cat_8,cat_281"
1140630887,"cat_1968,cat_2374,cat_3,cat_11,cat_45,cat_1345,cat_1348,cat_14,cat_47,cat_40,cat_773,cat_8,cat_38"
1140630888,"cat_1968,cat_2374,cat_3,cat_11,cat_45,cat_1345,cat_1348,cat_14,cat_47,cat_40,cat_773,cat_8,cat_38"
1140630889,"cat_1968,cat_2374,cat_3,cat_11,cat_45,cat_1345,cat_1348,cat_14,cat_47,cat_40,cat_773,cat_8,cat_38"
1140630893,"cat_1968,cat_2374,cat_3,cat_40,cat_98,cat_773,cat_778,cat_8,cat_38,cat_99"
1140630894,"cat_1968,cat_2374,cat_3,cat_40,cat_98,cat_773,cat_778,cat_8,cat_38,cat_99"
1140630895,"cat_1968,cat_2374,cat_3,cat_40,cat_98,cat_773,cat_778,cat_8,cat_38,cat_99"
1140630896,"cat_1968,cat_2374,cat_3,cat_40,cat_98,cat_773,cat_778,cat_8,cat_38,cat_99"
1140630897,"cat_1968,cat_2374,cat_3,cat_40,cat_98,cat_773,cat_778,cat_8,cat_38,cat_99"
1140630898,"cat_1968,cat_2374,cat_3,cat_40,cat_98,cat_773,cat_778,cat_8,cat_38,cat_99"
1140630899,"cat_1968,cat_2374,cat_3,cat_40,cat_98,cat_773,cat_778,cat_8,cat_38,cat_99"
1140630900,"cat_1968,cat_2374,cat_3,cat_40,cat_98,cat_773,cat_778,cat_8,cat_38,cat_99"
1140630901,"cat_1968,cat_2374,cat_3,cat_40,cat_98,cat_773,cat_778,cat_8,cat_38,cat_99"
1140630902,"cat_1968,cat_2374,cat_3,cat_40,cat_98,cat_773,cat_778,cat_8,cat_38,cat_99"
1140630903,"cat_1968,cat_2374,cat_3,cat_40,cat_98,cat_773,cat_778,cat_8,cat_38,cat_99"
1140630904,"cat_1968,cat_3,cat_11,cat_1551,cat_1558,cat_8,cat_1549"
1140630905,"cat_1968,cat_3,cat_11,cat_1551,cat_1558,cat_8,cat_1549"
1140630906,"cat_1968,cat_3,cat_11,cat_1551,cat_1558,cat_8,cat_1549"
1140630907,"cat_1968,cat_3,cat_11,cat_1551,cat_1558,cat_8,cat_1549"
1140630908,"cat_1968,cat_3,cat_11,cat_1551,cat_1558,cat_8,cat_1549"
1140630909,"cat_1968,cat_3,cat_11,cat_1551,cat_1558,cat_8,cat_1549"
1140630911,"cat_1968,cat_3,cat_11,cat_1551,cat_1558,cat_8,cat_1549"
1140630912,"cat_1968,cat_3,cat_11,cat_1551,cat_1558,cat_8,cat_1549"
1140630913,"cat_1968,cat_3,cat_11,cat_1551,cat_1558,cat_8,cat_1549"
1140630914,"cat_1968,cat_3,cat_11,cat_1551,cat_1558,cat_8,cat_1549"
1140630915,"cat_1968,cat_3,cat_11,cat_1551,cat_1558,cat_8,cat_1549"
1140630916,"cat_1968,cat_3,cat_11,cat_1551,cat_1558,cat_8,cat_1549"
1140630917,"cat_1968,cat_3,cat_11,cat_1551,cat_1558,cat_8,cat_1549"
1140630918,"cat_1968,cat_3,cat_11,cat_1551,cat_1558,cat_8,cat_1549"
1140630920,"cat_1968,cat_3,cat_11,cat_1551,cat_1558,cat_8,cat_1549"
1140630921,"cat_1968,cat_3,cat_11,cat_1551,cat_1558,cat_8,cat_1549"
1140630923,"cat_1968,cat_3,cat_11,cat_1551,cat_1549"
1140630924,"cat_1968,cat_3,cat_11,cat_1551,cat_1549"
1140630925,"cat_1968,cat_3,cat_11,cat_1551,cat_1549"
1140630926,"cat_1968,cat_3,cat_11,cat_19,cat_20,cat_17,cat_18"
1140630927,"cat_1968,cat_3,cat_11,cat_19,cat_20,cat_17,cat_18"
1140630928,"cat_1968,cat_3,cat_11,cat_19,cat_20,cat_17,cat_18"
1140630931,"cat_1968,cat_3,cat_11,cat_19,cat_20,cat_17,cat_18"
1140630932,"cat_1968,cat_3,cat_11,cat_19,cat_20,cat_17,cat_18"
1140630933,"cat_1968,cat_3,cat_11,cat_19,cat_20,cat_17,cat_18"
1140630935,"cat_1968,cat_3,cat_11,cat_19,cat_20,cat_17,cat_18"
1140630936,"cat_1968,cat_3,cat_11,cat_19,cat_20,cat_17,cat_18"
1140630937,"cat_1968,cat_3,cat_11,cat_19,cat_20,cat_17,cat_18"
1140630938,"cat_1968,cat_3,cat_11,cat_19,cat_20,cat_17,cat_18"
1140630939,"cat_1968,cat_3,cat_11,cat_19,cat_20,cat_17,cat_18"
1140630940,"cat_1968,cat_3,cat_11,cat_19,cat_20,cat_17,cat_18"
1140630941,"cat_1968,cat_3,cat_11,cat_19,cat_20,cat_17,cat_18"
1140630942,"cat_1968,cat_3,cat_11,cat_19,cat_20,cat_17,cat_18"
1140630956,"cat_1968,cat_3,cat_11,cat_19,cat_20,cat_8,cat_17,cat_18"
1140630957,"cat_1968,cat_3,cat_11,cat_19,cat_20,cat_8,cat_17,cat_18"
1140630958,"cat_1968,cat_3,cat_11,cat_19,cat_20,cat_8,cat_17,cat_18"
1140630959,"cat_1968,cat_3,cat_11,cat_19,cat_20,cat_8,cat_17,cat_18"
1140630962,"cat_1968,cat_3,cat_11,cat_45,cat_80,cat_40,cat_78,cat_773,cat_786,cat_8,cat_38,cat_77"
1140630963,"cat_1968,cat_3,cat_11,cat_45,cat_80,cat_40,cat_78,cat_773,cat_786,cat_8,cat_38,cat_77"
1140630964,"cat_1968,cat_3,cat_11,cat_45,cat_80,cat_40,cat_78,cat_773,cat_786,cat_8,cat_38,cat_77"
1140630965,"cat_1968,cat_3,cat_11,cat_45,cat_80,cat_40,cat_78,cat_773,cat_786,cat_8,cat_38,cat_77"
1140630966,"cat_1968,cat_2374,cat_3,cat_11,cat_45,cat_80,cat_40,cat_78,cat_773,cat_786,cat_38,cat_77"
1140630967,"cat_1968,cat_3,cat_11,cat_45,cat_80,cat_40,cat_78,cat_773,cat_786,cat_8,cat_38,cat_77"
1140630968,"cat_1968,cat_3,cat_11,cat_45,cat_80,cat_40,cat_78,cat_773,cat_786,cat_8,cat_38,cat_77"
1140630969,"cat_1968,cat_3,cat_11,cat_45,cat_80,cat_40,cat_78,cat_773,cat_786,cat_8,cat_38,cat_77"
1140630970,"cat_1968,cat_3,cat_11,cat_45,cat_80,cat_40,cat_78,cat_773,cat_786,cat_8,cat_38,cat_77"
1140630971,"cat_1968,cat_3,cat_11,cat_45,cat_80,cat_40,cat_78,cat_773,cat_786,cat_8,cat_38,cat_77"
1140630972,"cat_1968,cat_3,cat_11,cat_45,cat_80,cat_40,cat_78,cat_773,cat_786,cat_8,cat_38,cat_77"
1140630973,"cat_1968,cat_3,cat_11,cat_285,cat_115,cat_283,cat_279,cat_8,cat_281"
1140630974,"cat_1968,cat_3,cat_11,cat_285,cat_115,cat_283,cat_279,cat_8,cat_281"
1140630975,"cat_1968,cat_2374,cat_3,cat_21,cat_40,cat_111,cat_2224,cat_773,cat_775,cat_8,cat_38,cat_112"
1140630976,"cat_1968,cat_2374,cat_3,cat_21,cat_40,cat_111,cat_2224,cat_773,cat_775,cat_8,cat_38,cat_112"
1140630978,"cat_1968,cat_2374,cat_3,cat_21,cat_40,cat_98,cat_2224,cat_773,cat_778,cat_8,cat_38,cat_99"
1140630982,"cat_1968,cat_3,cat_11,cat_115"
1140630983,"cat_1968,cat_3,cat_11,cat_1551,cat_1558,cat_8,cat_1549"
1140630984,"cat_1968,cat_3,cat_11,cat_1551,cat_1558,cat_8,cat_1549"
1140630985,"cat_1968,cat_3,cat_11,cat_1551,cat_1558,cat_1549"
1140631000,"cat_1968,cat_3,cat_11,cat_1551,cat_1558,cat_8,cat_1549"
1140631001,"cat_1968,cat_3,cat_11,cat_1551,cat_1558,cat_8,cat_1549"
1140631002,"cat_1968,cat_3,cat_11,cat_1551,cat_1558,cat_8,cat_1549"
1140631003,"cat_1968,cat_3,cat_11,cat_1551,cat_1558,cat_8,cat_1549"
1140631004,"cat_1968,cat_3,cat_11,cat_1551,cat_1558,cat_8,cat_1549"
1140631005,"cat_1968,cat_3,cat_11,cat_1551,cat_1558,cat_8,cat_1549"
1140631006,"cat_1968,cat_3,cat_11,cat_1551,cat_1558,cat_8,cat_1549"
1140631007,"cat_1968,cat_3,cat_11,cat_1551,cat_1558,cat_8,cat_1549"
1140631008,"cat_1968,cat_3,cat_11,cat_1551,cat_1558,cat_8,cat_1549"
1140631009,"cat_1968,cat_3,cat_11,cat_1551,cat_1558,cat_8,cat_1549"
1140631010,"cat_1968,cat_3,cat_11,cat_1551,cat_1558,cat_8,cat_1549"
1140631011,"cat_1968,cat_3,cat_11,cat_1551,cat_1558,cat_8,cat_1549"
1140631012,"cat_1968,cat_3,cat_11,cat_1551,cat_1558,cat_8,cat_1549"
1140631013,"cat_1968,cat_3,cat_11,cat_1551,cat_1558,cat_8,cat_1549"
1140631014,"cat_1968,cat_3,cat_11,cat_1551,cat_1558,cat_8,cat_1549"
1140631015,"cat_1968,cat_3,cat_11,cat_1551,cat_1558,cat_8,cat_1549"
1140631016,"cat_1968,cat_3,cat_11,cat_1551,cat_1558,cat_8,cat_1549"
1140631017,"cat_2127,cat_3,cat_1345,cat_14"
1140631018,"cat_2127,cat_3,cat_1345,cat_14"
1140631019,"cat_2127,cat_3,cat_1345,cat_14"
1140631020,"cat_2127,cat_3,cat_1345,cat_14"
1140631021,"cat_2127,cat_3,cat_1345,cat_14"
1140631022,"cat_2127,cat_3,cat_1345,cat_14"
1140631023,"cat_2127,cat_3,cat_1345,cat_14"
1140631027,"cat_2127,cat_3,cat_1345,cat_14"
1140631028,"cat_2127,cat_3,cat_1345,cat_14"
1140631029,"cat_2127,cat_3,cat_1345,cat_14"
1140631030,"cat_2127,cat_3,cat_1345,cat_14"
1140631031,"cat_2127,cat_3,cat_1345,cat_14"
1140631032,"cat_2127,cat_3,cat_1345,cat_14"
1140631033,"cat_2127,cat_3,cat_1345,cat_14"
1140631034,"cat_1968,cat_3,cat_11,cat_115"
1140631035,"cat_1968,cat_3,cat_11,cat_115"
1140631036,"cat_1968,cat_3,cat_11,cat_115"
1140631037,"cat_1968,cat_3,cat_11,cat_115"
1140631038,"cat_1968,cat_3,cat_11,cat_115"
1140631039,"cat_1968,cat_3,cat_11,cat_115"
1140631040,cat_3
1140631041,cat_3
1140631050,cat_3
1140631051,cat_2374
1140631052,cat_3
1140631053,"cat_2374,cat_3,cat_1345,cat_14"
1140631054,cat_2374
1140631055,"cat_2374,cat_3,cat_11,cat_1345,cat_8"
1140631056,cat_2374
1140631057,"cat_2374,cat_3,cat_1345"
1140631058,"cat_2374,cat_3,cat_1345"
1140631059,cat_2374
1140631065,"cat_2127,cat_3,cat_1345,cat_14"
1140631066,"cat_2127,cat_3,cat_1345,cat_14"
1140631067,"cat_2127,cat_3,cat_1345,cat_14"
1140631068,"cat_2127,cat_3,cat_1345,cat_14"
1140631069,"cat_2127,cat_3,cat_1345,cat_14"
1140631070,"cat_2127,cat_3,cat_1345,cat_14"
1140631071,"cat_2127,cat_2374,cat_3,cat_11,cat_14"
1140631072,"cat_2127,cat_2374,cat_3,cat_11,cat_14"
1140631073,"cat_2127,cat_3,cat_1345,cat_14"
1140631074,"cat_2127,cat_3,cat_1345,cat_14"
1140631075,"cat_2127,cat_3,cat_1345,cat_14"
1140631076,"cat_2127,cat_3,cat_11,cat_115,cat_14"
1140631077,"cat_2127,cat_3,cat_11,cat_14"
1140631078,"cat_2127,cat_3,cat_11,cat_14"
1140631079,"cat_2127,cat_3,cat_11,cat_14"
1140631080,"cat_2127,cat_3,cat_11,cat_14"
1140631081,"cat_2127,cat_3,cat_11,cat_14"
1140631082,"cat_2127,cat_3,cat_11,cat_14"
1140631083,"cat_2127,cat_3,cat_11,cat_14"
1140631084,"cat_2127,cat_3,cat_11,cat_14"
1140631085,"cat_2127,cat_3,cat_1345,cat_14"
1140631086,"cat_2127,cat_3,cat_1345,cat_14"
1140631087,"cat_2127,cat_3,cat_1345,cat_14"
1140631088,"cat_2127,cat_3,cat_11,cat_14"
1140631089,"cat_2127,cat_3,cat_11,cat_14"
1140631090,"cat_2127,cat_3,cat_11,cat_14"
1140631091,"cat_2127,cat_3,cat_11,cat_14"
1140631113,"cat_2127,cat_3,cat_11,cat_14,cat_8"
1140631114,"cat_2127,cat_3,cat_11,cat_14,cat_8"
1140631115,"cat_2127,cat_3,cat_11,cat_14,cat_8"
1140631116,"cat_2127,cat_3,cat_11,cat_14,cat_8"
1140631117,"cat_2127,cat_3,cat_11,cat_14,cat_8"
1140631118,"cat_2127,cat_3,cat_11,cat_14,cat_8"
1140631119,"cat_2127,cat_3,cat_11,cat_14,cat_8"
1140631120,"cat_2127,cat_3,cat_11,cat_14,cat_8"
1140631121,"cat_2127,cat_3,cat_11,cat_14,cat_8"
1140631122,"cat_2127,cat_3,cat_11,cat_14,cat_8"
1140631123,"cat_2127,cat_3,cat_11,cat_14,cat_8"
1140631124,"cat_2127,cat_3,cat_11,cat_14,cat_8"
1140631125,"cat_2127,cat_3,cat_11,cat_14,cat_8"
1140631126,"cat_2127,cat_3,cat_11,cat_14,cat_8"
1140631127,"cat_2127,cat_3,cat_11,cat_14,cat_8"
1140631128,"cat_2127,cat_3,cat_11,cat_14,cat_8"
1140631129,"cat_2127,cat_3,cat_11,cat_14,cat_8"
1140631130,"cat_2127,cat_3,cat_11,cat_14,cat_8"
1140631131,"cat_2127,cat_3,cat_11,cat_14,cat_8"
1140631132,"cat_2127,cat_3,cat_11,cat_14,cat_8"
1140631133,"cat_2127,cat_3,cat_11,cat_14,cat_8"
1140631134,"cat_2127,cat_3,cat_11,cat_14,cat_8"
1140631135,"cat_2127,cat_3,cat_11,cat_14,cat_8"
1140631136,"cat_2127,cat_3,cat_11,cat_14,cat_8"
1140631137,"cat_2127,cat_3,cat_11,cat_14,cat_8"
1140631138,"cat_2127,cat_3,cat_11,cat_14,cat_8"
1140631139,"cat_2127,cat_3,cat_11,cat_14,cat_8"
1140631140,"cat_2127,cat_3,cat_11,cat_14,cat_8"
1140631141,"cat_2127,cat_3,cat_11,cat_14,cat_8"
1140631142,"cat_2127,cat_3,cat_11,cat_14,cat_8"
1140631143,"cat_2127,cat_3,cat_11,cat_115,cat_14"
1140631144,"cat_2127,cat_3,cat_11,cat_115,cat_14"
1140631145,"cat_2127,cat_3,cat_11,cat_115,cat_14"
1140631146,"cat_2127,cat_3,cat_11,cat_115,cat_14"
1140631147,"cat_2127,cat_3,cat_11,cat_115,cat_14"
1140631148,"cat_2127,cat_3,cat_11,cat_115,cat_14"
1140631149,"cat_2127,cat_3,cat_11,cat_115,cat_14"
1140631150,"cat_2127,cat_3,cat_11,cat_115,cat_14"
1140631151,"cat_2127,cat_3,cat_11,cat_115,cat_14"
1140631152,"cat_2127,cat_3,cat_11,cat_115,cat_14"
1140631153,"cat_2127,cat_3,cat_11,cat_115,cat_14"
1140631154,"cat_2127,cat_3,cat_11,cat_115,cat_14"
1140631155,"cat_2127,cat_3,cat_11,cat_115,cat_14"
1140631156,"cat_2127,cat_3,cat_11,cat_14"
1140631157,"cat_2127,cat_3,cat_11,cat_14"
1140631158,"cat_2127,cat_3,cat_11,cat_14"
1140631159,"cat_2127,cat_3,cat_11,cat_14,cat_8"
1140631160,"cat_2127,cat_3,cat_11,cat_14,cat_8"
1140631161,"cat_2127,cat_3,cat_11,cat_14,cat_8"
1140631162,"cat_2127,cat_3,cat_11,cat_14,cat_8"
1140631163,"cat_2127,cat_3,cat_11,cat_14,cat_8"
1140631164,"cat_2127,cat_3,cat_11,cat_14,cat_8"
1140631178,cat_3
1140631179,cat_3
1140631185,"cat_3,cat_11,cat_1551,cat_14,cat_1553,cat_8,cat_1549"
1140631186,"cat_3,cat_11,cat_1551,cat_14,cat_1553,cat_8,cat_1549"
1140631187,"cat_3,cat_11,cat_14,cat_8"
1140631188,"cat_3,cat_11,cat_14,cat_8"
1140631189,"cat_3,cat_11,cat_14,cat_8"
1140631207,"cat_1968,cat_3,cat_11,cat_8"
1140631212,"cat_1968,cat_3,cat_11,cat_1551,cat_1840,cat_1558,cat_1841,cat_1549,cat_1839"
1140631213,"cat_1968,cat_3,cat_11,cat_1551,cat_1840,cat_1558,cat_1841,cat_1549,cat_1839"
1140631214,"cat_1968,cat_3,cat_11,cat_1551,cat_1840,cat_1558,cat_1841,cat_8,cat_1549,cat_1839"
1140631216,"cat_1968,cat_3,cat_11,cat_1551,cat_1840,cat_1558,cat_1841,cat_8,cat_1549,cat_1839"
1140631217,"cat_1968,cat_3,cat_11,cat_1551,cat_1840,cat_1558,cat_1841,cat_8,cat_1549,cat_1839"
1140631218,"cat_1968,cat_3,cat_11,cat_1551,cat_1840,cat_1558,cat_1841,cat_8,cat_1549,cat_1839"
1140631219,"cat_1968,cat_3,cat_11,cat_1551,cat_1840,cat_1558,cat_1841,cat_8,cat_1549,cat_1839"
1140631220,"cat_1968,cat_3,cat_11,cat_1551,cat_1840,cat_1558,cat_1841,cat_8,cat_1549,cat_1839"
1140631221,"cat_1968,cat_3,cat_11,cat_1551,cat_1840,cat_1558,cat_1841,cat_8,cat_1549,cat_1839"
1140631222,"cat_1968,cat_3,cat_11,cat_1551,cat_1840,cat_1558,cat_1841,cat_8,cat_1549,cat_1839"
1140631223,"cat_1968,cat_3,cat_11,cat_1551,cat_1840,cat_1558,cat_1841,cat_8,cat_1549,cat_1839"
1140631224,"cat_1968,cat_3,cat_11,cat_1551,cat_1840,cat_1558,cat_1841,cat_8,cat_1549,cat_1839"
1140631225,"cat_1968,cat_3,cat_11,cat_1551,cat_1840,cat_1558,cat_1841,cat_8,cat_1549,cat_1839"
1140631226,"cat_1968,cat_3,cat_11,cat_1551,cat_1840,cat_1558,cat_1841,cat_8,cat_1549,cat_1839"
1140631227,"cat_1968,cat_3,cat_11,cat_1551,cat_1840,cat_1558,cat_1841,cat_8,cat_1549,cat_1839"
1140631229,"cat_1968,cat_3,cat_11,cat_1551,cat_1840,cat_1558,cat_1841,cat_8,cat_1549,cat_1839"
1140631230,"cat_1968,cat_3,cat_11,cat_1551,cat_1840,cat_1558,cat_1841,cat_8,cat_1549,cat_1839"
1140631231,"cat_1968,cat_3,cat_11,cat_1551,cat_1840,cat_1558,cat_1841,cat_8,cat_1549,cat_1839"
1140631232,"cat_1968,cat_3,cat_11,cat_1551,cat_1840,cat_1558,cat_1841,cat_8,cat_1549,cat_1839"
1140631233,"cat_1968,cat_3,cat_11,cat_1551,cat_1840,cat_1558,cat_1841,cat_8,cat_1549,cat_1839"
1140631234,"cat_1968,cat_3,cat_11,cat_1551,cat_1840,cat_1558,cat_1841,cat_8,cat_1549,cat_1839"
1140631235,"cat_1968,cat_3,cat_11,cat_1551,cat_1840,cat_1558,cat_1841,cat_8,cat_1549,cat_1839"
1140631258,"cat_3,cat_11,cat_14"
1140631260,"cat_3,cat_11,cat_14"
1140631261,"cat_3,cat_11,cat_14"
1140631262,"cat_3,cat_11,cat_14"
1140631400,"cat_3,cat_11,cat_1551,cat_8,cat_1549"
1140631401,"cat_3,cat_11,cat_1551,cat_8,cat_1549"
1140631402,"cat_3,cat_11,cat_1551,cat_8,cat_1549"
1140631403,"cat_3,cat_11,cat_1551,cat_8,cat_1549"
1140631404,"cat_3,cat_11,cat_1551,cat_8,cat_1549"
1140631405,"cat_3,cat_11,cat_1551,cat_8,cat_1549"
1140631406,"cat_3,cat_11,cat_1551,cat_8,cat_1549"
1140631407,"cat_3,cat_11,cat_1551,cat_8,cat_1549"
1140631408,cat_2172
1140631409,cat_2172
1140631430,"cat_3,cat_11,cat_14,cat_8"
1140631431,"cat_3,cat_11,cat_14"
1140631432,"cat_3,cat_11"
1140631433,"cat_3,cat_11,cat_14,cat_8"
1140631434,"cat_3,cat_11,cat_14,cat_8"
1140631435,"cat_3,cat_11,cat_14"
1140631436,"cat_3,cat_11,cat_14,cat_8"
1140631437,"cat_3,cat_11,cat_14,cat_8"
1140631438,"cat_3,cat_11,cat_14"
1140631439,"cat_3,cat_11,cat_14"
1140631440,"cat_3,cat_11,cat_14"
1140631441,"cat_3,cat_11,cat_14"
1140631442,"cat_3,cat_11,cat_14"
1140631443,"cat_3,cat_11,cat_14"
1140631444,"cat_3,cat_11,cat_14"
1140631445,"cat_3,cat_1345,cat_14"
1140631446,"cat_2374,cat_3,cat_11,cat_14"
1140631447,"cat_3,cat_11,cat_14"
1140631462,"cat_3,cat_11,cat_14,cat_8"
1140631463,cat_3
1140631464,cat_3
1140631471,"cat_321,cat_3,cat_8"
1140631472,"cat_321,cat_3,cat_8"
1140631473,"cat_321,cat_3,cat_8"
1140631474,"cat_321,cat_3,cat_8"
1140631475,"cat_321,cat_3,cat_8"
1140631476,"cat_321,cat_3,cat_8"
1140631477,"cat_321,cat_3,cat_8"
1140631478,"cat_321,cat_3,cat_8"
1140631479,"cat_320,cat_3,cat_8"
1140631480,"cat_321,cat_3,cat_8"
1140631481,"cat_321,cat_3,cat_8"
1140631483,"cat_321,cat_3,cat_8"
1140631484,"cat_321,cat_3,cat_8"
1140631485,"cat_320,cat_3,cat_8"
1140631486,"cat_320,cat_3,cat_8"
1140631487,"cat_320,cat_3,cat_8"
1140631488,"cat_320,cat_3,cat_8"
1140631489,"cat_321,cat_3,cat_8"
1140631490,"cat_321,cat_3,cat_8"
1140631491,"cat_321,cat_3,cat_8"
1140631492,"cat_321,cat_3,cat_8"
1140631493,"cat_320,cat_3,cat_8"
1140631494,"cat_320,cat_3,cat_8"
1140631495,"cat_320,cat_3,cat_8"
1140631496,"cat_320,cat_3,cat_8"
1140631497,"cat_321,cat_3,cat_8"
1140631498,"cat_321,cat_3,cat_8"
1140631499,"cat_321,cat_3,cat_8"
1140631500,"cat_321,cat_3,cat_8"
1140631501,"cat_320,cat_3,cat_8"
1140631502,"cat_320,cat_3,cat_8"
1140631503,"cat_320,cat_3,cat_8"
1140631504,"cat_320,cat_3,cat_8"
1140631505,"cat_321,cat_3,cat_8"
1140631506,"cat_321,cat_3,cat_8"
1140631507,"cat_320,cat_3,cat_8"
1140631508,"cat_320,cat_3,cat_8"
1140631512,"cat_320,cat_3,cat_8"
1140631513,"cat_320,cat_3,cat_8"
1140631514,"cat_321,cat_3,cat_8"
1140631515,"cat_321,cat_3,cat_8"
1140631516,"cat_321,cat_3,cat_8"
1140631518,"cat_321,cat_3,cat_8"
1140631519,"cat_321,cat_3,cat_8"
1140631531,"cat_320,cat_3,cat_8"
1140631532,"cat_320,cat_3,cat_8"
1140631533,"cat_320,cat_3,cat_8"
1140631534,"cat_320,cat_3,cat_8"
1140631535,"cat_320,cat_3,cat_8"
1140631536,"cat_3,cat_8"
1140631537,"cat_3,cat_8"
1140631538,"cat_3,cat_8"
1140631539,"cat_3,cat_8"
1140631540,"cat_3,cat_8"
1140631541,"cat_3,cat_8"
1140631542,"cat_3,cat_8"
1140631543,"cat_3,cat_8"
1140631544,"cat_3,cat_8"
1140631545,"cat_3,cat_8"
1140631546,"cat_3,cat_8"
1140631547,"cat_3,cat_8"
1140631578,"cat_3,cat_8"
1140631579,"cat_3,cat_8"
1140631580,"cat_3,cat_8"
1140631581,"cat_3,cat_8,cat_223"
1140631582,"cat_3,cat_8,cat_223"
1140631583,"cat_3,cat_8,cat_223"
1140631584,"cat_3,cat_8,cat_223"
1140631585,"cat_3,cat_8,cat_223"
1140631586,"cat_3,cat_8,cat_223"
1140631595,"cat_3,cat_8,cat_223"
1140631596,"cat_3,cat_8,cat_223"
1140631597,"cat_3,cat_8,cat_223"
1140631598,"cat_3,cat_8,cat_223"
1140631599,"cat_3,cat_8,cat_223"
1140631600,"cat_3,cat_8,cat_223"
1140631601,"cat_3,cat_8,cat_223"
1140631602,"cat_3,cat_8,cat_223"
1140631603,"cat_3,cat_8,cat_223"
1140631604,"cat_3,cat_8,cat_223"
1140631605,"cat_3,cat_8,cat_223"
1140631606,"cat_3,cat_8,cat_223"
1140631607,"cat_3,cat_8,cat_223"
1140631608,"cat_3,cat_8,cat_223"
1140631609,"cat_3,cat_223"
1140631610,"cat_3,cat_223"
1140631611,"cat_3,cat_223"
1140631612,"cat_3,cat_8,cat_223"
1140631613,"cat_3,cat_8,cat_223"
1140631614,"cat_3,cat_8"
1140631615,"cat_3,cat_8"
1140631616,"cat_2374,cat_3"
1140631617,"cat_2374,cat_3"
1140631620,"cat_3,cat_8"
1140631621,cat_3
1140631622,cat_3
1140631663,cat_2172
1140631664,cat_2172
1140631707,cat_3
1140631715,"cat_1968,cat_3,cat_11,cat_1551,cat_1840,cat_1558,cat_1841,cat_8,cat_1549,cat_1839"
1140631716,"cat_1968,cat_3,cat_11,cat_1551,cat_1840,cat_21,cat_1558,cat_1841,cat_2224,cat_8,cat_1549,cat_1839"
1140631717,"cat_1968,cat_3,cat_11,cat_1551,cat_1840,cat_1558,cat_1841,cat_8,cat_1549,cat_1839"
1140631718,"cat_1968,cat_3,cat_11,cat_1551,cat_1840,cat_21,cat_1558,cat_1841,cat_2224,cat_8,cat_1549,cat_1839"
1140631719,"cat_1968,cat_3,cat_11,cat_1551,cat_1840,cat_1558,cat_1841,cat_8,cat_1549,cat_1839"
1140631724,"cat_1968,cat_3,cat_11,cat_1551,cat_1840,cat_1558,cat_1841,cat_8,cat_1549,cat_1839"
1140631725,"cat_1968,cat_3,cat_11,cat_1551,cat_1840,cat_21,cat_1558,cat_1841,cat_2224,cat_8,cat_1549,cat_1839"
1140631726,"cat_1968,cat_3,cat_11,cat_1551,cat_1840,cat_21,cat_1558,cat_1841,cat_2224,cat_8,cat_1549,cat_1839"
1140631728,"cat_1968,cat_3,cat_11,cat_1551,cat_1840,cat_21,cat_1558,cat_1841,cat_2224,cat_8,cat_1549,cat_1839"
1140631729,"cat_1968,cat_3,cat_11,cat_1551,cat_1840,cat_21,cat_1558,cat_1841,cat_2224,cat_8,cat_1549,cat_1839"
1140631778,"cat_1968,cat_2374,cat_3,cat_40,cat_98,cat_770,cat_773,cat_778,cat_8,cat_38,cat_99"
1140631779,"cat_1968,cat_2374,cat_3,cat_21,cat_40,cat_98,cat_2224,cat_770,cat_773,cat_778,cat_8,cat_38,cat_99"
1140631780,"cat_1968,cat_2374,cat_3,cat_21,cat_40,cat_98,cat_2224,cat_770,cat_773,cat_778,cat_8,cat_38,cat_99"
1140631781,"cat_1968,cat_2374,cat_3,cat_21,cat_40,cat_98,cat_2224,cat_770,cat_773,cat_778,cat_8,cat_38,cat_99"
1140631784,"cat_1968,cat_2374,cat_3,cat_11,cat_45,cat_1345,cat_1348,cat_14,cat_47,cat_21,cat_40,cat_2224,cat_770,cat_773,cat_8,cat_38"
1140631787,"cat_1968,cat_3,cat_11,cat_770,cat_8"
1140631789,"cat_1968,cat_3,cat_11,cat_19,cat_20,cat_8,cat_17,cat_18"
1140631791,"cat_1968,cat_3,cat_11,cat_19,cat_20,cat_8,cat_17,cat_18"
1140631796,"cat_1968,cat_3,cat_11,cat_14,cat_770,cat_8"
1140631797,"cat_1968,cat_3,cat_11,cat_14,cat_770,cat_8"
1140631798,"cat_1968,cat_3,cat_11,cat_14,cat_770,cat_8"
1140631799,"cat_1968,cat_3,cat_11,cat_770,cat_8"
1140631800,"cat_1968,cat_2374,cat_3,cat_11,cat_45,cat_46,cat_1345,cat_1348,cat_1349,cat_47,cat_48,cat_21,cat_40,cat_41,cat_2224,cat_773,cat_790,cat_8,cat_38,cat_39"
1140631802,"cat_1968,cat_3,cat_11,cat_148,cat_158,cat_14,cat_152,cat_160,cat_8,cat_150,cat_159"
1140631803,"cat_1968,cat_3,cat_11,cat_148,cat_158,cat_14,cat_152,cat_160,cat_8,cat_150,cat_159"
1140631804,"cat_1968,cat_3,cat_11,cat_148,cat_158,cat_14,cat_152,cat_160,cat_8,cat_150,cat_159"
1140631805,"cat_1968,cat_3,cat_11,cat_148,cat_158,cat_14,cat_152,cat_160,cat_8,cat_150,cat_159"
1140631807,"cat_2127,cat_3,cat_1345,cat_14"
1140631808,"cat_2127,cat_3,cat_1345,cat_14"
1140631809,"cat_2127,cat_3,cat_1345,cat_14"
1140631810,"cat_2127,cat_3,cat_1345,cat_14"
1140631811,"cat_2127,cat_3,cat_11,cat_14"
1140631813,"cat_2127,cat_3,cat_11,cat_14"
1140631814,"cat_2127,cat_3,cat_11,cat_14"
1140631815,"cat_2127,cat_3,cat_11,cat_14"
1140631816,"cat_2127,cat_3,cat_11,cat_14"
1140631824,"cat_2127,cat_3,cat_11,cat_14"
1140631825,"cat_2127,cat_3,cat_11,cat_14"
1140631826,"cat_2127,cat_3,cat_1345,cat_14"
1140631827,"cat_2127,cat_3,cat_1345,cat_14"
1140631828,"cat_2127,cat_3,cat_1345,cat_14"
1140631829,"cat_2127,cat_3,cat_1345,cat_14"
1140631834,"cat_2127,cat_3,cat_11,cat_14"
1140631835,"cat_2127,cat_3,cat_1345,cat_14"
1140631836,"cat_2127,cat_3,cat_1345,cat_14"
1140631837,"cat_2127,cat_3,cat_1345,cat_14"
1140631838,"cat_2127,cat_3,cat_1345,cat_14"
1140631839,"cat_2127,cat_3,cat_11,cat_14"
1140631840,"cat_2127,cat_3,cat_11,cat_14"
1140631841,"cat_2127,cat_3,cat_11,cat_14"
1140631842,"cat_2127,cat_3,cat_1345,cat_14"
1140631843,"cat_2127,cat_3,cat_1345,cat_14"
1140631844,"cat_2127,cat_3,cat_1345,cat_14"
1140631845,"cat_2127,cat_3,cat_1345,cat_14"
1140631846,"cat_2127,cat_3,cat_11,cat_14"
1140631847,"cat_2127,cat_3,cat_11,cat_14"
1140631848,"cat_2127,cat_3,cat_1345,cat_14"
1140631849,"cat_2127,cat_3,cat_1345,cat_14"
1140631850,"cat_2127,cat_3,cat_1345,cat_14"
1140631851,"cat_2127,cat_3,cat_1345,cat_14"
1140631852,"cat_2127,cat_3,cat_1345,cat_14"
1140631853,"cat_2127,cat_2374,cat_3,cat_11,cat_14"
1140631854,"cat_2127,cat_2374,cat_3,cat_11,cat_14"
1140631855,"cat_2127,cat_2374,cat_3,cat_11,cat_14"
1140631856,"cat_2127,cat_2374,cat_3,cat_11,cat_14"
1140631857,"cat_2127,cat_3,cat_1345,cat_14"
1140631858,"cat_2127,cat_3,cat_1345,cat_14"
1140631861,"cat_2127,cat_2374,cat_3,cat_11,cat_14"
1140631862,"cat_2127,cat_2374,cat_3,cat_11,cat_14"
1140631863,"cat_2127,cat_2374,cat_3,cat_11,cat_14"
1140631864,"cat_2127,cat_2374,cat_3,cat_11,cat_14"
1140631865,"cat_2127,cat_2374,cat_3,cat_11,cat_14"
1140631866,"cat_2127,cat_2374,cat_3,cat_11,cat_14"
1140631867,"cat_2127,cat_2374,cat_3,cat_11,cat_14"
1140631868,"cat_2127,cat_2374,cat_3,cat_11,cat_14"
1140631869,"cat_2127,cat_2374,cat_3,cat_11,cat_14"
1140631870,"cat_2127,cat_3,cat_1345,cat_14"
1140631872,"cat_2127,cat_3,cat_1345,cat_14"
1140631873,"cat_2127,cat_3,cat_1345,cat_14"
1140631874,"cat_2127,cat_3,cat_1345,cat_14"
1140631876,"cat_2127,cat_3,cat_1345,cat_14"
1140631877,"cat_2127,cat_3,cat_1345,cat_14"
1140631878,"cat_2127,cat_3,cat_1345,cat_14"
1140631879,"cat_2127,cat_3,cat_1345,cat_14"
1140631880,"cat_2127,cat_3,cat_1345,cat_14"
1140631882,"cat_2127,cat_3,cat_1345,cat_14"
1140631883,"cat_2127,cat_3,cat_1345,cat_14"
1140631884,"cat_2127,cat_3,cat_1345,cat_14"
1140631885,"cat_2127,cat_3,cat_1345,cat_14"
1140631886,"cat_2127,cat_3,cat_1345,cat_14"
1140631887,"cat_2127,cat_3,cat_1345,cat_14"
1140631888,"cat_2127,cat_3,cat_1345,cat_14"
1140631891,"cat_2127,cat_2374,cat_3,cat_11,cat_14"
1140631927,"cat_320,cat_3,cat_8"
1140631928,"cat_320,cat_3,cat_8"
1140631929,"cat_3,cat_8"
1140631930,"cat_320,cat_3,cat_8"
1140631931,"cat_320,cat_3,cat_8"
1140631994,"cat_2127,cat_3,cat_11,cat_115,cat_14"
1140631995,"cat_2127,cat_3,cat_11,cat_14"
1140631996,"cat_2127,cat_3,cat_11,cat_14,cat_8"
1140631997,"cat_2127,cat_3,cat_11,cat_14,cat_8"
1140631998,"cat_2127,cat_3,cat_11,cat_115,cat_14"
1140631999,"cat_2127,cat_3,cat_11,cat_14,cat_8"
1140632000,"cat_2123,cat_3,cat_11,cat_14,cat_8"
1140632023,"cat_2374,cat_3,cat_259,cat_262,cat_256,cat_261"
1140632024,"cat_2374,cat_3,cat_21,cat_259,cat_262,cat_2224,cat_8,cat_256,cat_261"
1140632050,"cat_3,cat_11,cat_8"
1140632056,"cat_2123,cat_3,cat_11,cat_14,cat_8"
1140632057,"cat_3,cat_11,cat_14,cat_8"
1140632058,"cat_3,cat_11,cat_14,cat_8"
1140632059,"cat_3,cat_11,cat_14,cat_8"
1140632061,"cat_2374,cat_3,cat_11,cat_14,cat_8"
1140632062,"cat_2374,cat_3,cat_11,cat_14,cat_8"
1140632063,"cat_2374,cat_3,cat_11,cat_14,cat_8"
1140632065,"cat_3,cat_11,cat_14,cat_8"
1140632066,"cat_2374,cat_3,cat_11,cat_14,cat_8"
1140632067,"cat_2374,cat_3,cat_11,cat_45,cat_115,cat_14,cat_47,cat_21,cat_40,cat_2224,cat_773"
1140632068,"cat_2374,cat_3,cat_11,cat_45,cat_115,cat_14,cat_47,cat_21,cat_40,cat_2224,cat_773"
1140632069,"cat_2374,cat_3,cat_11,cat_45,cat_115,cat_14,cat_47,cat_21,cat_40,cat_2224,cat_773"
1140632070,"cat_2374,cat_3,cat_21,cat_40,cat_2224,cat_773,cat_8,cat_38"
1140632071,"cat_2374,cat_3,cat_21,cat_40,cat_2224,cat_773,cat_8,cat_38"
1140632072,"cat_2374,cat_3,cat_21,cat_40,cat_2224,cat_773,cat_8,cat_38"
1140632073,"cat_2374,cat_3,cat_21,cat_40,cat_98,cat_2224,cat_773,cat_778,cat_8,cat_38,cat_99"
1140632074,"cat_2374,cat_3,cat_21,cat_40,cat_2224,cat_773,cat_8,cat_38"
1140632077,"cat_2374,cat_3,cat_40,cat_773,cat_8,cat_38"
1140632078,"cat_2374,cat_3,cat_40,cat_773,cat_8,cat_38"
1140632079,"cat_2374,cat_3,cat_40,cat_773,cat_8,cat_38"
1140632080,"cat_2374,cat_3,cat_40,cat_773,cat_8,cat_38"
1140632082,"cat_1968,cat_3,cat_11,cat_19,cat_66,cat_8,cat_17,cat_65"
1140632083,"cat_1968,cat_3,cat_11,cat_19,cat_66,cat_8,cat_17,cat_65"
1140632084,"cat_1968,cat_3,cat_11,cat_19,cat_66,cat_8,cat_17,cat_65"
1140632085,"cat_1968,cat_3,cat_11,cat_19,cat_66,cat_8,cat_17,cat_65"
1140632086,"cat_1968,cat_3,cat_11,cat_19,cat_66,cat_8,cat_17,cat_65"
1140632087,"cat_1968,cat_3,cat_11,cat_19,cat_66,cat_8,cat_17,cat_65"
1140632088,"cat_1968,cat_3,cat_11,cat_19,cat_66,cat_8,cat_17,cat_65"
1140632089,"cat_1968,cat_3,cat_11,cat_19,cat_66,cat_8,cat_17,cat_65"
1140632090,"cat_1968,cat_3,cat_11,cat_19,cat_66,cat_8,cat_17,cat_65"
1140632091,"cat_1968,cat_3,cat_11,cat_19,cat_66,cat_8,cat_17,cat_65"
1140632092,"cat_1968,cat_3,cat_11,cat_19,cat_66,cat_8,cat_17,cat_65"
1140632093,"cat_1968,cat_3,cat_11,cat_19,cat_66,cat_8,cat_17,cat_65"
1140632094,"cat_1968,cat_2374,cat_3,cat_11,cat_45,cat_1345,cat_1348,cat_14,cat_47,cat_40,cat_773,cat_8,cat_38"
1140632095,"cat_1968,cat_2374,cat_3,cat_11,cat_45,cat_1345,cat_1348,cat_14,cat_47,cat_40,cat_773,cat_8,cat_38"
1140632096,"cat_1968,cat_2374,cat_3,cat_11,cat_45,cat_1345,cat_1348,cat_14,cat_47,cat_40,cat_773,cat_8,cat_38"
1140632097,"cat_1968,cat_2374,cat_3,cat_11,cat_45,cat_1345,cat_1348,cat_14,cat_47,cat_40,cat_773,cat_8,cat_38"
1140632098,"cat_1968,cat_2374,cat_3,cat_11,cat_45,cat_1345,cat_1348,cat_14,cat_47,cat_40,cat_773,cat_8,cat_38"
1140632099,"cat_1968,cat_2374,cat_3,cat_11,cat_45,cat_1345,cat_1348,cat_14,cat_47,cat_40,cat_773,cat_8,cat_38"
1140632100,"cat_1968,cat_2374,cat_3,cat_11,cat_45,cat_1345,cat_1348,cat_14,cat_47,cat_40,cat_773,cat_8,cat_38"
1140632101,"cat_1968,cat_2374,cat_3,cat_11,cat_45,cat_1345,cat_1348,cat_14,cat_47,cat_40,cat_773,cat_8,cat_38"
1140632102,"cat_1968,cat_2374,cat_3,cat_11,cat_45,cat_1345,cat_1348,cat_14,cat_47,cat_40,cat_773,cat_8,cat_38"
1140632103,"cat_1968,cat_2374,cat_3,cat_11,cat_45,cat_1345,cat_1348,cat_14,cat_47,cat_40,cat_773,cat_8,cat_38"
1140632104,"cat_1968,cat_2374,cat_3,cat_11,cat_45,cat_1345,cat_1348,cat_14,cat_47,cat_40,cat_773,cat_8,cat_38"
1140632105,"cat_1968,cat_2374,cat_3,cat_11,cat_45,cat_1345,cat_1348,cat_14,cat_47,cat_40,cat_773,cat_8,cat_38"
1140632106,"cat_1968,cat_2374,cat_3,cat_11,cat_45,cat_1345,cat_1348,cat_47,cat_40,cat_773,cat_38"
1140632107,"cat_1968,cat_2374,cat_3,cat_11,cat_45,cat_1345,cat_1348,cat_47,cat_40,cat_773,cat_38"
1140632108,cat_2172
1140632109,"cat_1968,cat_3,cat_11,cat_19,cat_91,cat_8,cat_17,cat_90"
1140632110,"cat_1968,cat_3,cat_11,cat_19,cat_91,cat_8,cat_17,cat_90"
1140632112,"cat_1968,cat_3,cat_11,cat_19,cat_93,cat_8,cat_17,cat_92"
1140632113,"cat_1968,cat_3,cat_11,cat_19,cat_93,cat_8,cat_17,cat_92"
1140632114,"cat_1968,cat_3,cat_11,cat_19,cat_93,cat_8,cat_17,cat_92"
1140632115,"cat_1968,cat_3,cat_11,cat_19,cat_93,cat_8,cat_17,cat_92"
1140632116,"cat_1968,cat_3,cat_11,cat_19,cat_93,cat_8,cat_17,cat_92"
1140632117,"cat_1968,cat_3,cat_11,cat_19,cat_93,cat_8,cat_17,cat_92"
1140632118,"cat_1968,cat_3,cat_11,cat_19,cat_93,cat_17,cat_92"
1140632119,"cat_1968,cat_3,cat_11,cat_19,cat_93,cat_8,cat_17,cat_92"
1140632120,"cat_1968,cat_3,cat_11,cat_19,cat_93,cat_8,cat_17,cat_92"
1140632121,"cat_1968,cat_3,cat_11,cat_19,cat_93,cat_17,cat_92"
1140632122,"cat_1968,cat_3,cat_11,cat_19,cat_93,cat_8,cat_17,cat_92"
1140632123,"cat_1968,cat_3,cat_11,cat_19,cat_93,cat_8,cat_17,cat_92"
1140632124,"cat_1968,cat_3,cat_11,cat_19,cat_93,cat_17,cat_92"
1140632125,"cat_1968,cat_3,cat_11,cat_19,cat_93,cat_17,cat_92"
1140632126,"cat_1968,cat_2374,cat_3,cat_40,cat_111,cat_773,cat_775,cat_38,cat_112"
1140632127,"cat_1968,cat_2374,cat_3,cat_40,cat_111,cat_773,cat_775,cat_8,cat_38,cat_112"
1140632128,"cat_1968,cat_2374,cat_3,cat_40,cat_111,cat_773,cat_775,cat_8,cat_38,cat_112"
1140632129,"cat_1968,cat_2374,cat_3,cat_40,cat_111,cat_773,cat_775,cat_38,cat_112"
1140632130,"cat_1968,cat_2374,cat_3,cat_40,cat_111,cat_773,cat_775,cat_38,cat_112"
1140632131,"cat_1968,cat_2374,cat_3,cat_40,cat_773,cat_38"
1140632132,"cat_1968,cat_2374,cat_3,cat_21,cat_40,cat_98,cat_2224,cat_773,cat_778,cat_8,cat_38,cat_99"
1140632133,"cat_1968,cat_3,cat_11,cat_1551,cat_1558,cat_1549"
1140632134,"cat_1968,cat_3,cat_11,cat_1551,cat_1558,cat_1549"
1140632135,"cat_1968,cat_3,cat_11,cat_1551,cat_1558,cat_1549"
1140632136,"cat_3,cat_11,cat_14,cat_8"
1140632137,"cat_3,cat_11,cat_14,cat_8"
1140632138,"cat_2121,cat_3,cat_11,cat_14,cat_8"
1140632139,"cat_3,cat_11,cat_14,cat_8"
1140632140,"cat_3,cat_11,cat_14,cat_8"
1140632141,"cat_3,cat_11,cat_148,cat_14,cat_152,cat_8,cat_150"
1140632142,"cat_3,cat_11,cat_148,cat_14,cat_152,cat_8,cat_150"
1140632143,"cat_3,cat_11,cat_82,cat_185,cat_183,cat_184,cat_27,cat_186"
1140632144,"cat_3,cat_11,cat_82,cat_185,cat_183,cat_184,cat_27,cat_186"
1140632145,"cat_3,cat_11,cat_82,cat_185,cat_183,cat_184,cat_27,cat_186"
1140632146,"cat_3,cat_11,cat_82,cat_185,cat_183,cat_184,cat_27,cat_186"
1140632147,"cat_3,cat_11,cat_82,cat_185,cat_183,cat_184,cat_27,cat_186"
1140632148,"cat_3,cat_11,cat_82,cat_185,cat_183,cat_184,cat_27,cat_186"
1140632149,"cat_3,cat_11,cat_82,cat_185,cat_183,cat_184,cat_27,cat_186"
1140632150,"cat_3,cat_11,cat_82,cat_185,cat_183,cat_184,cat_27,cat_186"
1140632151,"cat_2374,cat_3,cat_326,cat_328"
1140632152,"cat_2374,cat_3,cat_326,cat_328"
1140632153,"cat_2374,cat_3,cat_326,cat_328"
1140632154,"cat_2374,cat_3,cat_326,cat_328"
1140632155,"cat_2374,cat_3,cat_259,cat_256"
1140632156,"cat_2374,cat_3,cat_259,cat_256"
1140632157,"cat_2374,cat_3,cat_259,cat_256"
1140632158,"cat_2374,cat_3,cat_259,cat_256"
1140632159,"cat_2374,cat_3,cat_259,cat_256"
1140632160,"cat_2374,cat_3,cat_271,cat_272,cat_273,cat_274"
1140632161,"cat_2374,cat_3,cat_271,cat_272,cat_273,cat_274"
1140632162,"cat_2374,cat_3,cat_271,cat_272,cat_273,cat_274"
1140632163,"cat_2374,cat_3,cat_271,cat_272,cat_273,cat_274"
1140632164,"cat_2374,cat_3,cat_271,cat_272,cat_273,cat_274"
1140632165,"cat_2374,cat_3,cat_271,cat_272,cat_273,cat_274"
1140632166,"cat_2374,cat_3,cat_271,cat_272,cat_273,cat_274"
1140632167,"cat_2374,cat_3,cat_271,cat_272,cat_273,cat_274"
1140632169,"cat_2374,cat_3,cat_326,cat_328"
1140632170,"cat_2374,cat_3,cat_326,cat_328"
1140632171,"cat_2374,cat_3,cat_326,cat_328"
1140632172,"cat_2374,cat_3,cat_326,cat_328"
1140632173,"cat_2374,cat_3,cat_326,cat_328"
1140632174,"cat_2374,cat_3,cat_326,cat_328"
1140632175,"cat_2374,cat_3,cat_326,cat_328"
1140632176,"cat_2374,cat_3,cat_326,cat_328"
1140632177,"cat_2374,cat_3,cat_326,cat_328"
1140632178,"cat_2374,cat_3,cat_326,cat_328"
1140632179,"cat_2374,cat_3,cat_326,cat_328"
1140632180,"cat_2374,cat_3,cat_326,cat_328"
1140632194,"cat_1968,cat_2374,cat_3,cat_40,cat_773,cat_38"
1140632195,"cat_1968,cat_2374,cat_3,cat_40,cat_773,cat_38"
1140632196,"cat_2374,cat_3,cat_326,cat_328"
1140632197,"cat_2374,cat_3,cat_326,cat_328"
1140632198,"cat_2374,cat_3,cat_326,cat_328"
1140632199,"cat_2374,cat_3,cat_326,cat_328"
1140632200,"cat_2374,cat_3,cat_259,cat_256"
1140632201,"cat_2374,cat_3,cat_259,cat_256"
1140632202,"cat_2374,cat_3,cat_259,cat_256"
1140632203,"cat_2374,cat_3,cat_259,cat_256"
1140632204,"cat_2374,cat_3,cat_259,cat_256"
1140632205,"cat_2374,cat_3,cat_259,cat_256"
1140632206,"cat_2374,cat_3,cat_326,cat_328"
1140632207,"cat_2374,cat_3,cat_326,cat_328"
1140632208,"cat_2374,cat_3,cat_326,cat_328"
1140632209,"cat_2374,cat_3,cat_326,cat_328"
1140632214,"cat_2374,cat_3,cat_259,cat_256"
1140632215,"cat_2374,cat_3,cat_259,cat_256"
1140632216,"cat_2374,cat_3,cat_259,cat_256"
1140632217,"cat_2374,cat_3,cat_259,cat_256"
1140632218,"cat_2374,cat_3,cat_259,cat_256"
1140632219,"cat_2374,cat_3,cat_259,cat_256"
1140632220,"cat_2374,cat_3,cat_259,cat_256"
1140632221,"cat_2374,cat_3,cat_259,cat_256"
1140632222,"cat_2374,cat_3,cat_259,cat_256"
1140632223,"cat_2374,cat_3,cat_259,cat_256"
1140632224,"cat_2374,cat_3,cat_259,cat_256"
1140632225,"cat_2374,cat_3,cat_259,cat_256"
1140632226,"cat_2374,cat_3,cat_259,cat_256"
1140632227,"cat_2374,cat_3,cat_259,cat_256"
1140632228,"cat_2374,cat_3,cat_259,cat_256"
1140632229,"cat_2374,cat_3,cat_259,cat_256"
1140632230,"cat_2374,cat_3,cat_326,cat_328"
1140632231,"cat_2374,cat_3,cat_326,cat_328"
1140632232,"cat_2374,cat_3,cat_326,cat_328"
1140632233,"cat_2374,cat_3,cat_326,cat_328"
1140632234,"cat_2374,cat_3,cat_326,cat_328"
1140632235,"cat_2374,cat_3,cat_326,cat_328"
1140632236,"cat_2374,cat_3,cat_326,cat_328"
1140632237,"cat_2374,cat_3,cat_326,cat_328"
1140632238,"cat_2374,cat_3,cat_326,cat_328"
1140632239,"cat_2374,cat_3,cat_326,cat_328"
1140632240,"cat_2374,cat_3,cat_259,cat_256"
1140632241,"cat_2374,cat_3,cat_259,cat_256"
1140632242,"cat_2374,cat_3,cat_259,cat_256"
1140632243,"cat_2374,cat_3,cat_259,cat_256"
1140632244,"cat_2374,cat_3,cat_259,cat_256"
1140632245,"cat_2374,cat_3,cat_259,cat_256"
1140632246,"cat_2374,cat_3,cat_259,cat_256"
1140632247,"cat_2374,cat_3,cat_259,cat_256"
1140632248,"cat_2374,cat_3,cat_259,cat_256"
1140632249,"cat_2374,cat_3,cat_259,cat_256"
1140632250,"cat_2374,cat_3,cat_326,cat_328"
1140632251,"cat_2374,cat_3,cat_326,cat_328"
1140632252,"cat_2374,cat_3,cat_271,cat_272,cat_273,cat_274"
1140632253,"cat_2374,cat_3,cat_271,cat_272,cat_273,cat_274"
1140632254,"cat_2374,cat_3,cat_271,cat_272,cat_273,cat_274"
1140632255,"cat_2374,cat_3,cat_326,cat_328"
1140632256,"cat_2374,cat_3,cat_326,cat_328"
1140632257,"cat_2374,cat_3,cat_326,cat_328"
1140632258,"cat_2374,cat_3"
1140632259,"cat_2374,cat_3"
1140632260,"cat_2374,cat_3"
1140632261,"cat_2374,cat_3"
1140632262,"cat_2374,cat_3"
1140632263,"cat_2374,cat_3,cat_271,cat_272,cat_273,cat_274"
1140632264,"cat_2374,cat_3,cat_271,cat_272,cat_273,cat_274"
1140632265,"cat_2374,cat_3,cat_271,cat_272,cat_273,cat_274"
1140632266,"cat_2374,cat_3,cat_271,cat_272,cat_273,cat_274"
1140632267,"cat_2374,cat_3,cat_271,cat_272,cat_273,cat_274"
1140632268,"cat_2374,cat_3,cat_271,cat_272,cat_273,cat_274"
1140632269,"cat_2374,cat_3,cat_271,cat_272,cat_273,cat_274"
1140632270,"cat_2374,cat_3,cat_271,cat_272,cat_273,cat_274"
1140632271,"cat_2374,cat_3,cat_271,cat_272,cat_273,cat_274"
1140632272,"cat_2374,cat_3,cat_326,cat_328"
1140632273,"cat_2374,cat_3,cat_326,cat_328"
1140632274,"cat_2374,cat_3,cat_326,cat_328"
1140632275,"cat_2374,cat_3,cat_326,cat_328"
1140632276,"cat_2374,cat_3,cat_326,cat_328"
1140632277,"cat_2374,cat_3,cat_29,cat_288,cat_27,cat_287"
1140632278,"cat_2374,cat_3,cat_29,cat_288,cat_27,cat_287"
1140632279,"cat_2374,cat_3,cat_29,cat_288,cat_27,cat_287"
1140632280,"cat_2374,cat_3,cat_326,cat_328"
1140632281,"cat_2374,cat_3,cat_326,cat_328"
1140632282,"cat_2374,cat_3,cat_326,cat_328"
1140632283,"cat_2374,cat_3,cat_326,cat_328"
1140632284,"cat_2374,cat_3,cat_326,cat_328"
1140632285,"cat_2374,cat_3,cat_259,cat_256"
1140632286,"cat_2374,cat_3,cat_259,cat_256"
1140632287,"cat_2374,cat_3,cat_259,cat_256"
1140632288,"cat_2374,cat_3"
1140632289,"cat_2374,cat_3"
1140632290,"cat_2374,cat_3"
1140632291,"cat_2374,cat_3"
1140632292,"cat_2374,cat_3"
1140632293,"cat_2374,cat_3"
1140632294,"cat_2374,cat_3"
1140632295,"cat_2374,cat_3"
1140632296,"cat_2374,cat_3"
1140632297,"cat_2374,cat_3"
1140632298,"cat_2374,cat_3"
1140632299,"cat_2374,cat_3"
1140632300,"cat_2374,cat_3,cat_326,cat_328"
1140632301,"cat_2374,cat_3,cat_326,cat_328"
1140632302,"cat_2374,cat_3,cat_326,cat_328"
1140632303,"cat_2374,cat_3,cat_326,cat_328"
1140632304,"cat_2374,cat_3,cat_326,cat_328"
1140632305,"cat_2374,cat_3,cat_326,cat_328"
1140632306,"cat_2374,cat_3,cat_326,cat_328"
1140632307,"cat_2374,cat_3,cat_326,cat_328"
1140632308,"cat_2374,cat_3,cat_326,cat_328"
1140632321,"cat_3,cat_8,cat_256,cat_257"
1140632322,cat_2172
1140632323,cat_2172
1140632324,cat_2172
1140632325,cat_2172
1140632326,cat_2172
1140632327,cat_2172
1140632328,cat_2172
1140632329,cat_2172
1140632330,cat_2172
1140632331,cat_2172
1140632332,cat_2172
1140632333,cat_2172
1140632334,cat_2172
1140632335,cat_2172
1140632336,cat_2172
1140632337,cat_2172
1140632338,cat_2172
1140632339,cat_2172
1140632346,cat_2172
1140632347,cat_2172
1140632348,cat_2172
1140632349,cat_2172
1140632350,"cat_3,cat_11,cat_45,cat_80,cat_40,cat_78,cat_773,cat_786,cat_8,cat_38,cat_77"
1140632351,"cat_3,cat_11,cat_45,cat_80,cat_40,cat_78,cat_773,cat_786,cat_8,cat_38,cat_77"
1140632352,"cat_3,cat_11,cat_45,cat_80,cat_40,cat_78,cat_773,cat_786,cat_8,cat_38,cat_77"
1140632353,"cat_3,cat_11,cat_45,cat_80,cat_40,cat_78,cat_773,cat_786,cat_8,cat_38,cat_77"
1140632354,"cat_3,cat_11,cat_45,cat_80,cat_40,cat_78,cat_773,cat_786,cat_8,cat_38,cat_77"
1140632355,"cat_3,cat_11,cat_45,cat_80,cat_40,cat_78,cat_773,cat_786,cat_8,cat_38,cat_77"
1140632356,"cat_3,cat_11,cat_45,cat_80,cat_40,cat_78,cat_773,cat_786,cat_8,cat_38,cat_77"
1140632357,"cat_3,cat_11,cat_45,cat_80,cat_40,cat_78,cat_773,cat_786,cat_8,cat_38,cat_77"
1140632358,"cat_3,cat_11,cat_45,cat_80,cat_40,cat_78,cat_773,cat_786,cat_8,cat_38,cat_77"
1140632359,"cat_3,cat_11,cat_45,cat_80,cat_40,cat_78,cat_773,cat_786,cat_8,cat_38,cat_77"
1140632360,"cat_3,cat_11,cat_45,cat_80,cat_40,cat_78,cat_773,cat_786,cat_8,cat_38,cat_77"
1140632361,"cat_3,cat_11,cat_45,cat_80,cat_40,cat_78,cat_773,cat_786,cat_8,cat_38,cat_77"
1140632362,"cat_3,cat_11,cat_45,cat_80,cat_40,cat_78,cat_773,cat_786,cat_8,cat_38,cat_77"
1140632363,"cat_3,cat_11,cat_45,cat_80,cat_40,cat_78,cat_773,cat_786,cat_8,cat_38,cat_77"
1140632366,"cat_1968,cat_3,cat_11,cat_1551,cat_1558,cat_8,cat_1549"
1140632367,"cat_1968,cat_3,cat_11,cat_1551,cat_1558,cat_8,cat_1549"
1140632368,"cat_1968,cat_3,cat_11,cat_1551,cat_1558,cat_8,cat_1549"
1140632369,"cat_1968,cat_3,cat_11,cat_1551,cat_1558,cat_8,cat_1549"
1140632370,"cat_1968,cat_3,cat_11,cat_1551,cat_1558,cat_8,cat_1549"
1140632371,"cat_1968,cat_3,cat_11,cat_1551,cat_1558,cat_8,cat_1549"
1140632372,"cat_3,cat_11,cat_45,cat_80,cat_40,cat_78,cat_773,cat_786,cat_8,cat_38,cat_77"
1140632373,"cat_3,cat_11,cat_45,cat_80,cat_40,cat_78,cat_773,cat_786,cat_8,cat_38,cat_77"
1140632374,"cat_3,cat_11,cat_45,cat_80,cat_40,cat_78,cat_773,cat_786,cat_8,cat_38,cat_77"
1140632375,"cat_3,cat_11,cat_1551,cat_1840,cat_1558,cat_1841,cat_8,cat_1549,cat_1839"
1140632376,"cat_3,cat_11,cat_1551,cat_1840,cat_1558,cat_1841,cat_8,cat_1549,cat_1839"
1140632377,"cat_3,cat_11,cat_1551,cat_1840,cat_1558,cat_1841,cat_8,cat_1549,cat_1839"
1140632378,"cat_3,cat_11,cat_1551,cat_1840,cat_1558,cat_1841,cat_8,cat_1549,cat_1839"
1140632379,"cat_3,cat_11,cat_1551,cat_1840,cat_1558,cat_1841,cat_8,cat_1549,cat_1839"
1140632380,"cat_3,cat_11,cat_1551,cat_115,cat_1558,cat_8,cat_1549"
1140632381,"cat_3,cat_11,cat_1551,cat_115,cat_1558,cat_8,cat_1549"
1140632382,"cat_3,cat_11,cat_1551,cat_115,cat_1558,cat_8,cat_1549"
1140632383,"cat_3,cat_11,cat_1551,cat_115,cat_1558,cat_8,cat_1549"
1140632384,"cat_3,cat_11,cat_1551,cat_1558,cat_8,cat_1549"
1140632385,"cat_3,cat_11,cat_1551,cat_1558,cat_8,cat_1549"
1140632386,"cat_3,cat_11,cat_1551,cat_1558,cat_8,cat_1549"
1140632387,"cat_3,cat_11,cat_1551,cat_1558,cat_8,cat_1549"
1140632388,"cat_3,cat_11,cat_1551,cat_1558,cat_8,cat_1549"
1140632389,"cat_3,cat_11,cat_1551,cat_1558,cat_8,cat_1549"
1140632390,"cat_3,cat_11,cat_1551,cat_1558,cat_8,cat_1549"
1140632391,"cat_3,cat_11,cat_1551,cat_1558,cat_8,cat_1549"
1140632392,"cat_3,cat_11,cat_45,cat_80,cat_40,cat_78,cat_773,cat_786,cat_8,cat_38,cat_77"
1140632393,"cat_3,cat_11,cat_45,cat_80,cat_40,cat_78,cat_773,cat_786,cat_8,cat_38,cat_77"
1140632394,"cat_3,cat_11,cat_45,cat_80,cat_40,cat_78,cat_773,cat_786,cat_8,cat_38,cat_77"
1140632395,"cat_3,cat_11,cat_45,cat_80,cat_40,cat_78,cat_773,cat_786,cat_8,cat_38,cat_77"
1140632396,"cat_3,cat_11,cat_45,cat_80,cat_40,cat_78,cat_773,cat_786,cat_8,cat_38,cat_77"
1140632397,"cat_3,cat_11,cat_45,cat_80,cat_40,cat_78,cat_773,cat_786,cat_8,cat_38,cat_77"
1140632398,"cat_3,cat_11,cat_45,cat_80,cat_40,cat_78,cat_773,cat_786,cat_8,cat_38,cat_77"
1140632399,"cat_3,cat_11,cat_45,cat_80,cat_40,cat_78,cat_773,cat_786,cat_8,cat_38,cat_77"
1140632400,"cat_3,cat_11,cat_45,cat_80,cat_40,cat_78,cat_773,cat_786,cat_8,cat_38,cat_77"
1140632401,"cat_3,cat_11,cat_45,cat_80,cat_40,cat_78,cat_773,cat_786,cat_8,cat_38,cat_77"
1140632402,"cat_3,cat_11,cat_45,cat_80,cat_40,cat_78,cat_773,cat_786,cat_8,cat_38,cat_77"
1140632403,"cat_3,cat_11,cat_45,cat_80,cat_40,cat_78,cat_773,cat_786,cat_8,cat_38,cat_77"
1140632404,"cat_3,cat_11,cat_45,cat_80,cat_40,cat_78,cat_773,cat_786,cat_8,cat_38,cat_77"
1140632405,"cat_3,cat_11,cat_45,cat_80,cat_40,cat_78,cat_773,cat_786,cat_8,cat_38,cat_77"
1140632406,"cat_3,cat_11,cat_45,cat_80,cat_40,cat_78,cat_773,cat_786,cat_8,cat_38,cat_77"
1140632407,"cat_3,cat_11,cat_45,cat_80,cat_40,cat_78,cat_773,cat_786,cat_8,cat_38,cat_77"
1140632408,"cat_3,cat_11,cat_45,cat_80,cat_40,cat_78,cat_773,cat_786,cat_8,cat_38,cat_77"
1140632410,"cat_3,cat_11,cat_45,cat_80,cat_40,cat_78,cat_773,cat_786,cat_8,cat_38,cat_77"
1140632411,"cat_3,cat_11,cat_45,cat_80,cat_40,cat_78,cat_773,cat_786,cat_8,cat_38,cat_77"
1140632412,"cat_3,cat_11,cat_45,cat_80,cat_40,cat_78,cat_773,cat_786,cat_8,cat_38,cat_77"
1140632413,"cat_3,cat_11,cat_45,cat_80,cat_40,cat_78,cat_773,cat_786,cat_8,cat_38,cat_77"
1140632414,"cat_3,cat_11,cat_45,cat_80,cat_40,cat_78,cat_773,cat_786,cat_8,cat_38,cat_77"
1140632415,"cat_3,cat_11,cat_45,cat_80,cat_40,cat_78,cat_773,cat_786,cat_8,cat_38,cat_77"
1140632416,"cat_3,cat_11,cat_45,cat_80,cat_40,cat_78,cat_773,cat_786,cat_8,cat_38,cat_77"
1140632417,"cat_3,cat_11,cat_45,cat_80,cat_40,cat_78,cat_773,cat_786,cat_8,cat_38,cat_77"
1140632418,cat_3
1140632419,cat_3
1140632420,cat_3
1140632421,cat_3
1140632422,cat_3
1140632423,cat_3
1140632424,cat_3
1140632425,cat_3
1140632426,cat_2172
1140632427,cat_2172
1140632428,cat_2172
1140632429,cat_2172
1140632430,cat_2172
1140632431,cat_2172
1140632432,cat_2172
1140632433,cat_2172
1140632434,cat_2172
1140632435,cat_2172
1140632436,cat_2172
1140632437,"cat_3,cat_8,cat_223"
1140632438,"cat_3,cat_8,cat_223"
1140632439,"cat_3,cat_8,cat_223"
1140632440,"cat_3,cat_8,cat_223"
1140632441,"cat_3,cat_8,cat_223"
1140632442,"cat_3,cat_8,cat_223"
1140632443,"cat_3,cat_8,cat_223"
1140632444,"cat_3,cat_8,cat_223"
1140632445,"cat_3,cat_8,cat_223"
1140632446,"cat_3,cat_8,cat_223"
1140632447,"cat_3,cat_8,cat_223"
1140632448,"cat_3,cat_8,cat_223"
1140632449,"cat_3,cat_8,cat_223"
1140632450,"cat_3,cat_8,cat_223"
1140632451,"cat_3,cat_8,cat_223"
1140632452,"cat_3,cat_8,cat_223"
1140632453,"cat_3,cat_8,cat_223"
1140632454,"cat_3,cat_8,cat_223"
1140632455,"cat_3,cat_8,cat_223"
1140632456,"cat_3,cat_8,cat_223"
1140632457,"cat_3,cat_8,cat_223"
1140632458,"cat_3,cat_8,cat_223"
1140632459,"cat_3,cat_8,cat_223"
1140632460,"cat_3,cat_8,cat_223"
1140632461,"cat_3,cat_8,cat_223"
1140632462,"cat_3,cat_8,cat_223"
1140632463,"cat_3,cat_8,cat_223"
1140632464,"cat_3,cat_8,cat_223"
1140632465,"cat_3,cat_8,cat_223"
1140632466,"cat_3,cat_8,cat_223"
1140632467,"cat_3,cat_8,cat_223"
1140632468,"cat_3,cat_8,cat_223"
1140632469,"cat_3,cat_8,cat_223"
1140632470,"cat_3,cat_8,cat_223"
1140632471,"cat_3,cat_8,cat_223"
1140632472,"cat_3,cat_8,cat_223"
1140632473,"cat_3,cat_8,cat_223"
1140632474,"cat_3,cat_8,cat_223"
1140632475,"cat_1968,cat_3,cat_11,cat_1551,cat_1558,cat_8,cat_1549"
1140632476,"cat_1968,cat_3,cat_11,cat_1551,cat_1558,cat_8,cat_1549"
1140632477,"cat_1968,cat_3,cat_11,cat_1551,cat_1558,cat_8,cat_1549"
1140632478,"cat_1968,cat_3,cat_11,cat_1551,cat_1558,cat_8,cat_1549"
1140632479,"cat_1968,cat_3,cat_11,cat_1551,cat_1558,cat_8,cat_1549"
1140632480,"cat_1968,cat_3,cat_11,cat_1551,cat_1558,cat_8,cat_1549"
1140632481,"cat_1968,cat_3,cat_11,cat_1551,cat_1558,cat_8,cat_1549"
1140632482,"cat_1968,cat_3,cat_11,cat_1551,cat_1558,cat_8,cat_1549"
1140632483,"cat_1968,cat_3,cat_11,cat_1551,cat_1558,cat_8,cat_1549"
1140632484,"cat_1968,cat_3,cat_11,cat_1551,cat_1558,cat_8,cat_1549"
1140632485,"cat_1968,cat_3,cat_11,cat_1551,cat_1558,cat_8,cat_1549"
1140632486,"cat_1968,cat_3,cat_11,cat_1551,cat_1558,cat_8,cat_1549"
1140632487,"cat_1968,cat_2374,cat_3,cat_11,cat_45,cat_1345,cat_1348,cat_14,cat_47,cat_40,cat_773,cat_8,cat_38"
1140632488,"cat_1968,cat_2374,cat_3,cat_11,cat_45,cat_1345,cat_1348,cat_14,cat_47,cat_40,cat_773,cat_8,cat_38"
1140632489,"cat_1968,cat_2374,cat_3,cat_11,cat_45,cat_1345,cat_1348,cat_14,cat_47,cat_40,cat_773,cat_8,cat_38"
1140632490,"cat_1968,cat_2374,cat_3,cat_11,cat_45,cat_1345,cat_1348,cat_14,cat_47,cat_40,cat_773,cat_8,cat_38"
1140632491,"cat_1968,cat_2374,cat_3,cat_11,cat_45,cat_1345,cat_1348,cat_14,cat_47,cat_40,cat_773,cat_8,cat_38"
1140632492,"cat_1968,cat_2374,cat_3,cat_11,cat_45,cat_1345,cat_1348,cat_14,cat_47,cat_40,cat_773,cat_8,cat_38"
1140632493,"cat_1968,cat_2374,cat_3,cat_11,cat_45,cat_1345,cat_1348,cat_14,cat_47,cat_40,cat_773,cat_8,cat_38"
1140632500,"cat_3,cat_8,cat_222,cat_223"
1140632501,"cat_3,cat_8,cat_222,cat_223"
1140632502,"cat_3,cat_8,cat_222,cat_223"
1140632503,"cat_3,cat_8,cat_222,cat_223"
1140632504,"cat_3,cat_8,cat_222,cat_223"
1140632505,"cat_3,cat_8,cat_222,cat_223"
1140632506,"cat_3,cat_8,cat_222,cat_223"
1140632507,"cat_3,cat_8,cat_222,cat_223"
1140632508,"cat_3,cat_8,cat_222,cat_223"
1140632509,"cat_3,cat_8,cat_222,cat_223"
1140632510,"cat_3,cat_8,cat_222,cat_223"
1140632511,"cat_3,cat_8,cat_222,cat_223"
1140632512,"cat_3,cat_8,cat_222,cat_223"
1140632516,cat_3
1140632517,cat_3
1140632518,cat_3
1140632519,cat_3
1140632522,"cat_3,cat_11,cat_82,cat_8,cat_27"
1140632523,"cat_3,cat_11,cat_82,cat_8,cat_27"
1140632524,"cat_3,cat_11,cat_82,cat_8,cat_27"
1140632525,"cat_3,cat_11,cat_82,cat_8,cat_27"
1140632526,"cat_3,cat_11,cat_82,cat_8,cat_27"
1140632527,"cat_3,cat_11,cat_82,cat_8,cat_27"
1140632528,"cat_3,cat_11,cat_82,cat_8,cat_27"
1140632529,"cat_3,cat_11,cat_82,cat_8,cat_27"
1140632530,"cat_3,cat_11,cat_82,cat_8,cat_27"
1140632531,"cat_3,cat_11,cat_82,cat_8,cat_27"
1140632532,"cat_3,cat_11,cat_82,cat_8,cat_27"
1140632533,"cat_3,cat_11,cat_82,cat_8,cat_27"
1140632534,"cat_3,cat_11,cat_82,cat_8,cat_27"
1140632535,"cat_3,cat_11,cat_82,cat_8,cat_27"
1140632536,"cat_3,cat_11,cat_82,cat_8,cat_27"
1140632537,"cat_3,cat_11,cat_82,cat_8,cat_27"
1140632538,"cat_3,cat_11,cat_82,cat_8,cat_27"
1140632539,"cat_3,cat_11,cat_82,cat_8,cat_27"
1140632540,"cat_3,cat_11,cat_82,cat_8,cat_27"
1140632541,"cat_3,cat_11,cat_82,cat_8,cat_27"
1140632542,"cat_3,cat_11,cat_82,cat_8,cat_27"
1140632543,"cat_3,cat_11,cat_82,cat_8,cat_27"
1140632544,"cat_3,cat_11,cat_82,cat_8,cat_27"
1140632545,"cat_3,cat_11,cat_82,cat_8,cat_27"
1140632546,"cat_3,cat_11,cat_82,cat_8,cat_27"
1140632547,"cat_3,cat_11,cat_82,cat_8,cat_27"
1140632548,"cat_3,cat_11,cat_82,cat_8,cat_27"
1140632549,"cat_3,cat_11,cat_82,cat_8,cat_27"
1140632550,"cat_3,cat_11,cat_82,cat_8,cat_27"
1140632551,"cat_3,cat_11,cat_82,cat_8,cat_27"
1140632552,"cat_3,cat_11,cat_82,cat_8,cat_27"
1140632553,"cat_3,cat_11,cat_82,cat_8,cat_27"
1140632554,"cat_3,cat_11,cat_82,cat_8,cat_27"
1140632555,"cat_3,cat_11,cat_82,cat_8,cat_27"
1140632556,"cat_3,cat_11,cat_82,cat_8,cat_27"
1140632557,"cat_3,cat_11,cat_82,cat_8,cat_27"
1140632558,"cat_3,cat_11,cat_82,cat_8,cat_27"
1140632559,"cat_3,cat_11,cat_82,cat_8,cat_27"
1140632560,"cat_3,cat_11,cat_82,cat_8,cat_27"
1140632561,"cat_3,cat_11,cat_82,cat_8,cat_27"
1140632562,"cat_3,cat_11,cat_82,cat_8,cat_27"
1140632563,"cat_3,cat_11,cat_82,cat_8,cat_27"
1140632564,"cat_3,cat_11,cat_82,cat_8,cat_27"
1140632565,"cat_3,cat_11,cat_82,cat_8,cat_27"
1140632566,"cat_3,cat_11,cat_82,cat_8,cat_27"
1140632567,"cat_3,cat_11,cat_82,cat_8,cat_27"
1140632568,"cat_3,cat_11,cat_82,cat_8,cat_27"
1140632569,"cat_3,cat_11,cat_82,cat_8,cat_27"
1140632570,"cat_3,cat_11,cat_82,cat_8,cat_27"
1140632571,"cat_3,cat_11,cat_82,cat_8,cat_27"
1140632572,"cat_3,cat_11,cat_82,cat_8,cat_27"
1140632573,"cat_3,cat_11,cat_82,cat_8,cat_27"
1140632574,"cat_3,cat_11,cat_82,cat_8,cat_27"
1140632575,"cat_3,cat_11,cat_82,cat_8,cat_27"
1140632576,"cat_3,cat_11,cat_82,cat_8,cat_27"
1140632577,"cat_3,cat_11,cat_82,cat_8,cat_27"
1140632578,"cat_3,cat_11,cat_82,cat_8,cat_27"
1140632579,"cat_3,cat_11,cat_82,cat_8,cat_27"
1140632580,"cat_3,cat_11,cat_82,cat_8,cat_27"
1140632581,"cat_3,cat_11,cat_82,cat_8,cat_27"
1140632582,cat_2172
1140632583,cat_2172
1140632585,cat_2172
1140632586,cat_2172
1140632587,cat_2172
1140632588,cat_2172
1140632589,cat_2172
1140632590,cat_2172
1140632591,cat_2172
1140632592,cat_2172
1140632593,"cat_3,cat_11,cat_19,cat_20,cat_17,cat_18"
1140632594,"cat_3,cat_11,cat_19,cat_20,cat_17,cat_18"
1140632595,"cat_3,cat_11,cat_19,cat_20,cat_17,cat_18"
1140632596,"cat_3,cat_11,cat_19,cat_20,cat_17,cat_18"
1140632597,"cat_3,cat_11,cat_19,cat_20,cat_17,cat_18"
1140632598,"cat_3,cat_11,cat_19,cat_20,cat_17,cat_18"
1140632599,"cat_2374,cat_3,cat_29,cat_288,cat_8,cat_27,cat_287"
1140632600,"cat_2374,cat_3,cat_29,cat_288,cat_8,cat_27,cat_287"
1140632601,"cat_2374,cat_3,cat_29,cat_288,cat_8,cat_27,cat_287"
1140632602,cat_2172
1140632603,cat_2172
1140632604,cat_2172
1140632605,cat_2172
1140632606,cat_2172
1140632607,cat_2172
1140632608,cat_2172
1140632609,cat_2172
1140632610,cat_2172
1140632611,cat_2172
1140632612,cat_2172
1140632613,cat_2172
1140632614,cat_2172
1140632615,cat_2172
1140632616,cat_2172
1140632617,cat_2172
1140632618,cat_2172
1140632619,cat_2172
1140632620,cat_2172
1140632621,cat_2172
1140632622,cat_2172
1140632623,cat_2172
1140632624,cat_2172
1140632625,cat_2172
1140632626,cat_2172
1140632627,cat_2172
1140632628,cat_2172
1140632629,cat_2172
1140632630,cat_2172
1140632631,cat_2172
1140632632,"cat_3,cat_11,cat_1551,cat_1549"
1140632633,"cat_3,cat_11,cat_1551,cat_1549"
1140632634,"cat_3,cat_11,cat_1551,cat_1549"
1140632635,"cat_3,cat_11,cat_1551,cat_1549"
1140632636,"cat_3,cat_11,cat_1551,cat_1549"
1140632637,"cat_3,cat_11,cat_1551,cat_1549"
1140632638,"cat_3,cat_11,cat_1551,cat_1549"
1140632639,"cat_3,cat_11,cat_1551,cat_1549"
1140632640,"cat_3,cat_11,cat_1551,cat_1549"
1140632641,"cat_3,cat_11,cat_1551,cat_1549"
1140632642,"cat_3,cat_11,cat_1551,cat_1549"
1140632643,"cat_3,cat_11,cat_1551,cat_1549"
1140632644,"cat_3,cat_11,cat_1551,cat_1549"
1140632645,"cat_3,cat_11,cat_1551,cat_1549"
1140632646,"cat_3,cat_11,cat_1551,cat_1549"
1140632647,"cat_3,cat_11,cat_1551,cat_1549"
1140632648,"cat_3,cat_11,cat_14,cat_8"
1140632649,"cat_3,cat_11,cat_14,cat_8"
1140632650,"cat_3,cat_11,cat_14,cat_8"
1140632651,"cat_2123,cat_3,cat_11,cat_14,cat_8"
1140632652,"cat_3,cat_11,cat_14,cat_8"
1140632656,"cat_3,cat_11,cat_82,cat_8,cat_27"
1140632657,"cat_3,cat_11,cat_148,cat_158,cat_14,cat_152,cat_160,cat_8,cat_150,cat_159"
1140632658,"cat_3,cat_11,cat_82,cat_1345,cat_1360,cat_14,cat_183"
1140632659,"cat_3,cat_11"
1140632660,"cat_3,cat_11"
1140632661,cat_3
1140632662,cat_3
1140632663,cat_3
1140632664,cat_3
1140632665,cat_3
1140632666,cat_3
1140632667,cat_3
1140632668,cat_3
1140632669,cat_3
1140632673,cat_3
1140632674,cat_3
1140632675,cat_3
1140632676,cat_3
1140632677,cat_3
1140632678,cat_3
1140632681,cat_3
1140632684,cat_3
1140632685,cat_3
1140632686,cat_3
1140632687,cat_3
1140632688,"cat_3,cat_21,cat_2224"
1140632689,"cat_3,cat_21,cat_2224"
1140632690,cat_3
1140632691,cat_3
1140632692,cat_3
1140632693,cat_3
1140632694,cat_3
1140632700,"cat_1968,cat_3,cat_11,cat_1551,cat_115,cat_1558,cat_8,cat_1549"
1140632701,"cat_1968,cat_3,cat_11,cat_1551,cat_115,cat_1558,cat_8,cat_1549"
1140632702,"cat_1968,cat_3,cat_11,cat_1551,cat_115,cat_1558,cat_8,cat_1549"
1140632703,"cat_1968,cat_3,cat_8,cat_31,cat_32"
1140632704,"cat_1968,cat_3,cat_8,cat_31,cat_32"
1140632705,"cat_1968,cat_3,cat_8,cat_1549,cat_1561"
1140632706,"cat_1968,cat_3,cat_8,cat_1549,cat_1561"
1140632707,"cat_1968,cat_3,cat_11,cat_115"
1140632708,"cat_1968,cat_3,cat_11,cat_115"
1140632709,"cat_1968,cat_3,cat_11,cat_1551,cat_1549"
1140632710,"cat_1968,cat_3,cat_11,cat_1551,cat_1549"
1140632711,"cat_1968,cat_3,cat_11,cat_1551,cat_1549"
1140632712,"cat_1968,cat_3,cat_11,cat_1551,cat_8,cat_1549"
1140632713,"cat_1968,cat_3,cat_11,cat_1551,cat_8,cat_1549"
1140632714,"cat_1968,cat_3,cat_11,cat_1551,cat_8,cat_1549"
1140632715,"cat_1968,cat_3,cat_11,cat_1551,cat_1549"
1140632716,"cat_1968,cat_3,cat_11,cat_1551,cat_1549"
1140632717,"cat_1968,cat_3,cat_11,cat_1551,cat_1549"
1140632718,"cat_1968,cat_3,cat_11,cat_1551,cat_8,cat_1549"
1140632719,"cat_1968,cat_3,cat_11,cat_1551,cat_8,cat_1549"
1140632720,"cat_1968,cat_3,cat_11,cat_1551,cat_8,cat_1549"
1140632721,"cat_1968,cat_3,cat_11"
1140632722,"cat_1968,cat_2374,cat_3,cat_11,cat_45,cat_46,cat_1345,cat_1348,cat_1349,cat_47,cat_48,cat_40,cat_41,cat_773,cat_790,cat_8,cat_38,cat_39"
1140632723,"cat_1968,cat_2374,cat_3,cat_11,cat_45,cat_46,cat_1345,cat_1348,cat_1349,cat_47,cat_48,cat_40,cat_41,cat_773,cat_790,cat_8,cat_38,cat_39"
1140632724,"cat_1968,cat_2374,cat_3,cat_11,cat_45,cat_46,cat_1345,cat_1348,cat_1349,cat_47,cat_48,cat_40,cat_41,cat_773,cat_790,cat_8,cat_38,cat_39"
1140632725,"cat_1968,cat_2374,cat_3,cat_11,cat_45,cat_46,cat_1345,cat_1348,cat_1349,cat_47,cat_48,cat_40,cat_41,cat_773,cat_790,cat_8,cat_38,cat_39"
1140632726,"cat_1968,cat_2374,cat_3,cat_11,cat_45,cat_46,cat_1345,cat_1348,cat_1349,cat_47,cat_48,cat_40,cat_41,cat_773,cat_790,cat_8,cat_38,cat_39"
1140632727,"cat_1968,cat_2374,cat_3,cat_11,cat_45,cat_46,cat_1345,cat_1348,cat_1349,cat_47,cat_48,cat_40,cat_41,cat_773,cat_790,cat_8,cat_38,cat_39"
1140632728,"cat_1968,cat_3,cat_11,cat_115"
1140632729,"cat_1968,cat_3,cat_11,cat_115"
1140632730,"cat_1968,cat_3,cat_11,cat_1551,cat_115,cat_1558,cat_1549"
1140632731,"cat_1968,cat_3,cat_11,cat_1551,cat_115,cat_1558,cat_1549"
1140632732,"cat_1968,cat_3,cat_11,cat_1551,cat_115,cat_1558,cat_1549"
1140632733,"cat_1968,cat_3,cat_11,cat_19,cat_66,cat_17,cat_65"
1140632734,"cat_1968,cat_3,cat_11,cat_19,cat_66,cat_17,cat_65"
1140632735,"cat_1968,cat_3,cat_11,cat_19,cat_66,cat_17,cat_65"
1140632736,"cat_1968,cat_3,cat_11,cat_19,cat_93,cat_8,cat_17,cat_92"
1140632737,"cat_1968,cat_3,cat_11,cat_19,cat_93,cat_8,cat_17,cat_92"
1140632738,"cat_1968,cat_2374,cat_3,cat_40,cat_773,cat_8,cat_38"
1140632739,"cat_1968,cat_2374,cat_3,cat_40,cat_773,cat_8,cat_38"
1140632740,"cat_1968,cat_2374,cat_3,cat_40,cat_773,cat_8,cat_38"
1140632741,"cat_1968,cat_2374,cat_3,cat_40,cat_773,cat_8,cat_38"
1140632742,"cat_3,cat_11,cat_14,cat_8"
1140632743,"cat_3,cat_11,cat_14"
1140632744,"cat_3,cat_11,cat_14"
1140632745,"cat_3,cat_11"
1140632746,"cat_3,cat_11"
1140632747,cat_2172
1140632748,cat_2172
1140632749,cat_2172
1140632750,cat_2172
1140632751,cat_2172
1140632752,cat_2172
1140632753,"cat_2374,cat_3,cat_11,cat_45,cat_46,cat_1345,cat_1348,cat_1349,cat_47,cat_48,cat_40,cat_41,cat_773,cat_790,cat_38,cat_39"
1140632754,"cat_2374,cat_3,cat_11,cat_45,cat_46,cat_1345,cat_1348,cat_1349,cat_14,cat_47,cat_48,cat_40,cat_41,cat_773,cat_790,cat_8,cat_38,cat_39"
1140632755,"cat_2374,cat_3,cat_11,cat_45,cat_46,cat_1345,cat_1348,cat_1349,cat_47,cat_48,cat_40,cat_41,cat_773,cat_790,cat_38,cat_39"
1140632756,"cat_2374,cat_3,cat_29,cat_288,cat_27,cat_287"
1140632757,"cat_2374,cat_3,cat_29,cat_288,cat_8,cat_27,cat_287"
1140632758,"cat_2374,cat_3,cat_29,cat_288,cat_8,cat_27,cat_287"
1140632759,"cat_2374,cat_3,cat_29,cat_288,cat_8,cat_27,cat_287"
1140632760,"cat_2374,cat_3,cat_29,cat_288,cat_8,cat_27,cat_287"
1140632761,"cat_2374,cat_3,cat_29,cat_288,cat_8,cat_27,cat_287"
1140632762,"cat_2374,cat_3,cat_29,cat_288,cat_8,cat_27,cat_287"
1140632763,"cat_2374,cat_3,cat_29,cat_288,cat_8,cat_27,cat_287"
1140632764,"cat_2374,cat_3,cat_11,cat_45,cat_46,cat_1345,cat_1348,cat_1349,cat_14,cat_47,cat_48,cat_40,cat_41,cat_773,cat_790,cat_8,cat_38,cat_39"
1140632765,"cat_2374,cat_3,cat_11,cat_45,cat_46,cat_1345,cat_1348,cat_1349,cat_14,cat_47,cat_48,cat_40,cat_41,cat_773,cat_790,cat_8,cat_38,cat_39"
1140632766,"cat_2374,cat_3,cat_11,cat_45,cat_46,cat_1345,cat_1348,cat_1349,cat_14,cat_47,cat_48,cat_40,cat_41,cat_773,cat_790,cat_8,cat_38,cat_39"
1140632767,"cat_2374,cat_3,cat_11,cat_45,cat_46,cat_1345,cat_1348,cat_1349,cat_14,cat_47,cat_48,cat_40,cat_41,cat_773,cat_790,cat_8,cat_38,cat_39"
1140632768,"cat_2374,cat_3,cat_11,cat_45,cat_46,cat_1345,cat_1348,cat_1349,cat_14,cat_47,cat_48,cat_40,cat_41,cat_773,cat_790,cat_8,cat_38,cat_39"
1140632769,"cat_2374,cat_3,cat_11,cat_45,cat_46,cat_1345,cat_1348,cat_1349,cat_14,cat_47,cat_48,cat_40,cat_41,cat_773,cat_790,cat_8,cat_38,cat_39"
1140632770,"cat_2374,cat_3,cat_11,cat_45,cat_46,cat_1345,cat_1348,cat_1349,cat_14,cat_47,cat_48,cat_40,cat_41,cat_773,cat_790,cat_8,cat_38,cat_39"
1140632771,"cat_2374,cat_3,cat_11,cat_45,cat_46,cat_1345,cat_1348,cat_1349,cat_14,cat_47,cat_48,cat_40,cat_41,cat_773,cat_790,cat_8,cat_38,cat_39"
1140632772,"cat_2374,cat_3,cat_11,cat_45,cat_46,cat_1345,cat_1348,cat_1349,cat_14,cat_47,cat_48,cat_40,cat_41,cat_773,cat_790,cat_8,cat_38,cat_39"
1140632773,"cat_2374,cat_3,cat_11,cat_45,cat_46,cat_1345,cat_1348,cat_1349,cat_14,cat_47,cat_48,cat_40,cat_41,cat_773,cat_790,cat_8,cat_38,cat_39"
1140632774,"cat_2374,cat_3,cat_11,cat_45,cat_46,cat_1345,cat_1348,cat_1349,cat_14,cat_47,cat_48,cat_40,cat_41,cat_773,cat_790,cat_8,cat_38,cat_39"
1140632775,"cat_2374,cat_3,cat_11,cat_45,cat_46,cat_1345,cat_1348,cat_1349,cat_14,cat_47,cat_48,cat_40,cat_41,cat_773,cat_790,cat_8,cat_38,cat_39"
1140632776,"cat_2374,cat_3,cat_21,cat_259,cat_262,cat_2224,cat_8,cat_256,cat_261"
1140632777,"cat_3,cat_11"
1140632778,"cat_3,cat_11"
1140632779,"cat_3,cat_11"
1140632780,"cat_3,cat_11"
1140632781,"cat_2374,cat_3,cat_8"
1140632782,"cat_2374,cat_3,cat_8"
1140632783,"cat_2374,cat_3,cat_8"
1140632784,"cat_2374,cat_3,cat_8"
1140632785,"cat_3,cat_11,cat_428,cat_429"
1140632786,"cat_3,cat_11,cat_428,cat_429"
1140632787,"cat_3,cat_11,cat_428,cat_429"
1140632788,"cat_3,cat_11,cat_428,cat_429"
1140632789,"cat_3,cat_11,cat_428,cat_429"
1140632790,"cat_3,cat_11,cat_428,cat_429"
1140632791,"cat_3,cat_11,cat_428,cat_429"
1140632792,"cat_3,cat_11,cat_428,cat_429"
1140632793,"cat_3,cat_11,cat_428,cat_429"
1140632794,"cat_3,cat_11,cat_428,cat_429"
1140632795,"cat_3,cat_11,cat_428,cat_429"
1140632796,"cat_3,cat_11,cat_428,cat_429"
1140632797,"cat_3,cat_11,cat_428,cat_429"
1140632798,"cat_3,cat_11,cat_428,cat_429"
1140632799,"cat_3,cat_11,cat_428,cat_429"
1140632800,"cat_3,cat_11,cat_428,cat_429"
1140632801,"cat_3,cat_11,cat_428,cat_429"
1140632802,"cat_3,cat_11,cat_428,cat_429"
1140632803,"cat_3,cat_11,cat_428,cat_429"
1140632805,"cat_3,cat_11,cat_428,cat_429"
1140632806,"cat_3,cat_11,cat_428,cat_429"
1140632807,"cat_3,cat_11,cat_428,cat_429"
1140632808,"cat_3,cat_11,cat_428,cat_429"
1140632809,"cat_3,cat_11,cat_428,cat_429"
1140632810,"cat_3,cat_11,cat_428,cat_429"
1140632811,"cat_3,cat_11,cat_428,cat_429"
1140632812,"cat_3,cat_11,cat_428,cat_429"
1140632813,"cat_3,cat_11,cat_428,cat_429"
1140632814,"cat_3,cat_11,cat_428,cat_429"
1140632815,"cat_3,cat_11,cat_428,cat_429"
1140632816,"cat_3,cat_11,cat_428,cat_429"
1140632817,"cat_3,cat_11,cat_428,cat_429"
1140632818,"cat_3,cat_11,cat_428,cat_429"
1140632819,"cat_3,cat_11,cat_428,cat_429"
1140632820,"cat_3,cat_11,cat_428,cat_429"
1140632821,"cat_3,cat_11,cat_428,cat_429"
1140632822,"cat_3,cat_11,cat_428,cat_429"
1140632823,"cat_3,cat_11,cat_428,cat_429"
1140632824,"cat_3,cat_11,cat_428,cat_429"
1140632825,"cat_3,cat_11,cat_428,cat_429"
1140632826,"cat_3,cat_11,cat_428,cat_429"
1140632827,"cat_3,cat_11,cat_428,cat_429"
1140632828,"cat_3,cat_11,cat_428,cat_429"
1140632829,"cat_3,cat_11,cat_428,cat_429"
1140632830,"cat_3,cat_11,cat_428,cat_429"
1140632831,"cat_3,cat_11,cat_428,cat_429"
1140632832,"cat_3,cat_11,cat_428,cat_429"
1140632833,"cat_3,cat_11,cat_428,cat_429"
1140632834,"cat_3,cat_11,cat_428,cat_429"
1140632835,"cat_3,cat_11,cat_428,cat_429"
1140632836,"cat_3,cat_11,cat_428,cat_429"
1140632837,"cat_3,cat_11,cat_428,cat_429"
1140632838,"cat_3,cat_11,cat_428,cat_429"
1140632839,"cat_3,cat_11,cat_428,cat_429"
1140632840,"cat_3,cat_11,cat_428,cat_429"
1140632841,"cat_3,cat_11,cat_428,cat_429"
1140632842,"cat_3,cat_11,cat_428,cat_429"
1140632843,"cat_3,cat_11,cat_428,cat_429"
1140632844,"cat_3,cat_11,cat_428,cat_429"
1140632845,"cat_3,cat_11,cat_428,cat_429"
1140632846,"cat_3,cat_11,cat_428,cat_429"
1140632847,"cat_3,cat_11,cat_428,cat_429"
1140632848,"cat_3,cat_11,cat_428,cat_429"
1140632849,"cat_3,cat_11,cat_428,cat_429"
1140632850,"cat_3,cat_223"
1140632851,"cat_3,cat_223"
1140632852,"cat_3,cat_223"
1140632853,"cat_1968,cat_3,cat_11,cat_1551,cat_115,cat_1558,cat_8,cat_1549"
1140632854,"cat_1968,cat_3,cat_11,cat_1551,cat_115,cat_1558,cat_8,cat_1549"
1140632855,"cat_1968,cat_3,cat_11,cat_1551,cat_115,cat_1558,cat_8,cat_1549"
1140632864,cat_3
1140632865,cat_3
1140632866,"cat_3,cat_11,cat_14,cat_8"
1140632867,"cat_3,cat_11"
1140632868,"cat_3,cat_11"
1140632869,"cat_3,cat_11"
1140632870,"cat_3,cat_11"
1140632871,"cat_3,cat_11"
1140632872,"cat_3,cat_11"
1140632873,"cat_3,cat_11"
1140632874,"cat_2374,cat_3,cat_11,cat_45,cat_46,cat_1345,cat_1348,cat_1349,cat_14,cat_47,cat_48,cat_40,cat_41,cat_2224,cat_770,cat_773,cat_790,cat_8,cat_38,cat_39"
1140632876,"cat_2127,cat_3,cat_11,cat_14"
1140632877,"cat_2127,cat_3,cat_11,cat_14"
1140632878,"cat_2127,cat_3,cat_11,cat_14"
1140632879,"cat_2127,cat_3,cat_11,cat_14"
1140632880,"cat_2127,cat_3,cat_11,cat_14"
1140632881,"cat_2127,cat_3,cat_11,cat_14"
1140632882,"cat_2127,cat_3,cat_11,cat_14"
1140632883,"cat_2127,cat_3,cat_11,cat_14"
1140632884,"cat_2127,cat_2374,cat_3,cat_1345,cat_14"
1140632885,"cat_2127,cat_2374,cat_3,cat_1345,cat_14"
1140632886,"cat_2127,cat_2374,cat_3,cat_1345,cat_14"
1140632887,"cat_2127,cat_2374,cat_3,cat_1345,cat_14"
1140632888,"cat_2127,cat_2374,cat_3,cat_1345,cat_14"
1140632889,"cat_2127,cat_2374,cat_3,cat_1345,cat_14"
1140632890,"cat_2127,cat_2374,cat_3,cat_1345,cat_14"
1140632891,"cat_2127,cat_2374,cat_3,cat_1345,cat_14"
1140632892,"cat_2127,cat_2374,cat_3,cat_1345,cat_14"
1140632893,"cat_2127,cat_2374,cat_3,cat_1345,cat_14"
1140632894,"cat_2127,cat_2374,cat_3,cat_1345,cat_14"
1140632895,"cat_2127,cat_2374,cat_3,cat_1345,cat_14"
1140632896,"cat_2127,cat_2374,cat_3,cat_1345,cat_14"
1140632897,"cat_2127,cat_2374,cat_3,cat_1345,cat_14"
1140632898,"cat_2374,cat_3,cat_11,cat_45,cat_1345,cat_1348,cat_14,cat_47,cat_40,cat_2224,cat_770,cat_773,cat_8,cat_38"
1140632899,"cat_2374,cat_3,cat_11,cat_45,cat_1345,cat_1348,cat_14,cat_47,cat_40,cat_2224,cat_770,cat_773,cat_8,cat_38"
1140632901,"cat_2374,cat_3,cat_40,cat_98,cat_2224,cat_770,cat_773,cat_778,cat_8,cat_38,cat_99"
1140632902,"cat_2374,cat_3,cat_40,cat_98,cat_2224,cat_770,cat_773,cat_778,cat_8,cat_38,cat_99"
1140632903,"cat_2374,cat_3,cat_40,cat_98,cat_2224,cat_770,cat_773,cat_778,cat_8,cat_38,cat_99"
1140632904,"cat_2374,cat_3,cat_40,cat_98,cat_2224,cat_770,cat_773,cat_778,cat_8,cat_38,cat_99"
1140632918,"cat_2374,cat_3,cat_40,cat_98,cat_2224,cat_770,cat_773,cat_778,cat_8,cat_38,cat_99"
1140632919,"cat_2374,cat_3,cat_40,cat_98,cat_2224,cat_770,cat_773,cat_778,cat_8,cat_38,cat_99"
1140632920,"cat_2374,cat_3,cat_40,cat_98,cat_2224,cat_770,cat_773,cat_778,cat_8,cat_38,cat_99"
1140632923,"cat_2374,cat_3,cat_40,cat_98,cat_2224,cat_770,cat_773,cat_778,cat_8,cat_38,cat_99"
1140632926,"cat_3,cat_11"
1140632927,"cat_3,cat_11"
1140632928,"cat_3,cat_11,cat_14"
1140632929,"cat_3,cat_11,cat_14"
1140632930,"cat_2374,cat_3,cat_40,cat_98,cat_2224,cat_770,cat_773,cat_778,cat_8,cat_38,cat_99"
1140632931,"cat_2374,cat_3,cat_40,cat_98,cat_2224,cat_770,cat_773,cat_778,cat_8,cat_38,cat_99"
1140632932,"cat_2374,cat_3,cat_40,cat_98,cat_2224,cat_770,cat_773,cat_778,cat_8,cat_38,cat_99"
1140632933,"cat_2374,cat_3,cat_40,cat_98,cat_2224,cat_770,cat_773,cat_778,cat_8,cat_38,cat_99"
1140632934,"cat_2374,cat_3,cat_40,cat_98,cat_2224,cat_770,cat_773,cat_778,cat_8,cat_38,cat_99"
1140632935,"cat_2374,cat_3,cat_40,cat_98,cat_2224,cat_770,cat_773,cat_778,cat_8,cat_38,cat_99"
1140632954,"cat_3,cat_11,cat_14,cat_8"
1140632955,"cat_3,cat_11,cat_14,cat_8"
1140632956,"cat_3,cat_11,cat_14,cat_8"
1140632957,"cat_3,cat_11,cat_14,cat_8"
1140632958,"cat_3,cat_11,cat_14,cat_8"
1140632959,"cat_3,cat_11,cat_14,cat_8"
1140632960,"cat_3,cat_11,cat_14,cat_8"
1140632961,"cat_3,cat_11,cat_14,cat_8"
1140632962,"cat_3,cat_11,cat_14,cat_8"
1140632963,"cat_3,cat_11,cat_14,cat_8"
1140632964,"cat_3,cat_11,cat_14,cat_8"
1140632965,"cat_3,cat_11,cat_14,cat_8"
1140632966,"cat_3,cat_11,cat_45,cat_46,cat_1345,cat_1348,cat_1349,cat_14,cat_47,cat_48,cat_40,cat_41,cat_2224,cat_770,cat_773,cat_790,cat_8,cat_38,cat_39"
1140632967,"cat_2127,cat_3,cat_11,cat_14,cat_8"
1140632968,"cat_2127,cat_3,cat_11,cat_14,cat_8"
1140632969,"cat_2127,cat_3,cat_11,cat_14,cat_8"
1140632970,"cat_2374,cat_3,cat_115,cat_21,cat_2224,cat_8"
1140632971,"cat_2374,cat_3,cat_115,cat_21,cat_2224,cat_8"
1140632972,"cat_3,cat_115,cat_21,cat_2224,cat_8"
1140632973,"cat_3,cat_115,cat_21,cat_2224,cat_8"
1140632974,"cat_3,cat_1558,cat_8,cat_1549"
1140632975,"cat_3,cat_1558,cat_8,cat_1549"
1140632976,"cat_3,cat_1558,cat_8,cat_1549"
1140632977,"cat_3,cat_1558,cat_8,cat_1549"
1140632978,"cat_3,cat_1558,cat_8,cat_1549"
1140632979,"cat_3,cat_1558,cat_8,cat_1549"
1140632980,"cat_3,cat_1558,cat_8,cat_1549"
1140632981,"cat_3,cat_11,cat_148,cat_158,cat_14,cat_152,cat_160,cat_8,cat_150,cat_159"
1140632982,"cat_3,cat_11,cat_148,cat_158,cat_14,cat_152,cat_160,cat_8,cat_150,cat_159"
1140632983,"cat_3,cat_11,cat_148,cat_158,cat_14,cat_152,cat_160,cat_8,cat_150,cat_159"
1140632984,"cat_3,cat_11,cat_148,cat_158,cat_14,cat_152,cat_160,cat_8,cat_150,cat_159"
1140632985,"cat_3,cat_11,cat_148,cat_158,cat_14,cat_152,cat_160,cat_8,cat_150,cat_159"
1140632986,"cat_3,cat_11,cat_148,cat_158,cat_14,cat_152,cat_160,cat_8,cat_150,cat_159"
1140632993,"cat_3,cat_21,cat_2224"
1140632994,"cat_3,cat_21,cat_2224"
1140632995,"cat_3,cat_21,cat_2224"
1140632996,cat_3
1140632997,"cat_3,cat_21,cat_2224"
1140632998,"cat_1968,cat_3,cat_11,cat_45,cat_80,cat_40,cat_78,cat_773,cat_786,cat_38,cat_77"
1140632999,"cat_1968,cat_3,cat_11,cat_285,cat_115,cat_283,cat_279,cat_281"
1140633000,"cat_1968,cat_3,cat_11,cat_285,cat_115,cat_283,cat_279,cat_281"
1140633001,"cat_1968,cat_3,cat_11,cat_285,cat_115,cat_283,cat_279,cat_281"
1140633002,"cat_1968,cat_3,cat_11,cat_285,cat_115,cat_283,cat_279,cat_281"
1140633003,"cat_1968,cat_3,cat_11,cat_285,cat_115,cat_283,cat_279,cat_281"
1140633004,"cat_1968,cat_3,cat_11,cat_285,cat_115,cat_283,cat_279,cat_281"
1140633005,"cat_1968,cat_3,cat_11,cat_285,cat_115,cat_283,cat_279,cat_281"
1140633008,"cat_1968,cat_3,cat_115"
1140633009,"cat_1968,cat_3,cat_115"
1140633010,"cat_1968,cat_2374,cat_3,cat_326"
1140633011,"cat_1968,cat_2374,cat_3,cat_326"
1140633012,"cat_1968,cat_2374,cat_3,cat_326"
1140633013,"cat_1968,cat_2374,cat_3,cat_11,cat_45,cat_1345,cat_1348,cat_47,cat_21,cat_40,cat_2224,cat_773,cat_8,cat_38"
1140633014,"cat_1968,cat_2374,cat_3,cat_11,cat_45,cat_1345,cat_1348,cat_47,cat_40,cat_773,cat_8,cat_38"
1140633015,"cat_1968,cat_2374,cat_3,cat_11,cat_45,cat_1345,cat_1348,cat_47,cat_40,cat_773,cat_8,cat_38"
1140633016,"cat_1968,cat_2374,cat_3,cat_11,cat_45,cat_1345,cat_1348,cat_47,cat_40,cat_773,cat_8,cat_38"
1140633018,"cat_1968,cat_3,cat_11,cat_19,cat_93,cat_8,cat_17,cat_92"
1140633019,"cat_1968,cat_3,cat_11,cat_19,cat_93,cat_8,cat_17,cat_92"
1140633020,"cat_1968,cat_2374,cat_3,cat_40,cat_98,cat_773,cat_778,cat_38,cat_99"
1140633021,"cat_1968,cat_2374,cat_3,cat_21,cat_40,cat_98,cat_2224,cat_773,cat_778,cat_8,cat_38,cat_99"
1140633022,"cat_1968,cat_2374,cat_3,cat_40,cat_111,cat_773,cat_775,cat_8,cat_38,cat_112"
1140633023,"cat_1968,cat_2374,cat_3,cat_40,cat_111,cat_773,cat_775,cat_8,cat_38,cat_112"
1140633024,"cat_1968,cat_2374,cat_3,cat_40,cat_111,cat_773,cat_775,cat_8,cat_38,cat_112"
1140633026,"cat_1968,cat_2374,cat_3,cat_40,cat_773,cat_8,cat_38"
1140633027,"cat_1968,cat_2374,cat_3,cat_40,cat_773,cat_8,cat_38"
1140633028,"cat_1968,cat_2374,cat_3,cat_40,cat_773,cat_8,cat_38"
1140633029,"cat_1968,cat_2374,cat_3,cat_40,cat_773,cat_8,cat_38"
1140633030,"cat_1968,cat_2374,cat_3,cat_40,cat_98,cat_773,cat_778,cat_8,cat_38,cat_99"
1140633031,"cat_1968,cat_2374,cat_3,cat_40,cat_98,cat_773,cat_778,cat_8,cat_38,cat_99"
1140633032,"cat_1968,cat_2374,cat_3,cat_40,cat_98,cat_773,cat_778,cat_8,cat_38,cat_99"
1140633033,"cat_1968,cat_2374,cat_3,cat_40,cat_98,cat_773,cat_778,cat_8,cat_38,cat_99"
1140633034,"cat_1968,cat_3,cat_11,cat_1551,cat_1558,cat_8,cat_1549"
1140633035,"cat_1968,cat_3,cat_11,cat_1551,cat_1558,cat_8,cat_1549"
1140633036,"cat_1968,cat_3,cat_11,cat_1551,cat_1558,cat_8,cat_1549"
1140633037,"cat_1968,cat_3,cat_11,cat_1551,cat_1558,cat_1549"
1140633038,"cat_1968,cat_3,cat_11,cat_1551,cat_1558,cat_1549"
1140633039,"cat_1968,cat_3,cat_11,cat_1551,cat_1558,cat_1549"
1140633040,"cat_1968,cat_3,cat_11,cat_1551,cat_1558,cat_8,cat_1549"
1140633041,"cat_1968,cat_3,cat_11,cat_1551,cat_1558,cat_8,cat_1549"
1140633042,"cat_1968,cat_3,cat_11,cat_1551,cat_1558,cat_8,cat_1549"
1140633043,"cat_1968,cat_3,cat_11,cat_1551,cat_1558,cat_8,cat_1549"
1140633044,"cat_1968,cat_3,cat_11,cat_1551,cat_1558,cat_8,cat_1549"
1140633045,"cat_1968,cat_3,cat_11,cat_1551,cat_1558,cat_8,cat_1549"
1140633046,"cat_1968,cat_3,cat_11,cat_1551,cat_1558,cat_8,cat_1549"
1140633047,"cat_1968,cat_3,cat_11,cat_1551,cat_1558,cat_8,cat_1549"
1140633051,"cat_1968,cat_3,cat_11,cat_1551,cat_1558,cat_1549"
1140633052,"cat_1968,cat_3,cat_11,cat_1551,cat_1558,cat_1549"
1140633053,"cat_1968,cat_3,cat_11,cat_1551,cat_1558,cat_1549"
1140633054,"cat_1968,cat_3,cat_11,cat_1551,cat_1558,cat_1549"
1140633055,"cat_1968,cat_3,cat_11,cat_1551,cat_1558,cat_1549"
1140633056,"cat_1968,cat_3,cat_11,cat_1551,cat_1558,cat_8,cat_1549"
1140633057,"cat_1968,cat_3,cat_11,cat_1551,cat_1558,cat_1549"
1140633058,"cat_1968,cat_3,cat_11,cat_1551,cat_1558,cat_1549"
1140633059,"cat_1968,cat_3,cat_11,cat_1551,cat_1558,cat_1549"
1140633061,"cat_1968,cat_3,cat_11,cat_1551,cat_1558,cat_8,cat_1549"
1140633062,"cat_1968,cat_3,cat_11,cat_1551,cat_1558,cat_1549"
1140633063,"cat_1968,cat_3,cat_11,cat_1551,cat_1558,cat_1549"
1140633064,"cat_1968,cat_3,cat_11,cat_1551,cat_1558,cat_1549"
1140633065,"cat_1968,cat_3,cat_11,cat_1551,cat_1558,cat_1549"
1140633067,"cat_1968,cat_3,cat_11,cat_1551,cat_1558,cat_1549"
1140633068,"cat_1968,cat_3,cat_11,cat_1551,cat_1558,cat_1549"
1140633069,"cat_1968,cat_3,cat_11,cat_1551,cat_1558,cat_1549"
1140633070,"cat_1968,cat_3,cat_11,cat_1551,cat_1558,cat_8,cat_1549"
1140633071,"cat_1968,cat_3,cat_11,cat_1551,cat_1558,cat_8,cat_1549"
1140633072,"cat_1968,cat_3,cat_11,cat_1551,cat_1558,cat_8,cat_1549"
1140633073,"cat_1968,cat_3,cat_11,cat_1551,cat_1558,cat_8,cat_1549"
1140633074,"cat_1968,cat_3,cat_11,cat_1551,cat_1558,cat_8,cat_1549"
1140633075,"cat_1968,cat_3,cat_11,cat_1551,cat_1558,cat_8,cat_1549"
1140633076,"cat_1968,cat_3,cat_11,cat_1551,cat_1558,cat_8,cat_1549"
1140633077,"cat_1968,cat_3,cat_11,cat_1551,cat_1558,cat_8,cat_1549"
1140633078,"cat_1968,cat_3,cat_11,cat_1551,cat_1558,cat_8,cat_1549"
1140633079,"cat_1968,cat_3,cat_222,cat_223"
1140633080,"cat_1968,cat_3,cat_222,cat_223"
1140633081,"cat_1968,cat_3,cat_8,cat_223"
1140633082,"cat_1968,cat_3,cat_8,cat_223"
1140633083,"cat_1968,cat_3,cat_8,cat_223"
1140633084,"cat_1968,cat_3,cat_8,cat_223"
1140633085,"cat_1968,cat_3,cat_8,cat_223"
1140633086,"cat_1968,cat_3,cat_8,cat_223"
1140633087,"cat_1968,cat_3,cat_8,cat_223"
1140633088,"cat_1968,cat_3,cat_8,cat_223"
1140633089,"cat_1968,cat_3,cat_11,cat_45,cat_80,cat_40,cat_78,cat_773,cat_786,cat_8,cat_38,cat_77"
1140633090,"cat_1968,cat_3,cat_11,cat_45,cat_80,cat_40,cat_78,cat_773,cat_786,cat_8,cat_38,cat_77"
1140633091,"cat_3,cat_11,cat_8"
1140633092,"cat_3,cat_11,cat_8"
1140633093,"cat_2374,cat_3,cat_8"
1140633094,"cat_2374,cat_3,cat_8"
1140633095,"cat_2374,cat_3,cat_8"
1140633096,"cat_2374,cat_3,cat_8"
1140633097,"cat_2374,cat_3,cat_8"
1140633098,"cat_3,cat_11,cat_8"
1140633099,"cat_3,cat_11,cat_8"
1140633100,"cat_3,cat_11,cat_8"
1140633101,"cat_3,cat_11,cat_8"
1140633102,"cat_3,cat_11,cat_8"
1140633103,"cat_3,cat_11,cat_8"
1140633104,"cat_3,cat_11,cat_8"
1140633105,"cat_3,cat_11,cat_1551,cat_8,cat_1549"
1140633106,"cat_3,cat_11,cat_1551,cat_8,cat_1549"
1140633107,"cat_3,cat_11,cat_1551,cat_8,cat_1549"
1140633108,"cat_3,cat_11,cat_1551,cat_8,cat_1549"
1140633109,"cat_3,cat_11,cat_1551,cat_8,cat_1549"
1140633110,"cat_3,cat_11,cat_1551,cat_8,cat_1549"
1140633111,"cat_3,cat_11,cat_1551,cat_8,cat_1549"
1140633112,"cat_3,cat_11,cat_1551,cat_8,cat_1549"
1140633113,"cat_3,cat_11,cat_19,cat_91,cat_8,cat_17,cat_90"
1140633114,"cat_3,cat_11,cat_19,cat_91,cat_8,cat_17,cat_90"
1140633115,"cat_3,cat_11,cat_19,cat_91,cat_8,cat_17,cat_90"
1140633116,"cat_3,cat_11,cat_19,cat_91,cat_8,cat_17,cat_90"
1140633117,"cat_3,cat_11,cat_19,cat_68,cat_8,cat_17,cat_67"
1140633118,"cat_3,cat_11,cat_19,cat_68,cat_8,cat_17,cat_67"
1140633119,"cat_3,cat_11,cat_19,cat_68,cat_8,cat_17,cat_67"
1140633120,"cat_3,cat_11,cat_19,cat_68,cat_8,cat_17,cat_67"
1140633124,"cat_3,cat_271,cat_272,cat_273,cat_274"
1140633129,"cat_3,cat_11,cat_19,cat_93,cat_8,cat_17,cat_92"
1140633130,"cat_3,cat_11,cat_19,cat_93,cat_8,cat_17,cat_92"
1140633131,"cat_3,cat_11,cat_19,cat_93,cat_8,cat_17,cat_92"
1140633132,"cat_3,cat_11,cat_19,cat_93,cat_8,cat_17,cat_92"
1140633133,"cat_3,cat_11,cat_19,cat_93,cat_8,cat_17,cat_92"
1140633134,"cat_3,cat_11,cat_19,cat_93,cat_8,cat_17,cat_92"
1140633135,"cat_3,cat_11,cat_19,cat_93,cat_8,cat_17,cat_92"
1140633136,"cat_3,cat_11,cat_19,cat_93,cat_8,cat_17,cat_92"
1140633143,"cat_3,cat_11,cat_8"
1140633144,"cat_3,cat_11,cat_8"
1140633145,"cat_3,cat_11,cat_8"
1140633146,"cat_3,cat_11,cat_8"
1140633147,"cat_3,cat_11,cat_8"
1140633156,"cat_2374,cat_3,cat_11,cat_14,cat_8"
1140633157,"cat_2374,cat_3,cat_11,cat_14,cat_8"
1140633158,"cat_2374,cat_3,cat_11,cat_14,cat_8"
1140633159,"cat_2374,cat_3,cat_11,cat_14,cat_8"
1140633160,"cat_3,cat_11,cat_14,cat_21,cat_2224,cat_8"
1140633161,"cat_3,cat_11,cat_14,cat_21,cat_2224,cat_8"
1140633162,"cat_3,cat_11,cat_115,cat_14,cat_21,cat_2224,cat_8"
1140633163,"cat_3,cat_11,cat_115,cat_14,cat_8"
1140633164,"cat_3,cat_11,cat_115,cat_14,cat_8"
1140633165,"cat_3,cat_11,cat_115,cat_14,cat_8"
1140633166,"cat_3,cat_11,cat_115,cat_14,cat_21,cat_2224,cat_8"
1140633167,"cat_3,cat_11,cat_115,cat_14,cat_8"
1140633168,"cat_3,cat_11,cat_1551,cat_8,cat_1549"
1140633169,"cat_3,cat_11,cat_1551,cat_1549"
1140633170,"cat_3,cat_11,cat_1551,cat_1549"
1140633171,"cat_3,cat_11,cat_1551,cat_1549"
1140633172,"cat_3,cat_11,cat_1551,cat_8,cat_1549"
1140633173,"cat_3,cat_11,cat_1551,cat_1549"
1140633174,"cat_3,cat_11,cat_1551,cat_1549"
1140633175,"cat_3,cat_11,cat_1551,cat_1549"
1140633176,cat_2172
1140633177,cat_2172
1140633178,cat_2172
1140633179,cat_2172
1140633180,cat_2172
1140633181,cat_2172
1140633182,cat_2172
1140633183,cat_2172
1140633184,cat_2172
1140633185,cat_2172
1140633186,cat_2172
1140633187,cat_2172
1140633188,cat_2172
1140633189,cat_2172
1140633190,"cat_2374,cat_3,cat_21,cat_326,cat_2224,cat_328"
1140633191,cat_2172
1140633192,cat_2172
1140633193,cat_2172
1140633194,cat_2172
1140633195,cat_2172
1140633202,"cat_3,cat_11,cat_1551,cat_8,cat_1549"
1140633203,"cat_3,cat_11,cat_1551,cat_8,cat_1549"
1140633204,"cat_3,cat_11,cat_1551,cat_8,cat_1549"
1140633205,"cat_3,cat_11,cat_1551,cat_8,cat_1549"
1140633206,"cat_3,cat_11,cat_1551,cat_8,cat_1549"
1140633207,"cat_3,cat_11,cat_1551,cat_8,cat_1549"
1140633208,"cat_3,cat_11,cat_1551,cat_8,cat_1549"
1140633209,"cat_3,cat_11,cat_1551,cat_8,cat_1549"
1140633210,"cat_3,cat_11,cat_14,cat_8"
1140633211,"cat_3,cat_11,cat_14,cat_8"
1140633217,"cat_3,cat_29,cat_30,cat_27,cat_28"
1140633218,"cat_3,cat_29,cat_30,cat_27,cat_28"
1140633219,"cat_3,cat_29,cat_30,cat_27,cat_28"
1140633220,"cat_3,cat_29,cat_30,cat_27,cat_28"
1140633251,"cat_1968,cat_3,cat_11,cat_45,cat_80,cat_40,cat_78,cat_773,cat_786,cat_8,cat_38,cat_77"
1140633252,"cat_1968,cat_3,cat_11,cat_45,cat_80,cat_40,cat_78,cat_773,cat_786,cat_38,cat_77"
1140633277,cat_2172
1140633278,cat_2172
1140633279,cat_2172
1140633280,cat_2172
1140633281,cat_2172
1140633282,cat_2172
1140633283,cat_2172
1140633284,cat_2172
1140633285,cat_2172
1140633286,cat_2172
1140633287,cat_2172
1140633288,cat_2172
1140633289,cat_2172
1140633290,cat_2172
1140633291,cat_2172
1140633292,cat_2172
1140633293,cat_2172
1140633294,cat_2172
1140633295,cat_2172
1140633296,cat_2172
1140633297,cat_2172
1140633298,cat_2172
1140633299,cat_2172
1140633314,"cat_3,cat_11,cat_14,cat_8"
1140633315,"cat_3,cat_11,cat_1551,cat_14,cat_1553,cat_1549"
1140633316,"cat_2374,cat_3,cat_21,cat_40,cat_111,cat_2224,cat_773,cat_775,cat_8,cat_38,cat_112"
1140633317,"cat_2374,cat_3,cat_40,cat_111,cat_773,cat_775,cat_8,cat_38,cat_112"
1140633318,"cat_2374,cat_3,cat_40,cat_111,cat_773,cat_775,cat_8,cat_38,cat_112"
1140633319,"cat_2374,cat_3,cat_40,cat_111,cat_773,cat_775,cat_8,cat_38,cat_112"
1140633320,"cat_2374,cat_3,cat_40,cat_111,cat_773,cat_775,cat_8,cat_38,cat_112"
1140633321,"cat_2374,cat_3,cat_40,cat_111,cat_773,cat_775,cat_8,cat_38,cat_112"
1140633322,"cat_2374,cat_3,cat_40,cat_111,cat_773,cat_775,cat_8,cat_38,cat_112"
1140633338,"cat_2374,cat_3,cat_115,cat_40,cat_773,cat_38"
1140633339,"cat_2374,cat_3,cat_115,cat_40,cat_773,cat_38"
1140633340,"cat_2374,cat_3,cat_115,cat_40,cat_773,cat_38"
1140633341,"cat_2374,cat_3,cat_115,cat_40,cat_773,cat_38"
1140633342,"cat_2374,cat_3,cat_115,cat_40,cat_773,cat_38"
1140633343,"cat_2374,cat_3,cat_115,cat_40,cat_773,cat_38"
1140633344,"cat_2374,cat_3,cat_21,cat_40,cat_111,cat_2224,cat_773,cat_775,cat_38,cat_112"
1140633345,"cat_2374,cat_3,cat_40,cat_98,cat_773,cat_778,cat_38,cat_99"
1140633346,"cat_2374,cat_3,cat_40,cat_98,cat_773,cat_778,cat_38,cat_99"
1140633347,"cat_2374,cat_3,cat_40,cat_98,cat_773,cat_778,cat_38,cat_99"
1140633348,"cat_2374,cat_3,cat_40,cat_98,cat_773,cat_778,cat_38,cat_99"
1140633349,"cat_2374,cat_3,cat_40,cat_98,cat_773,cat_778,cat_38,cat_99"
1140633350,"cat_2374,cat_3,cat_40,cat_98,cat_773,cat_778,cat_38,cat_99"
1140633351,"cat_2374,cat_3,cat_40,cat_98,cat_773,cat_778,cat_38,cat_99"
1140633352,"cat_2374,cat_3,cat_40,cat_98,cat_773,cat_778,cat_38,cat_99"
1140633353,"cat_2374,cat_3,cat_40,cat_98,cat_773,cat_778,cat_38,cat_99"
1140633354,"cat_2374,cat_3,cat_40,cat_98,cat_773,cat_778,cat_38,cat_99"
1140633355,"cat_2374,cat_3,cat_40,cat_98,cat_773,cat_778,cat_38,cat_99"
1140633356,"cat_2374,cat_3,cat_40,cat_98,cat_773,cat_778,cat_38,cat_99"
1140633357,"cat_2374,cat_3,cat_40,cat_98,cat_773,cat_778,cat_38,cat_99"
1140633358,"cat_2374,cat_3,cat_40,cat_98,cat_773,cat_778,cat_38,cat_99"
1140633359,"cat_2374,cat_3,cat_40,cat_98,cat_773,cat_778,cat_38,cat_99"
1140633360,"cat_2374,cat_3,cat_40,cat_98,cat_773,cat_778,cat_38,cat_99"
1140633361,"cat_2374,cat_3,cat_40,cat_98,cat_773,cat_778,cat_38,cat_99"
1140633362,"cat_2374,cat_3,cat_40,cat_98,cat_773,cat_778,cat_38,cat_99"
1140633363,"cat_2374,cat_3,cat_40,cat_98,cat_773,cat_778,cat_38,cat_99"
1140633364,"cat_2374,cat_3,cat_40,cat_98,cat_773,cat_778,cat_38,cat_99"
1140633365,"cat_2374,cat_3,cat_40,cat_98,cat_773,cat_778,cat_38,cat_99"
1140633366,"cat_2374,cat_3,cat_40,cat_98,cat_773,cat_778,cat_38,cat_99"
1140633367,"cat_2374,cat_3,cat_21,cat_40,cat_2224,cat_773,cat_38"
1140633368,"cat_2374,cat_3,cat_40,cat_773,cat_38"
1140633369,"cat_2374,cat_3,cat_40,cat_773,cat_8,cat_38"
1140633370,"cat_2374,cat_3,cat_11,cat_45,cat_115,cat_14,cat_47,cat_21,cat_40,cat_2224,cat_773"
1140633371,"cat_2374,cat_3,cat_1558,cat_1733,cat_8,cat_1549,cat_1734"
1140633372,"cat_2374,cat_3,cat_1558,cat_1733,cat_8,cat_1549,cat_1734"
1140633373,"cat_2374,cat_3,cat_1558,cat_1733,cat_8,cat_1549,cat_1734"
1140633374,"cat_2374,cat_3,cat_1558,cat_1733,cat_8,cat_1549,cat_1734"
1140633375,"cat_2374,cat_3,cat_40,cat_111,cat_773,cat_775,cat_8,cat_38,cat_112"
1140633376,"cat_2374,cat_3,cat_40,cat_111,cat_773,cat_775,cat_8,cat_38,cat_112"
1140633377,"cat_2374,cat_3,cat_40,cat_111,cat_773,cat_775,cat_8,cat_38,cat_112"
1140633378,"cat_2374,cat_3,cat_40,cat_111,cat_773,cat_775,cat_8,cat_38,cat_112"
1140633379,"cat_2374,cat_3,cat_40,cat_111,cat_773,cat_775,cat_8,cat_38,cat_112"
1140633380,"cat_2374,cat_3,cat_40,cat_111,cat_773,cat_775,cat_8,cat_38,cat_112"
1140633381,"cat_2374,cat_3,cat_40,cat_111,cat_773,cat_775,cat_8,cat_38,cat_112"
1140633382,"cat_2374,cat_3,cat_40,cat_111,cat_773,cat_775,cat_8,cat_38,cat_112"
1140633383,"cat_2374,cat_3,cat_40,cat_111,cat_773,cat_775,cat_8,cat_38,cat_112"
1140633384,"cat_2374,cat_3,cat_40,cat_111,cat_773,cat_775,cat_8,cat_38,cat_112"
1140633385,"cat_2374,cat_3,cat_40,cat_111,cat_773,cat_775,cat_8,cat_38,cat_112"
1140633386,"cat_2374,cat_3,cat_40,cat_111,cat_773,cat_775,cat_8,cat_38,cat_112"
1140633387,"cat_2374,cat_3,cat_40,cat_111,cat_773,cat_775,cat_8,cat_38,cat_112"
1140633388,"cat_2374,cat_3,cat_40,cat_111,cat_773,cat_775,cat_8,cat_38,cat_112"
1140633389,"cat_2374,cat_3,cat_40,cat_111,cat_773,cat_775,cat_8,cat_38,cat_112"
1140633390,"cat_2374,cat_3,cat_40,cat_111,cat_773,cat_775,cat_8,cat_38,cat_112"
1140633391,"cat_2374,cat_3,cat_40,cat_111,cat_773,cat_775,cat_8,cat_38,cat_112"
1140633392,"cat_2374,cat_3,cat_40,cat_111,cat_773,cat_775,cat_8,cat_38,cat_112"
1140633393,"cat_2374,cat_3,cat_40,cat_111,cat_773,cat_775,cat_8,cat_38,cat_112"
1140633394,"cat_2374,cat_3,cat_40,cat_111,cat_773,cat_775,cat_8,cat_38,cat_112"
1140633395,"cat_2374,cat_3,cat_40,cat_111,cat_773,cat_775,cat_8,cat_38,cat_112"
1140633396,"cat_2374,cat_3,cat_40,cat_111,cat_773,cat_775,cat_8,cat_38,cat_112"
1140633397,"cat_2374,cat_3,cat_40,cat_111,cat_773,cat_775,cat_8,cat_38,cat_112"
1140633398,"cat_2374,cat_3,cat_40,cat_111,cat_773,cat_775,cat_8,cat_38,cat_112"
1140633399,"cat_2374,cat_3,cat_40,cat_111,cat_773,cat_775,cat_8,cat_38,cat_112"
1140633400,"cat_2374,cat_3,cat_40,cat_111,cat_773,cat_775,cat_8,cat_38,cat_112"
1140633401,"cat_2374,cat_3,cat_40,cat_111,cat_773,cat_775,cat_8,cat_38,cat_112"
1140633402,"cat_2374,cat_3,cat_40,cat_111,cat_773,cat_775,cat_8,cat_38,cat_112"
1140633403,"cat_2374,cat_3,cat_40,cat_111,cat_773,cat_775,cat_38,cat_112"
1140633404,"cat_2374,cat_3,cat_40,cat_111,cat_773,cat_775,cat_8,cat_38,cat_112"
1140633405,"cat_2374,cat_3,cat_40,cat_111,cat_773,cat_775,cat_8,cat_38,cat_112"
1140633406,"cat_2374,cat_3,cat_40,cat_111,cat_773,cat_775,cat_8,cat_38,cat_112"
1140633407,"cat_2374,cat_3,cat_40,cat_111,cat_773,cat_775,cat_8,cat_38,cat_112"
1140633408,"cat_2374,cat_3,cat_40,cat_111,cat_773,cat_775,cat_8,cat_38,cat_112"
1140633409,"cat_2374,cat_3,cat_40,cat_111,cat_773,cat_775,cat_8,cat_38,cat_112"
1140633410,"cat_2374,cat_3,cat_40,cat_111,cat_773,cat_775,cat_8,cat_38,cat_112"
1140633411,"cat_2374,cat_3,cat_40,cat_111,cat_773,cat_775,cat_8,cat_38,cat_112"
1140633412,"cat_2374,cat_3,cat_40,cat_111,cat_773,cat_775,cat_8,cat_38,cat_112"
1140633413,"cat_2374,cat_3,cat_40,cat_111,cat_773,cat_775,cat_8,cat_38,cat_112"
1140633414,"cat_2374,cat_3,cat_40,cat_111,cat_773,cat_775,cat_8,cat_38,cat_112"
1140633415,"cat_2374,cat_3,cat_40,cat_111,cat_773,cat_775,cat_8,cat_38,cat_112"
1140633416,"cat_2374,cat_3,cat_40,cat_111,cat_773,cat_775,cat_8,cat_38,cat_112"
1140633417,"cat_2374,cat_3,cat_11,cat_45,cat_46,cat_1345,cat_1348,cat_1349,cat_14,cat_47,cat_48,cat_40,cat_41,cat_773,cat_790,cat_8,cat_38,cat_39"
1140633418,"cat_2374,cat_3,cat_11,cat_45,cat_46,cat_1345,cat_1348,cat_1349,cat_14,cat_47,cat_48,cat_40,cat_41,cat_773,cat_790,cat_8,cat_38,cat_39"
1140633419,"cat_2374,cat_3,cat_11,cat_45,cat_46,cat_1345,cat_1348,cat_1349,cat_14,cat_47,cat_48,cat_40,cat_41,cat_773,cat_790,cat_8,cat_38,cat_39"
1140633420,"cat_2374,cat_3,cat_11,cat_45,cat_46,cat_1345,cat_1348,cat_1349,cat_14,cat_47,cat_48,cat_40,cat_41,cat_773,cat_790,cat_8,cat_38,cat_39"
1140633421,"cat_2374,cat_3,cat_11,cat_45,cat_46,cat_1345,cat_1348,cat_1349,cat_14,cat_47,cat_48,cat_40,cat_41,cat_773,cat_790,cat_8,cat_38,cat_39"
1140633422,"cat_2374,cat_3,cat_11,cat_45,cat_46,cat_1345,cat_1348,cat_1349,cat_14,cat_47,cat_48,cat_40,cat_41,cat_773,cat_790,cat_8,cat_38,cat_39"
1140633428,"cat_2374,cat_3,cat_11,cat_45,cat_46,cat_1345,cat_1348,cat_1349,cat_14,cat_47,cat_48,cat_40,cat_41,cat_773,cat_790,cat_8,cat_38,cat_39"
1140633429,"cat_2374,cat_3,cat_11,cat_45,cat_46,cat_1345,cat_1348,cat_1349,cat_47,cat_48,cat_40,cat_41,cat_773,cat_790,cat_38,cat_39"
1140633430,"cat_2374,cat_3,cat_11,cat_45,cat_46,cat_1345,cat_1348,cat_1349,cat_14,cat_47,cat_48,cat_40,cat_41,cat_773,cat_790,cat_8,cat_38,cat_39"
1140633431,"cat_2374,cat_3,cat_11,cat_45,cat_46,cat_1345,cat_1348,cat_1349,cat_14,cat_47,cat_48,cat_40,cat_41,cat_773,cat_790,cat_8,cat_38,cat_39"
1140633432,"cat_2374,cat_3,cat_11,cat_45,cat_46,cat_1345,cat_1348,cat_1349,cat_14,cat_47,cat_48,cat_40,cat_41,cat_773,cat_790,cat_8,cat_38,cat_39"
1140633433,"cat_2374,cat_3,cat_11,cat_45,cat_46,cat_1345,cat_1348,cat_1349,cat_14,cat_47,cat_48,cat_40,cat_41,cat_773,cat_790,cat_8,cat_38,cat_39"
1140633435,"cat_3,cat_11"
1140633436,"cat_3,cat_11"
1140633437,"cat_3,cat_11"
1140633438,"cat_3,cat_11"
1140633439,"cat_3,cat_11"
1140633441,"cat_2374,cat_3,cat_21,cat_40,cat_111,cat_2224,cat_773,cat_775,cat_38,cat_112"
1140633442,"cat_2374,cat_3,cat_21,cat_40,cat_111,cat_2224,cat_773,cat_775,cat_38,cat_112"
1140633443,"cat_3,cat_11,cat_8"
1140633444,"cat_3,cat_11,cat_8"
1140633448,"cat_3,cat_29,cat_288,cat_27,cat_287"
1140633449,"cat_3,cat_29,cat_288,cat_27,cat_287"
1140633450,"cat_3,cat_29,cat_288,cat_27,cat_287"
1140633451,"cat_3,cat_29,cat_288,cat_27,cat_287"
1140633452,"cat_3,cat_29,cat_288,cat_27,cat_287"
1140633453,"cat_3,cat_29,cat_288,cat_27,cat_287"
1140633454,"cat_3,cat_29,cat_288,cat_27,cat_287"
1140633455,"cat_3,cat_29,cat_288,cat_27,cat_287"
1140633456,"cat_3,cat_29,cat_288,cat_27,cat_287"
1140633457,"cat_3,cat_29,cat_288,cat_27,cat_287"
1140633462,"cat_3,cat_29,cat_288,cat_27,cat_287"
1140633463,"cat_3,cat_29,cat_288,cat_27,cat_287"
1140633464,"cat_3,cat_29,cat_288,cat_27,cat_287"
1140633465,"cat_3,cat_29,cat_288,cat_27,cat_287"
1140633466,"cat_3,cat_29,cat_288,cat_27,cat_287"
1140633470,"cat_3,cat_14"
1140633471,"cat_3,cat_11,cat_14,cat_8"
1140633472,"cat_3,cat_1345,cat_14"
1140633473,"cat_3,cat_1345,cat_14"
1140633474,"cat_3,cat_1345,cat_14"
1140633475,"cat_3,cat_11,cat_14"
1140633476,"cat_3,cat_11,cat_14"
1140633498,"cat_3,cat_11,cat_14"
1140633499,"cat_3,cat_11,cat_14"
1140633500,"cat_3,cat_1345,cat_14"
1140633501,"cat_3,cat_1345,cat_14"
1140633502,"cat_3,cat_1345,cat_14"
1140633503,"cat_2374,cat_3,cat_11,cat_14"
1140633504,"cat_2374,cat_3,cat_11,cat_14"
1140633505,"cat_2374,cat_3,cat_11,cat_14"
1140633509,"cat_2374,cat_3,cat_21,cat_40,cat_98,cat_2224,cat_770,cat_773,cat_778,cat_8,cat_38,cat_99"
1140633510,"cat_3,cat_11,cat_1551,cat_1553,cat_21,cat_1558,cat_2224"
1140633511,"cat_3,cat_11,cat_1551,cat_14,cat_1553,cat_21,cat_1558,cat_2224"
1140633525,"cat_2374,cat_3,cat_11,cat_14"
1140633526,"cat_3,cat_1345,cat_14"
1140633527,"cat_3,cat_1345,cat_14"
1140633528,"cat_3,cat_1345,cat_14"
1140633529,"cat_3,cat_11,cat_14,cat_8"
1140633531,"cat_3,cat_11"
1140633543,"cat_3,cat_11"
1140633544,"cat_3,cat_11"
1140633545,"cat_3,cat_11"
1140633546,"cat_3,cat_11"
1140633547,"cat_3,cat_11"
1140633548,"cat_3,cat_11,cat_14,cat_8"
1140633549,"cat_3,cat_11,cat_14,cat_8"
1140633550,"cat_3,cat_11,cat_14,cat_8"
1140633551,"cat_3,cat_11,cat_14,cat_8"
1140633552,"cat_3,cat_11,cat_14,cat_8"
1140633555,"cat_2374,cat_3,cat_40,cat_2224,cat_770,cat_773,cat_8,cat_38"
1140633556,"cat_2374,cat_3,cat_40,cat_2224,cat_770,cat_773,cat_8,cat_38"
1140633557,"cat_2374,cat_3,cat_40,cat_2224,cat_770,cat_773,cat_8,cat_38"
1140633558,"cat_2374,cat_3,cat_40,cat_2224,cat_770,cat_773,cat_8,cat_38"
1140633560,"cat_1968,cat_3,cat_11,cat_1551,cat_8,cat_1549"
1140633561,"cat_1968,cat_3,cat_11,cat_1551,cat_8,cat_1549"
1140633562,"cat_1968,cat_3,cat_1558,cat_1733,cat_8,cat_1549,cat_1734"
1140633563,"cat_1968,cat_3,cat_1558,cat_1733,cat_8,cat_1549,cat_1734"
1140633564,"cat_1968,cat_3,cat_1558,cat_1733,cat_8,cat_1549,cat_1734"
1140633565,"cat_2374,cat_3,cat_40,cat_2224,cat_770,cat_773,cat_8,cat_38"
1140633566,"cat_2374,cat_3,cat_40,cat_2224,cat_770,cat_773,cat_8,cat_38"
1140633567,"cat_2374,cat_3,cat_40,cat_2224,cat_770,cat_773,cat_8,cat_38"
1140633568,"cat_2374,cat_3,cat_40,cat_2224,cat_770,cat_773,cat_8,cat_38"
1140633570,cat_2172
1140633571,cat_2172
1140633572,cat_2172
1140633573,cat_2172
1140633574,cat_2172
1140633575,cat_2172
1140633576,cat_2172
1140633577,cat_2172
1140633578,cat_2172
1140633579,cat_2172
1140633580,cat_2172
1140633581,cat_2172
1140633582,cat_2172
1140633583,cat_2172
1140633584,cat_2172
1140633585,cat_2172
1140633586,cat_2172
1140633587,cat_2172
1140633590,"cat_2374,cat_3,cat_21,cat_40,cat_98,cat_2224,cat_773,cat_778,cat_38,cat_99"
1140633591,"cat_2374,cat_3,cat_11,cat_45,cat_115,cat_14,cat_47,cat_21,cat_40,cat_2224,cat_773"
1140633592,"cat_2374,cat_3,cat_21,cat_40,cat_2224,cat_773,cat_8,cat_38"
1140633593,"cat_2374,cat_3,cat_11,cat_45,cat_115,cat_14,cat_47,cat_21,cat_40,cat_2224,cat_773"
1140633594,"cat_2374,cat_3,cat_115,cat_21,cat_40,cat_2224,cat_773,cat_38"
1140633595,"cat_3,cat_115,cat_21,cat_40,cat_2224,cat_773,cat_38"
1140633596,"cat_2374,cat_3,cat_40,cat_111,cat_773,cat_775,cat_8,cat_38,cat_112"
1140633600,"cat_3,cat_11,cat_148,cat_158,cat_14,cat_152,cat_160,cat_8,cat_150,cat_159"
1140633601,"cat_3,cat_11,cat_148,cat_158,cat_14,cat_152,cat_160,cat_8,cat_150,cat_159"
1140633602,"cat_3,cat_11,cat_148,cat_158,cat_14,cat_152,cat_160,cat_8,cat_150,cat_159"
1140633605,"cat_2374,cat_3,cat_40,cat_111,cat_773,cat_775,cat_8,cat_38,cat_112"
1140633606,"cat_2374,cat_3,cat_40,cat_111,cat_773,cat_775,cat_8,cat_38,cat_112"
1140633607,"cat_2374,cat_3,cat_40,cat_111,cat_773,cat_775,cat_8,cat_38,cat_112"
1140633608,"cat_2374,cat_3,cat_40,cat_111,cat_773,cat_775,cat_8,cat_38,cat_112"
1140633609,"cat_2374,cat_3,cat_40,cat_111,cat_773,cat_775,cat_8,cat_38,cat_112"
1140633610,"cat_3,cat_11"
1140633611,"cat_3,cat_11"
1140633612,"cat_3,cat_11"
1140633613,"cat_3,cat_11"
1140633614,"cat_2374,cat_3,cat_115,cat_40,cat_773,cat_8,cat_38"
1140633620,"cat_2374,cat_3,cat_115,cat_40,cat_773,cat_8,cat_38"
1140633621,"cat_2374,cat_3,cat_115,cat_40,cat_773,cat_8,cat_38"
1140633622,"cat_2374,cat_3,cat_115,cat_40,cat_773,cat_8,cat_38"
1140633623,"cat_2374,cat_3,cat_115,cat_40,cat_773,cat_38"
1140633624,"cat_2374,cat_3,cat_115,cat_40,cat_773,cat_38"
1140633625,"cat_2374,cat_3,cat_115,cat_40,cat_773,cat_38"
1140633626,"cat_2374,cat_3,cat_115,cat_40,cat_773,cat_38"
1140633627,"cat_2374,cat_3,cat_115,cat_40,cat_773,cat_38"
1140633628,"cat_2374,cat_3,cat_40,cat_773,cat_38"
1140633629,"cat_2374,cat_3,cat_40,cat_773,cat_38"
1140633630,"cat_2374,cat_3,cat_40,cat_773,cat_38"
1140633631,"cat_2374,cat_3,cat_40,cat_773,cat_38"
1140633632,"cat_2374,cat_3,cat_40,cat_773,cat_38"
1140633633,"cat_2374,cat_3,cat_40,cat_773,cat_38"
1140633634,"cat_3,cat_11"
1140633635,"cat_3,cat_11"
1140633636,"cat_3,cat_11"
1140633637,"cat_3,cat_11"
1140633638,"cat_3,cat_11"
1140633639,"cat_3,cat_11"
1140633640,"cat_3,cat_11"
1140633641,"cat_3,cat_11"
1140633648,"cat_3,cat_115,cat_40,cat_773,cat_38"
1140633649,"cat_3,cat_115,cat_40,cat_773,cat_38"
1140633650,"cat_3,cat_115,cat_40,cat_773,cat_38"
1140633651,"cat_3,cat_115,cat_40,cat_773,cat_38"
1140633652,"cat_3,cat_115,cat_40,cat_773,cat_38"
1140633653,"cat_3,cat_115,cat_40,cat_773,cat_38"
1140633663,"cat_3,cat_115,cat_40,cat_773,cat_38"
1140633664,"cat_3,cat_115,cat_40,cat_773,cat_38"
1140633665,"cat_3,cat_115,cat_40,cat_773,cat_38"
1140633666,"cat_3,cat_115,cat_40,cat_773,cat_38"
1140633667,"cat_3,cat_115,cat_40,cat_773,cat_38"
1140633668,"cat_3,cat_115,cat_40,cat_773,cat_38"
1140633669,"cat_2374,cat_3,cat_40,cat_773,cat_38"
1140633670,"cat_2374,cat_3,cat_40,cat_773,cat_38"
1140633671,"cat_2374,cat_3,cat_40,cat_773,cat_38"
1140633672,"cat_2374,cat_3,cat_40,cat_773,cat_38"
1140633673,"cat_2374,cat_3,cat_40,cat_773,cat_38"
1140633732,"cat_11,cat_148,cat_158,cat_14,cat_152,cat_160,cat_150,cat_159"
1140633733,"cat_11,cat_148,cat_158,cat_14,cat_152,cat_160,cat_150,cat_159"
1140633734,"cat_11,cat_148,cat_158,cat_14,cat_152,cat_160,cat_150,cat_159"
1140633735,"cat_11,cat_148,cat_158,cat_14,cat_152,cat_160,cat_150,cat_159"
1140633736,"cat_11,cat_148,cat_158,cat_14,cat_152,cat_160,cat_150,cat_159"
1140633737,"cat_11,cat_148,cat_158,cat_14,cat_152,cat_160,cat_150,cat_159"
1140633738,"cat_11,cat_148,cat_158,cat_14,cat_152,cat_160,cat_150,cat_159"
1140633739,"cat_11,cat_148,cat_158,cat_14,cat_152,cat_160,cat_150,cat_159"
1140633740,"cat_11,cat_148,cat_158,cat_14,cat_152,cat_160,cat_150,cat_159"
1140633741,"cat_11,cat_148,cat_158,cat_14,cat_152,cat_160,cat_150,cat_159"
1140633742,"cat_11,cat_148,cat_158,cat_14,cat_152,cat_160,cat_150,cat_159"
1140633743,"cat_11,cat_148,cat_158,cat_14,cat_152,cat_160,cat_150,cat_159"
1140633744,"cat_11,cat_148,cat_158,cat_14,cat_152,cat_160,cat_150,cat_159"
1140633745,"cat_11,cat_148,cat_158,cat_14,cat_152,cat_160,cat_150,cat_159"
1140633746,"cat_11,cat_148,cat_158,cat_14,cat_152,cat_160,cat_150,cat_159"
1140633747,"cat_11,cat_148,cat_158,cat_14,cat_152,cat_160,cat_150,cat_159"
1140633749,"cat_3,cat_11,cat_82,cat_1345,cat_1360,cat_14,cat_183"
1140633750,"cat_2127,cat_3,cat_11,cat_14"
1140633751,"cat_2374,cat_3,cat_1345,cat_14"
1140633752,"cat_3,cat_11,cat_148,cat_14,cat_152,cat_8,cat_150"
1140633753,"cat_3,cat_11,cat_148,cat_14,cat_152,cat_8,cat_150"
1140633754,"cat_3,cat_11,cat_148,cat_14,cat_152,cat_8,cat_150"
1140633755,"cat_3,cat_11,cat_148,cat_14,cat_152,cat_8,cat_150"
1140633756,"cat_3,cat_11,cat_148,cat_14,cat_152,cat_8,cat_150"
1140633757,"cat_3,cat_11,cat_148,cat_14,cat_152,cat_8,cat_150"
1140633758,"cat_2127,cat_3,cat_11,cat_14"
1140633759,"cat_3,cat_11,cat_82,cat_185,cat_14,cat_183,cat_184,cat_8,cat_27,cat_186"
1140633762,"cat_3,cat_11"
1140633763,"cat_3,cat_11"
1140633764,"cat_3,cat_11"
1140633765,"cat_3,cat_11"
1140633766,"cat_11,cat_148,cat_158,cat_14,cat_152,cat_160,cat_150,cat_159"
1140633767,"cat_11,cat_148,cat_158,cat_14,cat_152,cat_160,cat_150,cat_159"
1140633768,"cat_11,cat_148,cat_158,cat_14,cat_152,cat_160,cat_150,cat_159"
1140633769,"cat_11,cat_148,cat_158,cat_14,cat_152,cat_160,cat_150,cat_159"
1140633770,"cat_11,cat_148,cat_158,cat_14,cat_152,cat_160,cat_150,cat_159"
1140633771,"cat_11,cat_148,cat_158,cat_14,cat_152,cat_160,cat_150,cat_159"
1140633772,"cat_11,cat_148,cat_158,cat_14,cat_152,cat_160,cat_150,cat_159"
1140633773,"cat_11,cat_148,cat_158,cat_14,cat_152,cat_160,cat_150,cat_159"
1140633774,"cat_11,cat_148,cat_158,cat_14,cat_152,cat_160,cat_150,cat_159"
1140633775,"cat_11,cat_148,cat_158,cat_14,cat_152,cat_160,cat_150,cat_159"
1140633776,"cat_11,cat_148,cat_158,cat_14,cat_152,cat_160,cat_150,cat_159"
1140633777,"cat_11,cat_148,cat_158,cat_14,cat_152,cat_160,cat_150,cat_159"
1140633778,"cat_11,cat_148,cat_158,cat_14,cat_152,cat_160,cat_150,cat_159"
1140633779,"cat_11,cat_148,cat_158,cat_14,cat_152,cat_160,cat_150,cat_159"
1140633780,"cat_11,cat_148,cat_158,cat_14,cat_152,cat_160,cat_150,cat_159"
1140633781,"cat_11,cat_148,cat_158,cat_14,cat_152,cat_160,cat_150,cat_159"
1140633782,"cat_11,cat_148,cat_158,cat_14,cat_152,cat_160,cat_150,cat_159"
1140633783,"cat_11,cat_148,cat_158,cat_14,cat_152,cat_160,cat_150,cat_159"
1140633784,"cat_11,cat_148,cat_158,cat_14,cat_152,cat_160,cat_150,cat_159"
1140633786,"cat_11,cat_148,cat_158,cat_14,cat_152,cat_160,cat_150,cat_159"
1140633787,"cat_11,cat_148,cat_158,cat_14,cat_152,cat_160,cat_150,cat_159"
1140633788,"cat_11,cat_148,cat_158,cat_14,cat_152,cat_160,cat_150,cat_159"
1140633789,"cat_11,cat_148,cat_158,cat_14,cat_152,cat_160,cat_150,cat_159"
1140633790,"cat_11,cat_148,cat_158,cat_14,cat_152,cat_160,cat_150,cat_159"
1140633791,"cat_11,cat_148,cat_158,cat_14,cat_152,cat_160,cat_150,cat_159"
1140633792,"cat_11,cat_148,cat_158,cat_14,cat_152,cat_160,cat_150,cat_159"
1140633793,"cat_11,cat_148,cat_158,cat_14,cat_152,cat_160,cat_150,cat_159"
1140633794,"cat_3,cat_11,cat_148,cat_158,cat_14,cat_152,cat_160,cat_150,cat_159"
1140633795,"cat_11,cat_148,cat_158,cat_14,cat_152,cat_160,cat_150,cat_159"
1140633797,cat_2172
1140633798,cat_2172
1140633802,cat_2172
1140633804,"cat_3,cat_11,cat_14,cat_8"
1140633811,"cat_2127,cat_2374,cat_3,cat_1345,cat_14"
1140633815,"cat_2127,cat_2374,cat_3,cat_1345,cat_14"
1140633816,"cat_3,cat_11,cat_148,cat_14,cat_152,cat_8,cat_150"
1140633817,"cat_3,cat_11,cat_148,cat_14,cat_152,cat_8,cat_150"
1140633818,"cat_3,cat_11,cat_148,cat_14,cat_152,cat_8,cat_150"
1140633819,"cat_3,cat_11,cat_148,cat_14,cat_152,cat_8,cat_150"
1140633820,"cat_3,cat_11,cat_148,cat_14,cat_152,cat_8,cat_150"
1140633821,"cat_3,cat_11,cat_148,cat_14,cat_152,cat_8,cat_150"
1140633834,"cat_3,cat_252"
1140633835,"cat_3,cat_252"
1140633836,"cat_3,cat_252"
1140633837,"cat_3,cat_252"
1140633838,"cat_3,cat_252"
1140633839,"cat_3,cat_252"
1140633847,"cat_3,cat_11,cat_148,cat_158,cat_14,cat_152,cat_160,cat_8,cat_150,cat_159"
1140633849,"cat_3,cat_11,cat_148,cat_158,cat_14,cat_152,cat_160,cat_8,cat_150,cat_159"
1140633850,cat_2172
1140633935,"cat_2374,cat_3,cat_40,cat_111,cat_773,cat_775,cat_8,cat_38,cat_112"
1140633960,"cat_3,cat_252"
1140633961,"cat_3,cat_252"
1140633962,"cat_3,cat_252"
1140633963,"cat_3,cat_252"
1140633964,"cat_3,cat_252"
1140633965,"cat_3,cat_252"
1140633966,"cat_3,cat_252"
1140633967,"cat_3,cat_21,cat_252,cat_2224"
1140633968,"cat_3,cat_21,cat_252,cat_2224"
1140633969,"cat_3,cat_21,cat_252,cat_2224"
1140633970,"cat_3,cat_21,cat_252,cat_2224"
1140633983,"cat_2374,cat_3,cat_40,cat_98,cat_770,cat_773,cat_778,cat_8,cat_38,cat_99"
1140633984,"cat_2374,cat_3,cat_40,cat_98,cat_770,cat_773,cat_778,cat_8,cat_38,cat_99"
1140633985,"cat_2374,cat_3,cat_40,cat_98,cat_770,cat_773,cat_778,cat_8,cat_38,cat_99"
1140633986,"cat_2374,cat_3,cat_40,cat_98,cat_770,cat_773,cat_778,cat_8,cat_38,cat_99"
1140633989,"cat_3,cat_14"
1140634054,"cat_11,cat_148,cat_158,cat_14,cat_152,cat_160,cat_150,cat_159"
1140634055,"cat_11,cat_148,cat_158,cat_14,cat_152,cat_160,cat_150,cat_159"
1140634056,"cat_11,cat_148,cat_158,cat_14,cat_152,cat_160,cat_150,cat_159"
1140634057,"cat_3,cat_11,cat_148,cat_158,cat_14,cat_152,cat_160,cat_8,cat_150,cat_159"
1140634058,"cat_3,cat_11,cat_148,cat_158,cat_14,cat_152,cat_160,cat_8,cat_150,cat_159"
1140634059,"cat_3,cat_11,cat_148,cat_158,cat_14,cat_152,cat_160,cat_8,cat_150,cat_159"
1140634060,"cat_3,cat_11,cat_148,cat_158,cat_14,cat_152,cat_160,cat_8,cat_150,cat_159"
1140634061,"cat_3,cat_11,cat_148,cat_158,cat_14,cat_152,cat_160,cat_8,cat_150,cat_159"
1140634062,"cat_3,cat_11,cat_148,cat_158,cat_14,cat_152,cat_160,cat_8,cat_150,cat_159"
1140634063,"cat_3,cat_11,cat_148,cat_158,cat_14,cat_152,cat_160,cat_8,cat_150,cat_159"
1140634064,"cat_3,cat_11,cat_148,cat_158,cat_14,cat_152,cat_160,cat_8,cat_150,cat_159"
1140634065,"cat_3,cat_11,cat_148,cat_158,cat_14,cat_152,cat_160,cat_8,cat_150,cat_159"
1140634066,"cat_3,cat_11,cat_148,cat_158,cat_14,cat_152,cat_160,cat_8,cat_150,cat_159"
1140634067,"cat_3,cat_11,cat_148,cat_158,cat_14,cat_152,cat_160,cat_8,cat_150,cat_159"
1140634068,"cat_3,cat_11,cat_148,cat_158,cat_14,cat_152,cat_160,cat_8,cat_150,cat_159"
1140634069,"cat_3,cat_11,cat_148,cat_158,cat_14,cat_152,cat_160,cat_8,cat_150,cat_159"
1140634070,"cat_3,cat_11,cat_148,cat_158,cat_14,cat_152,cat_160,cat_8,cat_150,cat_159"
1140634071,"cat_3,cat_11,cat_148,cat_158,cat_14,cat_152,cat_160,cat_8,cat_150,cat_159"
1140634072,"cat_3,cat_11,cat_148,cat_158,cat_14,cat_152,cat_160,cat_8,cat_150,cat_159"
1140634073,"cat_3,cat_11,cat_148,cat_158,cat_14,cat_152,cat_160,cat_8,cat_150,cat_159"
1140634074,"cat_3,cat_11,cat_148,cat_158,cat_14,cat_152,cat_160,cat_8,cat_150,cat_159"
1140634075,"cat_3,cat_11,cat_148,cat_158,cat_14,cat_152,cat_160,cat_8,cat_150,cat_159"
1140634076,"cat_3,cat_11,cat_148,cat_158,cat_14,cat_152,cat_160,cat_8,cat_150,cat_159"
1140634077,"cat_3,cat_11,cat_148,cat_158,cat_14,cat_152,cat_160,cat_8,cat_150,cat_159"
1140634078,"cat_3,cat_11,cat_148,cat_158,cat_14,cat_152,cat_160,cat_8,cat_150,cat_159"
1140634079,"cat_3,cat_11,cat_148,cat_158,cat_14,cat_152,cat_160,cat_8,cat_150,cat_159"
1140634080,"cat_3,cat_11,cat_148,cat_158,cat_14,cat_152,cat_160,cat_8,cat_150,cat_159"
1140634081,"cat_3,cat_11,cat_148,cat_158,cat_14,cat_152,cat_160,cat_8,cat_150,cat_159"
1140634082,"cat_3,cat_11,cat_148,cat_158,cat_14,cat_152,cat_160,cat_8,cat_150,cat_159"
1140634083,"cat_3,cat_11,cat_148,cat_158,cat_14,cat_152,cat_160,cat_8,cat_150,cat_159"
1140634084,"cat_3,cat_11,cat_148,cat_158,cat_14,cat_152,cat_160,cat_8,cat_150,cat_159"
1140634085,"cat_3,cat_11,cat_148,cat_158,cat_14,cat_152,cat_160,cat_8,cat_150,cat_159"
1140634086,"cat_3,cat_11,cat_148,cat_158,cat_14,cat_152,cat_160,cat_8,cat_150,cat_159"
1140634087,"cat_3,cat_11,cat_148,cat_158,cat_14,cat_152,cat_160,cat_8,cat_150,cat_159"
1140634088,"cat_3,cat_11,cat_148,cat_158,cat_14,cat_152,cat_160,cat_8,cat_150,cat_159"
1140634089,"cat_3,cat_11,cat_148,cat_158,cat_14,cat_152,cat_160,cat_8,cat_150,cat_159"
1140634090,"cat_3,cat_11,cat_148,cat_158,cat_14,cat_152,cat_160,cat_8,cat_150,cat_159"
1140634091,"cat_3,cat_11,cat_148,cat_158,cat_14,cat_152,cat_160,cat_8,cat_150,cat_159"
1140634092,"cat_3,cat_11,cat_148,cat_158,cat_14,cat_152,cat_160,cat_8,cat_150,cat_159"
1140634291,"cat_3,cat_11,cat_115,cat_14,cat_21,cat_2224,cat_8"
1140634293,"cat_3,cat_11,cat_115,cat_14,cat_8"
1140634294,"cat_3,cat_11,cat_115,cat_14,cat_8"
1140634295,"cat_3,cat_11,cat_115,cat_14,cat_8"
1140634296,"cat_3,cat_11,cat_115,cat_14,cat_8"
1140634297,"cat_3,cat_11,cat_115,cat_14,cat_8"
1140634298,"cat_3,cat_11,cat_115,cat_14,cat_8"
1140634299,"cat_3,cat_11,cat_115,cat_14,cat_8"
1140634300,"cat_3,cat_11,cat_115,cat_14,cat_8"
1140634301,"cat_3,cat_11,cat_115,cat_14,cat_8"
1140634304,"cat_3,cat_11,cat_115,cat_14,cat_8"
1140634305,"cat_3,cat_11,cat_115,cat_14,cat_8"
1140634306,"cat_3,cat_11,cat_115,cat_14,cat_8"
1140634307,"cat_3,cat_11,cat_115,cat_14,cat_8"
1140634308,"cat_3,cat_11,cat_115,cat_14,cat_8"
1140634309,"cat_3,cat_11,cat_115,cat_14,cat_8"
1140634320,"cat_3,cat_11,cat_115,cat_14,cat_8"
1140634321,"cat_3,cat_11,cat_115,cat_14,cat_8"
1140634322,"cat_3,cat_11,cat_115,cat_14,cat_8"
1140634324,"cat_3,cat_11,cat_14,cat_8"
1140634325,"cat_3,cat_11,cat_14,cat_8"
1140634326,"cat_3,cat_11,cat_14,cat_8"
1140634327,"cat_3,cat_11,cat_14,cat_8"
1140634328,"cat_3,cat_11,cat_14,cat_8"
1140634329,"cat_3,cat_11,cat_14,cat_8"
1140634330,"cat_3,cat_11,cat_14,cat_8"
1140634331,"cat_3,cat_11,cat_14,cat_8"
1140634332,"cat_3,cat_11,cat_14,cat_8"
1140634336,"cat_3,cat_11,cat_14,cat_8"
1140634337,"cat_3,cat_11,cat_14,cat_8"
1140634338,"cat_3,cat_11,cat_14,cat_8"
1140634339,"cat_3,cat_11,cat_14,cat_8"
1140634340,"cat_3,cat_11,cat_14,cat_8"
1140634341,"cat_3,cat_11,cat_14,cat_8"
1140634342,"cat_3,cat_11,cat_14,cat_8"
1140634343,"cat_3,cat_11,cat_14,cat_8"
1140634344,"cat_3,cat_11,cat_14,cat_8"
1140634345,cat_2172
1140634348,cat_2172
1140634349,cat_2172
1140634350,cat_2172
1140634351,cat_2172
1140634352,cat_2172
1140634353,cat_2172
1140634354,cat_2172
1140634355,cat_2172
1140634356,cat_2172
1140634357,cat_2172
1140634358,cat_2172
1140634359,cat_2172
1140634360,cat_2172
1140634361,cat_2172
1140634362,cat_2172
1140634363,cat_2172
1140634364,cat_2172
1140634365,"cat_3,cat_11,cat_1551,cat_8,cat_1549"
1140634366,"cat_3,cat_11,cat_1551,cat_8,cat_1549"
1140634367,"cat_3,cat_11,cat_1551,cat_8,cat_1549"
1140634368,"cat_3,cat_11,cat_1551,cat_8,cat_1549"
1140634369,"cat_3,cat_11,cat_1551,cat_8,cat_1549"
1140634370,"cat_3,cat_11,cat_1551,cat_8,cat_1549"
1140634378,"cat_3,cat_11,cat_1551,cat_8,cat_1549"
1140634379,"cat_3,cat_11,cat_1551,cat_8,cat_1549"
1140634380,"cat_3,cat_11,cat_1551,cat_8,cat_1549"
1140634381,"cat_3,cat_11,cat_1551,cat_8,cat_1549"
1140634382,"cat_3,cat_11,cat_1551,cat_8,cat_1549"
1140634383,"cat_3,cat_11,cat_1551,cat_8,cat_1549"
1140634385,cat_2172
1140634386,cat_2172
1140634387,cat_2172
1140634388,cat_2172
1140634389,cat_2172
1140634390,cat_2172
1140634391,cat_2172
1140634392,cat_2172
1140634393,"cat_3,cat_11,cat_1551,cat_8,cat_1549"
1140634394,"cat_3,cat_11,cat_1551,cat_8,cat_1549"
1140634395,"cat_3,cat_11,cat_1551,cat_8,cat_1549"
1140634396,"cat_3,cat_11,cat_1551,cat_8,cat_1549"
1140634397,"cat_3,cat_11,cat_1551,cat_8,cat_1549"
1140634398,"cat_3,cat_11,cat_1551,cat_8,cat_1549"
1140634399,"cat_3,cat_11,cat_1551,cat_8,cat_1549"
1140634400,"cat_3,cat_11,cat_1551,cat_8,cat_1549"
1140634401,"cat_3,cat_11,cat_1551,cat_8,cat_1549"
1140634402,"cat_3,cat_11,cat_1551,cat_8,cat_1549"
1140634403,"cat_3,cat_11,cat_1551,cat_8,cat_1549"
1140634404,"cat_3,cat_11,cat_1551,cat_8,cat_1549"
1140634409,"cat_3,cat_11,cat_1551,cat_8,cat_1549"
1140634410,"cat_3,cat_11,cat_1551,cat_8,cat_1549"
1140634411,"cat_3,cat_11,cat_1551,cat_8,cat_1549"
1140634412,"cat_3,cat_11,cat_1551,cat_8,cat_1549"
1140634413,"cat_3,cat_11,cat_1551,cat_8,cat_1549"
1140634414,"cat_3,cat_11,cat_1551,cat_8,cat_1549"
1140634416,"cat_3,cat_11,cat_1551,cat_8,cat_1549"
1140634417,"cat_3,cat_11,cat_1551,cat_8,cat_1549"
1140634418,"cat_3,cat_11,cat_1551,cat_8,cat_1549"
1140634419,"cat_3,cat_11,cat_1551,cat_8,cat_1549"
1140634420,"cat_3,cat_11,cat_1551,cat_8,cat_1549"
1140634421,"cat_3,cat_11,cat_1551,cat_8,cat_1549"
1140634422,"cat_3,cat_11,cat_1551,cat_8,cat_1549"
1140634423,"cat_3,cat_11,cat_1551,cat_8,cat_1549"
1140634424,"cat_3,cat_11,cat_1551,cat_8,cat_1549"
1140634425,"cat_3,cat_11,cat_1551,cat_8,cat_1549"
1140634426,"cat_3,cat_11,cat_1551,cat_8,cat_1549"
1140634427,"cat_3,cat_11,cat_1551,cat_8,cat_1549"
1140634428,"cat_3,cat_11,cat_1551,cat_8,cat_1549"
1140634429,"cat_3,cat_11,cat_1551,cat_8,cat_1549"
1140634430,"cat_3,cat_11,cat_1551,cat_8,cat_1549"
1140634431,"cat_3,cat_11,cat_1551,cat_8,cat_1549"
1140634432,"cat_3,cat_11,cat_1551,cat_8,cat_1549"
1140634433,"cat_3,cat_11,cat_1551,cat_8,cat_1549"
1140634434,"cat_3,cat_11,cat_1551,cat_8,cat_1549"
1140634435,"cat_3,cat_11,cat_1551,cat_8,cat_1549"
1140634436,"cat_3,cat_11,cat_1551,cat_8,cat_1549"
1140634437,"cat_3,cat_11,cat_1551,cat_8,cat_1549"
1140634438,"cat_3,cat_11,cat_1551,cat_8,cat_1549"
1140634439,"cat_3,cat_11,cat_1551,cat_8,cat_1549"
1140634440,cat_2172
1140634441,cat_2172
1140634442,cat_2172
1140634443,cat_2172
1140634444,cat_2172
1140634445,cat_2172
1140634446,"cat_2127,cat_3,cat_11,cat_14"
1140634467,"cat_3,cat_11,cat_14,cat_770,cat_8"
1140634468,"cat_3,cat_11,cat_14,cat_770,cat_8"
1140634472,"cat_3,cat_11,cat_1551,cat_115,cat_1558,cat_2224,cat_8,cat_1549"
1140634473,"cat_3,cat_11,cat_1551,cat_115,cat_1558,cat_2224,cat_8,cat_1549"
1140634474,"cat_3,cat_11,cat_1551,cat_115,cat_1558,cat_2224,cat_8,cat_1549"
1140634475,"cat_3,cat_11,cat_1551,cat_115,cat_1558,cat_2224,cat_8,cat_1549"
1140634476,"cat_3,cat_11,cat_1551,cat_115,cat_1558,cat_2224,cat_8,cat_1549"
1140634480,cat_3
1140634493,"cat_2127,cat_2374,cat_3,cat_1345,cat_14,cat_770"
1140634494,"cat_2127,cat_2374,cat_3,cat_1345,cat_14,cat_770"
1140634495,"cat_2127,cat_2374,cat_3,cat_1345,cat_14,cat_770"
1140634496,"cat_2127,cat_2374,cat_3,cat_1345,cat_14,cat_770"
1140634497,"cat_2127,cat_2374,cat_3,cat_1345,cat_14,cat_770"
1140634498,"cat_2127,cat_2374,cat_3,cat_1345,cat_14,cat_770"
1140634499,"cat_2127,cat_2374,cat_3,cat_1345,cat_14,cat_770"
1140634500,"cat_2127,cat_2374,cat_3,cat_1345,cat_14,cat_770"
1140634501,"cat_2127,cat_2374,cat_3,cat_1345,cat_14,cat_770"
1140634502,"cat_2127,cat_2374,cat_3,cat_1345,cat_14,cat_770"
1140634503,"cat_2127,cat_2374,cat_3,cat_1345,cat_14,cat_770"
1140634504,"cat_2127,cat_2374,cat_3,cat_1345,cat_14,cat_770"
1140634505,"cat_2127,cat_2374,cat_3,cat_1345,cat_14,cat_770"
1140634568,cat_3
1140634569,cat_3
1140634570,cat_3
1140634571,cat_3
1140634574,cat_2172
1140634575,cat_2172
1140634576,cat_2172
1140634577,cat_2172
1140634578,cat_2172
1140634579,cat_2172
1140634580,cat_2172
1140634581,cat_2172
1140634582,cat_2172
1140634583,cat_2172
1140634584,cat_2172
1140634585,cat_2172
1140634586,cat_2172
1140634587,cat_2172
1140634588,cat_2172
1140634589,cat_2172
1140634590,cat_2172
1140634712,"cat_2374,cat_3,cat_11,cat_14,cat_8"
1140634713,"cat_2374,cat_3,cat_11,cat_14,cat_8"
1140634714,"cat_2374,cat_3,cat_11,cat_14,cat_8"
1140634715,"cat_2374,cat_3,cat_11,cat_115,cat_1345,cat_14,cat_21,cat_2224,cat_8"
1140634863,cat_3
1140634994,"cat_1968,cat_2374,cat_3,cat_40,cat_98,cat_770,cat_773,cat_778,cat_8,cat_38,cat_99"
1140634995,"cat_1968,cat_2374,cat_3,cat_40,cat_98,cat_770,cat_773,cat_778,cat_8,cat_38,cat_99"
1140634996,"cat_1968,cat_2374,cat_3,cat_40,cat_98,cat_770,cat_773,cat_778,cat_8,cat_38,cat_99"
1140634997,"cat_1968,cat_2374,cat_3,cat_40,cat_98,cat_770,cat_773,cat_778,cat_8,cat_38,cat_99"
1140634998,"cat_1968,cat_2374,cat_3,cat_40,cat_98,cat_770,cat_773,cat_778,cat_8,cat_38,cat_99"
1140635011,"cat_1968,cat_2374,cat_3,cat_40,cat_98,cat_770,cat_773,cat_778,cat_8,cat_38,cat_99"
1140635012,"cat_1968,cat_2374,cat_3,cat_40,cat_98,cat_770,cat_773,cat_778,cat_8,cat_38,cat_99"
1140635013,"cat_1968,cat_2374,cat_3,cat_40,cat_98,cat_770,cat_773,cat_778,cat_8,cat_38,cat_99"
1140635014,"cat_1968,cat_2374,cat_3,cat_40,cat_98,cat_770,cat_773,cat_778,cat_8,cat_38,cat_99"
1140635260,cat_2172
1140635261,cat_2172
1140635262,cat_2172
1140635263,cat_2172
1140635264,cat_2172
1140635265,cat_2172
1140635266,cat_2172
1140635370,cat_3
1140635794,"cat_1968,cat_2123,cat_2374,cat_3,cat_21,cat_40,cat_98,cat_2224,cat_770,cat_773,cat_778,cat_8,cat_38,cat_99"
1140636064,cat_3
1140636720,"cat_3,cat_2224"
1140636721,"cat_3,cat_2224"
1140636722,"cat_3,cat_2224"
1140636723,"cat_3,cat_2224"
1140636724,"cat_3,cat_2224"
1140636725,"cat_3,cat_2224"
1140636726,"cat_3,cat_2224"
1140636727,"cat_3,cat_2224"
1140636728,"cat_3,cat_2224"
1140636729,"cat_3,cat_2224"
1140636730,"cat_3,cat_2224"
1140636731,"cat_3,cat_2224"
1140636793,"cat_3,cat_2224"
1140636794,"cat_3,cat_2224"
1140636795,"cat_3,cat_2224"
1140636796,"cat_3,cat_2224"
1140636797,"cat_3,cat_2224"
1140636798,"cat_3,cat_2224"
1140636799,"cat_3,cat_2224"
1140636800,"cat_3,cat_2224"
1140636801,"cat_3,cat_2224"
1140636802,"cat_3,cat_2224"
1140636803,"cat_3,cat_2224"
1140636804,"cat_3,cat_2224"
1140636805,"cat_3,cat_2224"
1140636806,"cat_3,cat_2224"
1140636807,"cat_3,cat_2224"
1140636808,"cat_3,cat_2224"
1140636809,"cat_3,cat_2224"
1140636810,"cat_3,cat_2224"
1140637269,"cat_3,cat_11,cat_115,cat_2224,cat_8"
1140637270,"cat_3,cat_11,cat_115,cat_2224,cat_8"
1140637272,"cat_3,cat_11,cat_115,cat_2224,cat_8"
1140637273,"cat_3,cat_11,cat_115,cat_2224,cat_8"
1140637274,"cat_3,cat_11,cat_115,cat_2224,cat_8"
1140637275,"cat_3,cat_11,cat_115,cat_2224,cat_8"
1140637276,"cat_3,cat_11,cat_115,cat_2224,cat_8"
1140637277,"cat_3,cat_11,cat_115,cat_2224,cat_8"
1140637279,"cat_3,cat_11,cat_1551,cat_770,cat_8,cat_1549"
1140637280,"cat_3,cat_11,cat_1551,cat_770,cat_8,cat_1549"
1140637281,"cat_3,cat_11,cat_1551,cat_770,cat_8,cat_1549"
1140637282,"cat_3,cat_11,cat_1551,cat_770,cat_8,cat_1549"
1140637283,"cat_3,cat_11,cat_1551,cat_770,cat_8,cat_1549"
1140637284,"cat_3,cat_11,cat_1551,cat_770,cat_8,cat_1549"
1140637285,"cat_3,cat_11,cat_1551,cat_770,cat_8,cat_1549"
1140637286,"cat_3,cat_11,cat_1551,cat_770,cat_8,cat_1549"
1140637287,"cat_3,cat_11,cat_1551,cat_770,cat_8,cat_1549"
1140637407,"cat_3,cat_8,cat_223"
1140637408,"cat_3,cat_8,cat_223"
1140637409,"cat_3,cat_8,cat_223"
1140637410,"cat_3,cat_8,cat_223"
1140637411,"cat_3,cat_8,cat_223"
1140637412,"cat_3,cat_8,cat_223"
1140637413,"cat_3,cat_8,cat_223"
1140637414,"cat_3,cat_8,cat_223"
1140637415,"cat_3,cat_8,cat_223"
1140637416,"cat_3,cat_8,cat_223"
1140637417,"cat_3,cat_8,cat_223"
1140637418,"cat_3,cat_8,cat_223"
1140637419,"cat_3,cat_8,cat_223"
1140637420,"cat_3,cat_8,cat_223"
1140637421,"cat_3,cat_8,cat_223"
1140637422,"cat_3,cat_8,cat_223"
1140637423,"cat_3,cat_8,cat_223"
1140637424,"cat_3,cat_8,cat_223"
1140637425,"cat_3,cat_8,cat_223"
1140637427,"cat_3,cat_8,cat_223"
1140637428,"cat_3,cat_8,cat_223"
1140637429,"cat_3,cat_8,cat_223"
1140637430,"cat_3,cat_8,cat_223"
1140637431,"cat_3,cat_8,cat_223"
1140637432,"cat_3,cat_8,cat_223"
1140637433,"cat_3,cat_8,cat_223"
1140637434,"cat_3,cat_8,cat_223"
1140637435,"cat_3,cat_8,cat_223"
1140637436,"cat_3,cat_8,cat_223"
1140637437,"cat_3,cat_8,cat_223"
1140637438,"cat_3,cat_8,cat_223"
1140637439,"cat_3,cat_8,cat_223"
1140637440,"cat_3,cat_8,cat_223"
1140637441,"cat_3,cat_8,cat_223"
1140637442,"cat_3,cat_8,cat_223"
1140637443,"cat_3,cat_8,cat_223"
1140637444,"cat_3,cat_8,cat_223"
1140637445,"cat_3,cat_8,cat_223"
1140637446,"cat_3,cat_8,cat_223"
1140637447,cat_2172
1140637448,cat_2172
1140637449,cat_2172
1140637450,cat_2172
1140637451,cat_2172
1140637452,cat_2172
1140637453,cat_2172
1140637454,cat_2172
1140637455,cat_2172
1140637456,cat_2172
1140637457,"cat_2374,cat_3,cat_11,cat_14,cat_21,cat_2224,cat_8"
1140637459,cat_2172
1140637460,cat_2172
1140637461,cat_2172
1140637462,cat_2172
1140637463,cat_2172
1140637464,cat_2172
1140637465,cat_2172
1140637466,cat_2172
1140637467,cat_2172
1140637468,cat_2172
1140637469,cat_2172
1140637470,cat_2172
1140637471,cat_2172
1140637472,cat_2172
1140637473,cat_2172
1140637474,cat_2172
1140637475,cat_2172
1140637476,cat_2172
1140637477,cat_2172
1140637478,cat_2172
1140637479,cat_2172
1140637480,"cat_3,cat_11,cat_82,cat_8,cat_27"
1140637481,"cat_3,cat_11,cat_82,cat_8,cat_27"
1140637482,"cat_3,cat_11,cat_82,cat_8,cat_27"
1140637483,"cat_3,cat_11,cat_82,cat_8,cat_27"
1140637484,"cat_3,cat_11,cat_82,cat_8,cat_27"
1140637485,cat_2172
1140637486,"cat_2123,cat_2172"
1140637487,cat_2172
1140637488,"cat_3,cat_252"
1140637489,"cat_3,cat_252"
1140637490,"cat_3,cat_252"
1140637491,"cat_3,cat_252"
1140637492,"cat_3,cat_252"
1140637493,"cat_3,cat_252"
1140637494,"cat_3,cat_252"
1140637495,"cat_3,cat_252"
1140637496,"cat_3,cat_252"
1140637497,"cat_3,cat_252"
1140637498,"cat_3,cat_252"
1140637499,"cat_3,cat_252"
1140637500,"cat_3,cat_21,cat_252,cat_2224"
1140637501,"cat_3,cat_21,cat_252,cat_2224"
1140637502,cat_2172
1140637503,cat_2172
1140637504,cat_2172
1140637505,"cat_2121,cat_2172"
1140637506,cat_2172
1140637507,"cat_3,cat_21,cat_1558,cat_2224,cat_8,cat_1549"
1140637508,"cat_3,cat_11,cat_82,cat_21,cat_29,cat_2224,cat_8,cat_27"
1140637509,"cat_3,cat_115,cat_8"
1140637510,"cat_3,cat_115,cat_8"
1140637511,"cat_3,cat_115,cat_8"
1140637512,"cat_3,cat_115,cat_8"
1140637513,"cat_2374,cat_3,cat_115,cat_8"
1140637514,"cat_2374,cat_3,cat_115,cat_8"
1140637515,"cat_2374,cat_3,cat_115,cat_8"
1140637516,"cat_2374,cat_3,cat_115,cat_8"
1140637517,"cat_2374,cat_3,cat_115,cat_8"
1140637527,"cat_2374,cat_3,cat_11,cat_14,cat_770"
1140637528,"cat_2374,cat_3,cat_11,cat_14,cat_770"
1140637529,"cat_2374,cat_3,cat_11,cat_14,cat_770"
1140637530,"cat_2374,cat_3,cat_11,cat_14,cat_770"
1140637548,"cat_2374,cat_3,cat_11,cat_14,cat_770"
1140637686,"cat_2374,cat_3,cat_40,cat_98,cat_770,cat_773,cat_778,cat_8,cat_38,cat_99"
1140637687,"cat_2374,cat_3,cat_40,cat_98,cat_770,cat_773,cat_778,cat_8,cat_38,cat_99"
1140637688,"cat_2374,cat_3,cat_40,cat_98,cat_770,cat_773,cat_778,cat_8,cat_38,cat_99"
1140637689,"cat_2374,cat_3,cat_40,cat_98,cat_770,cat_773,cat_778,cat_8,cat_38,cat_99"
1140637690,"cat_3,cat_21,cat_40,cat_98,cat_2224,cat_770,cat_773,cat_778,cat_8,cat_38,cat_99"
1140637691,"cat_2374,cat_3,cat_21,cat_40,cat_98,cat_2224,cat_770,cat_773,cat_778,cat_8,cat_38,cat_99"
1140637692,"cat_2374,cat_3,cat_21,cat_40,cat_98,cat_2224,cat_770,cat_773,cat_778,cat_8,cat_38,cat_99"
1140637693,"cat_2374,cat_3,cat_21,cat_40,cat_98,cat_2224,cat_770,cat_773,cat_778,cat_8,cat_38,cat_99"
1140637694,"cat_2374,cat_3,cat_21,cat_40,cat_98,cat_2224,cat_770,cat_773,cat_778,cat_8,cat_38,cat_99"
1140637695,"cat_2374,cat_3,cat_21,cat_40,cat_98,cat_2224,cat_770,cat_773,cat_778,cat_8,cat_38,cat_99"
1140637696,"cat_2374,cat_3,cat_21,cat_40,cat_98,cat_2224,cat_770,cat_773,cat_778,cat_8,cat_38,cat_99"
1140637697,"cat_2374,cat_3,cat_21,cat_40,cat_98,cat_2224,cat_770,cat_773,cat_778,cat_8,cat_38,cat_99"
1140637699,"cat_2374,cat_3,cat_21,cat_40,cat_98,cat_2224,cat_770,cat_773,cat_778,cat_8,cat_38,cat_99"
1140637998,cat_2172
1140638092,"cat_2374,cat_3,cat_11,cat_14,cat_770"
1140638093,"cat_2374,cat_3,cat_11,cat_14,cat_770"
1140638094,"cat_2374,cat_3,cat_11,cat_14,cat_770"
1140638095,"cat_2374,cat_3,cat_11,cat_14,cat_770"
1140638096,"cat_2374,cat_3,cat_11,cat_14,cat_770"
1140638097,"cat_2374,cat_3,cat_11,cat_14,cat_770"
1140638099,"cat_2374,cat_3,cat_11,cat_14,cat_770"
1140638100,"cat_2374,cat_3,cat_11,cat_14,cat_770"
1140638101,"cat_2374,cat_3,cat_11,cat_14,cat_770"
1140638102,"cat_2374,cat_3,cat_11,cat_14,cat_770"
1140638103,"cat_2374,cat_3,cat_11,cat_14,cat_770"
1140638104,"cat_2374,cat_3,cat_11,cat_14,cat_770"
1140638105,"cat_2374,cat_3,cat_11,cat_14,cat_770"
1140638106,"cat_2374,cat_3,cat_11,cat_14,cat_770"
1140638107,"cat_2374,cat_3,cat_11,cat_14,cat_770"
1140638108,"cat_2374,cat_3,cat_11,cat_14,cat_770"
1140638109,"cat_2374,cat_3,cat_11,cat_14,cat_770"
1140638110,"cat_2374,cat_3,cat_11,cat_14,cat_770"
1140638111,"cat_2374,cat_3,cat_11,cat_14,cat_770"
1140638112,"cat_2374,cat_3,cat_11,cat_14,cat_770"
1140638113,"cat_2374,cat_3,cat_11,cat_14,cat_770"
1140638114,"cat_2374,cat_3,cat_11,cat_14,cat_770"
1140638115,"cat_2374,cat_3,cat_11,cat_14,cat_770"
1140638116,"cat_2374,cat_3,cat_11,cat_14,cat_770"
1140638117,"cat_3,cat_11,cat_14,cat_770"
1140638118,"cat_2374,cat_3,cat_11,cat_14,cat_770"
1140638128,"cat_2374,cat_3,cat_11,cat_14,cat_770"
1140638129,"cat_2374,cat_3,cat_11,cat_14,cat_770"
1140638130,"cat_2374,cat_3,cat_11,cat_14,cat_770"
1140638131,"cat_2374,cat_3,cat_11,cat_14,cat_770"
1140638132,"cat_2374,cat_3,cat_11,cat_14,cat_770"
1140638133,"cat_2374,cat_3,cat_11,cat_14,cat_770"
1140638134,"cat_2374,cat_3,cat_11,cat_14,cat_770"
1140638135,"cat_2374,cat_3,cat_11,cat_14,cat_770"
1140638136,"cat_2374,cat_3,cat_11,cat_14,cat_770"
1140638137,"cat_2374,cat_3,cat_11,cat_14,cat_770"
1140638138,"cat_2374,cat_3,cat_11,cat_14,cat_770"
1140638139,"cat_2374,cat_3,cat_11,cat_14,cat_770"
1140638140,"cat_2374,cat_3,cat_11,cat_14,cat_770"
1140638141,"cat_2374,cat_3,cat_11,cat_14,cat_770"
1140638142,"cat_2374,cat_3,cat_11,cat_14,cat_770"
1140638143,"cat_2374,cat_3,cat_11,cat_14,cat_770"
1140638144,"cat_2374,cat_3,cat_11,cat_14,cat_770"
1140638145,"cat_2374,cat_3,cat_11,cat_14,cat_770"
1140638146,"cat_2374,cat_3,cat_11,cat_14,cat_770"
1140638147,"cat_2374,cat_3,cat_11,cat_14,cat_770"
1140638148,"cat_2374,cat_3,cat_11,cat_14,cat_770"
1140638149,"cat_2374,cat_3,cat_11,cat_14,cat_770"
1140638150,"cat_2374,cat_3,cat_11,cat_14,cat_770"
1140638151,"cat_2374,cat_3,cat_11,cat_14,cat_770"
1140638152,"cat_2374,cat_3,cat_11,cat_14,cat_770"
1140638153,"cat_2374,cat_3,cat_11,cat_14,cat_770"
1140638154,"cat_2374,cat_3,cat_11,cat_14,cat_770"
1140638155,"cat_2374,cat_3,cat_11,cat_14,cat_770"
1140638156,"cat_2374,cat_3,cat_11,cat_14,cat_770"
1140638157,"cat_2374,cat_3,cat_11,cat_14,cat_770"
1140638158,"cat_2374,cat_3,cat_11,cat_14,cat_770"
1140638159,"cat_2374,cat_3,cat_11,cat_14,cat_770"
1140638165,"cat_2374,cat_3,cat_11,cat_14,cat_770"
1140638166,"cat_2374,cat_3,cat_11,cat_14,cat_770"
1140638167,"cat_2374,cat_3,cat_11,cat_14,cat_770"
1140638168,"cat_2374,cat_3,cat_11,cat_14,cat_770"
1140638169,"cat_2374,cat_3,cat_11,cat_14,cat_770"
1140638170,"cat_2374,cat_3,cat_11,cat_14,cat_770"
1140638171,"cat_2374,cat_3,cat_11,cat_14,cat_770"
1140638172,"cat_2374,cat_3,cat_11,cat_14,cat_770"
1140638173,"cat_2374,cat_3,cat_11,cat_14,cat_770"
1140638174,"cat_2374,cat_3,cat_11,cat_14,cat_770"
1140638175,"cat_2374,cat_3,cat_11,cat_14,cat_770"
1140638176,"cat_2374,cat_3,cat_11,cat_14,cat_770"
1140638177,"cat_2374,cat_3,cat_11,cat_14,cat_770"
1140638178,"cat_2374,cat_3,cat_11,cat_14,cat_770"
1140638179,"cat_2374,cat_3,cat_11,cat_14,cat_770"
1140638180,"cat_2374,cat_3,cat_11,cat_14,cat_770"
1140638181,"cat_2374,cat_3,cat_11,cat_14,cat_770"
1140638186,cat_2172
1140638193,cat_2172
1140638194,cat_2172
1140638197,"cat_2374,cat_3,cat_11,cat_14,cat_770"
1140638198,"cat_2374,cat_3,cat_11,cat_14,cat_770"
1140638199,"cat_2374,cat_3,cat_11,cat_14,cat_770"
1140638200,"cat_2374,cat_3,cat_11,cat_14,cat_770"
1140638201,"cat_2374,cat_3,cat_11,cat_14,cat_770"
1140638202,"cat_2374,cat_3,cat_11,cat_14,cat_770"
1140638203,"cat_2374,cat_3,cat_11,cat_14,cat_770"
1140638204,"cat_2374,cat_3,cat_11,cat_14,cat_770"
1140638205,"cat_2374,cat_3,cat_11,cat_14,cat_770"
1140638206,"cat_2374,cat_3,cat_11,cat_14,cat_770"
1140638207,"cat_2374,cat_3,cat_11,cat_14,cat_770"
1140638208,"cat_2374,cat_3,cat_11,cat_14,cat_770"
1140638209,"cat_2374,cat_3,cat_11,cat_14,cat_770"
1140638210,"cat_2374,cat_3,cat_11,cat_14,cat_770"
1140638211,"cat_2374,cat_3,cat_11,cat_14,cat_770"
1140638212,"cat_2374,cat_3,cat_11,cat_14,cat_770"
1140638213,"cat_2374,cat_3,cat_11,cat_14,cat_770"
1140638214,"cat_2374,cat_3,cat_11,cat_14,cat_770"
1140638215,"cat_2374,cat_3,cat_11,cat_14,cat_770"
1140638216,"cat_2374,cat_3,cat_11,cat_14,cat_770"
1140638217,"cat_2374,cat_3,cat_11,cat_14,cat_770"
1140638218,"cat_2374,cat_3,cat_11,cat_14,cat_770"
1140638219,"cat_2374,cat_3,cat_11,cat_14,cat_770"
1140638220,"cat_2374,cat_3,cat_11,cat_14,cat_770"
1140638221,"cat_2374,cat_3,cat_11,cat_14,cat_770"
1140638222,"cat_2374,cat_3,cat_11,cat_14,cat_770"
1140638223,"cat_2374,cat_3,cat_11,cat_14,cat_770"
1140638224,"cat_2374,cat_3,cat_11,cat_14,cat_770"
1140638225,"cat_2374,cat_3,cat_11,cat_14,cat_770"
1140638226,"cat_2374,cat_3,cat_11,cat_14,cat_770"
1140638227,"cat_2374,cat_3,cat_11,cat_14,cat_770"
1140638228,"cat_2374,cat_3,cat_11,cat_14,cat_770"
1140638229,"cat_2374,cat_3,cat_11,cat_14,cat_770"
1140638316,cat_2172
1140638317,cat_2172
1140638318,cat_2172
1140638319,cat_2172
1140638320,cat_2172
1140638321,cat_2172
1140638322,cat_2172
1140638323,cat_2172
1140638324,cat_2172
1140638325,cat_2172
1140638410,cat_2172
1140638411,cat_2172
1140638412,cat_2172
1140638413,cat_2172
1140638493,cat_3
1140638494,cat_3
1140638495,cat_3
1140638496,cat_3
1140638497,cat_3
1140638498,cat_3
1140638499,cat_3
1140638500,cat_3
1140638560,cat_3
1140638561,"cat_3,cat_21,cat_2224"
1140638562,"cat_3,cat_21,cat_2224"
1140638563,cat_3
1140638564,cat_3
1140638566,"cat_3,cat_21,cat_2224"
1140638567,"cat_3,cat_21,cat_2224"
1140638568,cat_3
1140638569,"cat_3,cat_21,cat_2224"
1140638570,"cat_3,cat_21,cat_2224"
1140638571,cat_3
1140638572,"cat_3,cat_21,cat_2224"
1140638573,"cat_3,cat_21,cat_2224"
1140638574,"cat_3,cat_21,cat_2224"
1140638575,cat_3
1140638591,cat_2172
1140638592,cat_2172
1140638593,cat_2172
1140638594,cat_2172
1140638595,cat_2172
1140638596,cat_2172
1140638597,cat_2172
1140638598,cat_2172
1140638599,cat_2172
1140638600,cat_2172
1140638601,cat_2172
1140638602,cat_2172
1140638603,cat_2172
1140638648,"cat_2374,cat_3,cat_115,cat_40,cat_770,cat_773,cat_8,cat_38"
1140638649,"cat_2374,cat_3,cat_115,cat_40,cat_770,cat_773,cat_8,cat_38"
1140638651,"cat_2374,cat_3,cat_40,cat_770,cat_773,cat_8,cat_38"
1140638652,"cat_2374,cat_3,cat_40,cat_770,cat_773,cat_8,cat_38"
1140638654,"cat_2374,cat_3,cat_40,cat_770,cat_773,cat_8,cat_38"
1140638655,"cat_2374,cat_3,cat_40,cat_770,cat_773,cat_8,cat_38"
1140638803,cat_2172
1140638804,"cat_3,cat_11,cat_1551,cat_115,cat_1558,cat_2224,cat_8,cat_1549"
1140638805,"cat_3,cat_11,cat_1551,cat_115,cat_1558,cat_2224,cat_8,cat_1549"
1140638810,"cat_3,cat_11,cat_285,cat_422,cat_115,cat_283,cat_421,cat_279,cat_419,cat_8,cat_281,cat_420"
1140638811,"cat_3,cat_11,cat_285,cat_422,cat_115,cat_283,cat_421,cat_279,cat_419,cat_8,cat_281,cat_420"
1140638812,"cat_3,cat_11,cat_285,cat_422,cat_115,cat_283,cat_421,cat_279,cat_419,cat_8,cat_281,cat_420"
1140638813,"cat_3,cat_11,cat_285,cat_422,cat_115,cat_283,cat_421,cat_279,cat_419,cat_8,cat_281,cat_420"
1140639209,"cat_2127,cat_2374,cat_3,cat_1345,cat_14,cat_770"
1140639272,"cat_2374,cat_3,cat_40,cat_98,cat_770,cat_773,cat_778,cat_8,cat_38,cat_99"
1140639273,"cat_2374,cat_3,cat_40,cat_98,cat_770,cat_773,cat_778,cat_8,cat_38,cat_99"
1140639274,"cat_2374,cat_3,cat_40,cat_98,cat_770,cat_773,cat_778,cat_8,cat_38,cat_99"
1140639275,"cat_2374,cat_3,cat_40,cat_98,cat_770,cat_773,cat_778,cat_8,cat_38,cat_99"
1140639625,cat_2172
1140639626,cat_2172
1140639627,cat_2172
1140639628,cat_2172
1140639629,cat_2172
1140639635,cat_2172
1140639641,cat_2172
1140639642,cat_2172
1140639643,cat_2172
1140639644,cat_2172
1140639645,cat_2172
1140639646,cat_2172
1140639647,cat_2172
1140639648,cat_2172
1140639649,cat_2172
1140639787,cat_3
1140640138,"cat_3,cat_11,cat_14,cat_770,cat_8"
1140640221,cat_2172
1140640222,cat_2172
1140640223,cat_2172
1140640224,cat_2172
1140640225,cat_2172
1140640226,cat_2172
1140640227,cat_2172
1140640228,cat_2172
1140640229,cat_2172
1140640230,cat_2172
1140640271,"cat_2374,cat_3,cat_326,cat_2163,cat_8,cat_328,cat_2164"
1140640272,"cat_2374,cat_3,cat_326,cat_2163,cat_8,cat_328,cat_2164"
1140640273,"cat_2374,cat_3,cat_326,cat_2163,cat_8,cat_328,cat_2164"
1140640274,"cat_2374,cat_3,cat_21,cat_326,cat_2163,cat_2224,cat_8,cat_328,cat_2164"
1140640275,"cat_2374,cat_3,cat_21,cat_326,cat_2163,cat_2224,cat_8,cat_328,cat_2164"
1140640293,cat_2172
1140640294,cat_2172
1140640448,cat_2172
1140640449,cat_2172
1140640450,cat_2172
1140640451,cat_2172
1140640517,cat_2172
1140640530,"cat_3,cat_8,cat_222,cat_223"
1140640531,"cat_3,cat_8,cat_222"
1140640532,"cat_3,cat_21,cat_2224,cat_8,cat_222"
1140640533,"cat_321,cat_3,cat_8,cat_222"
1140640534,"cat_320,cat_3,cat_8,cat_222"
1140640535,"cat_321,cat_3,cat_8,cat_222"
1140640536,"cat_321,cat_3,cat_8,cat_222"
1140640537,"cat_320,cat_3,cat_8,cat_222"
1140640538,"cat_3,cat_11,cat_1551,cat_1840,cat_21,cat_1558,cat_1841,cat_2224,cat_8,cat_1549,cat_1839"
1140640539,"cat_3,cat_8,cat_222,cat_223"
1140640540,"cat_3,cat_21,cat_2224,cat_8,cat_222"
1140640541,"cat_3,cat_21,cat_2224,cat_8,cat_222"
1140640542,"cat_3,cat_8,cat_222,cat_223"
1140640543,"cat_3,cat_8,cat_222,cat_223"
1140640544,"cat_320,cat_3,cat_8,cat_222"
1140640545,"cat_3,cat_8,cat_222,cat_223"
1140640546,"cat_3,cat_8,cat_222,cat_223"
1140640547,"cat_3,cat_8,cat_222,cat_223"
1140640548,"cat_321,cat_3,cat_8,cat_222"
1140640549,"cat_321,cat_3,cat_8,cat_222"
1140640550,"cat_320,cat_3,cat_8,cat_222"
1140640551,"cat_321,cat_3,cat_8,cat_222"
1140640559,"cat_320,cat_3,cat_8,cat_222"
1140640562,"cat_320,cat_3,cat_8,cat_222"
1140640564,"cat_320,cat_3,cat_8,cat_222"
1140640565,"cat_321,cat_3,cat_8,cat_222"
1140640566,"cat_321,cat_3,cat_8,cat_222"
1140640567,"cat_3,cat_8,cat_222"
1140640568,"cat_3,cat_8,cat_222"
1140640574,"cat_3,cat_8,cat_222"
1140640575,"cat_320,cat_3,cat_8,cat_222"
1140640576,"cat_321,cat_3,cat_8,cat_222"
1140640577,"cat_320,cat_3,cat_8,cat_222"
1140640578,"cat_320,cat_3,cat_8,cat_222"
1140640580,"cat_321,cat_3,cat_8,cat_222"
1140640581,"cat_3,cat_8,cat_222"
1140640582,"cat_3,cat_8,cat_222"
1140640585,"cat_320,cat_3,cat_8,cat_222"
1140640586,"cat_321,cat_3,cat_8,cat_222"
1140640587,"cat_320,cat_3,cat_8,cat_222"
1140640588,"cat_321,cat_3,cat_8,cat_222"
1140640589,"cat_321,cat_3,cat_8,cat_222"
1140640591,"cat_321,cat_3,cat_8,cat_222"
1140640592,"cat_321,cat_3,cat_8,cat_222"
1140640607,"cat_3,cat_8,cat_223"
1140640608,"cat_3,cat_8,cat_223"
1140640610,"cat_3,cat_8"
1140640611,"cat_3,cat_8"
1140640612,"cat_321,cat_3,cat_8"
1140640613,"cat_321,cat_3,cat_8"
1140640614,"cat_321,cat_3,cat_8"
1140640615,"cat_321,cat_3,cat_8"
1140640616,"cat_320,cat_3,cat_8"
1140640617,"cat_320,cat_3,cat_8"
1140640629,"cat_320,cat_3,cat_8"
1140640631,"cat_320,cat_3,cat_8"
1140640636,"cat_321,cat_3,cat_8"
1140640637,"cat_321,cat_3,cat_8"
1140640638,"cat_321,cat_3,cat_8"
1140640639,"cat_321,cat_3,cat_8"
1140640640,"cat_320,cat_3,cat_8"
1140640641,"cat_320,cat_3,cat_8"
1140640650,"cat_3,cat_8,cat_222,cat_223"
1140640651,"cat_3,cat_8,cat_222,cat_223"
1140640652,"cat_3,cat_8,cat_222,cat_223"
1140640653,"cat_3,cat_8"
1140640654,"cat_3,cat_8"
1140640655,"cat_3,cat_8,cat_223"
1140640656,"cat_3,cat_8,cat_223"
1140640657,"cat_3,cat_8,cat_223"
1140640658,"cat_3,cat_8,cat_223"
1140640659,"cat_3,cat_8,cat_223"
1140640660,"cat_3,cat_8,cat_223"
1140640661,"cat_3,cat_8,cat_223"
1140640662,"cat_3,cat_8,cat_223"
1140640666,"cat_3,cat_8,cat_223"
1140640667,"cat_3,cat_8,cat_223"
1140640668,"cat_320,cat_3,cat_8"
1140640669,"cat_320,cat_3,cat_8"
1140640671,"cat_321,cat_3,cat_8"
1140640672,"cat_321,cat_3,cat_8"
1140640673,"cat_321,cat_3,cat_8"
1140640674,"cat_321,cat_3,cat_8"
1140640676,"cat_320,cat_3,cat_8"
1140640677,"cat_320,cat_3,cat_8"
1140640678,"cat_321,cat_3,cat_8"
1140640679,"cat_321,cat_3,cat_8"
1140640687,"cat_320,cat_3,cat_8"
1140640688,"cat_320,cat_3,cat_8"
1140640689,"cat_320,cat_3,cat_8"
1140640690,"cat_320,cat_3,cat_8"
1140640691,"cat_320,cat_3,cat_8"
1140640692,"cat_321,cat_3,cat_8"
1140640693,"cat_321,cat_3,cat_8"
1140640694,"cat_320,cat_3,cat_8"
1140640695,"cat_320,cat_3,cat_8"
1140640696,"cat_320,cat_3,cat_8"
1140640697,"cat_321,cat_3,cat_8"
1140640698,"cat_321,cat_3,cat_8"
1140640700,"cat_321,cat_3,cat_8"
1140640701,"cat_321,cat_3,cat_8"
1140640702,"cat_321,cat_3,cat_8"
1140640703,"cat_320,cat_3,cat_8"
1140640707,"cat_320,cat_3,cat_8"
1140640708,"cat_320,cat_3,cat_8"
1140640709,"cat_3,cat_8"
1140640710,"cat_3,cat_8"
1140640711,"cat_3,cat_8"
1140640712,"cat_3,cat_8"
1140640713,"cat_3,cat_8"
1140640714,"cat_3,cat_8"
1140640715,"cat_3,cat_8"
1140640716,"cat_3,cat_8"
1140640717,"cat_320,cat_3,cat_8"
1140640718,"cat_320,cat_3,cat_8"
1140640719,"cat_320,cat_3,cat_8"
1140640721,"cat_320,cat_3,cat_8"
1140640722,"cat_321,cat_3,cat_8,cat_222"
1140640725,"cat_320,cat_3,cat_8"
1140640726,"cat_320,cat_3,cat_8"
1140640731,"cat_321,cat_3,cat_8"
1140640732,"cat_321,cat_3,cat_8"
1140640733,"cat_321,cat_3,cat_8,cat_222"
1140640734,"cat_321,cat_3,cat_8,cat_222"
1140640735,"cat_321,cat_3,cat_8"
1140640736,"cat_321,cat_3,cat_8"
1140640737,"cat_321,cat_3,cat_8"
1140640738,"cat_321,cat_3,cat_8"
1140640739,"cat_321,cat_3,cat_8"
1140640745,"cat_2374,cat_3,cat_40,cat_98,cat_2224,cat_770,cat_773,cat_778,cat_8,cat_38,cat_99"
1140640746,"cat_2374,cat_3,cat_40,cat_98,cat_2224,cat_770,cat_773,cat_778,cat_8,cat_38,cat_99"
1140640747,"cat_2374,cat_3,cat_40,cat_98,cat_2224,cat_770,cat_773,cat_778,cat_8,cat_38,cat_99"
1140640748,"cat_2374,cat_3,cat_40,cat_98,cat_2224,cat_770,cat_773,cat_778,cat_8,cat_38,cat_99"
1140640765,"cat_2374,cat_3,cat_40,cat_98,cat_2224,cat_770,cat_773,cat_778,cat_8,cat_38,cat_99"
1140640766,"cat_2374,cat_3,cat_40,cat_98,cat_2224,cat_770,cat_773,cat_778,cat_8,cat_38,cat_99"
1140640767,"cat_2374,cat_3,cat_40,cat_98,cat_2224,cat_770,cat_773,cat_778,cat_8,cat_38,cat_99"
1140640781,"cat_2374,cat_3,cat_40,cat_98,cat_2224,cat_770,cat_773,cat_778,cat_8,cat_38,cat_99"
1140640782,"cat_2374,cat_3,cat_40,cat_98,cat_2224,cat_770,cat_773,cat_778,cat_8,cat_38,cat_99"
1140640783,"cat_2374,cat_3,cat_40,cat_98,cat_2224,cat_770,cat_773,cat_778,cat_8,cat_38,cat_99"
1140640788,"cat_2374,cat_3,cat_40,cat_98,cat_2224,cat_770,cat_773,cat_778,cat_8,cat_38,cat_99"
1140640789,"cat_2374,cat_3,cat_40,cat_98,cat_2224,cat_770,cat_773,cat_778,cat_8,cat_38,cat_99"
1140640791,"cat_2374,cat_3,cat_40,cat_98,cat_2224,cat_770,cat_773,cat_778,cat_8,cat_38,cat_99"
1140640792,"cat_2374,cat_3,cat_40,cat_98,cat_2224,cat_770,cat_773,cat_778,cat_8,cat_38,cat_99"
1140640793,"cat_2374,cat_3,cat_40,cat_98,cat_2224,cat_770,cat_773,cat_778,cat_8,cat_38,cat_99"
1140640795,"cat_2374,cat_3,cat_40,cat_98,cat_2224,cat_770,cat_773,cat_778,cat_8,cat_38,cat_99"
1140640796,"cat_2374,cat_3,cat_40,cat_98,cat_2224,cat_770,cat_773,cat_778,cat_8,cat_38,cat_99"
1140640797,"cat_2374,cat_3,cat_40,cat_98,cat_2224,cat_770,cat_773,cat_778,cat_8,cat_38,cat_99"
1140640798,"cat_2374,cat_3,cat_40,cat_98,cat_2224,cat_770,cat_773,cat_778,cat_8,cat_38,cat_99"
1140640799,"cat_3,cat_11,cat_14,cat_770,cat_8"
1140640800,"cat_3,cat_11,cat_14,cat_770,cat_8"
1140640801,"cat_3,cat_11,cat_14,cat_770,cat_8"
1140640802,"cat_3,cat_11,cat_14,cat_770,cat_8"
1140640803,"cat_3,cat_11,cat_14,cat_770,cat_8"
1140640804,"cat_3,cat_11,cat_770,cat_8"
1140640813,"cat_1968,cat_3,cat_11,cat_770,cat_8"
1140640820,"cat_1968,cat_2374,cat_3,cat_11,cat_45,cat_1345,cat_1348,cat_14,cat_47,cat_40,cat_770,cat_773,cat_8,cat_38"
1140640821,"cat_1968,cat_2374,cat_3,cat_11,cat_45,cat_1345,cat_1348,cat_14,cat_47,cat_40,cat_770,cat_773,cat_8,cat_38"
1140640822,"cat_1968,cat_2374,cat_3,cat_11,cat_45,cat_1345,cat_1348,cat_14,cat_47,cat_40,cat_770,cat_773,cat_8,cat_38"
1140640823,"cat_1968,cat_3,cat_11,cat_19,cat_20,cat_8,cat_17,cat_18"
1140640824,"cat_1968,cat_3,cat_11,cat_19,cat_20,cat_8,cat_17,cat_18"
1140640825,"cat_1968,cat_2374,cat_3,cat_40,cat_98,cat_770,cat_773,cat_778,cat_8,cat_38,cat_99"
1140640826,"cat_1968,cat_2374,cat_3,cat_40,cat_98,cat_770,cat_773,cat_778,cat_8,cat_38,cat_99"
1140640827,"cat_1968,cat_2374,cat_3,cat_40,cat_98,cat_770,cat_773,cat_778,cat_8,cat_38,cat_99"
1140640828,"cat_1968,cat_2374,cat_3,cat_40,cat_98,cat_770,cat_773,cat_778,cat_8,cat_38,cat_99"
1140640829,"cat_2374,cat_3,cat_40,cat_98,cat_770,cat_773,cat_778,cat_8,cat_38,cat_99"
1140640830,"cat_1968,cat_2374,cat_3,cat_40,cat_98,cat_770,cat_773,cat_778,cat_8,cat_38,cat_99"
1140640831,"cat_1968,cat_2374,cat_3,cat_40,cat_98,cat_770,cat_773,cat_778,cat_8,cat_38,cat_99"
1140640832,"cat_1968,cat_2374,cat_3,cat_40,cat_98,cat_770,cat_773,cat_778,cat_8,cat_38,cat_99"
1140640833,"cat_1968,cat_2374,cat_3,cat_40,cat_98,cat_770,cat_773,cat_778,cat_8,cat_38,cat_99"
1140640856,"cat_3,cat_115,cat_8"
1140640857,"cat_3,cat_115,cat_8"
1140640858,"cat_3,cat_115,cat_8"
1140641010,cat_3
1140641011,cat_3
1140641012,cat_3
1140641013,cat_3
1140641014,cat_3
1140641015,cat_3
1140641039,cat_2172
1140641516,cat_3
1140641608,"cat_3,cat_8,cat_222"
1140641609,"cat_3,cat_8,cat_222"
1140641610,"cat_3,cat_8,cat_222"
1140641611,"cat_3,cat_8,cat_222"
1140641612,"cat_3,cat_8,cat_222"
1140641613,"cat_3,cat_8,cat_222"
1140641614,"cat_3,cat_8,cat_222"
1140641615,"cat_3,cat_8,cat_222"
1140641616,"cat_3,cat_8,cat_222"
1140641617,"cat_3,cat_8,cat_222"
1140641674,"cat_3,cat_770"
1140641675,"cat_3,cat_770"
1140641679,"cat_3,cat_770"
1140641680,"cat_3,cat_770"
1140641706,"cat_1968,cat_2374,cat_3,cat_21,cat_40,cat_98,cat_2224,cat_770,cat_773,cat_778,cat_8,cat_38,cat_99"
1140641707,"cat_1968,cat_2374,cat_3,cat_21,cat_40,cat_98,cat_2224,cat_770,cat_773,cat_778,cat_8,cat_38,cat_99"
1140641708,"cat_1968,cat_2374,cat_3,cat_11,cat_45,cat_46,cat_1345,cat_1348,cat_1349,cat_14,cat_47,cat_48,cat_21,cat_40,cat_41,cat_2224,cat_770,cat_773,cat_790,cat_8,cat_38,cat_39"
1140641709,"cat_1968,cat_2374,cat_3,cat_11,cat_45,cat_46,cat_1345,cat_1348,cat_1349,cat_14,cat_47,cat_48,cat_21,cat_40,cat_41,cat_2224,cat_770,cat_773,cat_790,cat_8,cat_38,cat_39"
1140641723,"cat_1968,cat_3,cat_8,cat_223"
1140641724,"cat_1968,cat_3,cat_8,cat_223"
1140641744,cat_3
1140641776,"cat_1968,cat_3,cat_11,cat_115"
1140641777,"cat_1968,cat_2374,cat_3,cat_40,cat_98,cat_770,cat_773,cat_778,cat_8,cat_38,cat_99"
1140641807,"cat_1968,cat_3,cat_11,cat_115"
1140641838,cat_3
1140642047,"cat_1968,cat_3,cat_11,cat_115"
1140642048,"cat_1968,cat_3,cat_8,cat_223"
1140642049,"cat_1968,cat_2374,cat_3,cat_11,cat_45,cat_46,cat_1345,cat_1348,cat_1349,cat_14,cat_47,cat_48,cat_40,cat_41,cat_770,cat_773,cat_790,cat_8,cat_38,cat_39"
1140642050,"cat_1968,cat_2374,cat_3,cat_11,cat_45,cat_46,cat_1345,cat_1348,cat_1349,cat_14,cat_47,cat_48,cat_40,cat_41,cat_770,cat_773,cat_790,cat_8,cat_38,cat_39"
1140642051,"cat_1968,cat_2374,cat_3,cat_40,cat_98,cat_770,cat_773,cat_778,cat_8,cat_38,cat_99"
1140642052,"cat_1968,cat_2374,cat_3,cat_40,cat_98,cat_770,cat_773,cat_778,cat_8,cat_38,cat_99"
1140642053,"cat_1968,cat_2374,cat_3,cat_11,cat_45,cat_46,cat_1345,cat_1348,cat_1349,cat_14,cat_47,cat_48,cat_40,cat_41,cat_770,cat_773,cat_790,cat_8,cat_38,cat_39"
1140642054,"cat_1968,cat_2374,cat_3,cat_11,cat_45,cat_46,cat_1345,cat_1348,cat_1349,cat_14,cat_47,cat_48,cat_40,cat_41,cat_770,cat_773,cat_790,cat_8,cat_38,cat_39"
1140642058,cat_2172
1140642059,"cat_3,cat_8"
1140642071,"cat_3,cat_8"
1140642072,"cat_3,cat_8"
1140642073,"cat_3,cat_8"
1140642074,"cat_3,cat_8"
1140642075,"cat_3,cat_8"
1140642076,"cat_3,cat_8"
1140642077,"cat_3,cat_8"
1140642078,"cat_3,cat_8"
1140642079,"cat_3,cat_8"
1140642080,"cat_3,cat_8"
1140642081,"cat_3,cat_8"
1140642082,"cat_3,cat_8"
1140642083,"cat_3,cat_8"
1140642084,"cat_3,cat_8"
1140642085,"cat_3,cat_8"
1140642086,"cat_2374,cat_3,cat_40,cat_770,cat_773,cat_8,cat_38"
1140642087,"cat_2374,cat_3,cat_21,cat_40,cat_2224,cat_770,cat_773,cat_8,cat_38"
1140642089,"cat_2374,cat_3,cat_115,cat_40,cat_770,cat_773,cat_8,cat_38"
1140642090,cat_2172
1140642091,cat_2172
1140642092,cat_2172
1140642093,cat_2172
1140642094,cat_2172
1140642095,cat_2172
1140642096,cat_2172
1140642097,cat_2172
1140642098,cat_2172
1140642099,cat_2172
1140642100,cat_2172
1140642101,"cat_3,cat_11,cat_21,cat_2224,cat_8"
1140642102,"cat_2374,cat_3,cat_8"
1140642103,"cat_3,cat_115,cat_8"
1140642105,"cat_3,cat_11,cat_285,cat_422,cat_115,cat_283,cat_421,cat_279,cat_419,cat_8,cat_281,cat_420"
1140642106,"cat_2374,cat_3,cat_21,cat_326,cat_2163,cat_2224,cat_8,cat_328,cat_2164"
1140642107,"cat_3,cat_11,cat_14,cat_770,cat_8"
1140642108,"cat_2374,cat_3,cat_40,cat_98,cat_770,cat_773,cat_778,cat_8,cat_38,cat_99"
1140642109,"cat_2374,cat_3,cat_40,cat_98,cat_770,cat_773,cat_778,cat_8,cat_38,cat_99"
1140642110,cat_2172
1140642111,cat_2172
1140642112,cat_2172
1140642113,cat_2172
1140642119,"cat_2374,cat_3,cat_40,cat_98,cat_2224,cat_770,cat_773,cat_778,cat_8,cat_38,cat_99"
1140642120,"cat_2374,cat_3,cat_40,cat_98,cat_2224,cat_770,cat_773,cat_778,cat_8,cat_38,cat_99"
1140642121,"cat_2374,cat_3,cat_40,cat_98,cat_2224,cat_770,cat_773,cat_778,cat_8,cat_38,cat_99"
1140642122,"cat_2374,cat_3,cat_40,cat_98,cat_2224,cat_770,cat_773,cat_778,cat_8,cat_38,cat_99"
1140642123,"cat_3,cat_40,cat_2224,cat_770,cat_773,cat_8,cat_38"
1140642124,"cat_2374,cat_3,cat_40,cat_2224,cat_770,cat_773,cat_8,cat_38"
1140642125,"cat_2374,cat_3,cat_40,cat_98,cat_2224,cat_770,cat_773,cat_778,cat_8,cat_38,cat_99"
1140642126,"cat_2374,cat_3,cat_40,cat_98,cat_2224,cat_770,cat_773,cat_778,cat_8,cat_38,cat_99"
1140642128,"cat_3,cat_11,cat_1551,cat_770,cat_8,cat_1549"
1140642129,"cat_3,cat_11,cat_1551,cat_115,cat_1558,cat_2224,cat_8,cat_1549"
1140642130,"cat_3,cat_11,cat_115,cat_2224,cat_8"
1140642131,"cat_3,cat_11,cat_1551,cat_115,cat_1558,cat_2224,cat_8,cat_1549"
1140642132,cat_2172
1140642133,"cat_2374,cat_3,cat_259,cat_2236,cat_2224,cat_8,cat_256,cat_2237"
1140642134,"cat_3,cat_11,cat_115,cat_2224,cat_8"
1140642135,"cat_2374,cat_3,cat_29,cat_2235,cat_2224,cat_8,cat_27,cat_2233,cat_2234"
1140642136,"cat_2374,cat_3,cat_29,cat_2235,cat_2224,cat_8,cat_27,cat_2233,cat_2234"
1140642137,cat_2172
1140642138,cat_2172
1140642140,"cat_3,cat_11,cat_45,cat_46,cat_1345,cat_1348,cat_1349,cat_14,cat_47,cat_48,cat_40,cat_41,cat_2224,cat_770,cat_773,cat_790,cat_8,cat_38,cat_39"
1140642149,"cat_3,cat_11,cat_45,cat_46,cat_1345,cat_1348,cat_1349,cat_14,cat_47,cat_48,cat_40,cat_41,cat_2224,cat_770,cat_773,cat_790,cat_8,cat_38,cat_39"
1140642150,"cat_3,cat_11,cat_45,cat_46,cat_1345,cat_1348,cat_1349,cat_14,cat_47,cat_48,cat_40,cat_41,cat_2224,cat_770,cat_773,cat_790,cat_8,cat_38,cat_39"
1140642151,"cat_3,cat_11,cat_45,cat_46,cat_1345,cat_1348,cat_1349,cat_14,cat_47,cat_48,cat_40,cat_41,cat_2224,cat_770,cat_773,cat_790,cat_8,cat_38,cat_39"
1140642152,"cat_3,cat_11,cat_45,cat_46,cat_1345,cat_1348,cat_1349,cat_14,cat_47,cat_48,cat_40,cat_41,cat_2224,cat_770,cat_773,cat_790,cat_8,cat_38,cat_39"
1140642153,"cat_3,cat_11,cat_45,cat_46,cat_1345,cat_1348,cat_1349,cat_14,cat_47,cat_48,cat_40,cat_41,cat_2224,cat_770,cat_773,cat_790,cat_8,cat_38,cat_39"
1140642154,"cat_3,cat_11,cat_19,cat_20,cat_8,cat_17,cat_18"
1140642155,"cat_3,cat_11,cat_19,cat_20,cat_8,cat_17,cat_18"
1140642156,"cat_3,cat_11,cat_19,cat_20,cat_8,cat_17,cat_18"
1140642157,"cat_3,cat_11,cat_19,cat_20,cat_8,cat_17,cat_18"
1140642158,"cat_3,cat_11,cat_19,cat_20,cat_8,cat_17,cat_18"
1140642159,"cat_3,cat_11,cat_19,cat_20,cat_8,cat_17,cat_18"
1140642160,"cat_3,cat_11,cat_19,cat_20,cat_8,cat_17,cat_18"
1140642161,"cat_3,cat_11,cat_19,cat_20,cat_8,cat_17,cat_18"
1140642162,"cat_2374,cat_3,cat_29,cat_2235,cat_2224,cat_8,cat_27,cat_2233,cat_2234"
1140642163,"cat_2374,cat_3,cat_29,cat_2235,cat_2224,cat_8,cat_27,cat_2233,cat_2234"
1140642164,"cat_2374,cat_3,cat_29,cat_2235,cat_2224,cat_8,cat_27,cat_2233,cat_2234"
1140642165,"cat_2374,cat_3,cat_29,cat_2235,cat_2224,cat_8,cat_27,cat_2233,cat_2234"
1140642348,cat_14
1140642382,cat_3
1140642385,cat_3
1140642400,cat_3
1140642405,cat_3
1140642422,"cat_3,cat_8"
1140642423,"cat_3,cat_8"
1140642424,"cat_3,cat_8"
1140642425,"cat_3,cat_8"
1140642656,"cat_3,cat_8"
1140642657,"cat_320,cat_3,cat_8"
1140642659,"cat_3,cat_11,cat_19,cat_20,cat_8,cat_17,cat_18"
1140643675,cat_2172
1140643676,cat_2172
1140643677,cat_2172
1140643678,cat_2172
1140643679,cat_2172
1140643680,cat_2172
1140643841,cat_2172
1140643842,cat_2172
1140643843,cat_2172
1140643905,"cat_3,cat_11,cat_14,cat_770,cat_8"
1140643906,"cat_3,cat_11,cat_14,cat_770,cat_8"
1140643907,"cat_3,cat_11,cat_14,cat_770,cat_8"
1140643912,cat_2172
1140643913,cat_2172
1140644733,"cat_3,cat_11,cat_1551,cat_8,cat_1549"
1140644734,"cat_3,cat_11,cat_1551,cat_8,cat_1549"
1140644735,"cat_3,cat_11,cat_1551,cat_8,cat_1549"
1140644736,"cat_3,cat_11,cat_1551,cat_8,cat_1549"
1140644737,"cat_3,cat_11,cat_1551,cat_8,cat_1549"
1140644738,"cat_3,cat_11,cat_1551,cat_8,cat_1549"
1140644739,"cat_3,cat_11,cat_1551,cat_8,cat_1549"
1140644740,"cat_3,cat_11,cat_1551,cat_8,cat_1549"
1140644741,"cat_3,cat_11,cat_1551,cat_8,cat_1549"
1140644743,"cat_3,cat_11,cat_1551,cat_8,cat_1549"
1140644744,"cat_3,cat_11,cat_1551,cat_8,cat_1549"
1140645921,cat_2172
1140645922,cat_2172
1140646006,cat_2172
1140646007,cat_2172
1140646008,cat_2172
1140646009,cat_2172
1140646010,cat_2172
1140646021,cat_2172
1140646025,cat_2172
1140646026,cat_2172
1140646027,cat_2172
1140646393,cat_2172
1140646394,cat_2172
1140646395,cat_2172
1140646396,cat_2172
1140646397,cat_2172
1140646398,cat_2172
1140646399,cat_2172
1140646400,cat_2172
1140646401,cat_2172
1140646763,"cat_321,cat_3,cat_8,cat_222"
1140646764,"cat_321,cat_3,cat_8,cat_222"
1140646765,"cat_321,cat_3,cat_8,cat_222"
1140646766,"cat_3,cat_8,cat_222"
1140646767,"cat_3,cat_8,cat_222"
1140646768,"cat_321,cat_3,cat_8,cat_222"
1140646769,"cat_321,cat_3,cat_8,cat_222"
1140646770,"cat_321,cat_3,cat_8,cat_222"
1140646771,"cat_3,cat_8,cat_222"
1140646772,"cat_3,cat_8,cat_222"
1140646773,"cat_321,cat_3,cat_8,cat_222"
1140646774,"cat_3,cat_8,cat_222"
1140646775,"cat_3,cat_8,cat_222"
1140646776,"cat_321,cat_3,cat_8,cat_222"
1140646777,"cat_3,cat_8,cat_222"
1140646778,"cat_3,cat_8,cat_222"
1140646779,"cat_321,cat_3,cat_8,cat_222"
1140646780,"cat_321,cat_3,cat_8,cat_222"
1140646781,"cat_321,cat_3,cat_8,cat_222"
1140646782,"cat_321,cat_3,cat_8,cat_222"
1140646783,"cat_3,cat_8,cat_222"
1140646784,"cat_3,cat_8,cat_222"
1140646785,"cat_321,cat_3,cat_8,cat_222"
1140646786,"cat_321,cat_3,cat_8,cat_222"
1140646787,"cat_3,cat_8,cat_222"
1140646788,"cat_320,cat_3,cat_8,cat_222"
1140646789,"cat_321,cat_3,cat_8,cat_222"
1140646794,"cat_3,cat_8,cat_222"
1140646797,"cat_321,cat_3,cat_8,cat_222"
1140646798,"cat_3,cat_8,cat_222"
1140646799,"cat_321,cat_3,cat_8,cat_222"
1140646800,"cat_3,cat_8,cat_222"
1140646801,"cat_321,cat_3,cat_8,cat_222"
1140646802,"cat_3,cat_8,cat_222"
1140646803,"cat_321,cat_3,cat_8,cat_222"
1140646804,"cat_3,cat_8,cat_222"
1140646805,"cat_321,cat_3,cat_8,cat_222"
1140646806,"cat_321,cat_3,cat_8,cat_222"
1140646807,"cat_3,cat_8,cat_222"
1140646808,"cat_3,cat_8,cat_222"
1140646810,"cat_3,cat_8,cat_222"
1140646811,"cat_3,cat_8,cat_222,cat_223"
1140646812,"cat_3,cat_8,cat_222,cat_223"
1140646813,"cat_3,cat_8,cat_222,cat_223"
1140646814,"cat_3,cat_8,cat_222,cat_223"
1140646816,"cat_3,cat_2224,cat_8,cat_222"
1140646817,"cat_3,cat_2224,cat_8,cat_222"
1140646818,"cat_3,cat_11,cat_8,cat_222"
1140646820,"cat_3,cat_11,cat_8,cat_222"
1140646821,"cat_3,cat_11,cat_8,cat_222"
1140646822,"cat_3,cat_11,cat_8,cat_222"
1140646823,"cat_3,cat_11,cat_8,cat_222"
1140646824,"cat_3,cat_11,cat_8,cat_222"
1140646825,"cat_321,cat_3,cat_11,cat_2224,cat_8,cat_222"
1140646826,"cat_3,cat_11,cat_2224,cat_8,cat_222"
1140646828,cat_3
1140647433,"cat_321,cat_3,cat_8,cat_222"
1140647434,"cat_321,cat_3,cat_8,cat_222"
1140647435,"cat_3,cat_8,cat_222"
1140647436,"cat_3,cat_8,cat_222"
1140647437,"cat_3,cat_8,cat_222"
1140647438,"cat_3,cat_8,cat_222"
1140647439,"cat_321,cat_3,cat_8,cat_222"
1140647440,"cat_321,cat_3,cat_8,cat_222"
1140647441,"cat_3,cat_8,cat_222"
1140647442,"cat_3,cat_8,cat_222"
1140647443,"cat_321,cat_3,cat_8,cat_222"
1140647444,"cat_321,cat_3,cat_8,cat_222"
1140647445,"cat_321,cat_3,cat_8,cat_222"
1140647446,"cat_321,cat_3,cat_8,cat_222"
1140647447,"cat_3,cat_8,cat_222"
1140647448,"cat_3,cat_8,cat_222"
1140647452,"cat_321,cat_3,cat_8,cat_222"
1140647453,"cat_321,cat_3,cat_8,cat_222"
1140647454,"cat_321,cat_3,cat_8,cat_222"
1140647455,"cat_3,cat_8,cat_222"
1140647456,"cat_3,cat_8,cat_222"
1140647457,"cat_3,cat_8,cat_222"
1140647458,"cat_321,cat_3,cat_8,cat_222"
1140647459,"cat_321,cat_3,cat_8,cat_222"
1140647460,"cat_321,cat_3,cat_8,cat_222"
1140647461,"cat_321,cat_3,cat_8,cat_222"
1140647462,"cat_3,cat_8,cat_222"
1140647463,"cat_3,cat_8,cat_222"
1140647471,"cat_3,cat_8,cat_222"
1140647472,"cat_321,cat_3,cat_8,cat_222"
1140647473,"cat_321,cat_3,cat_8,cat_222"
1140647474,"cat_321,cat_3,cat_8,cat_222"
1140647475,"cat_3,cat_8,cat_222"
1140647476,"cat_3,cat_8,cat_222"
1140647477,"cat_3,cat_8,cat_222"
1140647478,"cat_321,cat_3,cat_8,cat_222"
1140647479,"cat_321,cat_3,cat_8,cat_222"
1140647480,"cat_3,cat_8,cat_222"
1140647481,"cat_3,cat_8,cat_222"
1140647482,"cat_3,cat_8,cat_222"
1140647483,"cat_3,cat_8,cat_222"
1140647484,"cat_3,cat_8,cat_222"
1140647485,"cat_3,cat_8,cat_222"
1140647486,"cat_3,cat_8,cat_222,cat_223"
1140647487,"cat_3,cat_8,cat_222,cat_223"
1140647488,"cat_3,cat_8,cat_222,cat_223"
1140647489,"cat_3,cat_8,cat_222,cat_223"
1140647490,"cat_3,cat_8,cat_222,cat_223"
1140647491,"cat_3,cat_8,cat_222,cat_223"
1140647492,"cat_3,cat_8,cat_222,cat_223"
1140647493,"cat_3,cat_8,cat_222,cat_223"
1140647494,"cat_3,cat_8,cat_222,cat_223"
1140647495,"cat_3,cat_8,cat_222,cat_223"
1140647496,"cat_3,cat_2224,cat_8,cat_222"
1140647497,"cat_3,cat_2224,cat_8,cat_222"
1140647498,"cat_321,cat_3,cat_11,cat_2224,cat_8,cat_222"
1140647499,"cat_321,cat_3,cat_11,cat_2224,cat_8,cat_222"
1140647500,"cat_3,cat_11,cat_2224,cat_8,cat_222"
1140647501,"cat_3,cat_11,cat_2224,cat_8,cat_222"
1140647561,cat_2172
1140647562,cat_2172
1140647563,cat_2172
1140647564,cat_2172
1140647565,cat_2172
1140647566,cat_2172
1140647567,cat_2172
1140647568,cat_2172
1140647569,cat_2172
1140647598,"cat_3,cat_8,cat_222"
1140647599,"cat_3,cat_8,cat_222"
1140647731,"cat_3,cat_11,cat_14,cat_770,cat_8"
1140647732,"cat_3,cat_11,cat_14,cat_770,cat_8"
1140647733,"cat_3,cat_11,cat_14,cat_770,cat_8"
1140647734,"cat_3,cat_11,cat_14,cat_770,cat_8"
1140647735,"cat_3,cat_11,cat_14,cat_770,cat_8"
1140647736,"cat_3,cat_11,cat_14,cat_770,cat_8"
1140647943,"cat_3,cat_2224"
1140647944,"cat_3,cat_2224"
1140647945,"cat_3,cat_2224"
1140647946,"cat_3,cat_2224"
1140647947,"cat_3,cat_11,cat_14,cat_2224,cat_8"
1140647948,"cat_2374,cat_3,cat_11,cat_14,cat_2224,cat_8"
1140647949,"cat_3,cat_11,cat_14,cat_2224,cat_8"
1140647950,"cat_2374,cat_3,cat_11,cat_14,cat_2224,cat_8"
1140647951,"cat_3,cat_11,cat_14,cat_2224,cat_8"
1140647952,"cat_2374,cat_3,cat_11,cat_14,cat_2224,cat_8"
1140647953,"cat_3,cat_11,cat_14,cat_2224,cat_8"
1140647954,"cat_2374,cat_3,cat_11,cat_14,cat_2224,cat_8"
1140648306,"cat_3,cat_8,cat_222,cat_223"
1140648307,"cat_3,cat_8,cat_222,cat_223"
1140648308,"cat_3,cat_8,cat_222,cat_223"
1140648309,"cat_3,cat_8,cat_222,cat_223"
1140648310,"cat_3,cat_8,cat_222,cat_223"
1140648311,"cat_3,cat_8,cat_222,cat_223"
1140648312,"cat_3,cat_8,cat_222,cat_223"
1140648314,"cat_3,cat_8,cat_222,cat_223"
1140648315,"cat_3,cat_8,cat_222,cat_223"
1140648347,"cat_3,cat_8,cat_222"
1140648348,"cat_3,cat_8,cat_222"
1140648349,"cat_3,cat_8,cat_222"
1140648350,"cat_3,cat_8,cat_222"
1140648357,"cat_3,cat_8,cat_222,cat_223"
1140648358,"cat_3,cat_8,cat_222,cat_223"
1140648359,"cat_3,cat_8,cat_222,cat_223"
1140648361,"cat_3,cat_8,cat_222,cat_223"
1140648368,"cat_3,cat_8,cat_222,cat_223"
1140648845,"cat_3,cat_8,cat_222,cat_223"
1140648846,"cat_3,cat_8,cat_222,cat_223"
1140648847,"cat_3,cat_8,cat_222,cat_223"
1140648904,"cat_3,cat_11,cat_14,cat_770,cat_8"
1140648905,"cat_3,cat_11,cat_14,cat_770,cat_8"
1140648906,"cat_3,cat_11,cat_14,cat_770,cat_8"
1140648907,"cat_3,cat_11,cat_14,cat_770,cat_8"
1140648908,cat_3
1140648909,cat_3
1140648910,cat_3
1140648911,cat_3
1140648912,cat_3
1140648913,cat_3
1140648914,cat_3
1140648915,cat_3
1140648916,cat_3
1140648917,cat_3
1140648926,cat_3
1140648927,cat_3
1140648928,cat_3
1140648929,cat_3
1140648931,cat_3
1140648932,cat_3
1140648934,cat_3
1140648935,cat_3
1140648937,cat_3
1140648938,cat_3
1140648939,"cat_3,cat_11,cat_14,cat_2224,cat_8"
1140648940,"cat_3,cat_11,cat_14,cat_2224,cat_8"
1140648941,"cat_3,cat_11,cat_14,cat_770,cat_8"
1140648942,"cat_3,cat_11,cat_14,cat_770,cat_8"
1140648943,cat_2172
1140649023,"cat_3,cat_8,cat_222,cat_223"
1140649129,"cat_3,cat_11,cat_1551,cat_1558,cat_2224,cat_8,cat_1549"
1140649130,"cat_3,cat_11,cat_19,cat_93,cat_8,cat_17,cat_92"
1140649131,"cat_3,cat_11,cat_285,cat_115,cat_283,cat_279,cat_2224,cat_8,cat_281"
1140649132,"cat_3,cat_11,cat_285,cat_115,cat_283,cat_279,cat_2224,cat_8,cat_281"
1140649133,"cat_3,cat_115,cat_2224,cat_8"
1140649134,"cat_3,cat_11,cat_285,cat_115,cat_283,cat_279,cat_2224,cat_8,cat_281"
1140649135,"cat_3,cat_11,cat_115,cat_2224,cat_8"
1140649136,"cat_3,cat_11,cat_115,cat_2224,cat_8"
1140649137,"cat_2374,cat_3,cat_40,cat_98,cat_2224,cat_770,cat_773,cat_778,cat_8,cat_38,cat_99"
1140649138,"cat_2374,cat_3,cat_40,cat_98,cat_2224,cat_770,cat_773,cat_778,cat_8,cat_38,cat_99"
1140649139,"cat_2374,cat_3,cat_11,cat_14,cat_770,cat_8"
1140649140,"cat_2374,cat_3,cat_11,cat_14,cat_770,cat_8"
1140649141,"cat_2374,cat_3,cat_11,cat_14,cat_770,cat_8"
1140649142,"cat_2374,cat_3,cat_11,cat_14,cat_770,cat_8"
1140649143,"cat_3,cat_11,cat_1551,cat_1558,cat_2224,cat_8,cat_1549"
1140649144,"cat_3,cat_11,cat_1551,cat_1558,cat_2224,cat_8,cat_1549"
1140649145,"cat_3,cat_11,cat_1551,cat_1558,cat_2224,cat_8,cat_1549"
1140649146,"cat_3,cat_11,cat_1551,cat_8,cat_1549"
1140649147,"cat_3,cat_11,cat_1551,cat_8,cat_1549"
1140649148,"cat_3,cat_11,cat_1551,cat_8,cat_1549"
1140649149,"cat_3,cat_11,cat_1551,cat_8,cat_1549"
1140649150,"cat_3,cat_11,cat_19,cat_20,cat_8,cat_17,cat_18"
1140649218,"cat_2374,cat_3,cat_29,cat_2235,cat_2224,cat_8,cat_27,cat_2233,cat_2234"
1140649410,cat_3
1140649411,cat_3
1140649677,"cat_2374,cat_3,cat_11,cat_19,cat_20,cat_8,cat_17,cat_18"
1140651129,"cat_3,cat_11,cat_1551,cat_8,cat_1549"
1140651130,"cat_3,cat_11,cat_1551,cat_8,cat_1549"
1140651131,"cat_3,cat_11,cat_1551,cat_8,cat_1549"
1140651132,"cat_3,cat_11,cat_1551,cat_8,cat_1549"
1140651133,"cat_3,cat_11,cat_1551,cat_8,cat_1549"
1140651134,"cat_3,cat_11,cat_1551,cat_8,cat_1549"
1140651135,"cat_3,cat_11,cat_1551,cat_8,cat_1549"
1140651136,"cat_3,cat_11,cat_1551,cat_8,cat_1549"
1140651137,"cat_3,cat_11,cat_1551,cat_8,cat_1549"
1140651138,"cat_3,cat_11,cat_1551,cat_8,cat_1549"
1140651141,"cat_3,cat_11,cat_1551,cat_8,cat_1549"
1140651142,"cat_3,cat_11,cat_1551,cat_8,cat_1549"
1140651143,"cat_3,cat_11,cat_1551,cat_8,cat_1549"
1140651149,"cat_3,cat_8,cat_222"
1140651153,"cat_3,cat_8,cat_222"
1140651154,"cat_3,cat_8,cat_222"
1140651157,"cat_3,cat_2224,cat_8,cat_222"
1140651158,"cat_3,cat_2224,cat_8,cat_222"
1140651161,"cat_3,cat_2224,cat_8,cat_222"
1140651164,"cat_3,cat_2224,cat_8,cat_222"
1140651165,"cat_3,cat_2224,cat_8,cat_222"
1140651167,"cat_3,cat_8,cat_222"
1140651168,"cat_3,cat_8,cat_222"
1140651323,"cat_3,cat_11,cat_19,cat_20,cat_8,cat_17,cat_18"
1140651324,"cat_3,cat_11,cat_45,cat_80,cat_14,cat_47,cat_8,cat_38,cat_77"
1140651325,"cat_3,cat_11,cat_14,cat_770,cat_8"
1140651326,"cat_3,cat_11,cat_14,cat_770,cat_8"
1140651327,"cat_3,cat_8,cat_222,cat_223"
1140651328,"cat_3,cat_11,cat_45,cat_46,cat_1345,cat_1348,cat_1349,cat_14,cat_47,cat_48,cat_40,cat_41,cat_2224,cat_770,cat_773,cat_790,cat_8,cat_38,cat_39"
1140651329,"cat_2374,cat_3,cat_14,cat_47,cat_48,cat_8,cat_38,cat_39"
1140651330,"cat_2374,cat_3,cat_40,cat_98,cat_2224,cat_770,cat_773,cat_778,cat_8,cat_38,cat_99"
1140651337,"cat_3,cat_21,cat_40,cat_98,cat_8,cat_38,cat_99"
1140651338,"cat_3,cat_8,cat_222,cat_223"
1140651767,"cat_2374,cat_3,cat_40,cat_98,cat_2224,cat_770,cat_773,cat_778,cat_8,cat_38,cat_99"
1140651768,"cat_2374,cat_3,cat_40,cat_98,cat_2224,cat_770,cat_773,cat_778,cat_8,cat_38,cat_99"
1140651769,"cat_2374,cat_3,cat_40,cat_98,cat_2224,cat_770,cat_773,cat_778,cat_8,cat_38,cat_99"
1140651770,"cat_2374,cat_3,cat_40,cat_98,cat_2224,cat_770,cat_773,cat_778,cat_8,cat_38,cat_99"
1140651771,"cat_2374,cat_3,cat_40,cat_98,cat_2224,cat_770,cat_773,cat_778,cat_8,cat_38,cat_99"
1140651791,"cat_2374,cat_3,cat_40,cat_98,cat_2224,cat_770,cat_773,cat_778,cat_8,cat_38,cat_99"
1140651821,"cat_3,cat_11,cat_45,cat_46,cat_1345,cat_1348,cat_1349,cat_14,cat_47,cat_48,cat_40,cat_41,cat_2224,cat_770,cat_773,cat_790,cat_8,cat_38,cat_39"
1140651822,"cat_3,cat_11,cat_45,cat_46,cat_1345,cat_1348,cat_1349,cat_14,cat_47,cat_48,cat_40,cat_41,cat_2224,cat_770,cat_773,cat_790,cat_8,cat_38,cat_39"
1140651823,"cat_3,cat_11,cat_45,cat_46,cat_1345,cat_1348,cat_1349,cat_14,cat_47,cat_48,cat_40,cat_41,cat_2224,cat_770,cat_773,cat_790,cat_8,cat_38,cat_39"
1140651824,"cat_3,cat_11,cat_45,cat_46,cat_1345,cat_1348,cat_1349,cat_14,cat_47,cat_48,cat_40,cat_41,cat_2224,cat_770,cat_773,cat_790,cat_8,cat_38,cat_39"
1140651825,"cat_3,cat_11,cat_45,cat_46,cat_1345,cat_1348,cat_1349,cat_14,cat_47,cat_48,cat_40,cat_41,cat_2224,cat_770,cat_773,cat_790,cat_8,cat_38,cat_39"
1140651826,"cat_3,cat_11,cat_45,cat_46,cat_1345,cat_1348,cat_1349,cat_14,cat_47,cat_48,cat_40,cat_41,cat_2224,cat_770,cat_773,cat_790,cat_8,cat_38,cat_39"
1140651827,"cat_3,cat_11,cat_19,cat_20,cat_8,cat_17,cat_18"
1140651828,"cat_3,cat_11,cat_19,cat_20,cat_8,cat_17,cat_18"
1140651829,"cat_3,cat_11,cat_45,cat_80,cat_40,cat_78,cat_2224,cat_770,cat_773,cat_786,cat_8,cat_38,cat_77"
1140651830,"cat_3,cat_11,cat_45,cat_80,cat_40,cat_78,cat_2224,cat_770,cat_773,cat_786,cat_8,cat_38,cat_77"
1140651913,"cat_3,cat_11,cat_19,cat_20,cat_8,cat_17,cat_18"
1140651914,"cat_3,cat_11,cat_19,cat_20,cat_8,cat_17,cat_18"
1140651915,"cat_3,cat_11,cat_19,cat_20,cat_8,cat_17,cat_18"
1140654662,"cat_3,cat_11,cat_14,cat_2224,cat_8"
1140654663,"cat_3,cat_11,cat_14,cat_2224,cat_8"
1140654664,"cat_3,cat_11,cat_14,cat_2224,cat_8"
1140654667,"cat_3,cat_11,cat_14,cat_2224,cat_8"
1140654668,"cat_3,cat_11,cat_14,cat_2224,cat_8"
1140654856,"cat_3,cat_11,cat_1551,cat_8,cat_1549"
1140654857,"cat_3,cat_11,cat_1551,cat_8,cat_1549"
1140654860,"cat_3,cat_11,cat_1551,cat_8,cat_1549"
1140654861,"cat_3,cat_11,cat_1551,cat_8,cat_1549"
1140654862,"cat_3,cat_11,cat_1551,cat_8,cat_1549"
1140656069,"cat_2374,cat_3,cat_11,cat_14,cat_770,cat_8"
1140656081,"cat_3,cat_770,cat_773,cat_8,cat_38"
1140656082,"cat_3,cat_770,cat_773,cat_775,cat_8,cat_38,cat_112"
1140656083,"cat_3,cat_770,cat_773,cat_775,cat_8,cat_38,cat_112"
1140656812,"cat_3,cat_8,cat_222"
1140656813,"cat_3,cat_8,cat_222"
1140656814,"cat_3,cat_8,cat_222"
1140656815,"cat_3,cat_8,cat_222"
1140656816,"cat_3,cat_8,cat_222"
1140656818,"cat_3,cat_8,cat_222"
1140656819,"cat_3,cat_8,cat_222"
1140656830,"cat_3,cat_8,cat_222"
1140656831,"cat_3,cat_8,cat_222"
1140656832,"cat_3,cat_8,cat_222"
1140656833,"cat_3,cat_8,cat_222"
1140656834,"cat_3,cat_8,cat_222"
1140656835,"cat_3,cat_8,cat_222"
1140656836,"cat_3,cat_8,cat_222"
1140656839,"cat_3,cat_8,cat_222"
1140656841,"cat_3,cat_8,cat_222"
1140656842,"cat_3,cat_8,cat_222"
1140656843,"cat_3,cat_8,cat_222"
1140656844,"cat_3,cat_8,cat_222"
1140656845,"cat_3,cat_8,cat_222"
1140656846,"cat_3,cat_8,cat_222"
1140656903,"cat_3,cat_8,cat_222"
1140656982,"cat_3,cat_8,cat_222"
1140656983,"cat_3,cat_8,cat_222"
1140656984,"cat_3,cat_8,cat_222"
1140656985,"cat_3,cat_8,cat_222"
1140656986,"cat_3,cat_8,cat_222"
1140656987,"cat_3,cat_8,cat_222"
1140656988,"cat_3,cat_8,cat_222"
1140656989,"cat_3,cat_8,cat_222"
1140656990,"cat_3,cat_8,cat_222"
1140656991,"cat_3,cat_8,cat_222"
1140656992,"cat_3,cat_8,cat_222"
1140656996,"cat_3,cat_8,cat_222"
1140656997,"cat_3,cat_8,cat_222"
1140656998,"cat_3,cat_8,cat_222"
1140657000,"cat_3,cat_8,cat_222"
1140657001,"cat_3,cat_8,cat_222"
1140657003,"cat_3,cat_8,cat_222"
1140657006,"cat_3,cat_8,cat_222"
1140657071,"cat_3,cat_8,cat_222"
1140657072,"cat_3,cat_8,cat_222"
1140657073,"cat_3,cat_8,cat_222"
1140657074,"cat_3,cat_8,cat_222"
1140657075,"cat_3,cat_8,cat_222"
1140657076,"cat_3,cat_8,cat_222"
1140657077,"cat_3,cat_8,cat_222"
1140657078,"cat_3,cat_8,cat_222"
1140657079,"cat_3,cat_8,cat_222"
1140657080,"cat_3,cat_8,cat_222"
1140657081,"cat_3,cat_8,cat_222"
1140657082,"cat_3,cat_8,cat_222"
1140657085,"cat_3,cat_8,cat_222"
1140657086,"cat_3,cat_8,cat_222"
1140657087,"cat_3,cat_8,cat_222"
1140657095,"cat_3,cat_8,cat_222"
1140657096,"cat_3,cat_8,cat_222"
1140657097,"cat_3,cat_8,cat_222"
1140657098,"cat_3,cat_8,cat_222"
1140657113,"cat_3,cat_8,cat_222"
1140657114,"cat_3,cat_8,cat_222"
1140657115,"cat_3,cat_8,cat_222"
1140657116,"cat_3,cat_8,cat_222"
1140657117,"cat_3,cat_8,cat_222"
1140657118,"cat_3,cat_8,cat_222"
1140657119,"cat_3,cat_8,cat_222"
1140657120,"cat_3,cat_8,cat_222"
1140657121,"cat_3,cat_8,cat_222"
1140657122,"cat_3,cat_8,cat_222"
1140657123,"cat_3,cat_8,cat_222"
1140657265,"cat_3,cat_8,cat_222"
1140657266,"cat_3,cat_8,cat_222"
1140657267,"cat_3,cat_8,cat_222"
1140657268,"cat_3,cat_8,cat_222,cat_223"
1140657269,"cat_3,cat_8,cat_222,cat_223"
1140657270,"cat_3,cat_8,cat_222,cat_223"
1140657271,"cat_3,cat_8,cat_222,cat_223"
1140657272,"cat_3,cat_8,cat_222,cat_223"
1140657273,"cat_3,cat_8,cat_222,cat_223"
1140657274,"cat_3,cat_8,cat_222,cat_223"
1140657275,"cat_3,cat_8,cat_222,cat_223"
1140657276,"cat_3,cat_8,cat_222,cat_223"
1140657277,"cat_3,cat_8,cat_222,cat_223"
1140657278,"cat_3,cat_8,cat_222,cat_223"
1140657279,"cat_3,cat_8,cat_222,cat_223"
1140657280,"cat_3,cat_8,cat_222,cat_223"
1140657281,"cat_3,cat_8,cat_222,cat_223"
1140657285,"cat_3,cat_8,cat_222,cat_223"
1140657286,"cat_3,cat_8,cat_222,cat_223"
1140657287,"cat_3,cat_8,cat_222,cat_223"
1140657288,"cat_3,cat_8,cat_222,cat_223"
1140657289,"cat_3,cat_8,cat_222,cat_223"
1140657292,"cat_3,cat_8,cat_222,cat_223"
1140657295,"cat_3,cat_8,cat_222"
1140657296,"cat_3,cat_8,cat_222"
1140657297,"cat_3,cat_8,cat_222,cat_223"
1140657368,"cat_3,cat_8,cat_222,cat_223"
1140657372,"cat_3,cat_8,cat_222,cat_223"
1140657373,"cat_3,cat_8,cat_222,cat_223"
1140657374,"cat_3,cat_8,cat_222,cat_223"
1140657375,"cat_3,cat_8,cat_222,cat_223"
1140657376,"cat_3,cat_8,cat_222"
1140657868,cat_3
1140657869,cat_3
1140657870,cat_3
1140657871,cat_3
1140657873,cat_3
1140657874,cat_3
1140657876,cat_3
1140657880,cat_3
1140658024,cat_3
1140658027,cat_3
1140658047,cat_3
1140658054,cat_3
1140658097,"cat_3,cat_770"
1140658141,"cat_3,cat_8,cat_222"
1140658142,"cat_3,cat_8,cat_222"
1140658143,"cat_3,cat_8,cat_222"
1140658144,"cat_3,cat_8,cat_222"
1140658145,"cat_3,cat_8,cat_222"
1140658146,"cat_3,cat_8,cat_222"
1140658147,"cat_3,cat_8,cat_222"
1140658151,"cat_3,cat_8,cat_222"
1140658155,"cat_3,cat_8,cat_222"
1140658167,"cat_3,cat_8,cat_222"
1140658168,"cat_3,cat_8,cat_222"
1140658169,"cat_3,cat_8,cat_222"
1140658170,"cat_3,cat_8,cat_222"
1140658172,"cat_3,cat_8,cat_222"
1140658173,"cat_3,cat_8,cat_222"
1140658393,"cat_3,cat_8,cat_222"
1140658394,"cat_3,cat_8,cat_222"
1140658395,"cat_3,cat_8,cat_222"
1140658396,"cat_3,cat_8,cat_222"
1140658397,"cat_3,cat_8,cat_222"
1140658398,"cat_3,cat_8,cat_222"
1140658399,"cat_3,cat_8,cat_222"
1140658400,"cat_3,cat_8,cat_222"
1140658401,"cat_3,cat_8,cat_222"
1140658403,"cat_3,cat_8,cat_222"
1140658404,"cat_3,cat_8,cat_222"
1140658405,"cat_3,cat_8,cat_222"
1140658406,"cat_3,cat_8,cat_222"
1140658407,"cat_3,cat_8,cat_222"
1140658408,"cat_3,cat_8,cat_222"
1140658506,"cat_3,cat_8,cat_222,cat_223"
1140658507,"cat_3,cat_8,cat_222,cat_223"
1140658508,"cat_3,cat_8,cat_222,cat_223"
1140658509,"cat_3,cat_8,cat_222"
1140658510,"cat_3,cat_8,cat_222,cat_223"
1140658787,"cat_3,cat_8,cat_222,cat_223"
1140658821,"cat_3,cat_11,cat_115,cat_14"
1140658822,"cat_3,cat_11,cat_115,cat_14"
1140658823,"cat_3,cat_11,cat_115,cat_14"
1140658824,"cat_3,cat_11,cat_115,cat_14"
1140658825,"cat_3,cat_11,cat_115,cat_14"
1140658826,"cat_3,cat_11,cat_115,cat_14"
1140658833,"cat_3,cat_11,cat_115,cat_14"
1140658839,"cat_3,cat_11,cat_115,cat_14"
1140658840,"cat_2121,cat_3,cat_11,cat_115,cat_14"
1140658841,"cat_3,cat_11,cat_14,cat_770,cat_8"
1140658850,"cat_3,cat_11,cat_14,cat_8"
1140658851,"cat_3,cat_11,cat_14"
1140658852,"cat_3,cat_11,cat_115,cat_14"
1140658853,"cat_3,cat_11,cat_14,cat_770,cat_8"
1140658854,"cat_3,cat_11,cat_14,cat_8"
1140658855,"cat_3,cat_11,cat_14"
1140658929,"cat_3,cat_8,cat_222,cat_223"
1140658982,cat_3
1140658983,cat_3
1140658984,cat_3
1140658985,cat_3
1140659096,"cat_3,cat_8,cat_222"
1140659097,"cat_3,cat_8,cat_222"
1140659098,"cat_3,cat_8,cat_222"
1140659100,"cat_3,cat_8,cat_222"
1140659101,"cat_3,cat_8,cat_222"
1140659102,"cat_3,cat_8,cat_222"
1140659103,"cat_3,cat_8,cat_222"
1140659104,"cat_3,cat_8,cat_222"
1140659105,"cat_3,cat_8,cat_222"
1140659112,cat_2172
1140659416,"cat_3,cat_8,cat_222"
1140659420,"cat_3,cat_8,cat_222"
1140659421,"cat_3,cat_8,cat_222"
1140659577,"cat_3,cat_8,cat_27,cat_28"
1140659578,"cat_3,cat_11,cat_82,cat_83,cat_8,cat_27,cat_81"
1140659579,cat_3
1140659580,"cat_3,cat_11,cat_82,cat_83,cat_8,cat_27,cat_81"
1140659581,"cat_3,cat_8,cat_27,cat_287"
1140659587,"cat_3,cat_11,cat_82,cat_83,cat_8,cat_27,cat_81"
1140659591,"cat_3,cat_8,cat_27,cat_28"
1140659592,"cat_3,cat_8,cat_27,cat_28"
1140659593,"cat_3,cat_11,cat_82,cat_83,cat_8,cat_27,cat_81"
1140659594,"cat_3,cat_8,cat_27,cat_28"
1140659595,"cat_3,cat_8,cat_27,cat_28"
1140659599,"cat_3,cat_8,cat_27,cat_28"
1140659600,"cat_3,cat_8,cat_27,cat_28"
1140659601,"cat_3,cat_8,cat_27,cat_28"
1140659602,"cat_3,cat_8,cat_27,cat_28"
1140659603,"cat_3,cat_8,cat_27,cat_28"
1140659604,"cat_8,cat_27,cat_269"
1140659605,"cat_3,cat_8,cat_27,cat_28"
1140659606,"cat_8,cat_27,cat_269"
1140659607,"cat_3,cat_8,cat_27,cat_28"
1140659608,"cat_8,cat_27,cat_269"
1140659609,"cat_3,cat_8,cat_27,cat_28"
1140659610,"cat_3,cat_8,cat_27,cat_28"
1140659611,"cat_3,cat_8,cat_27,cat_269"
1140659612,"cat_3,cat_8,cat_27,cat_269"
1140659614,"cat_3,cat_8,cat_27,cat_269"
1140659615,"cat_3,cat_8,cat_27,cat_269"
1140659616,"cat_3,cat_8,cat_27,cat_35"
1140659617,"cat_3,cat_8,cat_27,cat_35"
1140659622,"cat_8,cat_27,cat_415"
1140659629,"cat_3,cat_8,cat_27,cat_28"
1140659631,cat_3
1140659632,cat_3
1140659633,cat_3
1140659636,cat_3
1140659641,cat_3
1140659645,cat_3
1140659646,cat_3
1140659647,cat_3
1140659648,cat_3
1140659649,"cat_3,cat_8,cat_27,cat_28"
1140659650,"cat_3,cat_8,cat_27,cat_28"
1140659651,cat_3
1140659652,"cat_3,cat_8,cat_27,cat_28"
1140659653,cat_3
1140659654,cat_3
1140659655,"cat_3,cat_8,cat_27,cat_28"
1140659656,"cat_3,cat_8,cat_27,cat_287"
1140659657,cat_3
1140659658,cat_3
1140659659,cat_3
1140659660,cat_3
1140659661,cat_3
1140659662,cat_3
1140659663,cat_3
1140659664,cat_3
1140659665,cat_3
1140659666,"cat_3,cat_8,cat_27,cat_28"
1140659667,"cat_3,cat_8,cat_27,cat_28"
1140659668,"cat_3,cat_8,cat_27,cat_28"
1140659669,"cat_3,cat_8,cat_27,cat_28"
1140659670,"cat_3,cat_8,cat_27,cat_28"
1140659671,"cat_3,cat_8,cat_27,cat_28"
1140659672,"cat_3,cat_8,cat_27,cat_28"
1140659673,"cat_3,cat_8,cat_27,cat_28"
1140659674,"cat_3,cat_8,cat_27,cat_28"
1140659675,"cat_3,cat_8,cat_27,cat_28"
1140659676,"cat_3,cat_8,cat_27,cat_28"
1140659677,"cat_3,cat_8,cat_27,cat_28"
1140659678,"cat_3,cat_8,cat_27,cat_28"
1140659679,"cat_3,cat_8,cat_27,cat_28"
1140659680,"cat_3,cat_8,cat_27,cat_28"
1140659681,"cat_3,cat_8,cat_27,cat_28"
1140659682,"cat_3,cat_8,cat_27,cat_28"
1140659683,"cat_3,cat_8,cat_27,cat_28"
1140659684,"cat_3,cat_8,cat_27,cat_28"
1140659685,"cat_3,cat_8,cat_27,cat_28"
1140659686,"cat_3,cat_8,cat_27,cat_28"
1140659687,"cat_3,cat_8,cat_27,cat_28"
1140659688,"cat_3,cat_8,cat_27,cat_28"
1140659689,"cat_3,cat_8,cat_27,cat_28"
1140659690,"cat_3,cat_8,cat_27,cat_28"
1140659691,"cat_3,cat_8,cat_27,cat_28"
1140659692,"cat_3,cat_8,cat_27,cat_28"
1140659693,"cat_3,cat_8,cat_27,cat_28"
1140659694,"cat_3,cat_8,cat_27,cat_28"
1140659695,"cat_3,cat_8,cat_27,cat_28"
1140659696,"cat_3,cat_8,cat_27,cat_28"
1140659697,"cat_3,cat_8,cat_27,cat_28"
1140659698,"cat_3,cat_8,cat_27,cat_28"
1140659699,"cat_3,cat_8,cat_27,cat_28"
1140659700,"cat_3,cat_8,cat_27,cat_28"
1140659701,"cat_3,cat_8,cat_27,cat_28"
1140659702,"cat_3,cat_8,cat_27,cat_28"
1140659703,"cat_3,cat_8,cat_27,cat_28"
1140659704,"cat_3,cat_8,cat_27,cat_28"
1140659705,"cat_3,cat_8,cat_27,cat_28"
1140659706,"cat_3,cat_8,cat_27,cat_28"
1140659707,"cat_3,cat_8,cat_27,cat_28"
1140659708,"cat_3,cat_8,cat_27,cat_28"
1140659709,"cat_3,cat_8,cat_27,cat_28"
1140659717,"cat_3,cat_8,cat_27,cat_28"
1140659718,"cat_3,cat_8,cat_27,cat_28"
1140659719,"cat_3,cat_8,cat_27,cat_28"
1140659720,"cat_3,cat_8,cat_27,cat_28"
1140659721,"cat_3,cat_8,cat_27,cat_28"
1140659722,"cat_3,cat_8,cat_27,cat_28"
1140659724,"cat_3,cat_8,cat_27,cat_28"
1140659725,"cat_3,cat_8,cat_27,cat_28"
1140659726,"cat_3,cat_8,cat_27,cat_28"
1140659727,"cat_3,cat_8,cat_27,cat_28"
1140659728,"cat_3,cat_8,cat_27,cat_28"
1140659729,"cat_3,cat_8,cat_27,cat_28"
1140659730,"cat_3,cat_8,cat_27,cat_28"
1140659731,"cat_3,cat_8,cat_27,cat_28"
1140659732,"cat_3,cat_8,cat_27,cat_28"
1140659733,"cat_3,cat_8,cat_27,cat_28"
1140659734,"cat_3,cat_8,cat_27,cat_28"
1140659735,"cat_3,cat_8,cat_27,cat_28"
1140659736,cat_3
1140659737,"cat_3,cat_8,cat_27,cat_28"
1140659738,cat_3
1140659739,"cat_3,cat_8,cat_27,cat_28"
1140659740,cat_3
1140659741,cat_3
1140659742,cat_3
1140659743,cat_3
1140659744,cat_3
1140659745,cat_3
1140659746,cat_3
1140659747,cat_3
1140659749,cat_3
1140659750,cat_3
1140659751,cat_3
1140659752,cat_3
1140659753,cat_3
1140659754,"cat_3,cat_8,cat_27,cat_28"
1140659755,"cat_3,cat_8,cat_27,cat_28"
1140659756,cat_3
1140659757,"cat_3,cat_8,cat_27,cat_28"
1140659760,"cat_3,cat_8,cat_27,cat_28"
1140659761,"cat_3,cat_8,cat_27,cat_28"
1140659762,"cat_3,cat_8,cat_27,cat_28"
1140659769,cat_3
1140659770,"cat_3,cat_8,cat_27,cat_28"
1140659771,"cat_3,cat_8,cat_27,cat_28"
1140659772,"cat_3,cat_8,cat_27,cat_28"
1140659773,"cat_3,cat_8,cat_27,cat_28"
1140659774,"cat_3,cat_8,cat_27,cat_28"
1140659775,"cat_3,cat_8,cat_27,cat_28"
1140659776,"cat_3,cat_8,cat_27,cat_28"
1140659777,cat_3
1140659778,"cat_3,cat_8,cat_27,cat_28"
1140659779,"cat_3,cat_8,cat_27,cat_28"
1140659780,"cat_3,cat_8,cat_27,cat_28"
1140659781,"cat_3,cat_8,cat_27,cat_28"
1140659782,cat_3
1140659783,cat_3
1140659784,cat_3
1140659786,cat_3
1140659787,cat_3
1140659788,"cat_3,cat_8,cat_27,cat_28"
1140659789,"cat_3,cat_8,cat_27,cat_28"
1140659790,cat_3
1140659791,"cat_3,cat_8,cat_27,cat_28"
1140659792,"cat_3,cat_11,cat_82,cat_83,cat_8,cat_27,cat_81"
1140659794,cat_3
1140659798,cat_3
1140659799,"cat_3,cat_8,cat_27,cat_28"
1140659800,"cat_3,cat_8,cat_27,cat_28"
1140659801,"cat_3,cat_8,cat_27,cat_28"
1140659804,"cat_3,cat_8,cat_27,cat_28"
1140659807,"cat_3,cat_8,cat_27,cat_28"
1140659812,"cat_3,cat_8,cat_27,cat_28"
1140659813,"cat_3,cat_8,cat_27,cat_28"
1140659814,"cat_3,cat_8,cat_27,cat_28"
1140659815,"cat_3,cat_8,cat_27,cat_28"
1140659816,"cat_3,cat_8,cat_27,cat_28"
1140659818,cat_3
1140659819,cat_3
1140659820,cat_3
1140659826,"cat_3,cat_8,cat_27,cat_28"
1140659827,"cat_3,cat_8,cat_27,cat_28"
1140659828,cat_3
1140659830,"cat_3,cat_8,cat_27,cat_28"
1140659831,"cat_3,cat_8,cat_27,cat_28"
1140659832,"cat_3,cat_8,cat_27,cat_28"
1140659833,"cat_3,cat_8,cat_27,cat_28"
1140659834,"cat_3,cat_8,cat_27,cat_28"
1140659835,"cat_3,cat_8,cat_27,cat_28"
1140659836,"cat_3,cat_8,cat_27,cat_28"
1140659837,"cat_3,cat_8,cat_27,cat_28"
1140659838,"cat_3,cat_8,cat_27,cat_28"
1140659839,"cat_3,cat_8,cat_27,cat_28"
1140659840,"cat_3,cat_8,cat_27,cat_28"
1140659841,"cat_3,cat_8,cat_27,cat_28"
1140659842,"cat_3,cat_8,cat_27,cat_28"
1140659843,"cat_3,cat_8,cat_27,cat_28"
1140659845,"cat_3,cat_8,cat_27,cat_28"
1140659846,"cat_3,cat_8,cat_27,cat_28"
1140659847,"cat_3,cat_8,cat_27,cat_28"
1140659848,"cat_3,cat_8,cat_27,cat_28"
1140659854,"cat_3,cat_8,cat_27,cat_28"
1140659856,"cat_3,cat_8,cat_27,cat_28"
1140659857,"cat_3,cat_8,cat_27,cat_28"
1140659859,"cat_3,cat_8,cat_27,cat_28"
1140659860,"cat_3,cat_8,cat_27,cat_28"
1140659861,"cat_3,cat_8,cat_27,cat_28"
1140659862,"cat_3,cat_8,cat_27,cat_28"
1140659863,"cat_3,cat_8,cat_27,cat_28"
1140659864,"cat_3,cat_8,cat_27,cat_28"
1140659865,"cat_3,cat_8,cat_27,cat_28"
1140659866,"cat_3,cat_8,cat_27,cat_28"
1140659867,"cat_3,cat_8,cat_27,cat_28"
1140659868,"cat_3,cat_8,cat_27,cat_28"
1140659869,"cat_3,cat_8,cat_27,cat_28"
1140659870,"cat_3,cat_8,cat_27,cat_28"
1140659871,"cat_3,cat_8,cat_27,cat_28"
1140659872,"cat_3,cat_8,cat_27,cat_28"
1140659873,"cat_3,cat_8,cat_27,cat_28"
1140659876,"cat_3,cat_8,cat_27,cat_28"
1140659877,"cat_3,cat_8,cat_27,cat_28"
1140659878,"cat_3,cat_8,cat_27,cat_28"
1140659879,"cat_3,cat_8,cat_27,cat_28"
1140659880,"cat_3,cat_8,cat_27,cat_28"
1140659881,"cat_3,cat_8,cat_27,cat_28"
1140659882,"cat_3,cat_8,cat_27,cat_28"
1140659883,"cat_3,cat_8,cat_27,cat_28"
1140659884,"cat_3,cat_8,cat_27,cat_28"
1140659885,"cat_3,cat_8,cat_27,cat_28"
1140659886,"cat_3,cat_8,cat_27,cat_28"
1140659887,"cat_3,cat_8,cat_27,cat_28"
1140659888,"cat_3,cat_8,cat_27,cat_28"
1140659889,"cat_3,cat_8,cat_27,cat_28"
1140659890,"cat_3,cat_8,cat_27,cat_28"
1140659891,"cat_3,cat_8,cat_27,cat_28"
1140659892,"cat_3,cat_8,cat_27,cat_28"
1140659893,"cat_3,cat_8,cat_27,cat_28"
1140659894,"cat_3,cat_8,cat_27,cat_28"
1140659895,"cat_3,cat_8,cat_27,cat_28"
1140659971,"cat_3,cat_1345,cat_14,cat_770"
1140660004,"cat_3,cat_8,cat_27,cat_28"
1140660038,"cat_3,cat_1345,cat_14,cat_770"
1140660039,"cat_3,cat_1345,cat_14,cat_770"
1140660040,"cat_3,cat_1345,cat_14,cat_770"
1140660054,"cat_3,cat_1345,cat_14,cat_770"
1140660055,"cat_3,cat_1345,cat_14,cat_770"
1140660066,"cat_2374,cat_3,cat_11,cat_14,cat_770"
1140660069,"cat_2374,cat_3,cat_11,cat_14,cat_770"
1140660070,"cat_2374,cat_3,cat_11,cat_14,cat_770"
1140660073,"cat_2374,cat_3,cat_11,cat_14,cat_770"
1140660080,"cat_2374,cat_3,cat_11,cat_14,cat_770"
1140660084,"cat_2374,cat_3,cat_11,cat_14,cat_770"
1140660094,"cat_2374,cat_3,cat_11,cat_14,cat_770"
1140660097,"cat_2374,cat_3,cat_11,cat_14,cat_770"
1140660098,"cat_2374,cat_3,cat_11,cat_14,cat_770"
1140660099,"cat_2374,cat_3,cat_11,cat_14,cat_770"
1140660100,"cat_2374,cat_3,cat_11,cat_14,cat_770"
1140660130,"cat_3,cat_8,cat_222"
1140660131,"cat_3,cat_1345,cat_14,cat_770"
1140660146,"cat_3,cat_8,cat_27,cat_28"
1140660147,"cat_3,cat_1345,cat_14,cat_770"
1140660148,"cat_3,cat_1345,cat_14,cat_770"
1140660149,"cat_3,cat_1345,cat_14,cat_770"
1140660150,"cat_3,cat_1345,cat_14,cat_770"
1140660151,"cat_3,cat_1345,cat_14,cat_770"
1140660152,"cat_3,cat_1345,cat_14,cat_770"
1140660153,"cat_3,cat_1345,cat_14,cat_770"
1140660154,"cat_3,cat_1345,cat_14,cat_770"
1140660155,"cat_3,cat_1345,cat_14,cat_770"
1140660156,"cat_3,cat_1345,cat_14,cat_770"
1140660157,"cat_3,cat_1345,cat_14,cat_770"
1140660259,"cat_3,cat_11,cat_115,cat_14"
1140660260,"cat_3,cat_11,cat_115,cat_14"
1140660262,"cat_3,cat_1345,cat_14,cat_770"
1140660263,"cat_3,cat_1345,cat_14,cat_770"
1140660264,"cat_3,cat_1345,cat_14,cat_770"
1140660265,"cat_3,cat_1345,cat_14,cat_770"
1140660266,"cat_3,cat_1345,cat_14,cat_770"
1140660267,"cat_3,cat_1345,cat_14,cat_770"
1140660268,"cat_3,cat_1345,cat_14,cat_770"
1140660269,"cat_3,cat_1345,cat_14,cat_770"
1140660270,"cat_3,cat_1345,cat_14,cat_770"
1140660271,"cat_3,cat_1345,cat_14,cat_770"
1140660278,"cat_3,cat_1345,cat_14,cat_770"
1140660279,"cat_3,cat_1345,cat_14,cat_770"
1140660280,"cat_3,cat_1345,cat_14,cat_770"
1140660281,"cat_3,cat_1345,cat_14,cat_770"
1140660282,"cat_3,cat_1345,cat_14,cat_770"
1140660287,"cat_3,cat_1345,cat_14,cat_770"
1140660288,"cat_3,cat_1345,cat_14,cat_770"
1140660289,"cat_3,cat_1345,cat_14,cat_770"
1140660290,"cat_3,cat_1345,cat_14,cat_770"
1140660291,"cat_3,cat_1345,cat_14,cat_770"
1140660292,"cat_3,cat_1345,cat_14,cat_770"
1140660293,"cat_3,cat_1345,cat_14,cat_770"
1140660294,"cat_3,cat_1345,cat_14,cat_770"
1140660295,"cat_3,cat_1345,cat_14,cat_770"
1140660296,"cat_3,cat_1345,cat_14,cat_770"
1140660297,"cat_3,cat_1345,cat_14,cat_770"
1140660298,"cat_3,cat_1345,cat_14,cat_770"
1140660299,"cat_3,cat_1345,cat_14,cat_770"
1140660300,"cat_3,cat_1345,cat_14,cat_770"
1140660301,"cat_3,cat_1345,cat_14,cat_770"
1140660302,"cat_3,cat_1345,cat_14,cat_770"
1140660303,"cat_3,cat_1345,cat_14,cat_770"
1140660304,"cat_3,cat_1345,cat_14,cat_770"
1140660305,"cat_3,cat_1345,cat_14,cat_770"
1140660307,"cat_3,cat_1345,cat_14,cat_770"
1140660308,"cat_3,cat_1345,cat_14,cat_770"
1140660309,"cat_3,cat_1345,cat_14,cat_770"
1140660310,"cat_3,cat_1345,cat_14,cat_770"
1140660311,"cat_3,cat_1345,cat_14,cat_770"
1140660312,"cat_3,cat_1345,cat_14,cat_770"
1140660313,"cat_3,cat_1345,cat_14,cat_770"
1140660314,"cat_3,cat_1345,cat_14,cat_770"
1140660315,"cat_3,cat_1345,cat_14,cat_770"
1140660316,"cat_3,cat_1345,cat_14,cat_770"
1140660317,"cat_3,cat_1345,cat_14,cat_770"
1140660318,"cat_3,cat_1345,cat_14,cat_770"
1140660319,"cat_3,cat_1345,cat_14,cat_770"
1140660320,"cat_3,cat_1345,cat_14,cat_770"
1140660331,"cat_3,cat_1345,cat_14,cat_770"
1140660332,"cat_3,cat_1345,cat_14,cat_770"
1140660333,"cat_3,cat_1345,cat_14,cat_770"
1140660334,"cat_3,cat_1345,cat_14,cat_770"
1140660335,"cat_3,cat_1345,cat_14,cat_770"
1140660336,"cat_3,cat_1345,cat_14,cat_770"
1140660337,"cat_3,cat_1345,cat_14,cat_770"
1140660395,"cat_3,cat_1345,cat_14,cat_770"
1140660396,"cat_3,cat_1345,cat_14,cat_770"
1140660397,"cat_3,cat_1345,cat_14,cat_770"
1140660398,"cat_3,cat_1345,cat_14,cat_770"
1140660399,"cat_3,cat_1345,cat_14,cat_770"
1140660411,"cat_2374,cat_3,cat_11,cat_14,cat_770"
1140660417,"cat_3,cat_1345,cat_14,cat_770"
1140660418,"cat_3,cat_1345,cat_14,cat_770"
1140660419,"cat_3,cat_1345,cat_14,cat_770"
1140660420,"cat_3,cat_1345,cat_14,cat_770"
1140660429,"cat_3,cat_1345,cat_14,cat_770"
1140660430,"cat_3,cat_1345,cat_14,cat_770"
1140660431,"cat_3,cat_1345,cat_14,cat_770"
1140660432,"cat_3,cat_1345,cat_14,cat_770"
1140660433,"cat_3,cat_1345,cat_14,cat_770"
1140660434,"cat_3,cat_1345,cat_14,cat_770"
1140660435,"cat_3,cat_1345,cat_14,cat_770"
1140660436,"cat_3,cat_1345,cat_14,cat_770"
1140660437,"cat_3,cat_1345,cat_14,cat_770"
1140660438,"cat_3,cat_1345,cat_14,cat_770"
1140660462,"cat_3,cat_1345,cat_14,cat_770"
1140660463,"cat_3,cat_1345,cat_14,cat_770"
1140660464,"cat_3,cat_1345,cat_14,cat_770"
1140660465,"cat_3,cat_1345,cat_14,cat_770"
1140660466,"cat_3,cat_1345,cat_14,cat_770"
1140660467,"cat_3,cat_1345,cat_14,cat_770"
1140660468,"cat_3,cat_1345,cat_14,cat_770"
1140660469,"cat_3,cat_1345,cat_14,cat_770"
1140660470,"cat_3,cat_1345,cat_14,cat_770"
1140660471,"cat_3,cat_1345,cat_14,cat_770"
1140660472,"cat_3,cat_1345,cat_14,cat_770"
1140660473,"cat_3,cat_1345,cat_14,cat_770"
1140660474,"cat_3,cat_1345,cat_14,cat_770"
1140660475,"cat_3,cat_1345,cat_14,cat_770"
1140660476,"cat_3,cat_1345,cat_14,cat_770"
1140660477,"cat_3,cat_1345,cat_14,cat_770"
1140660478,"cat_3,cat_1345,cat_14,cat_770"
1140660479,"cat_3,cat_1345,cat_14,cat_770"
1140660480,"cat_3,cat_1345,cat_14,cat_770"
1140660481,"cat_3,cat_1345,cat_14,cat_770"
1140660482,"cat_3,cat_1345,cat_14,cat_770"
1140660483,"cat_3,cat_1345,cat_14,cat_770"
1140660484,"cat_3,cat_1345,cat_14,cat_770"
1140660485,"cat_3,cat_1345,cat_14,cat_770"
1140660486,"cat_3,cat_1345,cat_14,cat_770"
1140660487,"cat_3,cat_1345,cat_14,cat_770"
1140660488,"cat_3,cat_1345,cat_14,cat_770"
1140660497,"cat_3,cat_1345,cat_14,cat_770"
1140660498,"cat_3,cat_1345,cat_14,cat_770"
1140660499,"cat_3,cat_1345,cat_14,cat_770"
1140660500,"cat_3,cat_1345,cat_14,cat_770"
1140660501,"cat_3,cat_1345,cat_14,cat_770"
1140660502,"cat_3,cat_1345,cat_14,cat_770"
1140660503,"cat_3,cat_1345,cat_14,cat_770"
1140660504,"cat_3,cat_1345,cat_14,cat_770"
1140660505,"cat_3,cat_1345,cat_14,cat_770"
1140660594,"cat_3,cat_8,cat_222,cat_223"
1140660595,"cat_3,cat_8,cat_222,cat_223"
1140660596,"cat_3,cat_8,cat_222,cat_223"
1140660597,"cat_3,cat_8,cat_222,cat_223"
1140660623,"cat_3,cat_8,cat_222,cat_223"
1140660624,"cat_3,cat_8,cat_222,cat_223"
1140660625,"cat_3,cat_8,cat_222,cat_223"
1140660630,"cat_3,cat_8,cat_222,cat_223"
1140660631,"cat_3,cat_8,cat_222,cat_223"
1140660632,"cat_3,cat_8,cat_222,cat_223"
1140660633,"cat_3,cat_8,cat_222,cat_223"
1140660634,"cat_3,cat_8,cat_222,cat_223"
1140660635,"cat_3,cat_8,cat_222,cat_223"
1140660636,"cat_3,cat_8,cat_222,cat_223"
1140660652,"cat_3,cat_8,cat_222,cat_223"
1140660653,"cat_3,cat_8,cat_222,cat_223"
1140660654,"cat_3,cat_8,cat_222,cat_223"
1140660655,"cat_3,cat_8,cat_222,cat_223"
1140660656,"cat_3,cat_8,cat_222,cat_223"
1140660657,"cat_3,cat_8,cat_222,cat_223"
1140660658,"cat_3,cat_8,cat_222,cat_223"
1140660659,"cat_3,cat_8,cat_222,cat_223"
1140660661,"cat_3,cat_8,cat_222,cat_223"
1140660662,"cat_3,cat_8,cat_222,cat_223"
1140660663,"cat_3,cat_8,cat_222,cat_223"
1140660664,"cat_3,cat_8,cat_222,cat_223"
1140660665,"cat_3,cat_8,cat_222,cat_223"
1140660666,"cat_3,cat_8,cat_222,cat_223"
1140660667,"cat_3,cat_8,cat_222,cat_223"
1140660668,"cat_3,cat_8,cat_222,cat_223"
1140660669,"cat_3,cat_8,cat_222,cat_223"
1140660670,"cat_3,cat_8,cat_222,cat_223"
1140660671,"cat_3,cat_8,cat_222,cat_223"
1140660672,"cat_3,cat_8,cat_222,cat_223"
1140660673,"cat_3,cat_8,cat_222,cat_223"
1140660674,"cat_3,cat_8,cat_222,cat_223"
1140660675,"cat_3,cat_8,cat_222,cat_223"
1140660676,"cat_3,cat_8,cat_222,cat_223"
1140660677,"cat_3,cat_8,cat_222,cat_223"
1140660678,"cat_3,cat_8,cat_222,cat_223"
1140660679,"cat_3,cat_8,cat_222,cat_223"
1140660680,"cat_3,cat_8,cat_222,cat_223"
1140660681,"cat_3,cat_8,cat_222,cat_223"
1140660682,"cat_3,cat_8,cat_222,cat_223"
1140660692,"cat_3,cat_8,cat_222,cat_223"
1140660693,"cat_3,cat_8,cat_222,cat_223"
1140660694,"cat_3,cat_8,cat_222,cat_223"
1140660695,"cat_3,cat_8,cat_222,cat_223"
1140660696,"cat_3,cat_8,cat_222,cat_223"
1140660697,"cat_3,cat_8,cat_222,cat_223"
1140660698,"cat_3,cat_8,cat_222,cat_223"
1140660699,"cat_3,cat_8,cat_222,cat_223"
1140660700,"cat_3,cat_8,cat_222,cat_223"
1140660701,"cat_3,cat_8,cat_222,cat_223"
1140660702,"cat_3,cat_8,cat_222,cat_223"
1140660703,"cat_3,cat_8,cat_222,cat_223"
1140660704,"cat_3,cat_8,cat_222,cat_223"
1140660705,"cat_3,cat_8,cat_222,cat_223"
1140660706,"cat_3,cat_8,cat_222,cat_223"
1140660707,"cat_3,cat_8,cat_222,cat_223"
1140660708,"cat_3,cat_8,cat_222,cat_223"
1140660709,"cat_3,cat_8,cat_222,cat_223"
1140660710,"cat_3,cat_8,cat_222,cat_223"
1140660711,"cat_3,cat_8,cat_222,cat_223"
1140660712,"cat_3,cat_8,cat_222,cat_223"
1140660713,"cat_3,cat_8,cat_222,cat_223"
1140660714,"cat_3,cat_8,cat_222,cat_223"
1140660715,"cat_3,cat_8,cat_222,cat_223"
1140660716,"cat_3,cat_8,cat_222,cat_223"
1140660717,"cat_3,cat_8,cat_222,cat_223"
1140660718,"cat_3,cat_8,cat_222,cat_223"
1140660719,"cat_3,cat_11,cat_1551,cat_8,cat_1549"
1140660720,"cat_3,cat_11,cat_1551,cat_8,cat_1549"
1140660721,"cat_3,cat_11,cat_1551,cat_8,cat_1549"
1140660722,"cat_3,cat_11,cat_1551,cat_8,cat_1549"
1140660723,"cat_3,cat_11,cat_1551,cat_8,cat_1549"
1140660724,"cat_3,cat_11,cat_1551,cat_8,cat_1549"
1140660725,"cat_3,cat_11,cat_1551,cat_8,cat_1549"
1140660726,"cat_3,cat_11,cat_1551,cat_8,cat_1549"
1140660727,"cat_3,cat_11,cat_1551,cat_8,cat_1549"
1140660728,"cat_3,cat_11,cat_1551,cat_8,cat_1549"
1140660729,"cat_3,cat_11,cat_1551,cat_8,cat_1549"
1140660730,"cat_3,cat_11,cat_1551,cat_8,cat_1549"
1140660731,"cat_3,cat_11,cat_1551,cat_8,cat_1549"
1140660732,"cat_3,cat_11,cat_1551,cat_8,cat_1549"
1140660734,"cat_3,cat_11,cat_1551,cat_8,cat_1549"
1140660735,"cat_3,cat_11,cat_1551,cat_8,cat_1549"
1140660736,"cat_3,cat_11,cat_1551,cat_8,cat_1549"
1140660737,"cat_3,cat_11,cat_1551,cat_8,cat_1549"
1140660738,"cat_3,cat_11,cat_1551,cat_8,cat_1549"
1140660739,"cat_3,cat_11,cat_1551,cat_8,cat_1549"
1140660740,"cat_3,cat_11,cat_1551,cat_8,cat_1549"
1140660741,"cat_3,cat_11,cat_1551,cat_8,cat_1549"
1140660742,"cat_3,cat_11,cat_1551,cat_8,cat_1549"
1140660743,"cat_3,cat_11,cat_1551,cat_8,cat_1549"
1140660744,"cat_3,cat_11,cat_14,cat_2224,cat_8"
1140660747,"cat_3,cat_11,cat_14,cat_2224,cat_8"
1140660748,"cat_3,cat_11,cat_14,cat_2224,cat_8"
1140660749,"cat_3,cat_11,cat_14,cat_2224,cat_8"
1140660752,"cat_3,cat_11,cat_14,cat_2224,cat_8"
1140660753,"cat_3,cat_11,cat_14,cat_2224,cat_8"
1140660754,"cat_3,cat_11,cat_14,cat_2224,cat_8"
1140660755,"cat_3,cat_11,cat_14,cat_2224,cat_8"
1140660756,"cat_3,cat_11,cat_1551,cat_8,cat_1549"
1140660757,"cat_3,cat_11,cat_1551,cat_8,cat_1549"
1140660758,"cat_3,cat_11,cat_1551,cat_8,cat_1549"
1140660759,"cat_3,cat_11,cat_1551,cat_8,cat_1549"
1140660760,"cat_3,cat_11,cat_1551,cat_8,cat_1549"
1140660761,"cat_3,cat_11,cat_1551,cat_8,cat_1549"
1140660762,"cat_3,cat_11,cat_1551,cat_8,cat_1549"
1140660763,"cat_3,cat_11,cat_1551,cat_8,cat_1549"
1140660764,"cat_3,cat_11,cat_1551,cat_8,cat_1549"
1140660819,"cat_3,cat_11,cat_1551,cat_8,cat_1549"
1140660820,"cat_3,cat_11,cat_1551,cat_8,cat_1549"
1140660821,"cat_3,cat_11,cat_1551,cat_8,cat_1549"
1140660822,"cat_3,cat_11,cat_1551,cat_8,cat_1549"
1140660823,"cat_3,cat_11,cat_1551,cat_8,cat_1549"
1140660824,"cat_3,cat_11,cat_1551,cat_8,cat_1549"
1140660825,"cat_3,cat_11,cat_1551,cat_8,cat_1549"
1140660826,"cat_3,cat_11,cat_1551,cat_8,cat_1549"
1140660827,"cat_3,cat_11,cat_1551,cat_8,cat_1549"
1140660828,"cat_3,cat_11,cat_1551,cat_8,cat_1549"
1140660829,"cat_3,cat_11,cat_1551,cat_8,cat_1549"
1140660830,"cat_3,cat_11,cat_1551,cat_8,cat_1549"
1140660831,"cat_3,cat_11,cat_1551,cat_8,cat_1549"
1140660832,"cat_3,cat_11,cat_1551,cat_8,cat_1549"
1140660833,"cat_3,cat_11,cat_1551,cat_8,cat_1549"
1140660834,"cat_3,cat_11,cat_1551,cat_8,cat_1549"
1140660835,"cat_3,cat_11,cat_1551,cat_8,cat_1549"
1140660836,"cat_3,cat_11,cat_1551,cat_8,cat_1549"
1140660837,"cat_3,cat_11,cat_1551,cat_8,cat_1549"
1140660838,"cat_3,cat_11,cat_1551,cat_8,cat_1549"
1140660839,"cat_3,cat_11,cat_1551,cat_8,cat_1549"
1140660840,"cat_3,cat_11,cat_1551,cat_8,cat_1549"
1140660841,"cat_3,cat_11,cat_1551,cat_8,cat_1549"
1140660842,"cat_3,cat_11,cat_1551,cat_8,cat_1549"
1140660843,"cat_3,cat_11,cat_1551,cat_8,cat_1549"
1140660844,"cat_3,cat_11,cat_1551,cat_8,cat_1549"
1140660845,"cat_3,cat_11,cat_1551,cat_8,cat_1549"
1140660846,"cat_3,cat_11,cat_1551,cat_8,cat_1549"
1140660847,"cat_3,cat_11,cat_1551,cat_8,cat_1549"
1140660848,"cat_3,cat_11,cat_1551,cat_8,cat_1549"
1140660849,cat_2172
1140660850,cat_2172
1140660851,cat_2172
1140660852,cat_2172
1140660853,cat_2172
1140660854,cat_2172
1140660855,cat_2172
1140660856,cat_2172
1140660888,cat_2172
1140660889,cat_2172
1140660890,cat_2172
1140660891,cat_2172
1140660892,cat_2172
1140660893,cat_2172
1140660894,cat_2172
1140660895,cat_2172
1140660896,cat_2172
1140660897,cat_2172
1140660898,cat_2172
1140660899,cat_2172
1140660900,cat_2172
1140660901,cat_2172
1140660902,cat_2172
1140660903,cat_2172
1140660904,"cat_3,cat_11,cat_19,cat_20,cat_8,cat_17,cat_18"
1140660905,"cat_3,cat_11,cat_19,cat_20,cat_8,cat_17,cat_18"
1140660906,"cat_3,cat_11,cat_19,cat_20,cat_8,cat_17,cat_18"
1140660907,"cat_3,cat_11,cat_19,cat_20,cat_8,cat_17,cat_18"
1140660908,"cat_3,cat_2224,cat_8,cat_222"
1140660909,"cat_3,cat_2224,cat_8,cat_222"
1140660910,"cat_3,cat_2224,cat_8,cat_222"
1140660911,"cat_3,cat_2224,cat_8,cat_222"
1140660912,"cat_3,cat_2224,cat_8,cat_222"
1140660913,"cat_3,cat_2224,cat_8,cat_222"
1140660914,"cat_3,cat_2224,cat_8,cat_222"
1140660915,"cat_3,cat_2224,cat_8,cat_222"
1140660916,"cat_3,cat_8,cat_222"
1140660917,"cat_3,cat_8,cat_222"
1140660918,"cat_3,cat_8,cat_222"
1140660919,"cat_3,cat_8,cat_222"
1140660920,"cat_3,cat_8,cat_222"
1140660921,"cat_3,cat_8,cat_222"
1140660922,"cat_3,cat_8,cat_222"
1140660923,"cat_3,cat_8,cat_222"
1140660924,"cat_3,cat_8,cat_222"
1140660925,"cat_3,cat_8,cat_222"
1140660926,"cat_3,cat_11,cat_1551,cat_8,cat_1549"
1140660927,"cat_3,cat_1345,cat_14,cat_770"
1140660928,"cat_3,cat_1345,cat_14,cat_770"
1140660929,"cat_3,cat_1345,cat_14,cat_770"
1140660930,"cat_3,cat_1345,cat_14,cat_770"
1140660931,"cat_3,cat_1345,cat_14,cat_770"
1140660932,"cat_3,cat_1345,cat_14,cat_770"
1140660933,"cat_3,cat_1345,cat_14,cat_770"
1140660934,"cat_3,cat_1345,cat_14,cat_770"
1140660935,"cat_3,cat_1345,cat_14,cat_770"
1140660936,"cat_3,cat_1345,cat_14,cat_770"
1140660937,"cat_3,cat_1345,cat_14,cat_770"
1140660938,"cat_3,cat_1345,cat_14,cat_770"
1140660939,"cat_3,cat_1345,cat_14,cat_770"
1140660940,"cat_3,cat_1345,cat_14,cat_770"
1140660941,"cat_3,cat_1345,cat_14,cat_770"
1140660942,"cat_3,cat_1345,cat_14,cat_770"
1140660943,"cat_3,cat_1345,cat_14,cat_770"
1140660944,"cat_3,cat_1345,cat_14,cat_770"
1140660945,"cat_3,cat_1345,cat_14,cat_770"
1140660946,"cat_3,cat_1345,cat_14,cat_770"
1140660952,cat_3
1140660953,cat_3
1140660954,cat_3
1140660956,cat_3
1140661010,"cat_3,cat_8,cat_222"
1140661241,"cat_3,cat_8,cat_27,cat_28"
1140661242,"cat_3,cat_8,cat_27,cat_28"
1140661243,"cat_3,cat_8,cat_27,cat_28"
1140661245,"cat_3,cat_8,cat_27,cat_28"
1140661251,"cat_3,cat_8,cat_27,cat_28"
1140661252,"cat_3,cat_8,cat_27,cat_28"
1140661253,"cat_3,cat_8,cat_27,cat_28"
1140661254,"cat_3,cat_8,cat_27,cat_28"
1140661255,"cat_3,cat_8,cat_27,cat_28"
1140661256,"cat_3,cat_8,cat_27,cat_28"
1140661257,"cat_3,cat_8,cat_27,cat_28"
1140661264,"cat_3,cat_8,cat_27,cat_269"
1140661265,"cat_3,cat_8,cat_27,cat_269"
1140661350,"cat_3,cat_8,cat_222"
1140661351,"cat_3,cat_8,cat_222"
1140661352,"cat_3,cat_8,cat_222"
1140661353,"cat_3,cat_8,cat_222"
1140661354,"cat_3,cat_8,cat_222"
1140661355,"cat_3,cat_8,cat_222"
1140661356,"cat_3,cat_8,cat_222"
1140661357,"cat_3,cat_8,cat_222"
1140661358,"cat_3,cat_8,cat_222"
1140661359,"cat_3,cat_8,cat_222"
1140661360,"cat_3,cat_8,cat_222"
1140661361,"cat_3,cat_8,cat_222"
1140661362,"cat_3,cat_8,cat_222"
1140661363,"cat_3,cat_8,cat_222"
1140661364,"cat_3,cat_8,cat_222,cat_223"
1140661365,"cat_3,cat_8,cat_222,cat_223"
1140661366,"cat_3,cat_8,cat_222,cat_223"
1140661496,"cat_3,cat_1345,cat_14,cat_770"
1140661498,"cat_3,cat_1345,cat_14,cat_770"
1140661510,"cat_3,cat_1345,cat_14,cat_770"
1140661513,"cat_3,cat_1345,cat_14,cat_770"
1140661514,"cat_3,cat_1345,cat_14,cat_770"
1140661515,"cat_3,cat_1345,cat_14,cat_770"
1140661532,"cat_3,cat_1345,cat_14,cat_770"
1140661533,"cat_3,cat_1345,cat_14,cat_770"
1140661534,"cat_3,cat_1345,cat_14,cat_770"
1140661535,"cat_3,cat_1345,cat_14,cat_770"
1140661537,"cat_3,cat_1345,cat_14,cat_770"
1140661538,"cat_3,cat_1345,cat_14,cat_770"
1140661539,"cat_3,cat_1345,cat_14,cat_770"
1140661540,"cat_3,cat_1345,cat_14,cat_770"
1140661542,"cat_3,cat_1345,cat_14,cat_770"
1140661543,"cat_3,cat_1345,cat_14,cat_770"
1140661554,"cat_3,cat_1345,cat_14,cat_770"
1140661555,"cat_3,cat_1345,cat_14,cat_770"
1140661556,"cat_3,cat_1345,cat_14,cat_770"
1140661557,"cat_3,cat_1345,cat_14,cat_770"
1140661558,"cat_3,cat_1345,cat_14,cat_770"
1140661560,"cat_3,cat_1345,cat_14,cat_770"
1140661561,"cat_3,cat_1345,cat_14,cat_770"
1140661562,"cat_3,cat_1345,cat_14,cat_770"
1140661563,"cat_3,cat_1345,cat_14,cat_770"
1140661581,"cat_3,cat_1345,cat_14,cat_770"
1140661660,"cat_3,cat_8,cat_222,cat_223"
1140661677,"cat_2123,cat_3,cat_11,cat_14,cat_770"
1140661820,"cat_3,cat_1345,cat_14,cat_770"
1140661821,"cat_3,cat_1345,cat_14,cat_770"
1140661901,"cat_3,cat_1345,cat_14,cat_770"
1140661903,"cat_3,cat_1345,cat_14,cat_770"
1140661905,"cat_3,cat_1345,cat_14,cat_770"
1140661906,"cat_3,cat_1345,cat_14,cat_770"
1140661907,"cat_3,cat_1345,cat_14,cat_770"
1140661924,"cat_3,cat_1345,cat_14,cat_770"
1140661925,"cat_3,cat_1345,cat_14,cat_770"
1140661926,"cat_3,cat_1345,cat_14,cat_770"
1140662177,cat_3
1140662178,cat_3
1140662179,cat_3
1140662180,cat_3
1140662181,cat_3
1140662182,cat_3
1140662184,cat_3
1140662185,cat_3
1140662186,cat_3
1140662187,cat_3
1140662188,cat_3
1140662189,cat_3
1140662190,cat_3
1140662191,cat_3
1140662192,cat_3
1140662193,cat_3
1140662194,cat_3
1140662195,cat_3
1140662196,cat_3
1140662197,cat_3
1140662198,cat_3
1140662199,cat_3
1140662200,cat_3
1140662201,cat_3
1140662202,cat_3
1140662399,cat_3
1140662400,cat_3
1140662401,cat_3
1140662406,cat_3
1140662407,cat_3
1140662408,cat_3
1140662409,cat_3
1140662410,cat_3
1140662411,cat_3
1140662412,cat_3
1140662413,cat_3
1140662414,cat_3
1140662415,cat_3
1140662416,cat_3
1140662417,cat_3
1140662418,cat_3
1140662419,cat_3
1140662420,cat_3
1140662421,cat_3
1140662422,"cat_3,cat_326,cat_333,cat_2224"
1140662423,"cat_3,cat_326,cat_333,cat_2224"
1140662424,"cat_3,cat_326,cat_333,cat_2224"
1140662425,"cat_3,cat_11,cat_285,cat_422,cat_115,cat_283,cat_421,cat_279,cat_419,cat_2224,cat_8,cat_281,cat_420"
1140662426,"cat_3,cat_11,cat_285,cat_422,cat_115,cat_283,cat_421,cat_279,cat_419,cat_2224,cat_8,cat_281,cat_420"
1140662427,"cat_3,cat_11,cat_285,cat_422,cat_115,cat_283,cat_421,cat_279,cat_419,cat_2224,cat_8,cat_281,cat_420"
1140662428,"cat_3,cat_11,cat_285,cat_422,cat_115,cat_283,cat_421,cat_279,cat_419,cat_2224,cat_8,cat_281,cat_420"
1140663678,"cat_3,cat_11,cat_14,cat_8"
1140663679,"cat_3,cat_11,cat_14,cat_8"
1140663680,cat_3
1140663681,cat_3
1140663682,cat_3
1140663683,cat_3
1140663684,cat_3
1140663685,"cat_3,cat_11,cat_45,cat_46,cat_1345,cat_1348,cat_1349,cat_14,cat_47,cat_48,cat_8,cat_38,cat_39"
1140663686,cat_3
1140663687,cat_3
1140663688,cat_3
1140663689,cat_3
1140663690,cat_3
1140663691,"cat_3,cat_11,cat_45,cat_46,cat_1345,cat_1348,cat_1349,cat_14,cat_47,cat_48,cat_8,cat_38,cat_39"
1140663692,"cat_3,cat_11,cat_14,cat_8"
1140663693,"cat_3,cat_11,cat_14,cat_8"
1140663694,"cat_3,cat_11,cat_14,cat_8"
1140663695,"cat_3,cat_11,cat_14,cat_8"
1140663696,cat_3
1140663703,cat_3
1140663705,cat_3
1140663706,cat_3
1140663708,cat_3
1140663709,cat_3
1140663710,cat_3
1140663711,"cat_3,cat_11,cat_14,cat_8"
1140663712,cat_3
1140663713,cat_3
1140663714,"cat_3,cat_11,cat_8"
1140663715,"cat_3,cat_11,cat_14,cat_8"
1140663716,cat_3
1140663721,cat_3
1140663723,cat_3
1140663724,cat_3
1140663726,cat_3
1140663727,cat_3
1140663728,cat_3
1140663729,cat_3
1140663730,cat_3
1140663731,cat_3
1140663732,cat_3
1140663735,cat_3
1140663736,cat_3
1140663737,cat_3
1140663738,cat_3
1140663739,cat_3
1140663740,cat_3
1140663741,cat_3
1140663742,cat_3
1140663743,cat_3
1140663744,cat_3
1140663745,cat_3
1140663746,cat_3
1140665419,"cat_3,cat_2224,cat_770,cat_773,cat_775,cat_8,cat_38,cat_112"
1140665420,"cat_3,cat_2224,cat_770,cat_773,cat_775,cat_8,cat_38,cat_112"
1140665421,"cat_3,cat_2224,cat_770,cat_773,cat_775,cat_8,cat_38,cat_112"
1140665422,"cat_3,cat_2224,cat_770,cat_773,cat_775,cat_8,cat_38,cat_112"
1140665939,"cat_3,cat_770"
1140665940,"cat_3,cat_770"
1140665941,"cat_3,cat_770"
1140665942,"cat_3,cat_770"
1140665943,"cat_3,cat_770"
1140666042,"cat_3,cat_14"
1140666042-1,"cat_3,cat_14"
1140666043,"cat_3,cat_14"
1140666044,"cat_3,cat_14"
1140669191,cat_321
1140669192,cat_321
1140669193,cat_321
1140669197,cat_320
1140669198,cat_320
1140669199,cat_320
1140669200,cat_321
1140669201,cat_321
1140669202,cat_321
1140669203,cat_321
1140669204,cat_320
1140669205,cat_320
1140669206,cat_320
1140669207,cat_321
1140669208,cat_321
1140669209,cat_320
1140669210,cat_320
1140669211,cat_321
1140669212,cat_321
1140669213,cat_320
1140669214,cat_320
1140669215,cat_321
1140669216,cat_321
1140669217,cat_320
1140669218,cat_321
1140669219,cat_321
1140669220,cat_320
1140669221,cat_320
1140669222,cat_321
1140669223,cat_321
1140669224,cat_321
1140669225,cat_321
1140669226,cat_320
1140669227,cat_320
1140669228,cat_320
1140669229,cat_320
1140669230,cat_320
1140669231,cat_321
1140669232,cat_321
1140669233,cat_321
1140669234,cat_320
1140669235,cat_320
1140669236,cat_320
1140669237,cat_320
1140669238,cat_321
1140669239,cat_321
1140669240,cat_321
1140669241,cat_320
1140669242,cat_320
1140669243,cat_320
1140669244,cat_321
1140669245,cat_321
1140669246,cat_321
1140669247,cat_320
1140669248,cat_320
1140669249,cat_320
1140669250,cat_321
1140669251,cat_321
1140669252,cat_321
1140669253,cat_320
1140669254,cat_320
1140669255,cat_320
1140669256,cat_321
1140669257,cat_321
1140669258,cat_320
1140669259,cat_320
1140669260,cat_321
1140669261,cat_321
1140669262,cat_321
1140669263,cat_320
1140669264,cat_320
1140669265,cat_320
1140669266,cat_320
1140669267,cat_320
1140669268,cat_321
1140669269,cat_321
1140669270,cat_320
1140669271,cat_320
1140669272,cat_321
1140669273,cat_321
1140669274,cat_321
1140669275,cat_321
1140669276,cat_321
1140669277,cat_321
1140669278,cat_320
1140669279,cat_320
1140669280,cat_320
1140669281,cat_320
1140669282,cat_321
1140669283,cat_321
1140669284,cat_321
1140669285,cat_320
1140669286,cat_320
1140669287,cat_320
1140669288,cat_321
1140669289,cat_321
1140669290,cat_321
1140669291,cat_320
1140669292,cat_321
1140669293,cat_321
1140669294,cat_321
1140669295,cat_321
1140669296,cat_321
1140669297,cat_320
1140669298,cat_320
1140669299,cat_320
1140669300,cat_320
1140669301,cat_320
1140669302,cat_321
1140669303,cat_320
1140669304,cat_321
1140669305,cat_321
1140669306,cat_320
1140669307,cat_321
1140669308,cat_320
1140669309,cat_321
1140669310,cat_320
1140669311,cat_321
1140669312,cat_321
1140669313,cat_321
1140669314,cat_321
1140669315,cat_321
1140669600,"cat_3,cat_14"
1140671617,"cat_3,cat_8,cat_27,cat_28"
1140671618,"cat_3,cat_8,cat_27,cat_28"
1140671619,"cat_3,cat_8,cat_27,cat_28"
1140671620,"cat_3,cat_8,cat_27,cat_28"
1140671621,"cat_3,cat_8,cat_27,cat_28"
1140671622,"cat_3,cat_8,cat_27,cat_28"
1140671623,"cat_3,cat_8,cat_27,cat_28"
1140671624,"cat_3,cat_8,cat_27,cat_28"
1140671625,"cat_3,cat_8,cat_27,cat_28"
1140671627,"cat_3,cat_8,cat_27,cat_28"
1140671671,"cat_3,cat_8,cat_27,cat_28"
1140671672,"cat_3,cat_8,cat_27,cat_28"
1140671673,"cat_3,cat_8,cat_27,cat_28"
1140671674,"cat_3,cat_8,cat_27,cat_28"
1140671676,"cat_3,cat_8,cat_27,cat_28"
1140671677,"cat_3,cat_8,cat_27,cat_28"
1140672323,"cat_3,cat_115,cat_40,cat_2224,cat_770,cat_773,cat_8,cat_38"
1140672324,"cat_3,cat_115,cat_40,cat_2224,cat_770,cat_773,cat_8,cat_38"
1140672325,"cat_3,cat_115,cat_40,cat_2224,cat_770,cat_773,cat_8,cat_38"
1140672326,"cat_3,cat_115,cat_40,cat_2224,cat_770,cat_773,cat_8,cat_38"
1140672327,"cat_3,cat_115,cat_40,cat_2224,cat_770,cat_773,cat_8,cat_38"
1140672328,"cat_3,cat_115,cat_40,cat_2224,cat_770,cat_773,cat_8,cat_38"
1140672329,"cat_3,cat_115,cat_40,cat_2224,cat_770,cat_773,cat_8,cat_38"
1140672337,"cat_3,cat_115,cat_40,cat_2224,cat_770,cat_773,cat_8,cat_38"
1140672338,"cat_2123,cat_3,cat_115,cat_40,cat_2224,cat_770,cat_773,cat_8,cat_38"
1140673239,cat_3
1140673240,cat_3
1140673241,cat_3
1140673242,cat_3
1140673243,cat_3
1140673244,cat_3
1140673245,cat_3
1140673246,cat_3
1140673457,cat_3
1140673458,cat_3
1140673459,cat_3
1140673460,cat_3
1140678237,"cat_2121,cat_3,cat_2224,cat_770,cat_773,cat_775,cat_8,cat_38,cat_112"
1149403,"cat_3,cat_11,cat_1551,cat_14,cat_1553,cat_8,cat_1549"
115,"cat_3,cat_11,cat_148,cat_14,cat_152,cat_8,cat_150"
116,"cat_3,cat_11,cat_148,cat_14,cat_152,cat_8,cat_150"
117,"cat_3,cat_11,cat_148,cat_14,cat_152,cat_8,cat_150"
118,"cat_3,cat_11,cat_148,cat_14,cat_152,cat_8,cat_150"
119,"cat_3,cat_11,cat_148,cat_14,cat_152,cat_8,cat_150"
1191303,cat_3
12,"cat_3,cat_11,cat_14,cat_8"
120,"cat_3,cat_11,cat_148,cat_14,cat_152,cat_8,cat_150"
121,"cat_3,cat_11,cat_148,cat_14,cat_152,cat_8,cat_150"
122,"cat_3,cat_11,cat_148,cat_14,cat_152,cat_8,cat_150"
1224203,"cat_1968,cat_2374,cat_3,cat_21,cat_40,cat_2224,cat_773,cat_8,cat_38"
123,"cat_3,cat_11,cat_148,cat_14,cat_152,cat_8,cat_150"
124,"cat_3,cat_11,cat_148,cat_14,cat_152,cat_8,cat_150"
125,"cat_3,cat_11,cat_148,cat_14,cat_152,cat_8,cat_150"
126,"cat_3,cat_11,cat_148,cat_14,cat_152,cat_8,cat_150"
1263409,"cat_3,cat_252,cat_297,cat_8,cat_254,cat_298"
127,"cat_3,cat_11,cat_148,cat_14,cat_152,cat_8,cat_150"
128,"cat_3,cat_11,cat_148,cat_14,cat_152,cat_8,cat_150"
1280809,"cat_2374,cat_3,cat_115,cat_40,cat_773,cat_38"
1285103,"cat_2374,cat_3,cat_11,cat_115,cat_1345,cat_14,cat_8"
1287303,"cat_1968,cat_3,cat_11,cat_14,cat_8"
129,"cat_3,cat_11,cat_148,cat_14,cat_152,cat_8,cat_150"
1296903,"cat_2374,cat_3,cat_259,cat_8,cat_256"
13,"cat_1968,cat_3,cat_8,cat_31,cat_32"
130,"cat_3,cat_11,cat_148,cat_14,cat_152,cat_8,cat_150"
1303909,"cat_2374,cat_3,cat_259,cat_262,cat_8,cat_256,cat_261"
1304709,"cat_2374,cat_3,cat_259,cat_262,cat_8,cat_256,cat_261"
131,"cat_3,cat_11,cat_148,cat_14,cat_152,cat_8,cat_150"
1312109,"cat_2374,cat_3,cat_40,cat_773,cat_8,cat_38"
1312909,"cat_2374,cat_3,cat_29,cat_30,cat_8,cat_27,cat_28"
132,"cat_3,cat_11,cat_1551,cat_14,cat_1553,cat_8,cat_1549"
1328609,"cat_2374,cat_3,cat_40,cat_773,cat_8,cat_38"
133,"cat_3,cat_11,cat_148,cat_14,cat_152,cat_8,cat_150"
1338409,"cat_2374,cat_3,cat_40,cat_98,cat_773,cat_778,cat_8,cat_38,cat_99"
134,"cat_3,cat_11,cat_148,cat_14,cat_152,cat_8,cat_150"
135,"cat_3,cat_11,cat_148,cat_14,cat_152,cat_8,cat_150"
1355004,"cat_3,cat_11,cat_14,cat_8"
1358009,"cat_1968,cat_3,cat_11,cat_19,cat_93,cat_8,cat_17,cat_92"
136,"cat_3,cat_11,cat_148,cat_14,cat_152,cat_8,cat_150"
137,"cat_3,cat_11,cat_148,cat_14,cat_152,cat_8,cat_150"
138,"cat_3,cat_11,cat_14"
1385009,"cat_2374,cat_3,cat_11,cat_14,cat_8"
139,"cat_3,cat_11,cat_14"
1393504,"cat_2374,cat_3,cat_40,cat_773,cat_8,cat_38"
14,"cat_3,cat_11,cat_115,cat_14"
140,"cat_3,cat_11,cat_14"
1400904,"cat_3,cat_11"
1401004,"cat_3,cat_11"
1403909,"cat_1968,cat_3,cat_11,cat_115,cat_21,cat_2224"
1409,"cat_2374,cat_3,cat_40,cat_773,cat_8,cat_38"
141,"cat_2374,cat_3,cat_11,cat_14,cat_21,cat_2224,cat_8"
142,"cat_2374,cat_3,cat_11,cat_115,cat_1345,cat_14,cat_21,cat_2224,cat_8"
143,"cat_2374,cat_3,cat_21,cat_29,cat_30,cat_2224,cat_8,cat_27,cat_28"
14309,"cat_1968,cat_3,cat_11,cat_1551,cat_8,cat_1549"
144,"cat_3,cat_11,cat_115,cat_1345,cat_14,cat_21,cat_2224,cat_8"
145,"cat_2374,cat_3,cat_21,cat_40,cat_2224,cat_773,cat_8,cat_38"
1457703,"cat_1968,cat_3,cat_11,cat_115,cat_21,cat_2224"
1457803,"cat_1968,cat_3,cat_11,cat_1551,cat_8,cat_1549"
146,"cat_2374,cat_3,cat_21,cat_40,cat_111,cat_2224,cat_773,cat_775,cat_8,cat_38,cat_112"
1466603,"cat_1968,cat_3,cat_115,cat_21,cat_40,cat_2224,cat_773,cat_8,cat_38"
147,"cat_3,cat_11,cat_14,cat_8"
1474904,"cat_3,cat_11,cat_14,cat_8"
1478303,"cat_1968,cat_3,cat_11,cat_115"
148,"cat_2374,cat_3,cat_21,cat_40,cat_98,cat_2224,cat_773,cat_778,cat_8,cat_38,cat_99"
149,"cat_2374,cat_3,cat_21,cat_40,cat_98,cat_2224,cat_773,cat_778,cat_8,cat_38,cat_99"
15,"cat_1968,cat_3,cat_8,cat_31,cat_32"
150,"cat_3,cat_21,cat_40,cat_98,cat_2224,cat_773,cat_778,cat_8,cat_38,cat_99"
1500409,"cat_1968,cat_3,cat_11,cat_45,cat_80,cat_21,cat_40,cat_78,cat_2224,cat_773,cat_786,cat_8,cat_38,cat_77"
1506709,"cat_1968,cat_3,cat_11,cat_115"
1509,"cat_2374,cat_3,cat_1345,cat_14"
151,"cat_3,cat_11,cat_1551,cat_14,cat_1553,cat_8,cat_1549"
1510,"cat_2123,cat_2374,cat_3,cat_1345,cat_14"
1512,"cat_2374,cat_3,cat_326,cat_8,cat_328"
1513,"cat_2374,cat_3,cat_326,cat_8,cat_328"
1514,"cat_2374,cat_3,cat_326,cat_8,cat_328"
1515,"cat_2374,cat_3,cat_326,cat_8,cat_328"
1516,"cat_2374,cat_3,cat_326,cat_8,cat_328"
1517,"cat_2374,cat_3,cat_271,cat_272,cat_8,cat_273,cat_274"
1518,"cat_2374,cat_3,cat_271,cat_272,cat_8,cat_273,cat_274"
1519,"cat_2374,cat_3,cat_271,cat_272,cat_8,cat_273,cat_274"
152,"cat_2374,cat_3,cat_21,cat_40,cat_98,cat_2224,cat_773,cat_778,cat_8,cat_38,cat_99"
1520,"cat_2374,cat_3,cat_271,cat_272,cat_8,cat_273,cat_274"
1521,"cat_2374,cat_3,cat_271,cat_272,cat_8,cat_273,cat_274"
1522,"cat_2374,cat_3,cat_8"
1523,"cat_2374,cat_3,cat_8"
1524,"cat_2374,cat_3,cat_8"
1525,"cat_2374,cat_3,cat_326,cat_8,cat_328"
1526,"cat_2374,cat_3,cat_326,cat_8,cat_328"
1526509,"cat_2374,cat_3,cat_40,cat_773,cat_8,cat_38"
1527,"cat_2374,cat_3,cat_326,cat_8,cat_328"
1528,"cat_2374,cat_3,cat_326,cat_8,cat_328"
1528509,"cat_2374,cat_3,cat_40,cat_773,cat_8,cat_38"
1528703,"cat_2374,cat_3,cat_11,cat_115,cat_8"
1529,"cat_2374,cat_3,cat_326,cat_8,cat_328"
1529103,"cat_2374,cat_3,cat_11,cat_115,cat_8"
153,"cat_2374,cat_3,cat_21,cat_40,cat_98,cat_2224,cat_770,cat_773,cat_778,cat_8,cat_38,cat_99"
1530,"cat_2374,cat_3,cat_326"
1531,"cat_2374,cat_3,cat_326"
1532,"cat_2374,cat_3,cat_326"
1533,"cat_2374,cat_3,cat_259,cat_8,cat_256"
1533103,"cat_1968,cat_3,cat_11,cat_115"
1534,"cat_2374,cat_3,cat_259,cat_8,cat_256"
1535,"cat_2374,cat_3,cat_259,cat_8,cat_256"
1536,"cat_2374,cat_3,cat_259,cat_8,cat_256"
1537,"cat_2374,cat_3,cat_259,cat_8,cat_256"
1538,"cat_2374,cat_3,cat_259,cat_8,cat_256"
1539,"cat_2374,cat_3,cat_259,cat_8,cat_256"
154,"cat_2374,cat_3,cat_11,cat_14,cat_8"
1540,"cat_2374,cat_3,cat_259,cat_8,cat_256"
1541,"cat_2374,cat_3,cat_259,cat_8,cat_256"
1542,"cat_2374,cat_3,cat_259,cat_8,cat_256"
1543,"cat_2374,cat_3,cat_326,cat_333"
1544,"cat_2374,cat_3,cat_326,cat_333"
1545,"cat_2374,cat_3,cat_326,cat_333"
1546,"cat_2374,cat_3,cat_326,cat_333"
1547,"cat_2374,cat_3,cat_326,cat_333"
1548,"cat_2374,cat_3,cat_326,cat_333"
1549,"cat_2374,cat_3,cat_326,cat_8,cat_328"
155,"cat_3,cat_11,cat_14,cat_8"
1550,"cat_2374,cat_3,cat_326,cat_8,cat_328"
1551,"cat_2374,cat_3,cat_326,cat_8,cat_328"
1552,"cat_2374,cat_3,cat_326,cat_8,cat_328"
1553,"cat_2374,cat_3,cat_271,cat_272,cat_8,cat_273,cat_274"
1554,"cat_2374,cat_3,cat_271,cat_272,cat_8,cat_273,cat_274"
1555,"cat_2374,cat_3,cat_271,cat_272,cat_8,cat_273,cat_274"
1556,"cat_2374,cat_3,cat_271,cat_272,cat_8,cat_273,cat_274"
1557,"cat_2374,cat_3,cat_271,cat_272,cat_8,cat_273,cat_274"
1558,"cat_2374,cat_3,cat_271,cat_272,cat_8,cat_273,cat_274"
1559,"cat_2374,cat_3,cat_271,cat_272,cat_8,cat_273,cat_274"
156,"cat_3,cat_11,cat_14,cat_8"
1560,"cat_2374,cat_3,cat_326,cat_8,cat_328"
1561,"cat_2374,cat_3,cat_326,cat_8,cat_328"
1562,"cat_2374,cat_3,cat_326,cat_8,cat_328"
1562307,"cat_2374,cat_3,cat_21,cat_40,cat_2224,cat_773,cat_8,cat_38"
1563,"cat_2374,cat_3,cat_326,cat_8,cat_328"
1564,"cat_2374,cat_3,cat_326,cat_8,cat_328"
1565,"cat_2374,cat_3,cat_326,cat_8,cat_328"
1566,"cat_2374,cat_3,cat_259,cat_8,cat_256"
1567,"cat_2374,cat_3,cat_259,cat_8,cat_256"
1568,"cat_2374,cat_3,cat_259,cat_8,cat_256"
1569,"cat_2374,cat_3,cat_326,cat_8,cat_328"
157,"cat_2374,cat_3,cat_21,cat_29,cat_30,cat_2224,cat_8,cat_27,cat_28"
1570,"cat_2374,cat_3,cat_326,cat_8,cat_328"
1571,"cat_2374,cat_3,cat_326,cat_8,cat_328"
1572,"cat_2374,cat_3,cat_326,cat_8,cat_328"
1573,"cat_2374,cat_3,cat_326,cat_8,cat_328"
1574,"cat_2374,cat_3,cat_326,cat_8,cat_328"
1575,"cat_2374,cat_3,cat_326,cat_8,cat_328"
1576,"cat_2374,cat_3,cat_326,cat_8,cat_328"
1576504,"cat_2374,cat_3,cat_21,cat_271,cat_272,cat_2224,cat_8,cat_273,cat_274"
1577,"cat_2374,cat_3,cat_326,cat_8,cat_328"
1578,"cat_2374,cat_3,cat_326,cat_8,cat_328"
1579,"cat_2374,cat_3,cat_326,cat_8,cat_328"
158,"cat_3,cat_11,cat_14,cat_8"
1580,"cat_2374,cat_3,cat_326,cat_8,cat_328"
1581,"cat_2374,cat_3,cat_271,cat_272,cat_8,cat_273,cat_274"
1582,"cat_2374,cat_3,cat_271,cat_272,cat_8,cat_273,cat_274"
1583,"cat_2374,cat_3,cat_271,cat_272,cat_8,cat_273,cat_274"
1584,"cat_2374,cat_3,cat_271,cat_272,cat_8,cat_273,cat_274"
1585,"cat_2374,cat_3,cat_271,cat_272,cat_8,cat_273,cat_274"
1586,"cat_2374,cat_3,cat_271,cat_272,cat_8,cat_273,cat_274"
1587,"cat_2374,cat_3,cat_8"
1588,"cat_2374,cat_3,cat_8"
1589,"cat_2374,cat_3,cat_8"
159,"cat_2374,cat_3,cat_115,cat_21,cat_40,cat_2224,cat_773,cat_8,cat_38"
1590,"cat_2374,cat_3,cat_8"
1591,"cat_2374,cat_3,cat_8"
1592,"cat_2374,cat_3,cat_8"
1593,"cat_2374,cat_3,cat_8"
1594,"cat_2374,cat_3,cat_8"
159409,"cat_2127,cat_3,cat_11,cat_14"
1595,"cat_2374,cat_3,cat_8"
1596,"cat_2374,cat_3,cat_8"
1597,"cat_2374,cat_3,cat_8"
1598,"cat_2374,cat_3,cat_8"
1599,"cat_2374,cat_3,cat_8"
16,"cat_1968,cat_3,cat_8,cat_31,cat_32"
1600,"cat_2374,cat_3,cat_8"
1601,"cat_2374,cat_3,cat_8"
1602,"cat_2374,cat_3,cat_326,cat_8,cat_328"
1603,"cat_2374,cat_3,cat_326,cat_8,cat_328"
1604,"cat_2374,cat_3,cat_326,cat_8,cat_328"
1605,"cat_2374,cat_3,cat_326,cat_8,cat_328"
1606,"cat_2374,cat_3,cat_326,cat_8,cat_328"
1607,"cat_2374,cat_3,cat_326,cat_8,cat_328"
1608,"cat_2374,cat_3,cat_326,cat_328"
1609,"cat_2374,cat_3,cat_326,cat_328"
161,"cat_2374,cat_3,cat_11,cat_45,cat_115,cat_14,cat_47,cat_21,cat_40,cat_2224,cat_773"
1610,"cat_2374,cat_3,cat_326,cat_328"
1610603,"cat_3,cat_115,cat_40,cat_773,cat_38"
1611,"cat_2374,cat_3,cat_326,cat_328"
1612,"cat_2374,cat_3,cat_326,cat_328"
1613,"cat_2374,cat_3,cat_326,cat_328"
1614,"cat_2374,cat_3,cat_259,cat_8,cat_256"
1615,"cat_2374,cat_3,cat_259,cat_8,cat_256"
1616,"cat_2374,cat_3,cat_259,cat_8,cat_256"
1617,"cat_2374,cat_3,cat_259,cat_8,cat_256"
1618,"cat_2374,cat_3,cat_259,cat_8,cat_256"
1619,"cat_2374,cat_3,cat_259,cat_8,cat_256"
162,"cat_2374,cat_3,cat_21,cat_40,cat_111,cat_2224,cat_773,cat_775,cat_8,cat_38,cat_112"
1620,"cat_2374,cat_3,cat_259,cat_8,cat_256"
1621,"cat_2374,cat_3,cat_259,cat_8,cat_256"
1622,"cat_2374,cat_3,cat_259,cat_8,cat_256"
1623,"cat_2374,cat_3,cat_259,cat_8,cat_256"
1624,"cat_2374,cat_3,cat_259,cat_8,cat_256"
1624204,"cat_2127,cat_3,cat_11,cat_14"
1625,"cat_2374,cat_3,cat_259,cat_8,cat_256"
1626,"cat_2374,cat_3,cat_259,cat_256"
1627,"cat_2374,cat_3,cat_259,cat_256"
1628,"cat_2374,cat_3,cat_259,cat_256"
1629,"cat_2374,cat_3,cat_259,cat_256"
163,"cat_2374,cat_3,cat_21,cat_40,cat_111,cat_2224,cat_773,cat_775,cat_8,cat_38,cat_112"
1630,"cat_2374,cat_3,cat_259,cat_256"
1631,"cat_2374,cat_3,cat_259,cat_256"
1632,"cat_2374,cat_3,cat_326,cat_333"
1633,"cat_2374,cat_3,cat_326,cat_333"
1634,"cat_2374,cat_3,cat_326,cat_333"
1634809,"cat_3,cat_29,cat_288,cat_27,cat_287"
1635,"cat_2374,cat_3,cat_326,cat_333"
1636,"cat_2374,cat_3,cat_326,cat_333"
1637,"cat_2374,cat_3,cat_326,cat_333"
1638,"cat_2374,cat_3,cat_326,cat_8,cat_328"
1639,"cat_2374,cat_3,cat_326,cat_8,cat_328"
1639303,"cat_1968,cat_3,cat_11,cat_285,cat_422,cat_115,cat_283,cat_421,cat_279,cat_419,cat_8,cat_281,cat_420"
1639403,"cat_1968,cat_3,cat_11,cat_285,cat_422,cat_115,cat_283,cat_421,cat_21,cat_279,cat_419,cat_2224,cat_8,cat_281,cat_420"
1639503,"cat_1968,cat_2374,cat_3,cat_11,cat_45,cat_80,cat_40,cat_78,cat_773,cat_786,cat_8,cat_38,cat_77"
1639903,"cat_1968,cat_3,cat_11,cat_285,cat_422,cat_115,cat_283,cat_421,cat_21,cat_279,cat_419,cat_2224,cat_8,cat_281,cat_420"
164,"cat_2374,cat_3,cat_21,cat_40,cat_111,cat_2224,cat_773,cat_775,cat_8,cat_38,cat_112"
1640,"cat_2374,cat_3,cat_326,cat_8,cat_328"
1641,"cat_2374,cat_3,cat_326,cat_8,cat_328"
1642,"cat_2374,cat_3,cat_326,cat_8,cat_328"
1642103,"cat_1968,cat_3,cat_11,cat_285,cat_422,cat_115,cat_283,cat_421,cat_21,cat_279,cat_419,cat_2224,cat_8,cat_281,cat_420"
1643,"cat_2374,cat_3,cat_326,cat_8,cat_328"
1644,"cat_2374,cat_3,cat_326,cat_8,cat_328"
1645,"cat_2374,cat_3,cat_326,cat_8,cat_328"
1646,"cat_2374,cat_3,cat_326,cat_8,cat_328"
1646503,"cat_1968,cat_3,cat_11,cat_285,cat_115,cat_283,cat_21,cat_279,cat_2224,cat_8,cat_281"
1647,"cat_2374,cat_3,cat_271,cat_272,cat_8,cat_273,cat_274"
1647603,"cat_1968,cat_3,cat_11,cat_115"
1648,"cat_2374,cat_3,cat_271,cat_272,cat_8,cat_273,cat_274"
1649,"cat_2374,cat_3,cat_271,cat_272,cat_8,cat_273,cat_274"
1649409,"cat_3,cat_11,cat_8"
1649703,"cat_1968,cat_2374,cat_3,cat_21,cat_40,cat_111,cat_2224,cat_773,cat_775,cat_8,cat_38,cat_112"
165,"cat_2374,cat_3,cat_21,cat_40,cat_2224,cat_773,cat_8,cat_38"
1650,"cat_2374,cat_3,cat_271,cat_272,cat_8,cat_273,cat_274"
1651,"cat_2374,cat_3,cat_271,cat_272,cat_8,cat_273,cat_274"
1652,"cat_2374,cat_3,cat_271,cat_272,cat_8,cat_273,cat_274"
1653,"cat_2374,cat_3,cat_271,cat_272,cat_8,cat_273,cat_274"
1654,"cat_2374,cat_3,cat_271,cat_272,cat_8,cat_273,cat_274"
1655,"cat_2374,cat_3,cat_271,cat_272,cat_8,cat_273,cat_274"
1656,"cat_2374,cat_3,cat_326,cat_8,cat_328"
1656409,"cat_2374,cat_3,cat_40,cat_773,cat_8,cat_38"
1657,"cat_2374,cat_3,cat_326,cat_8,cat_328"
1658,"cat_2374,cat_3,cat_326,cat_8,cat_328"
1659,"cat_2374,cat_3,cat_326,cat_8,cat_328"
166,"cat_2374,cat_3,cat_21,cat_40,cat_2224,cat_773,cat_8,cat_38"
1660,"cat_2374,cat_3,cat_326,cat_8,cat_328"
1660903,"cat_3,cat_29,cat_288,cat_27,cat_287"
1661,"cat_2374,cat_3,cat_326,cat_8,cat_328"
1662,"cat_2374,cat_3,cat_326,cat_8,cat_328"
1663,"cat_2374,cat_3,cat_326,cat_8,cat_328"
1664,"cat_2374,cat_3,cat_326,cat_8,cat_328"
1665,"cat_2374,cat_3,cat_326,cat_8,cat_328"
1666,"cat_2374,cat_3,cat_326,cat_8,cat_328"
1667,"cat_2374,cat_3,cat_326,cat_8,cat_328"
1668,"cat_2374,cat_3,cat_326,cat_8,cat_328"
1669,"cat_2374,cat_3,cat_326,cat_8,cat_328"
1669503,"cat_1968,cat_3,cat_1558,cat_1549"
167,"cat_2374,cat_3,cat_21,cat_40,cat_2224,cat_773,cat_8,cat_38"
1670,"cat_2374,cat_3,cat_326,cat_8,cat_328"
1671,"cat_2374,cat_3,cat_326,cat_8,cat_328"
1672,"cat_2374,cat_3,cat_326,cat_8,cat_328"
1673,"cat_2374,cat_3,cat_326,cat_8,cat_328"
1674,"cat_2374,cat_3,cat_259,cat_8,cat_256"
1675,"cat_2374,cat_3,cat_259,cat_8,cat_256"
1676,"cat_2374,cat_3,cat_259,cat_8,cat_256"
1677,"cat_2374,cat_3,cat_259,cat_8,cat_256"
1678,"cat_2374,cat_3,cat_259,cat_8,cat_256"
1678403,"cat_2127,cat_3"
1679,"cat_2374,cat_3,cat_259,cat_8,cat_256"
168,"cat_3,cat_11,cat_1551,cat_14,cat_1553,cat_8,cat_1549"
1680,"cat_2374,cat_3,cat_259,cat_8,cat_256"
1681,"cat_2374,cat_3,cat_259,cat_8,cat_256"
1681003,"cat_2127,cat_3,cat_14"
1681203,"cat_2127,cat_3,cat_14"
1682,"cat_2374,cat_3,cat_259,cat_8,cat_256"
1683,"cat_2374,cat_3,cat_259,cat_8,cat_256"
1683903,"cat_2127,cat_3,cat_11,cat_82,cat_185,cat_183,cat_184,cat_27,cat_186"
1684,"cat_2374,cat_3,cat_259,cat_8,cat_256"
1685,"cat_2374,cat_3,cat_259,cat_8,cat_256"
1686,"cat_2374,cat_3,cat_259,cat_8,cat_256"
1687,"cat_2374,cat_3,cat_259,cat_8,cat_256"
1688,"cat_2374,cat_3,cat_259,cat_8,cat_256"
1689,"cat_2374,cat_3,cat_259,cat_8,cat_256"
169,"cat_2374,cat_3,cat_21,cat_40,cat_2224,cat_773,cat_8,cat_38"
1690,"cat_2374,cat_3,cat_259,cat_8,cat_256"
1691,"cat_2374,cat_3,cat_259,cat_8,cat_256"
1692,"cat_2374,cat_3,cat_259,cat_8,cat_256"
1693,"cat_2374,cat_3,cat_259,cat_8,cat_256"
1694,"cat_2374,cat_3,cat_259,cat_8,cat_256"
1695,"cat_2374,cat_3,cat_259,cat_8,cat_256"
1696,"cat_2374,cat_3,cat_259,cat_8,cat_256"
1697,"cat_2374,cat_3,cat_259,cat_8,cat_256"
1698,"cat_2374,cat_3,cat_259,cat_8,cat_256"
1699,"cat_2374,cat_3,cat_259,cat_8,cat_256"
17,"cat_3,cat_11,cat_115"
170,"cat_2374,cat_3,cat_21,cat_40,cat_2224,cat_773,cat_8,cat_38"
1700,"cat_2374,cat_3,cat_259,cat_8,cat_256"
1701,"cat_2374,cat_3,cat_259,cat_8,cat_256"
1702,"cat_2374,cat_3,cat_259,cat_8,cat_256"
1703,"cat_2374,cat_3,cat_259,cat_8,cat_256"
1704,"cat_2374,cat_3,cat_259,cat_8,cat_256"
1705,"cat_2374,cat_3,cat_259,cat_8,cat_256"
1706,"cat_2374,cat_3,cat_259,cat_8,cat_256"
1707,"cat_2374,cat_3,cat_259,cat_8,cat_256"
1708,"cat_2374,cat_3,cat_259,cat_8,cat_256"
1709,"cat_2374,cat_3,cat_259,cat_8,cat_256"
171,"cat_2374,cat_3,cat_21,cat_40,cat_98,cat_2224,cat_773,cat_778,cat_8,cat_38,cat_99"
1710,"cat_2374,cat_3,cat_326,cat_328"
1710103,"cat_2374,cat_3,cat_21,cat_271,cat_272,cat_2224,cat_8,cat_273,cat_274"
1711,"cat_2374,cat_3,cat_326,cat_328"
1712,"cat_2374,cat_3,cat_326,cat_328"
1713,"cat_2374,cat_3,cat_326,cat_328"
1714,"cat_2374,cat_3,cat_326,cat_8,cat_328"
1715,"cat_2374,cat_3,cat_326,cat_8,cat_328"
1716,"cat_2374,cat_3,cat_326,cat_8,cat_328"
1717,"cat_2374,cat_3,cat_326,cat_8,cat_328"
1718,"cat_2374,cat_3,cat_259,cat_8,cat_256"
1719,"cat_2374,cat_3,cat_259,cat_8,cat_256"
172,"cat_3,cat_11,cat_14,cat_8"
1720,"cat_2374,cat_3,cat_259,cat_8,cat_256"
1721,"cat_2374,cat_3,cat_259,cat_8,cat_256"
1722,"cat_2374,cat_3,cat_259,cat_8,cat_256"
1723,"cat_2374,cat_3,cat_259,cat_8,cat_256"
1724,"cat_2374,cat_3,cat_259,cat_8,cat_256"
1725,"cat_2374,cat_3,cat_259,cat_8,cat_256"
1726,"cat_2374,cat_3,cat_259,cat_8,cat_256"
1727,"cat_2374,cat_3,cat_259,cat_8,cat_256"
1728,"cat_2374,cat_3,cat_259,cat_8,cat_256"
1729,"cat_2374,cat_3,cat_259,cat_8,cat_256"
173,"cat_2374,cat_3,cat_11,cat_14,cat_8"
1730,"cat_2374,cat_3,cat_259,cat_256"
1731,"cat_2374,cat_3,cat_259,cat_256"
1732,"cat_2374,cat_3,cat_259,cat_256"
1733,"cat_2374,cat_3,cat_259,cat_256"
1734,"cat_2374,cat_3,cat_271,cat_272,cat_8,cat_273,cat_274"
1735,"cat_2374,cat_3,cat_271,cat_272,cat_8,cat_273,cat_274"
1736,"cat_2374,cat_3,cat_271,cat_272,cat_8,cat_273,cat_274"
1737,"cat_2374,cat_3,cat_271,cat_272,cat_8,cat_273,cat_274"
1737006,"cat_2374,cat_3,cat_29,cat_30,cat_8,cat_27,cat_28"
1737106,"cat_2374,cat_3,cat_29,cat_30,cat_8,cat_27,cat_28"
1737506,"cat_2374,cat_3,cat_29,cat_30,cat_8,cat_27,cat_28"
1737606,"cat_2374,cat_3,cat_29,cat_30,cat_8,cat_27,cat_28"
1737906,"cat_2374,cat_3,cat_29,cat_30,cat_8,cat_27,cat_28"
1738,"cat_3,cat_8"
1738006,"cat_2374,cat_3,cat_29,cat_30,cat_8,cat_27,cat_28"
1738206,"cat_2374,cat_3,cat_29,cat_30,cat_8,cat_27,cat_28"
1738306,"cat_2374,cat_3,cat_29,cat_30,cat_8,cat_27,cat_28"
1738406,"cat_3,cat_29,cat_30,cat_27,cat_28"
1738506,"cat_3,cat_29,cat_30,cat_27,cat_28"
1738806,"cat_3,cat_29,cat_30,cat_27,cat_28"
1739,"cat_3,cat_8"
1739006,"cat_3,cat_29,cat_30,cat_27,cat_28"
1739306,"cat_3,cat_29,cat_30,cat_27,cat_28"
1739406,"cat_3,cat_29,cat_30,cat_27,cat_28"
1739706,"cat_3,cat_29,cat_30,cat_27,cat_28"
1739806,"cat_3,cat_29,cat_30,cat_27,cat_28"
1739906,"cat_2374,cat_3,cat_29,cat_30,cat_8,cat_27,cat_28"
174,"cat_2374,cat_3,cat_21,cat_40,cat_2224,cat_773,cat_8,cat_38"
1740,"cat_3,cat_8"
1740106,"cat_2374,cat_3,cat_29,cat_30,cat_8,cat_27,cat_28"
1740504,"cat_3,cat_8"
1740604,"cat_3,cat_8"
1741,"cat_3,cat_8"
1742,"cat_3,cat_8"
1742203,"cat_2127,cat_3,cat_11,cat_14"
1743,"cat_3,cat_8"
1744,"cat_3,cat_8"
1745,"cat_3,cat_8"
1746,"cat_3,cat_8"
1747,"cat_321,cat_3,cat_8"
1747503,"cat_3,cat_252,cat_8,cat_254"
1747603,"cat_3,cat_252,cat_8,cat_254"
1748,"cat_321,cat_3,cat_8"
1749,"cat_320,cat_3,cat_8"
1749709,"cat_1968,cat_3,cat_11,cat_14,cat_8"
1749809,"cat_2374,cat_3,cat_11,cat_14,cat_8"
175,"cat_2374,cat_3,cat_21,cat_40,cat_2224,cat_773,cat_8,cat_38"
1750,"cat_320,cat_3,cat_8"
1751,"cat_320,cat_3,cat_8"
1752,"cat_320,cat_3,cat_8"
1753,"cat_321,cat_3,cat_8"
1754,"cat_321,cat_3,cat_8"
1754309,"cat_3,cat_11"
1755,"cat_321,cat_3,cat_8"
1756,"cat_321,cat_3,cat_8"
1756307,"cat_2374,cat_3,cat_29,cat_30,cat_8,cat_27,cat_28"
1757,"cat_321,cat_3,cat_8"
1758,"cat_321,cat_3,cat_8"
1758107,"cat_3,cat_29,cat_30,cat_27,cat_28"
1758507,"cat_2374,cat_3,cat_29,cat_30,cat_8,cat_27,cat_28"
1759,"cat_320,cat_3,cat_8"
176,"cat_1968,cat_3,cat_11,cat_1551,cat_1558,cat_8,cat_1549"
1760,"cat_320,cat_3,cat_8"
1761,"cat_320,cat_3,cat_8"
1761503,"cat_1968,cat_3,cat_11,cat_19,cat_68,cat_8,cat_17,cat_67"
1761603,"cat_1968,cat_3,cat_11,cat_19,cat_68,cat_17,cat_67"
1761903,"cat_1968,cat_3,cat_11,cat_45,cat_80,cat_21,cat_40,cat_78,cat_2224,cat_773,cat_786,cat_8,cat_38,cat_77"
1762,"cat_321,cat_3,cat_8"
1763,"cat_321,cat_3,cat_8"
1764,"cat_321,cat_3,cat_8"
1764207,cat_2172
1764307,"cat_1968,cat_2374,cat_3,cat_40,cat_98,cat_773,cat_778,cat_8,cat_38,cat_99"
1765,"cat_321,cat_3,cat_8"
1766,"cat_321,cat_3,cat_8"
1766107,"cat_2374,cat_3,cat_11,cat_115,cat_21,cat_2224,cat_8"
1766507,"cat_1968,cat_3,cat_11,cat_19,cat_20,cat_8,cat_17,cat_18"
1766607,"cat_1968,cat_3,cat_11,cat_19,cat_93,cat_8,cat_17,cat_92"
1767,"cat_321,cat_3,cat_8"
1767806,"cat_1968,cat_2374,cat_3,cat_40,cat_98,cat_773,cat_778,cat_8,cat_38,cat_99"
1768,"cat_321,cat_3,cat_8"
1768006,"cat_1968,cat_2374,cat_3,cat_40,cat_98,cat_773,cat_778,cat_38,cat_99"
1769,"cat_320,cat_3,cat_8"
1769704,"cat_2374,cat_3,cat_11,cat_115,cat_1345,cat_14,cat_8"
1769907,"cat_1968,cat_3,cat_11,cat_115"
177,"cat_1968,cat_3,cat_11,cat_1551,cat_1558,cat_8,cat_1549"
1770,"cat_320,cat_3,cat_8"
1770107,"cat_1968,cat_3,cat_21,cat_1558,cat_2224,cat_8,cat_1549"
1771,"cat_321,cat_3,cat_8"
1772,"cat_321,cat_3,cat_8"
1773,"cat_321,cat_3,cat_8"
1773003,"cat_1968,cat_2374,cat_3,cat_40,cat_98,cat_773,cat_778,cat_8,cat_38,cat_99"
1773603,"cat_1968,cat_2374,cat_3,cat_40,cat_98,cat_773,cat_778,cat_8,cat_38,cat_99"
1773807,"cat_2127,cat_3,cat_11,cat_14"
1773907,"cat_2127,cat_3,cat_11,cat_14"
1774,"cat_320,cat_3,cat_8"
1774007,"cat_2127,cat_3,cat_11,cat_14"
1775,"cat_320,cat_3,cat_8"
1776,"cat_320,cat_3,cat_8"
1777,"cat_320,cat_3,cat_8"
1778,"cat_320,cat_3,cat_8"
1779,"cat_321,cat_3,cat_8"
178,"cat_1968,cat_3,cat_11,cat_1551,cat_1558,cat_8,cat_1549"
1780,"cat_321,cat_3,cat_8"
1781,"cat_320,cat_3,cat_8"
1781007,"cat_1968,cat_3,cat_11,cat_14,cat_8"
1782,"cat_320,cat_3,cat_8"
1783,"cat_321,cat_3,cat_8"
1784,"cat_321,cat_3,cat_8"
1785,"cat_321,cat_3,cat_8"
1785211,cat_2172
1786,"cat_321,cat_3,cat_8"
1786603,"cat_1968,cat_2374,cat_3,cat_11,cat_45,cat_1345,cat_1348,cat_14,cat_47,cat_21,cat_40,cat_2224,cat_773,cat_8,cat_38"
1787,"cat_320,cat_3,cat_8"
1787107,"cat_1968,cat_3,cat_11,cat_1551,cat_21,cat_1558,cat_2224,cat_8,cat_1549"
1788,"cat_320,cat_3,cat_8"
1789,"cat_320,cat_3,cat_8"
179,"cat_1968,cat_3,cat_11,cat_1551,cat_1558,cat_8,cat_1549"
1790,"cat_320,cat_3,cat_8"
1791,"cat_320,cat_3,cat_8"
1792,"cat_320,cat_3,cat_8"
1792207,"cat_1968,cat_3,cat_11,cat_14,cat_8"
1792307,"cat_1968,cat_3,cat_11,cat_14,cat_8"
1792603,"cat_2127,cat_3,cat_14"
1792903,"cat_2127,cat_3"
1793,"cat_320,cat_3,cat_8"
1793003,"cat_2127,cat_3,cat_14"
179309,"cat_2374,cat_3,cat_21,cat_259,cat_2224,cat_8,cat_256"
1793103,"cat_2127,cat_3,cat_14"
1793203,"cat_2127,cat_3,cat_14"
1793303,"cat_2127,cat_3,cat_14"
1793403,"cat_2127,cat_3"
1793803,"cat_2127,cat_3,cat_14"
1793807,"cat_3,cat_11"
1793903,"cat_2127,cat_3,cat_14"
1793907,"cat_3,cat_11,cat_8"
1794,"cat_320,cat_3,cat_8"
1794003,"cat_2127,cat_3,cat_14"
1794303,"cat_2127,cat_3,cat_14"
1794503,"cat_2127,cat_3,cat_14"
1794603,"cat_2127,cat_3,cat_14"
1794907,"cat_3,cat_11,cat_8"
1795,"cat_321,cat_3,cat_8"
1795103,"cat_2127,cat_3,cat_14"
1795303,"cat_2127,cat_3,cat_14"
1795603,"cat_2127,cat_3,cat_14"
1796,"cat_321,cat_3,cat_8"
1796103,"cat_2127,cat_3,cat_14"
1796203,"cat_2127,cat_3,cat_14"
1796303,"cat_2127,cat_3,cat_14"
1796903,"cat_2127,cat_3,cat_14"
1797,"cat_2374,cat_3,cat_8"
1797003,"cat_2127,cat_3,cat_14"
1797103,"cat_2127,cat_3,cat_14"
1798,"cat_2374,cat_3,cat_8"
1799,"cat_2374,cat_3,cat_8"
1799307,"cat_3,cat_11,cat_8"
18,"cat_3,cat_11,cat_148,cat_158,cat_14,cat_152,cat_160,cat_8,cat_150,cat_159"
180,"cat_1968,cat_3,cat_11,cat_1551,cat_1558,cat_8,cat_1549"
1800,"cat_2374,cat_3,cat_8"
1801,"cat_2374,cat_3,cat_8"
1802,"cat_3,cat_8,cat_223"
1803,"cat_3,cat_8,cat_223"
1804,"cat_3,cat_8,cat_223"
1804407,"cat_2127,cat_3,cat_14"
1805,"cat_3,cat_8,cat_223"
1806,"cat_3,cat_8,cat_223"
1807,"cat_3,cat_8,cat_223"
1808,"cat_3,cat_8,cat_223"
1809,"cat_3,cat_8,cat_223"
181,"cat_1968,cat_3,cat_11,cat_1551,cat_1558,cat_8,cat_1549"
1810,"cat_3,cat_8,cat_223"
1811,"cat_3,cat_8,cat_223"
1812,"cat_3,cat_8,cat_223"
1813,"cat_3,cat_8,cat_223"
1814,"cat_3,cat_8,cat_223"
1815,"cat_3,cat_8,cat_223"
1816,"cat_3,cat_8,cat_223"
1817,"cat_3,cat_8,cat_223"
1818,"cat_3,cat_8,cat_223"
1818303,"cat_2127,cat_3,cat_11,cat_14"
1819,"cat_3,cat_8,cat_223"
182,"cat_1968,cat_3,cat_11,cat_1551,cat_1558,cat_8,cat_1549"
1820,"cat_3,cat_8,cat_223"
1821,"cat_3,cat_8,cat_223"
1822,"cat_3,cat_8,cat_223"
1823,"cat_3,cat_8,cat_223"
1824,"cat_3,cat_8,cat_223"
1825,"cat_3,cat_8,cat_223"
1826,"cat_3,cat_8,cat_223"
1827,"cat_3,cat_8,cat_223"
1827403,cat_2172
1828,"cat_3,cat_8,cat_223"
1828303,"cat_3,cat_29,cat_30,cat_27,cat_28"
1828503,"cat_3,cat_29,cat_30,cat_27,cat_28"
1829,"cat_3,cat_8,cat_223"
1829103,"cat_3,cat_29,cat_30,cat_27,cat_28"
1829203,"cat_3,cat_29,cat_30,cat_27,cat_28"
1829603,"cat_3,cat_29,cat_30,cat_27,cat_28"
1829803,"cat_2374,cat_3,cat_29,cat_30,cat_8,cat_27,cat_28"
183,"cat_1968,cat_3,cat_11,cat_1551,cat_1558,cat_8,cat_1549"
1830,"cat_3,cat_8,cat_223"
1830403,"cat_2374,cat_3,cat_29,cat_30,cat_8,cat_27,cat_28"
1831,"cat_3,cat_8,cat_223"
1831403,"cat_2374,cat_3,cat_29,cat_30,cat_8,cat_27,cat_28"
1831803,"cat_2374,cat_3,cat_29,cat_30,cat_8,cat_27,cat_28"
1832,"cat_3,cat_8,cat_223"
1832203,"cat_2374,cat_3,cat_29,cat_30,cat_8,cat_27,cat_28"
1832603,"cat_2374,cat_3,cat_29,cat_30,cat_8,cat_27,cat_28"
1833,"cat_3,cat_8,cat_223"
1834,"cat_3,cat_8,cat_223"
1835,"cat_3,cat_8,cat_223"
1836,"cat_3,cat_8,cat_223"
1837,"cat_3,cat_8,cat_223"
1838,"cat_3,cat_8,cat_223"
1839,"cat_3,cat_8,cat_223"
184,"cat_1968,cat_3,cat_11,cat_1551,cat_1558,cat_8,cat_1549"
1840,"cat_3,cat_8,cat_223"
1841,cat_3
1841303,"cat_2374,cat_3,cat_11,cat_14,cat_8"
1841503,"cat_2374,cat_3,cat_11,cat_115,cat_21,cat_2224,cat_8"
1842,cat_3
1843,cat_3
1844,cat_3
1844303,"cat_2374,cat_11,cat_115,cat_14,cat_8"
1845,cat_3
1846,cat_3
1846003,"cat_2374,cat_3,cat_11,cat_115,cat_1345,cat_14,cat_8"
1846503,"cat_2374,cat_3,cat_11,cat_115,cat_1345,cat_14,cat_8"
1846603,"cat_2374,cat_3,cat_11,cat_115,cat_1345,cat_14,cat_8"
1846903,"cat_2374,cat_3,cat_11,cat_14,cat_8"
1847,cat_3
1847003,"cat_2374,cat_3,cat_11,cat_14,cat_8"
1847503,"cat_2374,cat_3,cat_40,cat_98,cat_773,cat_778,cat_8,cat_38,cat_99"
1848,cat_3
1849,cat_3
185,"cat_1968,cat_3,cat_11,cat_1551,cat_1558,cat_8,cat_1549"
1850,"cat_3,cat_11,cat_8"
1851,"cat_3,cat_11,cat_8"
1852,"cat_3,cat_11,cat_8"
1853,"cat_3,cat_11,cat_8"
1854,"cat_3,cat_11,cat_8"
1855,"cat_3,cat_11,cat_8"
1856,"cat_3,cat_11,cat_8"
1857,"cat_3,cat_11,cat_8"
1858303,"cat_3,cat_326,cat_328"
186,"cat_1968,cat_3,cat_11,cat_1551,cat_1558,cat_8,cat_1549"
1861,"cat_3,cat_14"
1862,"cat_3,cat_14"
1863,"cat_3,cat_14"
1864,"cat_3,cat_14"
1865,"cat_3,cat_14"
1866,"cat_3,cat_14"
1867,cat_3
1868,"cat_2374,cat_3,cat_11,cat_14"
1869,"cat_3,cat_14"
187,"cat_1968,cat_3,cat_11,cat_1551,cat_1558,cat_8,cat_1549"
1870,"cat_3,cat_14"
1871,"cat_3,cat_14"
1872,"cat_3,cat_14"
1873,"cat_3,cat_14"
1874,"cat_3,cat_11,cat_14"
1875,"cat_3,cat_11,cat_14"
1876,"cat_3,cat_11,cat_14"
1878,"cat_3,cat_21,cat_2224,cat_8"
1879,"cat_3,cat_21,cat_252,cat_2224"
188,"cat_1968,cat_3,cat_11,cat_1551,cat_1558,cat_8,cat_1549"
1880,"cat_3,cat_21,cat_252,cat_2224"
1881,"cat_3,cat_115,cat_21,cat_252,cat_2224"
1883,"cat_3,cat_11,cat_285,cat_115,cat_283,cat_21,cat_279,cat_2224,cat_8,cat_281"
1884,"cat_3,cat_11,cat_1551,cat_115,cat_21,cat_1558,cat_2224,cat_8,cat_1549"
1885,"cat_3,cat_21,cat_2224"
1886,"cat_3,cat_21,cat_2224"
1887,"cat_2374,cat_3,cat_21,cat_2224"
1888,"cat_2374,cat_3,cat_21,cat_2224"
1889,"cat_3,cat_21,cat_2224"
189,"cat_1968,cat_3,cat_11,cat_1551,cat_1558,cat_8,cat_1549"
1890,"cat_2374,cat_3,cat_21,cat_326,cat_2224,cat_8,cat_328"
1891,"cat_3,cat_21,cat_29,cat_2224,cat_8,cat_27"
1891509,cat_3
1893,"cat_3,cat_21,cat_252,cat_2224,cat_8,cat_254"
1894,"cat_3,cat_21,cat_252,cat_2224,cat_8,cat_254"
1895,"cat_3,cat_14"
1896,"cat_2127,cat_3,cat_11,cat_14"
1896709,"cat_2374,cat_3,cat_115,cat_40,cat_773,cat_8,cat_38"
1897,"cat_2127,cat_3,cat_11,cat_14"
1898,"cat_2127,cat_3,cat_11,cat_14"
1899,"cat_2127,cat_3,cat_11,cat_14"
19,"cat_3,cat_11,cat_1551,cat_14,cat_1553,cat_8,cat_1549"
190,"cat_1968,cat_3,cat_11,cat_1551,cat_1558,cat_8,cat_1549"
1900,"cat_2127,cat_3,cat_11,cat_14,cat_8"
191,"cat_1968,cat_3,cat_11,cat_1551,cat_1558,cat_8,cat_1549"
192,"cat_3,cat_21,cat_2224"
1921903,cat_2172
1922003,cat_2172
1922103,"cat_3,cat_21,cat_2224,cat_8"
1923103,"cat_3,cat_21,cat_2224,cat_8"
1923803,"cat_3,cat_21,cat_2224,cat_8"
1928103,cat_2172
1929103,"cat_1968,cat_3,cat_11,cat_1551,cat_21,cat_1558,cat_2224,cat_8,cat_1549"
1929309,cat_2172
193,"cat_1968,cat_3,cat_11,cat_1551,cat_1558,cat_8,cat_1549"
194,"cat_1968,cat_3,cat_11,cat_1551,cat_1558,cat_8,cat_1549"
1942203,"cat_1968,cat_3,cat_115,cat_21,cat_2224,cat_8"
1942209,"cat_3,cat_29,cat_288,cat_27,cat_287"
1942309,"cat_3,cat_29,cat_288,cat_27,cat_287"
1943812,"cat_2374,cat_3,cat_40,cat_111,cat_773,cat_775,cat_8,cat_38,cat_112"
1945703,"cat_1968,cat_3,cat_11,cat_14,cat_8"
1945704,"cat_2127,cat_3,cat_14"
1946503,cat_2172
195,"cat_1968,cat_3,cat_11,cat_1551,cat_1558,cat_8,cat_1549"
1955803,"cat_1968,cat_2374,cat_3,cat_21,cat_40,cat_98,cat_2224,cat_773,cat_778,cat_8,cat_38,cat_99"
1956103,cat_2172
1957303,"cat_1968,cat_3,cat_11,cat_1551,cat_21,cat_1558,cat_2224,cat_8,cat_1549"
1957903,"cat_1968,cat_3,cat_11,cat_19,cat_93,cat_8,cat_17,cat_92"
1958203,"cat_1968,cat_2374,cat_3,cat_21,cat_40,cat_2224,cat_773,cat_8,cat_38"
1959003,"cat_2374,cat_3,cat_40,cat_773,cat_8,cat_38"
1959103,"cat_2374,cat_3,cat_40,cat_773,cat_8,cat_38"
1959203,"cat_2374,cat_3,cat_40,cat_773,cat_8,cat_38"
1959303,"cat_2374,cat_3,cat_115,cat_40,cat_773,cat_8,cat_38"
1959403,"cat_2374,cat_3,cat_115,cat_40,cat_773,cat_8,cat_38"
1959503,"cat_2374,cat_3,cat_115,cat_40,cat_773,cat_8,cat_38"
1959603,"cat_2374,cat_3,cat_115,cat_40,cat_773,cat_8,cat_38"
196,"cat_1968,cat_3,cat_11,cat_1551,cat_1558,cat_8,cat_1549"
1966803,"cat_3,cat_29,cat_288,cat_27,cat_287"
1967003,"cat_3,cat_29,cat_288,cat_27,cat_287"
197,"cat_1968,cat_3,cat_11,cat_1551,cat_1558,cat_8,cat_1549"
1977503,"cat_3,cat_29,cat_30,cat_27,cat_28"
198,"cat_1968,cat_3,cat_11,cat_1551,cat_1558,cat_8,cat_1549"
1985504,cat_2172
1987703,cat_2172
199,"cat_1968,cat_3,cat_11,cat_1551,cat_1558,cat_8,cat_1549"
2,cat_2172
20,"cat_3,cat_11,cat_148,cat_158,cat_14,cat_152,cat_160,cat_8,cat_150,cat_159"
200,"cat_1968,cat_3,cat_11,cat_1551,cat_1558,cat_8,cat_1549"
200006008,"cat_2127,cat_3,cat_11,cat_82,cat_185,cat_183,cat_184,cat_27,cat_186"
201,"cat_1968,cat_3,cat_11,cat_1551,cat_1558,cat_8,cat_1549"
2012709,"cat_2127,cat_3,cat_11,cat_14"
2012809,"cat_2127,cat_3,cat_11,cat_14"
2019409,"cat_3,cat_11,cat_148,cat_158,cat_14,cat_152,cat_160,cat_8,cat_150,cat_159"
2019509,"cat_3,cat_11,cat_148,cat_158,cat_14,cat_152,cat_160,cat_8,cat_150,cat_159"
2019609,"cat_3,cat_11,cat_148,cat_158,cat_14,cat_152,cat_160,cat_8,cat_150,cat_159"
202,"cat_1968,cat_3,cat_11,cat_1551,cat_1558,cat_8,cat_1549"
2024409,"cat_2374,cat_3,cat_21,cat_2224"
2029609,cat_2172
203,"cat_1968,cat_3,cat_21,cat_40,cat_98,cat_2224,cat_773,cat_778,cat_8,cat_38,cat_99"
2035009,"cat_3,cat_21,cat_2224,cat_8"
204,"cat_1968,cat_2374,cat_3,cat_40,cat_773,cat_8,cat_38"
204309,"cat_2374,cat_3,cat_40,cat_98,cat_773,cat_778,cat_8,cat_38,cat_99"
2043309,"cat_2127,cat_3,cat_14"
2043409,"cat_2127,cat_3,cat_14"
205,"cat_1968,cat_2374,cat_3,cat_40,cat_773,cat_8,cat_38"
2050009,"cat_3,cat_252,cat_8,cat_254"
2050109,"cat_3,cat_252,cat_8,cat_254"
2052209,"cat_2374,cat_3,cat_115,cat_40,cat_773,cat_38"
2059509,"cat_1968,cat_3,cat_11,cat_19,cat_66,cat_8,cat_17,cat_65"
2059803,"cat_3,cat_115"
206,"cat_3,cat_11,cat_1551,cat_14,cat_1553,cat_8,cat_1549"
2063409,cat_2172
2067309,"cat_1968,cat_2374,cat_3,cat_115,cat_40,cat_773,cat_38"
207,"cat_1968,cat_2374,cat_3,cat_40,cat_773,cat_8,cat_38"
2074303,"cat_2127,cat_3,cat_11,cat_14,cat_8"
2078309,cat_2172
2078409,cat_2172
2078509,cat_2172
2079209,"cat_1968,cat_2374,cat_3,cat_11,cat_14,cat_8"
2079309,"cat_1968,cat_2374,cat_3,cat_11,cat_8"
2079709,"cat_1968,cat_2374,cat_3,cat_11,cat_14,cat_8"
2079909,"cat_1968,cat_2374,cat_3,cat_11,cat_14,cat_8"
208,"cat_1968,cat_2374,cat_3,cat_40,cat_773,cat_8,cat_38"
2080509,"cat_1968,cat_2374,cat_3,cat_11,cat_45,cat_1345,cat_1348,cat_14,cat_47,cat_40,cat_773,cat_8,cat_38"
2081109,cat_2172
2083109,cat_2172
2084209,"cat_3,cat_21,cat_2224,cat_8"
2084309,"cat_3,cat_21,cat_2224,cat_8"
2084609,"cat_1968,cat_3,cat_11,cat_19,cat_66,cat_17,cat_65"
2084709,"cat_1968,cat_2374,cat_3,cat_115,cat_40,cat_773,cat_8,cat_38"
2086909,"cat_3,cat_115"
2087009,"cat_3,cat_115"
2087109,"cat_3,cat_115"
209,"cat_1968,cat_3,cat_11,cat_19,cat_93,cat_8,cat_17,cat_92"
2093709,"cat_3,cat_11,cat_8"
2094409,"cat_3,cat_11,cat_8"
2094509,"cat_3,cat_11,cat_8"
2099809,"cat_1968,cat_3,cat_11"
21,cat_3
210,"cat_1968,cat_3,cat_11,cat_19,cat_93,cat_8,cat_17,cat_92"
2100209,"cat_1968,cat_3,cat_11"
2100309,"cat_1968,cat_2374,cat_3,cat_40,cat_98,cat_773,cat_778,cat_8,cat_38,cat_99"
2100409,"cat_1968,cat_2374,cat_3,cat_40,cat_98,cat_773,cat_778,cat_8,cat_38,cat_99"
2104011,"cat_3,cat_115,cat_21,cat_40,cat_2224,cat_773,cat_38"
2109709,"cat_1968,cat_3,cat_11,cat_115,cat_21,cat_2224"
2109909,"cat_1968,cat_3,cat_11,cat_285,cat_115,cat_283,cat_21,cat_279,cat_2224,cat_8,cat_281"
211,"cat_1968,cat_3,cat_11,cat_19,cat_93,cat_8,cat_17,cat_92"
2110009,"cat_1968,cat_3,cat_11,cat_285,cat_115,cat_283,cat_279,cat_8,cat_281"
2110109,"cat_1968,cat_3,cat_11,cat_285,cat_115,cat_283,cat_279,cat_281"
2110409,"cat_1968,cat_2374,cat_3,cat_21,cat_40,cat_111,cat_2224,cat_773,cat_775,cat_8,cat_38,cat_112"
2116809,"cat_3,cat_11,cat_115,cat_1345,cat_21,cat_2224"
2118103,"cat_1968,cat_3,cat_11,cat_19,cat_91,cat_8,cat_17,cat_90"
212,"cat_1968,cat_3,cat_11,cat_19,cat_93,cat_8,cat_17,cat_92"
2123603,"cat_3,cat_11,cat_148,cat_158,cat_14,cat_152,cat_160,cat_8,cat_150,cat_159"
2123903,"cat_3,cat_11,cat_148,cat_158,cat_14,cat_152,cat_160,cat_8,cat_150,cat_159"
2124103,"cat_3,cat_11,cat_82,cat_8,cat_27"
2124203,"cat_3,cat_11,cat_148,cat_14,cat_152,cat_8,cat_150"
2126303,"cat_3,cat_8,cat_31,cat_32"
213,"cat_1968,cat_3,cat_11,cat_19,cat_93,cat_8,cat_17,cat_92"
214,"cat_1968,cat_3,cat_11,cat_19,cat_93,cat_8,cat_17,cat_92"
2143109,cat_3
2146509,"cat_2127,cat_3,cat_11,cat_115,cat_14"
2146609,"cat_2127,cat_3,cat_11,cat_115,cat_14"
2146709,"cat_2127,cat_3,cat_11,cat_115,cat_14"
2146809,"cat_2127,cat_3,cat_11,cat_115,cat_14"
2146909,"cat_2127,cat_3,cat_11,cat_115,cat_14"
2147009,"cat_2127,cat_3,cat_11,cat_115,cat_14"
2147109,"cat_2127,cat_3,cat_11,cat_115,cat_14"
215,"cat_1968,cat_3,cat_11,cat_19,cat_93,cat_8,cat_17,cat_92"
216,"cat_1968,cat_3,cat_11,cat_19,cat_93,cat_8,cat_17,cat_92"
217,"cat_1968,cat_3,cat_11,cat_19,cat_93,cat_8,cat_17,cat_92"
218,"cat_1968,cat_3,cat_11,cat_19,cat_93,cat_8,cat_17,cat_92"
2182509,"cat_1968,cat_3,cat_11,cat_19,cat_66,cat_8,cat_17,cat_65"
2189209,"cat_2127,cat_3,cat_14"
2189803,"cat_2374,cat_3,cat_11,cat_115,cat_21,cat_2224,cat_8"
219,"cat_1968,cat_3,cat_11,cat_19,cat_93,cat_8,cat_17,cat_92"
2190003,"cat_3,cat_11,cat_115,cat_14"
2191403,cat_3
22,"cat_3,cat_11,cat_148,cat_158,cat_14,cat_152,cat_160,cat_8,cat_150,cat_159"
220,"cat_1968,cat_3,cat_11,cat_19,cat_93,cat_8,cat_17,cat_92"
2203903,cat_2172
2204103,cat_2172
2204303,cat_2172
2204403,cat_2172
2204503,cat_2172
2204603,cat_2172
2204703,cat_2172
2204803,cat_2172
2204903,cat_2172
220809,"cat_1968,cat_2374,cat_3,cat_40,cat_98,cat_773,cat_778,cat_8,cat_38,cat_99"
2208203,cat_2172
221,cat_2172
2210503,"cat_2127,cat_3,cat_14"
2211003,"cat_2127,cat_3,cat_14"
2211303,"cat_2127,cat_3,cat_14"
2213203,"cat_2127,cat_3,cat_14"
2218103,cat_2172
2218203,cat_2172
222,cat_2172
2226803,"cat_1968,cat_2374,cat_3,cat_11,cat_14,cat_8"
2226903,"cat_1968,cat_2374,cat_3,cat_11,cat_14,cat_8"
2227003,"cat_1968,cat_2374,cat_3,cat_11,cat_14,cat_8"
2227203,"cat_1968,cat_2374,cat_3,cat_11,cat_14,cat_8"
2227403,"cat_1968,cat_2374,cat_3,cat_11,cat_14,cat_8"
2227503,"cat_1968,cat_2374,cat_3,cat_11,cat_14,cat_8"
2227603,"cat_1968,cat_2374,cat_3,cat_11,cat_14,cat_8"
2227703,"cat_1968,cat_2374,cat_3,cat_11,cat_14,cat_8"
223,"cat_1968,cat_3,cat_11,cat_19,cat_91,cat_8,cat_17,cat_90"
2230203,cat_2172
2230303,"cat_1968,cat_2374,cat_3,cat_21,cat_40,cat_98,cat_2224,cat_773,cat_778,cat_8,cat_38,cat_99"
2230403,"cat_1968,cat_2374,cat_3,cat_21,cat_40,cat_98,cat_2224,cat_773,cat_778,cat_8,cat_38,cat_99"
224,"cat_1968,cat_3,cat_11,cat_19,cat_91,cat_8,cat_17,cat_90"
224503,"cat_1968,cat_2374,cat_3,cat_21,cat_40,cat_98,cat_2224,cat_773,cat_778,cat_8,cat_38,cat_99"
2249903,"cat_1968,cat_3,cat_11,cat_1551,cat_1558,cat_1549"
225,"cat_1968,cat_3,cat_11,cat_19,cat_91,cat_8,cat_17,cat_90"
2250003,"cat_1968,cat_3,cat_11,cat_1551,cat_21,cat_1558,cat_2224,cat_8,cat_1549"
2256303,"cat_3,cat_21,cat_2224,cat_8"
2257003,"cat_3,cat_115,cat_21,cat_2224"
226,"cat_1968,cat_2374,cat_3,cat_11,cat_45,cat_1345,cat_1348,cat_14,cat_47,cat_21,cat_40,cat_2224,cat_773,cat_8,cat_38"
2268703,"cat_1968,cat_2374,cat_3,cat_21,cat_40,cat_111,cat_2224,cat_773,cat_775,cat_8,cat_38,cat_112"
2268803,"cat_1968,cat_2374,cat_3,cat_40,cat_111,cat_773,cat_775,cat_8,cat_38,cat_112"
2269903,"cat_3,cat_11,cat_115,cat_1345,cat_14,cat_21,cat_2224,cat_8"
227,"cat_1968,cat_2374,cat_3,cat_11,cat_45,cat_1345,cat_1348,cat_14,cat_47,cat_21,cat_40,cat_2224,cat_773,cat_8,cat_38"
2270203,"cat_3,cat_11,cat_115,cat_1345,cat_14,cat_21,cat_2224"
2270403,"cat_3,cat_11,cat_115,cat_1345,cat_14,cat_21,cat_2224"
2271503,"cat_3,cat_11,cat_115,cat_1345,cat_21,cat_2224"
2272003,"cat_2374,cat_3,cat_21,cat_40,cat_2224,cat_773,cat_8,cat_38"
228,cat_2172
2283711,"cat_1968,cat_2374,cat_3,cat_11,cat_45,cat_46,cat_1345,cat_1348,cat_1349,cat_14,cat_47,cat_48,cat_21,cat_40,cat_41,cat_2224,cat_773,cat_790,cat_8,cat_38,cat_39"
2285411,"cat_1968,cat_3,cat_223"
2288103,"cat_1968,cat_3,cat_11,cat_770,cat_8"
229,cat_2172
2296011,"cat_2127,cat_3,cat_11,cat_14,cat_8"
2296111,"cat_2127,cat_3,cat_11,cat_14,cat_8"
2296211,"cat_2127,cat_3,cat_11,cat_14,cat_8"
2296311,"cat_2127,cat_3,cat_11"
23,"cat_3,cat_11,cat_148,cat_158,cat_14,cat_152,cat_160,cat_8,cat_150,cat_159"
230,"cat_1968,cat_3,cat_11,cat_14,cat_8"
2305108,cat_2172
231,"cat_1968,cat_3,cat_11,cat_14,cat_8"
232,"cat_1968,cat_3,cat_11,cat_45,cat_80,cat_40,cat_78,cat_773,cat_786,cat_8,cat_38,cat_77"
233,"cat_1968,cat_3,cat_11,cat_45,cat_80,cat_40,cat_78,cat_773,cat_786,cat_8,cat_38,cat_77"
233209,"cat_2374,cat_3,cat_21,cat_259,cat_2224,cat_8,cat_256"
2337811,"cat_3,cat_115"
2337911,"cat_3,cat_115"
234,"cat_3,cat_21,cat_2224,cat_8"
2340908,"cat_2374,cat_3,cat_29,cat_30,cat_27,cat_28"
2341008,"cat_2374,cat_3,cat_29,cat_30,cat_8,cat_27,cat_28"
2343008,"cat_3,cat_29,cat_30,cat_27,cat_28"
235,"cat_1968,cat_3,cat_11,cat_45,cat_80,cat_40,cat_78,cat_773,cat_786,cat_8,cat_38,cat_77"
236,"cat_1968,cat_3,cat_11,cat_45,cat_80,cat_40,cat_78,cat_773,cat_786,cat_8,cat_38,cat_77"
237,"cat_1968,cat_3,cat_11,cat_45,cat_80,cat_40,cat_78,cat_773,cat_786,cat_8,cat_38,cat_77"
238,"cat_1968,cat_2374,cat_3,cat_11,cat_45,cat_80,cat_40,cat_78,cat_773,cat_786,cat_8,cat_38,cat_77"
239,"cat_1968,cat_2374,cat_3,cat_11,cat_45,cat_80,cat_40,cat_78,cat_773,cat_786,cat_8,cat_38,cat_77"
2391111,"cat_2374,cat_3,cat_115,cat_40,cat_773,cat_8,cat_38"
24,"cat_3,cat_11,cat_148,cat_158,cat_14,cat_152,cat_160,cat_8,cat_150,cat_159"
240,"cat_1968,cat_3,cat_11,cat_45,cat_80,cat_40,cat_78,cat_773,cat_786,cat_8,cat_38,cat_77"
241,"cat_1968,cat_3,cat_11,cat_45,cat_80,cat_40,cat_78,cat_773,cat_786,cat_8,cat_38,cat_77"
2413811,cat_2172
242,"cat_1968,cat_3,cat_11,cat_45,cat_80,cat_40,cat_78,cat_773,cat_786,cat_8,cat_38,cat_77"
2426011,"cat_1968,cat_2374,cat_3,cat_11,cat_45,cat_1345,cat_1348,cat_14,cat_47,cat_40,cat_773,cat_8,cat_38"
2429311,"cat_1968,cat_2374,cat_3,cat_21,cat_40,cat_111,cat_2224,cat_773,cat_775,cat_8,cat_38,cat_112"
243,"cat_1968,cat_3,cat_11,cat_45,cat_80,cat_40,cat_78,cat_773,cat_786,cat_8,cat_38,cat_77"
2436011,"cat_2127,cat_3,cat_14"
2436211,"cat_2127,cat_3,cat_14"
244,"cat_1968,cat_2374,cat_3,cat_11"
2442211,"cat_1968,cat_3,cat_11,cat_1551,cat_1549"
2443711,"cat_1968,cat_2374,cat_3,cat_11"
2443811,"cat_1968,cat_2374,cat_3,cat_11,cat_14,cat_8"
2443911,"cat_1968,cat_2374,cat_3,cat_11,cat_14,cat_8"
2444011,"cat_1968,cat_2374,cat_3,cat_11,cat_14,cat_8"
2444111,"cat_1968,cat_2374,cat_3,cat_11,cat_14,cat_8"
2444211,"cat_1968,cat_2374,cat_3,cat_11,cat_14,cat_8"
2444311,"cat_1968,cat_2374,cat_3,cat_11,cat_14,cat_8"
2444411,"cat_1968,cat_2374,cat_3,cat_11,cat_14,cat_8"
2444511,"cat_1968,cat_2374,cat_3,cat_11,cat_14,cat_8"
2444611,"cat_1968,cat_2374,cat_3,cat_11,cat_14,cat_8"
245,"cat_1968,cat_3,cat_11,cat_14,cat_8"
2454611,"cat_1968,cat_3,cat_11,cat_8"
246,"cat_1968,cat_3,cat_11"
2462211,"cat_2374,cat_3,cat_115,cat_21,cat_2224"
2469311,"cat_1968,cat_3,cat_11,cat_45,cat_80,cat_40,cat_78,cat_773,cat_786,cat_38,cat_77"
247,"cat_1968,cat_3,cat_11,cat_19,cat_68,cat_8,cat_17,cat_67"
248,"cat_1968,cat_3,cat_11,cat_19,cat_68,cat_8,cat_17,cat_67"
2489112,cat_2172
2489212,cat_2172
249,"cat_1968,cat_3,cat_11,cat_19,cat_68,cat_8,cat_17,cat_67"
25,"cat_3,cat_11,cat_148,cat_158,cat_14,cat_152,cat_160,cat_8,cat_150,cat_159"
250,"cat_1968,cat_3,cat_11,cat_19,cat_66,cat_8,cat_17,cat_65"
2500012,"cat_2127,cat_3,cat_14"
2500112,"cat_2127,cat_3,cat_14"
2503312,"cat_3,cat_11,cat_1345,cat_14"
251,"cat_1968,cat_3,cat_11,cat_19,cat_66,cat_8,cat_17,cat_65"
2511612,"cat_2374,cat_3,cat_11,cat_115,cat_1345,cat_14,cat_21,cat_2224,cat_8"
2516712,"cat_2127,cat_3,cat_11,cat_14"
2516912,"cat_2127,cat_3,cat_11,cat_14"
2517012,"cat_2127,cat_3,cat_11,cat_14"
2517812,"cat_2127,cat_3,cat_11,cat_14"
2517912,"cat_2127,cat_3,cat_11,cat_14"
252,"cat_1968,cat_3,cat_11,cat_19,cat_66,cat_8,cat_17,cat_65"
2520312,"cat_1968,cat_2374,cat_3,cat_11,cat_45,cat_1345,cat_1348,cat_14,cat_47,cat_21,cat_40,cat_2224,cat_773,cat_8,cat_38"
2521308,"cat_1968,cat_3,cat_11,cat_14,cat_8"
253,"cat_1968,cat_3,cat_11,cat_19,cat_66,cat_8,cat_17,cat_65"
2530708,"cat_1968,cat_2374,cat_3,cat_40,cat_111,cat_773,cat_775,cat_8,cat_38,cat_112"
254,"cat_1968,cat_3,cat_11,cat_19,cat_66,cat_8,cat_17,cat_65"
2541708,"cat_2374,cat_3,cat_29,cat_30,cat_8,cat_27,cat_28"
2542612,"cat_2127,cat_3,cat_11,cat_14"
2543408,"cat_3,cat_11,cat_14"
255,"cat_1968,cat_3,cat_11,cat_19,cat_66,cat_8,cat_17,cat_65"
2550208,"cat_1968,cat_3,cat_11,cat_285,cat_115,cat_283,cat_279,cat_8,cat_281"
2556908,"cat_3,cat_11,cat_14,cat_8"
256,"cat_1968,cat_3,cat_11,cat_19,cat_66,cat_8,cat_17,cat_65"
256209,"cat_2374,cat_3,cat_40,cat_773,cat_8,cat_38"
2568412,"cat_2127,cat_3,cat_11,cat_14"
2568812,"cat_2127,cat_3,cat_11,cat_14"
2569212,"cat_2127,cat_3,cat_11,cat_14"
2569808,cat_2172
2569812,"cat_2127,cat_3,cat_11,cat_14"
257,"cat_1968,cat_3,cat_11,cat_19,cat_66,cat_8,cat_17,cat_65"
2570112,"cat_2127,cat_3,cat_11,cat_14"
2570312,"cat_2127,cat_3,cat_11,cat_14"
257503,"cat_3,cat_11,cat_19,cat_66,cat_8,cat_17,cat_65"
258,"cat_1968,cat_3,cat_11,cat_19,cat_66,cat_8,cat_17,cat_65"
2581612,"cat_3,cat_11,cat_82,cat_1345,cat_1360,cat_183"
2581712,"cat_3,cat_11,cat_82,cat_1345,cat_1360,cat_183"
2581812,"cat_3,cat_11,cat_82,cat_1345,cat_1360,cat_183"
2581912,"cat_3,cat_11,cat_82,cat_1345,cat_1360,cat_183"
2582012,"cat_3,cat_11,cat_82,cat_1345,cat_1360,cat_183"
2582112,"cat_3,cat_11,cat_82,cat_1345,cat_1360,cat_183"
2582212,"cat_3,cat_11,cat_82,cat_1345,cat_1360,cat_14,cat_183"
2582312,"cat_3,cat_11,cat_82,cat_1345,cat_1360,cat_183"
2582412,"cat_3,cat_11,cat_82,cat_1345,cat_1360,cat_183"
259,"cat_1968,cat_3,cat_11,cat_19,cat_66,cat_8,cat_17,cat_65"
2593712,"cat_2374,cat_3,cat_40,cat_773,cat_8,cat_38"
26,"cat_3,cat_11,cat_148,cat_158,cat_14,cat_152,cat_160,cat_8,cat_150,cat_159"
260,"cat_1968,cat_3,cat_11,cat_19,cat_66,cat_8,cat_17,cat_65"
2602408,"cat_3,cat_11,cat_82,cat_1345,cat_1360,cat_14,cat_183"
2602508,"cat_3,cat_11,cat_82,cat_1345,cat_1360,cat_183"
2608408,"cat_3,cat_115"
261,"cat_1968,cat_3,cat_11,cat_19,cat_66,cat_8,cat_17,cat_65"
2611408,"cat_1968,cat_3,cat_11,cat_115"
2618808,"cat_2127,cat_3,cat_11,cat_14,cat_8"
262,"cat_1968,cat_3,cat_11,cat_19,cat_66,cat_8,cat_17,cat_65"
2626308,"cat_2127,cat_3,cat_14"
263,"cat_1968,cat_3,cat_11,cat_14,cat_8"
264,"cat_1968,cat_3,cat_11,cat_14,cat_8"
265,"cat_1968,cat_3,cat_11,cat_14,cat_8"
2651212,cat_2172
266,"cat_1968,cat_3,cat_11,cat_14,cat_8"
2661508,"cat_3,cat_8,cat_1549,cat_1561"
267,"cat_1968,cat_3,cat_11,cat_14,cat_8"
2670012,cat_2172
2675512,"cat_1968,cat_2374,cat_3,cat_21,cat_40,cat_2224,cat_773,cat_8,cat_38"
2675812,"cat_1968,cat_2374,cat_3,cat_40,cat_98,cat_773,cat_778,cat_8,cat_38,cat_99"
268,"cat_1968,cat_3,cat_11,cat_14,cat_8"
2680612,"cat_2127,cat_3,cat_14"
2681112,"cat_1968,cat_3,cat_11"
2681212,"cat_1968,cat_3,cat_11,cat_14,cat_8"
2683208,"cat_1968,cat_2374,cat_3,cat_11,cat_45,cat_1345,cat_1348,cat_14,cat_47,cat_40,cat_773,cat_8,cat_38"
2685408,"cat_2127,cat_3,cat_14"
2685708,"cat_2127,cat_3,cat_14"
2687812,"cat_2374,cat_3,cat_29,cat_30,cat_8,cat_27,cat_28"
2688908,"cat_1968,cat_2374,cat_3,cat_40,cat_98,cat_773,cat_778,cat_8,cat_38,cat_99"
2689008,"cat_1968,cat_2374,cat_3,cat_40,cat_98,cat_773,cat_778,cat_8,cat_38,cat_99"
269,"cat_1968,cat_3,cat_11,cat_14,cat_8"
2692608,"cat_2127,cat_3,cat_11,cat_14,cat_8"
2694208,"cat_1968,cat_2374,cat_3,cat_21,cat_40,cat_2224,cat_773,cat_8,cat_38"
2694308,"cat_1968,cat_2374,cat_3,cat_21,cat_40,cat_2224,cat_773,cat_8,cat_38"
2696808,"cat_2374,cat_3,cat_29,cat_30,cat_8,cat_27,cat_28"
2697108,"cat_3,cat_8"
2697408,"cat_3,cat_21,cat_2224,cat_8"
2698812,"cat_1968,cat_3,cat_11,cat_1551,cat_1558,cat_1549"
27,"cat_3,cat_11,cat_148,cat_158,cat_14,cat_152,cat_160,cat_8,cat_150,cat_159"
270,"cat_1968,cat_3,cat_11,cat_14,cat_8"
271,"cat_1968,cat_3,cat_11,cat_14,cat_8"
2710312,"cat_2127,cat_3,cat_11,cat_82,cat_185,cat_183,cat_184,cat_27,cat_186"
2712812,"cat_1968,cat_2374,cat_3,cat_21,cat_40,cat_2224,cat_773,cat_8,cat_38"
2716912,"cat_1968,cat_3,cat_115,cat_21,cat_2224"
272,"cat_1968,cat_3,cat_11,cat_14,cat_8"
2724308,"cat_2374,cat_3,cat_115,cat_21,cat_2224"
273,"cat_1968,cat_3,cat_11"
2731612,"cat_1968,cat_3,cat_11,cat_285,cat_422,cat_115,cat_283,cat_421,cat_279,cat_419,cat_281,cat_420"
274,"cat_1968,cat_3,cat_11,cat_14,cat_8"
275,"cat_1968,cat_3,cat_11,cat_14,cat_8"
27503,"cat_1968,cat_2374,cat_3,cat_11,cat_45,cat_80,cat_21,cat_40,cat_78,cat_2224,cat_773,cat_786,cat_8,cat_38,cat_77"
276,"cat_1968,cat_3,cat_11,cat_14,cat_8"
277,"cat_1968,cat_3,cat_11,cat_14,cat_8"
2779212,"cat_2127,cat_3,cat_11,cat_14"
278,"cat_3,cat_11,cat_19,cat_20,cat_8,cat_17,cat_18"
279,"cat_1968,cat_3,cat_11,cat_14,cat_8"
2790612,"cat_1968,cat_3,cat_115,cat_21,cat_2224,cat_8"
28,"cat_3,cat_11,cat_148,cat_158,cat_14,cat_152,cat_160,cat_8,cat_150,cat_159"
280,"cat_1968,cat_2374,cat_3,cat_11,cat_45,cat_46,cat_1345,cat_1348,cat_1349,cat_14,cat_47,cat_48,cat_21,cat_40,cat_41,cat_2224,cat_773,cat_790,cat_8,cat_38,cat_39"
2804810,"cat_2374,cat_3,cat_11,cat_14,cat_8"
2804910,"cat_2374,cat_3,cat_11,cat_14,cat_8"
2805010,"cat_2374,cat_3,cat_11,cat_14,cat_8"
2805210,"cat_2374,cat_3,cat_11,cat_14,cat_8"
2805310,"cat_2374,cat_3,cat_11,cat_14,cat_8"
2805410,"cat_2374,cat_3,cat_11,cat_14,cat_8"
2805510,"cat_2374,cat_3,cat_11,cat_14,cat_8"
281,"cat_3,cat_11,cat_19,cat_20,cat_8,cat_17,cat_18"
28109,"cat_2374,cat_3,cat_40,cat_773,cat_8,cat_38"
282,"cat_1968,cat_2374,cat_3,cat_11,cat_45,cat_46,cat_1345,cat_1348,cat_1349,cat_14,cat_47,cat_48,cat_21,cat_40,cat_41,cat_2224,cat_773,cat_790,cat_8,cat_38,cat_39"
283,"cat_1968,cat_2374,cat_3,cat_11,cat_45,cat_46,cat_1345,cat_1348,cat_1349,cat_14,cat_47,cat_48,cat_40,cat_41,cat_773,cat_790,cat_8,cat_38,cat_39"
284,"cat_1968,cat_2374,cat_3,cat_11,cat_45,cat_46,cat_1345,cat_1348,cat_1349,cat_14,cat_47,cat_48,cat_40,cat_41,cat_773,cat_790,cat_8,cat_38,cat_39"
28409,"cat_2374,cat_3,cat_40,cat_98,cat_773,cat_778,cat_8,cat_38,cat_99"
2845112,"cat_1968,cat_2374,cat_3,cat_11,cat_45,cat_1345,cat_1348,cat_14,cat_47,cat_21,cat_40,cat_2224,cat_773,cat_8,cat_38"
285,"cat_1968,cat_2374,cat_3,cat_11,cat_45,cat_46,cat_1345,cat_1348,cat_1349,cat_14,cat_47,cat_48,cat_40,cat_41,cat_773,cat_790,cat_8,cat_38,cat_39"
286,"cat_3,cat_11,cat_19,cat_20,cat_8,cat_17,cat_18"
287,cat_2172
288,"cat_1968,cat_3,cat_11,cat_19,cat_20,cat_8,cat_17,cat_18"
289,"cat_1968,cat_3,cat_11,cat_19,cat_20,cat_8,cat_17,cat_18"
29,"cat_3,cat_11,cat_148,cat_158,cat_14,cat_152,cat_160,cat_8,cat_150,cat_159"
290,"cat_1968,cat_3,cat_11,cat_19,cat_20,cat_8,cat_17,cat_18"
291,"cat_1968,cat_3,cat_11,cat_19,cat_20,cat_8,cat_17,cat_18"
292,"cat_1968,cat_3,cat_11,cat_19,cat_20,cat_8,cat_17,cat_18"
293,"cat_3,cat_11,cat_19,cat_20,cat_8,cat_17,cat_18"
294,"cat_1968,cat_3,cat_11,cat_19,cat_20,cat_8,cat_17,cat_18"
295,"cat_1968,cat_3,cat_11,cat_19,cat_20,cat_8,cat_17,cat_18"
296,"cat_1968,cat_3,cat_11,cat_19,cat_20,cat_8,cat_17,cat_18"
297,"cat_1968,cat_3,cat_11,cat_19,cat_20,cat_8,cat_17,cat_18"
298,"cat_1968,cat_3,cat_11,cat_19,cat_20,cat_8,cat_17,cat_18"
299,"cat_1968,cat_3,cat_11,cat_19,cat_20,cat_8,cat_17,cat_18"
3,cat_2172
30,"cat_3,cat_11,cat_148,cat_158,cat_14,cat_152,cat_160,cat_8,cat_150,cat_159"
300,"cat_1968,cat_3,cat_11,cat_19,cat_20,cat_8,cat_17,cat_18"
301,"cat_1968,cat_3,cat_11,cat_19,cat_20,cat_8,cat_17,cat_18"
302,"cat_1968,cat_3,cat_11,cat_19,cat_20,cat_8,cat_17,cat_18"
303,"cat_1968,cat_3,cat_11,cat_19,cat_20,cat_8,cat_17,cat_18"
304,"cat_1968,cat_3,cat_11,cat_19,cat_20,cat_8,cat_17,cat_18"
305,"cat_1968,cat_3,cat_11,cat_19,cat_20,cat_8,cat_17,cat_18"
306,"cat_1968,cat_3,cat_11,cat_19,cat_20,cat_8,cat_17,cat_18"
307,"cat_1968,cat_3,cat_11,cat_19,cat_20,cat_8,cat_17,cat_18"
308,"cat_3,cat_11,cat_1551,cat_14,cat_1553,cat_8,cat_1549"
309,"cat_1968,cat_3,cat_11,cat_19,cat_20,cat_8,cat_17,cat_18"
30909,"cat_2374,cat_3,cat_40,cat_773,cat_38"
31,"cat_3,cat_11,cat_148,cat_158,cat_14,cat_152,cat_160,cat_8,cat_150,cat_159"
310,"cat_1968,cat_3,cat_11,cat_19,cat_20,cat_8,cat_17,cat_18"
311,"cat_1968,cat_3,cat_11,cat_1551,cat_8,cat_1549"
312,"cat_1968,cat_3,cat_11,cat_1551,cat_8,cat_1549"
313,"cat_1968,cat_3,cat_11,cat_1551,cat_8,cat_1549"
313309,"cat_2374,cat_3,cat_21,cat_259,cat_2224,cat_8,cat_256"
314,"cat_1968,cat_3,cat_11,cat_1551,cat_8,cat_1549"
315,"cat_1968,cat_3,cat_11,cat_1551,cat_8,cat_1549"
316,"cat_1968,cat_3,cat_11,cat_1551,cat_8,cat_1549"
317,"cat_3,cat_11,cat_1551,cat_14,cat_1553,cat_8,cat_1549"
317609,"cat_2374,cat_3,cat_40,cat_773,cat_8,cat_38"
318,"cat_1968,cat_3,cat_11,cat_1551,cat_8,cat_1549"
318309,"cat_2374,cat_3,cat_40,cat_773,cat_8,cat_38"
319,"cat_1968,cat_3,cat_11,cat_1551,cat_8,cat_1549"
32,"cat_3,cat_11,cat_148,cat_158,cat_14,cat_152,cat_160,cat_8,cat_150,cat_159"
320,"cat_1968,cat_3,cat_11,cat_1551,cat_8,cat_1549"
321,"cat_1968,cat_3,cat_11,cat_1551,cat_8,cat_1549"
322,"cat_1968,cat_3,cat_11,cat_1551,cat_8,cat_1549"
323,"cat_1968,cat_3,cat_11,cat_1551,cat_8,cat_1549"
324,"cat_1968,cat_3,cat_11,cat_1551,cat_8,cat_1549"
325,"cat_3,cat_11,cat_1551,cat_14,cat_1553,cat_8,cat_1549"
326,"cat_1968,cat_3,cat_11,cat_1551,cat_8,cat_1549"
327,"cat_1968,cat_3,cat_11,cat_1551,cat_8,cat_1549"
328,"cat_1968,cat_3,cat_11,cat_1551,cat_8,cat_1549"
329,"cat_1968,cat_3,cat_11,cat_1551,cat_8,cat_1549"
329409,"cat_1968,cat_2374,cat_3,cat_11,cat_45,cat_1345,cat_1348,cat_14,cat_47,cat_21,cat_40,cat_2224,cat_773,cat_8,cat_38"
33,"cat_3,cat_11,cat_148,cat_158,cat_14,cat_152,cat_160,cat_8,cat_150,cat_159"
330,"cat_3,cat_11,cat_115,cat_14"
3303,"cat_3,cat_11,cat_19,cat_20,cat_8,cat_17,cat_18"
331,"cat_1968,cat_3,cat_11,cat_1551,cat_8,cat_1549"
332,"cat_1968,cat_3,cat_11,cat_1551,cat_8,cat_1549"
332603,"cat_1968,cat_2374,cat_3,cat_11,cat_45,cat_80,cat_40,cat_78,cat_773,cat_786,cat_38,cat_77"
333,"cat_3,cat_11,cat_14"
333109,"cat_3,cat_11,cat_8"
334,"cat_1968,cat_3,cat_11,cat_1551,cat_8,cat_1549"
335,"cat_3,cat_11,cat_1551,cat_14,cat_1553,cat_8,cat_1549"
336,"cat_3,cat_11,cat_14"
337,"cat_1968,cat_3,cat_11,cat_1551,cat_8,cat_1549"
337703,"cat_1968,cat_3,cat_11,cat_1551,cat_21,cat_1558,cat_2224,cat_8,cat_1549"
337803,"cat_1968,cat_3,cat_11,cat_1551,cat_21,cat_1558,cat_2224,cat_8,cat_1549"
338,"cat_3,cat_11"
339,"cat_1968,cat_3,cat_11,cat_1551,cat_8,cat_1549"
339403,"cat_1968,cat_3,cat_11,cat_1551,cat_115,cat_21,cat_1558,cat_2224,cat_8,cat_1549"
34,"cat_3,cat_11,cat_148,cat_158,cat_14,cat_152,cat_160,cat_8,cat_150,cat_159"
340,"cat_3,cat_11,cat_115,cat_14,cat_8"
340309,"cat_1968,cat_3,cat_31,cat_32"
340503,"cat_1968,cat_2374,cat_3,cat_40,cat_773,cat_38"
341,"cat_1968,cat_3,cat_11,cat_1551,cat_8,cat_1549"
342,"cat_1968,cat_3,cat_11,cat_1551,cat_8,cat_1549"
343,"cat_3,cat_11,cat_115"
344,"cat_3,cat_11,cat_14"
345,"cat_2374,cat_3,cat_8"
346,"cat_2374,cat_3,cat_8"
347,"cat_1968,cat_3,cat_11,cat_1551,cat_8,cat_1549"
348,"cat_2127,cat_2374,cat_3,cat_8"
349,"cat_2374,cat_3,cat_8"
35,"cat_3,cat_11,cat_148,cat_158,cat_14,cat_152,cat_160,cat_8,cat_150,cat_159"
350,"cat_2374,cat_3,cat_8"
351,"cat_2374,cat_3,cat_8"
352,"cat_1968,cat_3,cat_11,cat_1551,cat_8,cat_1549"
353,"cat_3,cat_8"
354,"cat_3,cat_8"
355,"cat_3,cat_8"
356,"cat_3,cat_8"
357,"cat_3,cat_8"
358,"cat_3,cat_8,cat_223"
358009,"cat_2374,cat_3,cat_115,cat_40,cat_773,cat_8,cat_38"
359,"cat_3,cat_8,cat_223"
36,"cat_3,cat_11,cat_148,cat_158,cat_14,cat_152,cat_160,cat_8,cat_150,cat_159"
360,"cat_3,cat_8,cat_223"
361,"cat_3,cat_8,cat_223"
362,"cat_3,cat_8,cat_223"
363,"cat_3,cat_8,cat_223"
364,"cat_3,cat_8,cat_223"
365,"cat_3,cat_8,cat_223"
366,"cat_2374,cat_3,cat_11,cat_115,cat_21,cat_2224,cat_8"
367,"cat_3,cat_11,cat_45,cat_80,cat_40,cat_78,cat_773,cat_786,cat_8,cat_38,cat_77"
368,"cat_3,cat_11,cat_45,cat_80,cat_40,cat_78,cat_773,cat_786,cat_8,cat_38,cat_77"
369,"cat_3,cat_11,cat_45,cat_80,cat_40,cat_78,cat_773,cat_786,cat_8,cat_38,cat_77"
37,"cat_3,cat_11,cat_148,cat_158,cat_14,cat_152,cat_160,cat_8,cat_150,cat_159"
370,"cat_1968,cat_3,cat_11,cat_1551,cat_8,cat_1549"
371,"cat_3,cat_11,cat_45,cat_80,cat_40,cat_78,cat_773,cat_786,cat_8,cat_38,cat_77"
372,"cat_3,cat_11,cat_1551,cat_1558,cat_8,cat_1549"
373,"cat_3,cat_11,cat_1551,cat_1558,cat_8,cat_1549"
374,"cat_3,cat_11,cat_1551,cat_1558,cat_8,cat_1549"
375,"cat_3,cat_11,cat_1551,cat_1558,cat_8,cat_1549"
376,"cat_3,cat_11,cat_1551,cat_1558,cat_8,cat_1549"
377,"cat_3,cat_11,cat_1551,cat_1558,cat_8,cat_1549"
378,"cat_3,cat_11,cat_1551,cat_1558,cat_8,cat_1549"
379,"cat_1968,cat_3,cat_11,cat_1551,cat_8,cat_1549"
38,"cat_3,cat_11,cat_148,cat_158,cat_14,cat_152,cat_160,cat_8,cat_150,cat_159"
380,"cat_3,cat_11,cat_1551,cat_1558,cat_8,cat_1549"
381,"cat_3,cat_11,cat_1551,cat_1558,cat_8,cat_1549"
38109,"cat_2374,cat_3,cat_40,cat_773,cat_8,cat_38"
382,"cat_3,cat_11,cat_1551,cat_1558,cat_8,cat_1549"
383,"cat_3,cat_11,cat_1551,cat_1558,cat_8,cat_1549"
384,"cat_3,cat_11,cat_1551,cat_1558,cat_8,cat_1549"
385,"cat_3,cat_11,cat_1551,cat_1558,cat_8,cat_1549"
386,"cat_3,cat_11,cat_1551,cat_1558,cat_8,cat_1549"
387,"cat_3,cat_11,cat_1551,cat_1558,cat_8,cat_1549"
38709,"cat_2374,cat_3,cat_40,cat_773,cat_8,cat_38"
388,"cat_3,cat_11,cat_1551,cat_1558,cat_8,cat_1549"
389,"cat_3,cat_11,cat_1551,cat_1558,cat_8,cat_1549"
39,"cat_3,cat_11,cat_148,cat_158,cat_14,cat_152,cat_160,cat_8,cat_150,cat_159"
390,"cat_3,cat_11,cat_1551,cat_1558,cat_8,cat_1549"
390009,"cat_2374,cat_3,cat_21,cat_2224,cat_8"
391,"cat_3,cat_11,cat_1551,cat_1558,cat_8,cat_1549"
392,"cat_3,cat_11,cat_1551,cat_1558,cat_8,cat_1549"
393,"cat_3,cat_11,cat_1551,cat_8,cat_1549"
394,"cat_3,cat_11,cat_1551,cat_8,cat_1549"
394809,"cat_3,cat_252,cat_8,cat_254"
395,"cat_3,cat_11,cat_1551,cat_8,cat_1549"
395209,"cat_2374,cat_3,cat_21,cat_8"
396,"cat_3,cat_11,cat_1551,cat_8,cat_1549"
397,"cat_3,cat_11,cat_1551,cat_8,cat_1549"
398,"cat_3,cat_11,cat_1551,cat_8,cat_1549"
399,"cat_3,cat_11,cat_1551,cat_8,cat_1549"
4,cat_2172
40,"cat_3,cat_11,cat_148,cat_158,cat_14,cat_152,cat_160,cat_8,cat_150,cat_159"
400,"cat_3,cat_11,cat_1551,cat_8,cat_1549"
401,"cat_3,cat_11,cat_19,cat_66,cat_8,cat_17,cat_65"
402,"cat_3,cat_11,cat_19,cat_66,cat_8,cat_17,cat_65"
403,"cat_3,cat_11,cat_19,cat_66,cat_8,cat_17,cat_65"
404,"cat_3,cat_11,cat_19,cat_66,cat_8,cat_17,cat_65"
405,"cat_3,cat_11,cat_19,cat_66,cat_8,cat_17,cat_65"
406,"cat_3,cat_11,cat_19,cat_66,cat_8,cat_17,cat_65"
407,"cat_3,cat_11,cat_19,cat_66,cat_8,cat_17,cat_65"
408,"cat_3,cat_11,cat_19,cat_66,cat_8,cat_17,cat_65"
409,"cat_3,cat_11,cat_19,cat_66,cat_8,cat_17,cat_65"
41,"cat_3,cat_11,cat_148,cat_158,cat_14,cat_152,cat_160,cat_8,cat_150,cat_159"
410,"cat_3,cat_11,cat_19,cat_66,cat_8,cat_17,cat_65"
411,"cat_3,cat_11,cat_19,cat_66,cat_8,cat_17,cat_65"
412,"cat_3,cat_11,cat_19,cat_66,cat_8,cat_17,cat_65"
413,"cat_2374,cat_3,cat_11"
416,"cat_3,cat_11,cat_115,cat_14,cat_8"
417,cat_2172
418,cat_2172
419,"cat_2374,cat_3,cat_11,cat_45,cat_1345,cat_1348,cat_14,cat_47,cat_21,cat_40,cat_2224,cat_773,cat_8,cat_38"
42,"cat_3,cat_11,cat_148,cat_158,cat_14,cat_152,cat_160,cat_8,cat_150,cat_159"
420,cat_2172
420511,cat_3
420609,cat_3
421,"cat_2374,cat_3,cat_11,cat_45,cat_1345,cat_1348,cat_14,cat_47,cat_21,cat_40,cat_2224,cat_773,cat_8,cat_38"
422,"cat_3,cat_11"
423,"cat_3,cat_11"
424,"cat_3,cat_11"
425,"cat_3,cat_11"
426,"cat_3,cat_11"
427,"cat_3,cat_11"
427109,"cat_2374,cat_3,cat_40,cat_773,cat_8,cat_38"
428,"cat_3,cat_11"
429,"cat_3,cat_11"
43,"cat_3,cat_11,cat_148,cat_158,cat_14,cat_152,cat_160,cat_8,cat_150,cat_159"
430,"cat_3,cat_11"
431,cat_2172
432,cat_2172
433,cat_2172
434,cat_2172
435,cat_2172
436,"cat_2374,cat_3,cat_115,cat_40,cat_773,cat_38"
437,"cat_2374,cat_3,cat_115,cat_40,cat_773,cat_38"
437703,"cat_3,cat_21,cat_252,cat_2224,cat_8,cat_254"
438,"cat_2374,cat_3,cat_115,cat_40,cat_773,cat_38"
439,"cat_2374,cat_3,cat_115,cat_40,cat_773,cat_38"
44,"cat_3,cat_11,cat_148,cat_158,cat_14,cat_152,cat_160,cat_8,cat_150,cat_159"
440,"cat_2374,cat_3,cat_115,cat_40,cat_773,cat_38"
441,cat_2172
444,"cat_3,cat_11"
445,"cat_3,cat_11"
446,"cat_3,cat_11"
447,"cat_3,cat_11"
448,"cat_3,cat_11"
449,"cat_3,cat_11"
45,"cat_3,cat_11,cat_148,cat_158,cat_14,cat_152,cat_160,cat_8,cat_150,cat_159"
450,"cat_3,cat_11"
451,"cat_3,cat_11"
452,"cat_3,cat_11"
453,"cat_3,cat_11"
454,"cat_3,cat_11"
455,"cat_3,cat_11"
456,"cat_3,cat_11"
457,"cat_3,cat_11"
457203,"cat_2127,cat_3,cat_14"
458,"cat_3,cat_11"
459,"cat_3,cat_11"
46,"cat_3,cat_11,cat_148,cat_158,cat_14,cat_152,cat_160,cat_8,cat_150,cat_159"
460,"cat_2374,cat_3,cat_115,cat_40,cat_773,cat_8,cat_38"
461,cat_2172
461504,"cat_1968,cat_2374,cat_3,cat_40,cat_111,cat_773,cat_775,cat_38,cat_112"
461704,"cat_1968,cat_2374,cat_3,cat_40,cat_111,cat_773,cat_775,cat_38,cat_112"
461804,"cat_1968,cat_2374,cat_3,cat_21,cat_40,cat_111,cat_2224,cat_773,cat_775,cat_8,cat_38,cat_112"
462,"cat_2374,cat_3,cat_40,cat_773,cat_8,cat_38"
463,"cat_3,cat_11,cat_19,cat_20,cat_8,cat_17,cat_18"
464,"cat_3,cat_11,cat_19,cat_20,cat_8,cat_17,cat_18"
465,"cat_3,cat_11,cat_19,cat_20,cat_8,cat_17,cat_18"
466,"cat_3,cat_11,cat_19,cat_20,cat_8,cat_17,cat_18"
467,"cat_3,cat_11,cat_19,cat_20,cat_8,cat_17,cat_18"
468,"cat_3,cat_11,cat_19,cat_20,cat_8,cat_17,cat_18"
469,"cat_3,cat_11,cat_19,cat_20,cat_8,cat_17,cat_18"
47,"cat_3,cat_11,cat_148,cat_158,cat_14,cat_152,cat_160,cat_8,cat_150,cat_159"
470,"cat_3,cat_11,cat_19,cat_20,cat_8,cat_17,cat_18"
471,cat_2172
471209,"cat_2127,cat_3,cat_14"
472,"cat_3,cat_11"
475709,"cat_2374,cat_3,cat_40,cat_773,cat_8,cat_38"
479,cat_2172
48,"cat_3,cat_11,cat_82,cat_8,cat_27"
480,"cat_3,cat_11"
480203,"cat_2374,cat_3,cat_40,cat_773,cat_38"
481,"cat_3,cat_11,cat_14,cat_8"
482,"cat_2374,cat_3,cat_40,cat_98,cat_773,cat_778,cat_8,cat_38,cat_99"
483,"cat_2374,cat_3,cat_40,cat_98,cat_773,cat_778,cat_8,cat_38,cat_99"
484,"cat_2374,cat_3,cat_40,cat_98,cat_773,cat_778,cat_8,cat_38,cat_99"
485,"cat_2374,cat_3,cat_40,cat_98,cat_773,cat_778,cat_8,cat_38,cat_99"
486,"cat_2374,cat_3,cat_40,cat_98,cat_773,cat_778,cat_8,cat_38,cat_99"
487,"cat_2374,cat_3,cat_40,cat_98,cat_773,cat_778,cat_8,cat_38,cat_99"
488,"cat_2374,cat_3,cat_40,cat_98,cat_773,cat_778,cat_8,cat_38,cat_99"
489,"cat_2374,cat_3,cat_40,cat_98,cat_773,cat_778,cat_8,cat_38,cat_99"
49,"cat_3,cat_11,cat_82,cat_8,cat_27"
490,"cat_2374,cat_3,cat_40,cat_98,cat_773,cat_778,cat_8,cat_38,cat_99"
491,"cat_2374,cat_3,cat_40,cat_98,cat_773,cat_778,cat_8,cat_38,cat_99"
492,"cat_2374,cat_3,cat_40,cat_98,cat_773,cat_778,cat_8,cat_38,cat_99"
493,"cat_3,cat_21,cat_40,cat_111,cat_2224,cat_773,cat_775,cat_8,cat_38,cat_112"
494,"cat_2374,cat_3,cat_115,cat_21,cat_40,cat_2224,cat_773,cat_8,cat_38"
495,"cat_2121,cat_3,cat_115,cat_21,cat_40,cat_2224,cat_773,cat_8,cat_38"
496,cat_2172
497,cat_2172
497403,cat_3
498,cat_2172
499,cat_2172
5,cat_2172
50,"cat_3,cat_11,cat_82,cat_8,cat_27"
500,cat_2172
501,cat_2172
502,"cat_3,cat_8,cat_1549,cat_1561"
503,"cat_3,cat_8,cat_1549,cat_1561"
506,"cat_3,cat_8,cat_1549,cat_1561"
507,"cat_3,cat_8,cat_1549,cat_1561"
508,"cat_3,cat_8,cat_1549,cat_1561"
51,"cat_3,cat_11,cat_82,cat_8,cat_27"
510,"cat_3,cat_8,cat_1549,cat_1561"
511,"cat_3,cat_8,cat_1549,cat_1561"
512,"cat_3,cat_8,cat_1549,cat_1561"
513,"cat_3,cat_8,cat_1549,cat_1561"
514,"cat_3,cat_8,cat_1549,cat_1561"
515,"cat_3,cat_8,cat_31,cat_32"
516,"cat_3,cat_8,cat_31,cat_32"
517,"cat_3,cat_8,cat_31,cat_32"
518,"cat_3,cat_8,cat_31,cat_32"
519,"cat_3,cat_8,cat_31,cat_32"
52,"cat_3,cat_11,cat_82,cat_8,cat_27"
520,"cat_3,cat_8,cat_31,cat_32"
521,"cat_3,cat_8,cat_31,cat_32"
522,"cat_3,cat_8,cat_31,cat_32"
523,"cat_3,cat_8,cat_31,cat_32"
524,"cat_3,cat_8,cat_31,cat_32"
525,"cat_3,cat_8,cat_31,cat_32"
526,"cat_3,cat_8,cat_31,cat_32"
527,cat_2172
529,cat_2172
53,"cat_3,cat_11,cat_82,cat_8,cat_27"
530,cat_2172
531,cat_2172
532,cat_2172
534,cat_2172
534109,"cat_2374,cat_3,cat_259,cat_8,cat_256"
535,cat_2172
536,cat_2172
537,cat_2172
538,cat_2172
539,cat_2172
54,"cat_3,cat_11,cat_82,cat_8,cat_27"
540,cat_2172
541,cat_2172
542,cat_2172
543,cat_2172
544,cat_2172
545,cat_2172
545009,"cat_2374,cat_3,cat_21,cat_29,cat_30,cat_2224,cat_8,cat_27,cat_28"
546,cat_2172
547,cat_2172
548,cat_2172
549,cat_2172
55,"cat_3,cat_11,cat_82,cat_8,cat_27"
550,cat_2172
551,cat_2172
552,"cat_2374,cat_3,cat_21,cat_40,cat_98,cat_2224,cat_773,cat_778,cat_8,cat_38,cat_99"
553,"cat_2374,cat_3,cat_21,cat_40,cat_98,cat_2224,cat_773,cat_778,cat_8,cat_38,cat_99"
554,"cat_3,cat_11,cat_14,cat_8"
555,"cat_2374,cat_3,cat_21,cat_40,cat_98,cat_2224,cat_773,cat_778,cat_8,cat_38,cat_99"
556,"cat_3,cat_11,cat_8"
557,"cat_2374,cat_3,cat_21,cat_40,cat_111,cat_2224,cat_773,cat_775,cat_8,cat_38,cat_112"
558,"cat_2374,cat_3,cat_21,cat_40,cat_111,cat_2224,cat_773,cat_775,cat_8,cat_38,cat_112"
559,"cat_2374,cat_3,cat_21,cat_40,cat_111,cat_2224,cat_773,cat_775,cat_8,cat_38,cat_112"
56,"cat_3,cat_11,cat_82,cat_8,cat_27"
560,"cat_2374,cat_3,cat_21,cat_40,cat_2224,cat_773,cat_8,cat_38"
562,"cat_2374,cat_3,cat_21,cat_40,cat_2224,cat_773,cat_8,cat_38"
563,"cat_2374,cat_3,cat_21,cat_40,cat_2224,cat_773,cat_8,cat_38"
564,"cat_3,cat_11,cat_14,cat_8"
565,"cat_3,cat_11,cat_14,cat_8"
566,"cat_2374,cat_3,cat_21,cat_40,cat_2224,cat_773,cat_8,cat_38"
567,"cat_2374,cat_3,cat_115,cat_21,cat_40,cat_2224,cat_773,cat_8,cat_38"
568,"cat_2374,cat_3,cat_115,cat_40,cat_773,cat_8,cat_38"
57,"cat_3,cat_11,cat_82,cat_8,cat_27"
570,"cat_3,cat_11,cat_45,cat_115,cat_14,cat_47,cat_21,cat_40,cat_2224,cat_773"
571,"cat_3,cat_11,cat_45,cat_115,cat_14,cat_47,cat_21,cat_40,cat_2224,cat_773"
572,"cat_3,cat_21,cat_2224"
573,"cat_3,cat_115,cat_21,cat_2224"
574,"cat_3,cat_115,cat_21,cat_2224"
575,"cat_3,cat_115,cat_21,cat_2224"
576,"cat_3,cat_115,cat_21,cat_2224"
577,"cat_3,cat_115,cat_21,cat_2224"
58,"cat_3,cat_11,cat_82,cat_8,cat_27"
582,"cat_3,cat_11,cat_8"
583,"cat_3,cat_11,cat_8"
584,"cat_3,cat_11,cat_8"
584803,"cat_2127,cat_3,cat_14"
585,"cat_3,cat_11,cat_8"
585203,"cat_2127,cat_3,cat_14"
585803,"cat_2127,cat_3,cat_14"
586,"cat_3,cat_21,cat_252,cat_2224,cat_8,cat_254"
587,"cat_3,cat_21,cat_252,cat_2224,cat_8,cat_254"
588,"cat_1968,cat_3,cat_11,cat_285,cat_115,cat_283,cat_21,cat_279,cat_2224,cat_8,cat_281"
589,"cat_1968,cat_3,cat_11,cat_285,cat_115,cat_283,cat_279,cat_8,cat_281"
59,"cat_3,cat_11,cat_82,cat_8,cat_27"
590,"cat_1968,cat_3,cat_11,cat_285,cat_115,cat_283,cat_279,cat_8,cat_281"
591,"cat_1968,cat_3,cat_11,cat_285,cat_115,cat_283,cat_279,cat_8,cat_281"
592,"cat_1968,cat_3,cat_11,cat_285,cat_115,cat_283,cat_21,cat_279,cat_2224,cat_8,cat_281"
593,"cat_1968,cat_3,cat_11,cat_1551,cat_8,cat_1549"
593403,"cat_2127,cat_3,cat_14"
594,"cat_1968,cat_3,cat_11,cat_1551,cat_8,cat_1549"
595,"cat_1968,cat_3,cat_11,cat_19,cat_68,cat_8,cat_17,cat_67"
596,"cat_1968,cat_3,cat_11,cat_19,cat_68,cat_8,cat_17,cat_67"
597,"cat_1968,cat_3,cat_11,cat_45,cat_80,cat_40,cat_78,cat_773,cat_786,cat_8,cat_38,cat_77"
598,"cat_1968,cat_3,cat_11,cat_45,cat_80,cat_40,cat_78,cat_773,cat_786,cat_8,cat_38,cat_77"
599,"cat_1968,cat_3,cat_11,cat_19,cat_93,cat_8,cat_17,cat_92"
599603,"cat_2127,cat_3,cat_11,cat_14"
599703,"cat_2127,cat_3,cat_11,cat_14"
6,"cat_3,cat_11,cat_14,cat_8"
60,"cat_3,cat_11,cat_82,cat_8,cat_27"
600,"cat_1968,cat_3,cat_11,cat_19,cat_93,cat_8,cat_17,cat_92"
601,"cat_1968,cat_2374,cat_3,cat_40,cat_773,cat_8,cat_38"
601603,"cat_2127,cat_3,cat_11,cat_14"
601803,"cat_2127,cat_3,cat_11"
602,"cat_1968,cat_2374,cat_3,cat_40,cat_773,cat_8,cat_38"
603,"cat_2127,cat_3,cat_11,cat_82,cat_185,cat_14,cat_183,cat_184,cat_8,cat_27,cat_186"
604,"cat_2127,cat_3,cat_11,cat_82,cat_185,cat_14,cat_183,cat_184,cat_8,cat_27,cat_186"
605,"cat_3,cat_11,cat_82,cat_185,cat_14,cat_183,cat_184,cat_8,cat_27,cat_186"
606,"cat_2127,cat_2121,cat_3,cat_11,cat_82,cat_185,cat_14,cat_183,cat_184,cat_8,cat_27,cat_186"
607,"cat_3,cat_11,cat_148,cat_158,cat_14,cat_152,cat_160,cat_8,cat_150,cat_159"
608,"cat_3,cat_11,cat_115,cat_14"
608409,"cat_2374,cat_3,cat_40,cat_773,cat_8,cat_38"
609,"cat_3,cat_11,cat_115,cat_14"
61,"cat_3,cat_11,cat_82,cat_8,cat_27"
610,"cat_3,cat_11,cat_14"
611,"cat_3,cat_11"
612,"cat_3,cat_11,cat_14"
612904,"cat_2374,cat_3,cat_11,cat_14,cat_8"
613,"cat_3,cat_14"
614,"cat_3,cat_14"
615,"cat_3,cat_14"
616,"cat_3,cat_14"
617,"cat_3,cat_11"
617109,"cat_2374,cat_3,cat_40,cat_98,cat_773,cat_778,cat_8,cat_38,cat_99"
618,"cat_3,cat_11,cat_14,cat_8"
619,"cat_3,cat_11"
62,"cat_3,cat_11,cat_82,cat_8,cat_27"
620,"cat_3,cat_11"
621,"cat_3,cat_11"
622,"cat_3,cat_11"
623,"cat_3,cat_11"
624,"cat_3,cat_11"
625,"cat_3,cat_11"
626,"cat_2374,cat_3,cat_21,cat_40,cat_98,cat_2224,cat_773,cat_778,cat_8,cat_38,cat_99"
627,"cat_2374,cat_3,cat_115,cat_40,cat_773,cat_38"
627004,"cat_2374,cat_3,cat_40,cat_773,cat_8,cat_38"
628,"cat_2374,cat_3,cat_115,cat_40,cat_773,cat_8,cat_38"
629,"cat_2374,cat_3,cat_115,cat_40,cat_773,cat_38"
629304,"cat_2374,cat_3,cat_40,cat_773,cat_8,cat_38"
63,"cat_3,cat_11,cat_82,cat_8,cat_27"
630,"cat_2374,cat_3,cat_115,cat_40,cat_773,cat_38"
631,"cat_2374,cat_3,cat_115,cat_40,cat_773,cat_8,cat_38"
631204,"cat_2374,cat_3,cat_40,cat_98,cat_773,cat_778,cat_8,cat_38,cat_99"
632,"cat_2374,cat_3,cat_115,cat_40,cat_773,cat_8,cat_38"
633,"cat_2374,cat_3,cat_115,cat_40,cat_773,cat_8,cat_38"
634,"cat_2374,cat_3,cat_115,cat_40,cat_773,cat_8,cat_38"
636,"cat_3,cat_11,cat_45,cat_115,cat_47,cat_40,cat_773"
637,"cat_3,cat_11,cat_45,cat_115,cat_47,cat_40,cat_773"
638,"cat_3,cat_11,cat_45,cat_115,cat_47,cat_40,cat_773"
639,"cat_3,cat_11,cat_45,cat_115,cat_47,cat_40,cat_773"
64,"cat_3,cat_11,cat_82,cat_8,cat_27"
640,"cat_3,cat_11,cat_45,cat_115,cat_47,cat_40,cat_773"
641,"cat_3,cat_11,cat_45,cat_115,cat_47,cat_40,cat_773"
642,"cat_3,cat_11,cat_45,cat_115,cat_47,cat_40,cat_773"
643,"cat_3,cat_11,cat_45,cat_115,cat_47,cat_40,cat_773"
644,"cat_3,cat_11,cat_45,cat_115,cat_47,cat_40,cat_773"
645,"cat_3,cat_11,cat_45,cat_115,cat_47,cat_40,cat_773"
645703,"cat_2127,cat_3,cat_11,cat_115,cat_14"
645803,"cat_2127,cat_3,cat_11,cat_115,cat_14"
646,"cat_3,cat_11,cat_45,cat_115,cat_47,cat_40,cat_773"
647,"cat_3,cat_11,cat_45,cat_115,cat_47,cat_40,cat_773"
648,"cat_3,cat_11,cat_45,cat_115,cat_47,cat_40,cat_773"
649,"cat_3,cat_11,cat_45,cat_115,cat_47,cat_40,cat_773"
65,"cat_3,cat_11,cat_82,cat_8,cat_27"
650,"cat_3,cat_11,cat_45,cat_115,cat_47,cat_40,cat_773"
651,"cat_3,cat_11,cat_45,cat_115,cat_47,cat_40,cat_773"
652,"cat_3,cat_11,cat_45,cat_115,cat_47,cat_40,cat_773"
653,"cat_3,cat_11,cat_45,cat_115,cat_47,cat_40,cat_773"
654,"cat_3,cat_11,cat_45,cat_115,cat_47,cat_40,cat_773"
655,"cat_3,cat_11,cat_45,cat_115,cat_47,cat_40,cat_773"
655203,"cat_2127,cat_3,cat_11,cat_14"
655604,"cat_2374,cat_3,cat_40,cat_773,cat_8,cat_38"
656,"cat_3,cat_11,cat_45,cat_115,cat_47,cat_40,cat_773"
656203,"cat_2127,cat_3,cat_11,cat_14"
657,"cat_3,cat_11,cat_45,cat_115,cat_47,cat_40,cat_773"
658,"cat_3,cat_11,cat_45,cat_115,cat_47,cat_40,cat_773"
659,"cat_3,cat_11,cat_45,cat_115,cat_47,cat_40,cat_773"
66,"cat_3,cat_11,cat_82,cat_8,cat_27"
660,"cat_3,cat_11,cat_45,cat_115,cat_47,cat_40,cat_773"
661,"cat_3,cat_11,cat_45,cat_115,cat_47,cat_40,cat_773"
662,"cat_3,cat_11,cat_45,cat_115,cat_47,cat_40,cat_773"
663,"cat_3,cat_11,cat_45,cat_115,cat_47,cat_40,cat_773"
664,"cat_3,cat_11,cat_45,cat_115,cat_47,cat_40,cat_773"
665,"cat_3,cat_11,cat_45,cat_115,cat_47,cat_40,cat_773"
666,"cat_3,cat_11,cat_45,cat_115,cat_47,cat_40,cat_773"
667,"cat_3,cat_11,cat_45,cat_115,cat_47,cat_40,cat_773"
668,"cat_3,cat_11,cat_45,cat_115,cat_47,cat_40,cat_773"
669,"cat_3,cat_11,cat_45,cat_115,cat_47,cat_40,cat_773"
67,"cat_3,cat_11,cat_82,cat_8,cat_27"
670,"cat_3,cat_11,cat_45,cat_115,cat_47,cat_40,cat_773"
671,"cat_3,cat_11,cat_45,cat_115,cat_47,cat_40,cat_773"
672,"cat_3,cat_11,cat_45,cat_115,cat_47,cat_40,cat_773"
673,"cat_3,cat_11,cat_45,cat_115,cat_47,cat_40,cat_773"
673303,"cat_1968,cat_3,cat_11,cat_1551,cat_21,cat_1558,cat_2224,cat_8,cat_1549"
674,"cat_3,cat_11,cat_45,cat_115,cat_47,cat_40,cat_773"
675,"cat_3,cat_11,cat_45,cat_115,cat_47,cat_40,cat_773"
676,"cat_3,cat_11,cat_45,cat_115,cat_47,cat_40,cat_773"
677,"cat_3,cat_11,cat_45,cat_115,cat_47,cat_40,cat_773"
678,"cat_3,cat_11,cat_45,cat_115,cat_47,cat_40,cat_773"
679,"cat_3,cat_11,cat_45,cat_115,cat_47,cat_40,cat_773"
68,"cat_3,cat_11,cat_82,cat_8,cat_27"
680,"cat_3,cat_11,cat_45,cat_115,cat_47,cat_40,cat_773"
681,"cat_3,cat_11,cat_45,cat_115,cat_47,cat_40,cat_773"
682,"cat_3,cat_11,cat_45,cat_115,cat_47,cat_40,cat_773"
683,"cat_3,cat_11,cat_45,cat_115,cat_47,cat_40,cat_773"
684,"cat_3,cat_11,cat_14"
69,"cat_3,cat_11,cat_82,cat_8,cat_27"
7,"cat_3,cat_11,cat_14,cat_8"
70,"cat_3,cat_11,cat_82,cat_8,cat_27"
71,"cat_3,cat_11,cat_82,cat_8,cat_27"
715203,"cat_2127,cat_3,cat_11,cat_115,cat_14"
716,"cat_3,cat_14"
717,"cat_3,cat_14"
718,"cat_3,cat_14"
718203,"cat_1968,cat_3,cat_11,cat_1551,cat_8,cat_1549"
719,"cat_3,cat_14"
719003,"cat_1968,cat_3,cat_11,cat_14,cat_8"
719303,"cat_1968,cat_3,cat_11,cat_45,cat_80,cat_21,cat_40,cat_78,cat_2224,cat_773,cat_786,cat_8,cat_38,cat_77"
72,"cat_3,cat_11,cat_148,cat_14,cat_152,cat_8,cat_150"
720803,"cat_2127,cat_3,cat_14"
727003,cat_3
728503,"cat_3,cat_11,cat_1551,cat_14,cat_1553,cat_8,cat_1549"
73,"cat_3,cat_11,cat_148,cat_14,cat_152,cat_8,cat_150"
74,"cat_3,cat_11,cat_148,cat_14,cat_152,cat_8,cat_150"
74409,"cat_3,cat_326,cat_328"
75,"cat_3,cat_11,cat_148,cat_14,cat_152,cat_8,cat_150"
7509,"cat_1968,cat_2374,cat_3,cat_21,cat_29,cat_30,cat_2224,cat_8,cat_27,cat_28"
76,"cat_3,cat_11,cat_148,cat_14,cat_152,cat_8,cat_150"
77,"cat_3,cat_11,cat_148,cat_14,cat_152,cat_8,cat_150"
77503,"cat_3,cat_11,cat_1551,cat_14,cat_1553,cat_8,cat_1549"
78,"cat_3,cat_11,cat_148,cat_14,cat_152,cat_8,cat_150"
781009,"cat_2127,cat_3,cat_11,cat_14"
782503,"cat_2127,cat_3,cat_11,cat_82,cat_185,cat_183,cat_184,cat_27,cat_186"
79,"cat_3,cat_11,cat_148,cat_14,cat_152,cat_8,cat_150"
8,"cat_3,cat_11,cat_14,cat_8"
80,"cat_3,cat_11,cat_148,cat_14,cat_152,cat_8,cat_150"
808,cat_3
809,cat_3
810,cat_3
811,cat_3
812,cat_3
813,cat_3
814,cat_3
815,cat_3
816,cat_3
817,cat_3
818,"cat_2374,cat_3,cat_40,cat_773,cat_8,cat_38"
819,"cat_2374,cat_3,cat_40,cat_773,cat_8,cat_38"
82,"cat_3,cat_11,cat_148,cat_14,cat_152,cat_8,cat_150"
820,"cat_2374,cat_3,cat_40,cat_773,cat_8,cat_38"
821,"cat_2374,cat_3,cat_40,cat_773,cat_8,cat_38"
822,"cat_2374,cat_3,cat_40,cat_773,cat_8,cat_38"
823,"cat_2374,cat_3,cat_40,cat_773,cat_8,cat_38"
824,"cat_3,cat_8,cat_256,cat_257"
825,"cat_3,cat_21,cat_259,cat_2224,cat_8,cat_256"
826,"cat_2374,cat_3,cat_21,cat_259,cat_262,cat_2224,cat_8,cat_256,cat_261"
827,cat_2172
828,cat_2172
829,cat_2172
83,"cat_3,cat_11,cat_148,cat_14,cat_152,cat_8,cat_150"
830,cat_2172
831,cat_2172
832,cat_2172
833,cat_2172
834,cat_2172
835,cat_2172
836,cat_2172
837,cat_2172
838,cat_2172
839,cat_2172
84,"cat_3,cat_11,cat_148,cat_14,cat_152,cat_8,cat_150"
840,cat_2172
841,cat_2172
842,cat_2172
843,cat_2172
844,cat_2172
845,cat_2172
846,cat_2172
847,cat_2172
848,cat_2172
848309,"cat_1968,cat_3,cat_11"
849,cat_2172
85,"cat_3,cat_11,cat_148,cat_14,cat_152,cat_8,cat_150"
850,cat_2172
851,"cat_2374,cat_3,cat_115,cat_21,cat_40,cat_2224,cat_773,cat_8,cat_38"
852,"cat_2374,cat_3,cat_11,cat_45,cat_46,cat_1345,cat_1348,cat_1349,cat_14,cat_47,cat_48,cat_40,cat_41,cat_773,cat_790,cat_8,cat_38,cat_39"
852309,"cat_2374,cat_3,cat_40,cat_773,cat_8,cat_38"
853,"cat_2374,cat_3,cat_11,cat_45,cat_46,cat_1345,cat_1348,cat_1349,cat_14,cat_47,cat_48,cat_40,cat_41,cat_773,cat_790,cat_8,cat_38,cat_39"
854,"cat_2374,cat_3,cat_11,cat_45,cat_46,cat_1345,cat_1348,cat_1349,cat_14,cat_47,cat_48,cat_40,cat_41,cat_773,cat_790,cat_8,cat_38,cat_39"
855,"cat_2374,cat_3,cat_11,cat_45,cat_46,cat_1345,cat_1348,cat_1349,cat_14,cat_47,cat_48,cat_40,cat_41,cat_773,cat_790,cat_8,cat_38,cat_39"
856,"cat_2374,cat_3,cat_11,cat_45,cat_46,cat_1345,cat_1348,cat_1349,cat_14,cat_47,cat_48,cat_40,cat_41,cat_773,cat_790,cat_8,cat_38,cat_39"
857,"cat_2374,cat_3,cat_11,cat_45,cat_46,cat_14,cat_47,cat_48,cat_40,cat_41,cat_8,cat_38,cat_39"
858,"cat_2374,cat_3,cat_11,cat_45,cat_46,cat_1345,cat_1348,cat_1349,cat_14,cat_47,cat_48,cat_40,cat_41,cat_773,cat_790,cat_8,cat_38,cat_39"
86,"cat_3,cat_11,cat_148,cat_14,cat_152,cat_8,cat_150"
860,"cat_2374,cat_3,cat_11,cat_45,cat_46,cat_1345,cat_1348,cat_1349,cat_14,cat_47,cat_48,cat_40,cat_41,cat_773,cat_790,cat_8,cat_38,cat_39"
861,"cat_2374,cat_3,cat_11,cat_45,cat_46,cat_1345,cat_1348,cat_1349,cat_14,cat_47,cat_48,cat_40,cat_41,cat_773,cat_790,cat_8,cat_38,cat_39"
862,"cat_2374,cat_3,cat_11,cat_45,cat_46,cat_1345,cat_1348,cat_1349,cat_14,cat_47,cat_48,cat_40,cat_41,cat_773,cat_790,cat_8,cat_38,cat_39"
863,"cat_2374,cat_3,cat_11,cat_45,cat_46,cat_1345,cat_1348,cat_1349,cat_14,cat_47,cat_48,cat_40,cat_41,cat_773,cat_790,cat_8,cat_38,cat_39"
864,"cat_2374,cat_3,cat_11,cat_45,cat_46,cat_1345,cat_1348,cat_1349,cat_14,cat_47,cat_48,cat_40,cat_41,cat_773,cat_790,cat_8,cat_38,cat_39"
865,"cat_2374,cat_3,cat_11,cat_45,cat_46,cat_1345,cat_1348,cat_1349,cat_14,cat_47,cat_48,cat_40,cat_41,cat_773,cat_790,cat_8,cat_38,cat_39"
866,"cat_2374,cat_3,cat_11,cat_45,cat_1345,cat_1348,cat_14,cat_47,cat_21,cat_40,cat_2224,cat_773,cat_8,cat_38"
867,"cat_3,cat_11,cat_1551,cat_1558,cat_8,cat_1549"
868,"cat_3,cat_11,cat_1551,cat_1558,cat_8,cat_1549"
869,"cat_3,cat_11,cat_1551,cat_1558,cat_8,cat_1549"
87,"cat_3,cat_11,cat_148,cat_14,cat_152,cat_8,cat_150"
870,"cat_3,cat_11,cat_1551,cat_1558,cat_8,cat_1549"
871,"cat_3,cat_11,cat_1551,cat_1558,cat_8,cat_1549"
872,"cat_3,cat_11,cat_1551,cat_1558,cat_8,cat_1549"
873,"cat_3,cat_11,cat_1551,cat_1558,cat_8,cat_1549"
874,"cat_3,cat_11,cat_1551,cat_1558,cat_8,cat_1549"
875,"cat_3,cat_11,cat_1551,cat_1558,cat_8,cat_1549"
876,"cat_3,cat_11,cat_1551,cat_1558,cat_8,cat_1549"
877,"cat_3,cat_11,cat_1551,cat_1558,cat_8,cat_1549"
878,"cat_3,cat_11,cat_1551,cat_1558,cat_8,cat_1549"
879,"cat_3,cat_11,cat_1551,cat_1558,cat_8,cat_1549"
88,"cat_3,cat_11,cat_148,cat_14,cat_152,cat_8,cat_150"
880,"cat_3,cat_11,cat_1551,cat_1558,cat_8,cat_1549"
881,"cat_3,cat_11,cat_1551,cat_1558,cat_8,cat_1549"
882,"cat_3,cat_11,cat_1551,cat_1558,cat_8,cat_1549"
883,"cat_3,cat_11,cat_1551,cat_1558,cat_8,cat_1549"
884,"cat_3,cat_11,cat_1551,cat_1558,cat_8,cat_1549"
885,"cat_3,cat_11,cat_1551,cat_1558,cat_8,cat_1549"
886,"cat_3,cat_11,cat_1551,cat_1558,cat_8,cat_1549"
887,"cat_3,cat_11,cat_1551,cat_1558,cat_8,cat_1549"
888,"cat_3,cat_11,cat_1551,cat_1558,cat_8,cat_1549"
889,"cat_3,cat_11,cat_1551,cat_1558,cat_8,cat_1549"
89,"cat_3,cat_11,cat_148,cat_14,cat_152,cat_8,cat_150"
890,"cat_3,cat_11,cat_1551,cat_1558,cat_8,cat_1549"
891,"cat_3,cat_11,cat_1551,cat_8,cat_1549"
892,"cat_3,cat_11,cat_1551,cat_8,cat_1549"
893,"cat_3,cat_11,cat_1551,cat_8,cat_1549"
894,"cat_3,cat_11,cat_1551,cat_8,cat_1549"
895,"cat_3,cat_11,cat_1551,cat_8,cat_1549"
896,"cat_3,cat_11,cat_1551,cat_8,cat_1549"
897,"cat_3,cat_11,cat_1551,cat_8,cat_1549"
898,"cat_3,cat_11,cat_1551,cat_8,cat_1549"
899,"cat_3,cat_11,cat_1551,cat_8,cat_1549"
9,"cat_3,cat_11,cat_14,cat_8"
90,"cat_3,cat_11,cat_148,cat_14,cat_152,cat_8,cat_150"
900,"cat_3,cat_11,cat_1551,cat_8,cat_1549"
901,"cat_3,cat_11,cat_1551,cat_8,cat_1549"
901103,cat_3
902,"cat_3,cat_11,cat_1551,cat_8,cat_1549"
903,"cat_3,cat_11,cat_8"
904,"cat_3,cat_11,cat_8"
905,"cat_3,cat_11"
906,"cat_3,cat_11"
907,"cat_3,cat_11"
908,"cat_3,cat_11"
909,cat_2172
909509,"cat_2374,cat_3,cat_40,cat_773,cat_8,cat_38"
91,"cat_3,cat_11,cat_148,cat_14,cat_152,cat_8,cat_150"
910,cat_2172
911,cat_2172
912,cat_2172
913,cat_2172
914,cat_2172
915,cat_2172
916,cat_2172
917,cat_2172
918,"cat_3,cat_11,cat_14,cat_8"
919,"cat_3,cat_11,cat_14,cat_8"
92,"cat_3,cat_11,cat_148,cat_14,cat_152,cat_8,cat_150"
920,"cat_3,cat_11,cat_14,cat_8"
921,"cat_3,cat_11,cat_14,cat_8"
922,"cat_3,cat_11,cat_14,cat_8"
923,"cat_3,cat_11,cat_14,cat_8"
924,"cat_3,cat_11,cat_14,cat_8"
925,"cat_3,cat_11,cat_14,cat_8"
926,"cat_2374,cat_3,cat_259,cat_8,cat_256"
927,"cat_2374,cat_3,cat_259,cat_8,cat_256"
928,"cat_2374,cat_3,cat_259,cat_8,cat_256"
929,"cat_2374,cat_3,cat_259,cat_8,cat_256"
93,"cat_3,cat_11,cat_148,cat_14,cat_152,cat_8,cat_150"
930,"cat_2374,cat_3,cat_259,cat_8,cat_256"
931,"cat_2374,cat_3,cat_259,cat_8,cat_256"
932,"cat_2374,cat_3,cat_259,cat_8,cat_256"
932103,"cat_2127,cat_3,cat_11"
933,"cat_2374,cat_3,cat_259,cat_8,cat_256"
933003,"cat_2127,cat_3,cat_11"
934,"cat_2374,cat_3,cat_259,cat_8,cat_256"
935,"cat_2374,cat_3,cat_259,cat_8,cat_256"
936,"cat_2374,cat_3,cat_259,cat_8,cat_256"
937,"cat_2374,cat_3,cat_259,cat_8,cat_256"
938,"cat_2374,cat_3,cat_259,cat_8,cat_256"
939,"cat_2374,cat_3,cat_259,cat_8,cat_256"
94,"cat_3,cat_11,cat_148,cat_14,cat_152,cat_8,cat_150"
940,"cat_2374,cat_3,cat_259,cat_8,cat_256"
941,"cat_2374,cat_3,cat_259,cat_8,cat_256"
942,"cat_2374,cat_3,cat_259,cat_8,cat_256"
943,"cat_2374,cat_3,cat_259,cat_8,cat_256"
944,"cat_2374,cat_3,cat_259,cat_8,cat_256"
945,"cat_2374,cat_3,cat_259,cat_8,cat_256"
946,"cat_2374,cat_3,cat_259,cat_8,cat_256"
947,"cat_2374,cat_3,cat_259,cat_8,cat_256"
948,"cat_2374,cat_3,cat_259,cat_8,cat_256"
949,"cat_2374,cat_3,cat_259,cat_8,cat_256"
95,"cat_3,cat_11,cat_148,cat_14,cat_152,cat_8,cat_150"
950,"cat_2374,cat_3,cat_259,cat_8,cat_256"
951,"cat_2374,cat_3,cat_259,cat_8,cat_256"
952,"cat_2374,cat_3,cat_259,cat_8,cat_256"
953,"cat_2374,cat_3,cat_259,cat_8,cat_256"
954,"cat_2374,cat_3,cat_259,cat_8,cat_256"
955,"cat_2374,cat_3,cat_259,cat_8,cat_256"
956,"cat_2374,cat_3,cat_259,cat_8,cat_256"
957,"cat_2374,cat_3,cat_259,cat_8,cat_256"
958,"cat_2374,cat_3,cat_259,cat_8,cat_256"
959,"cat_2374,cat_3,cat_259,cat_8,cat_256"
96,"cat_3,cat_11,cat_148,cat_14,cat_152,cat_8,cat_150"
960,"cat_2374,cat_3,cat_259,cat_8,cat_256"
961,"cat_2374,cat_3,cat_259,cat_8,cat_256"
961603,"cat_1968,cat_3,cat_11,cat_115"
962,"cat_2374,cat_3,cat_259,cat_8,cat_256"
963,"cat_2374,cat_3,cat_259,cat_8,cat_256"
964,"cat_2374,cat_3,cat_259,cat_8,cat_256"
965,"cat_2374,cat_3,cat_259,cat_8,cat_256"
966,"cat_2374,cat_3,cat_259,cat_8,cat_256"
967,"cat_2374,cat_3,cat_259,cat_8,cat_256"
968,"cat_2374,cat_3,cat_259,cat_8,cat_256"
969,"cat_2374,cat_3,cat_259,cat_8,cat_256"
97,"cat_3,cat_11,cat_148,cat_158,cat_14,cat_152,cat_160,cat_8,cat_150,cat_159"
970,"cat_2374,cat_3,cat_259,cat_8,cat_256"
971,"cat_2374,cat_3,cat_259,cat_8,cat_256"
972,"cat_2374,cat_3,cat_259,cat_8,cat_256"
973,"cat_2374,cat_3,cat_259,cat_8,cat_256"
974,"cat_2374,cat_3,cat_259,cat_8,cat_256"
975,"cat_2374,cat_3,cat_259,cat_8,cat_256"
976,"cat_2374,cat_3,cat_259,cat_8,cat_256"
977,"cat_2374,cat_3,cat_259,cat_8,cat_256"
978,"cat_2374,cat_3,cat_259,cat_8,cat_256"
979,"cat_2374,cat_3,cat_259,cat_8,cat_256"
98,"cat_3,cat_11,cat_148,cat_158,cat_14,cat_152,cat_160,cat_8,cat_150,cat_159"
980,"cat_2374,cat_3,cat_259,cat_8,cat_256"
981,"cat_2374,cat_3,cat_259,cat_8,cat_256"
981808,"cat_1968,cat_3,cat_11,cat_19,cat_20,cat_17,cat_18"
982,"cat_2374,cat_3,cat_259,cat_8,cat_256"
983,"cat_2374,cat_3,cat_259,cat_8,cat_256"
984,"cat_3,cat_11"
985,"cat_3,cat_11"
986,"cat_3,cat_11"
986309,"cat_3,cat_115,cat_21,cat_40,cat_2224,cat_773,cat_38"
987,"cat_3,cat_11"
988,"cat_3,cat_11"
989,"cat_3,cat_11"
99,"cat_3,cat_11,cat_148,cat_158,cat_14,cat_152,cat_160,cat_8,cat_150,cat_159"
991,"cat_3,cat_11"
991209,"cat_1968,cat_3,cat_11,cat_19,cat_20,cat_17,cat_18"
992,"cat_3,cat_11"
993,"cat_3,cat_11"
994,"cat_3,cat_11"
995,"cat_3,cat_11"
996,"cat_3,cat_11"
997,"cat_3,cat_11"
998,"cat_3,cat_11"
B0000001,cat_8
B0000002,cat_8
B0000003,cat_8
B0000004,cat_8
B0000005,cat_8
B0000006,cat_8
B0000007,cat_8
B0000008,cat_8
B0000009,cat_8
B0000010,cat_8
B0000011,cat_8
B0000012,cat_8
B0000013,cat_8
B0000014,cat_8
B0000015,cat_8
B0000016,cat_8
B0000017,cat_8
B0000018,cat_8
B0000019,cat_8
B0000020,cat_8
B0000021,cat_8
B0000022,cat_8
B0000023,cat_8
B0000024,cat_8
B0000025,cat_3
B0000026,cat_3
B0000027,cat_3
B0000028,cat_3
B0000029,cat_3
B0000030,cat_3
B0000031,cat_3
B0000032,cat_8
B0000033,cat_8
B0000034,cat_3
B0000035,cat_3
B0000036,cat_3
B0000037,cat_3
G0000001,cat_2172
