sku,image,thumbnail,small_image
001,/media/product_images/large/001.jpg,/media/product_images/medium/001.jpg,/media/product_images/thumbnail/001.jpg
01,/media/product_images/large/01.jpg,/media/product_images/medium/01.jpg,/media/product_images/thumbnail/01.jpg
02,/media/product_images/large/02.jpg,/media/product_images/medium/02.jpg,/media/product_images/thumbnail/02.jpg
03,/media/product_images/large/03.jpg,/media/product_images/medium/03.jpg,/media/product_images/thumbnail/03.jpg
04,/media/product_images/large/04.jpg,/media/product_images/medium/04.jpg,/media/product_images/thumbnail/04.jpg
1,/media/product_images/large/1.jpg,/media/product_images/medium/1.jpg,/media/product_images/thumbnail/1.jpg
10,/media/product_images/large/10.jpg,/media/product_images/medium/10.jpg,/media/product_images/thumbnail/10.jpg
100,/media/product_images/large/100.jpg,/media/product_images/medium/100.jpg,/media/product_images/thumbnail/100.jpg
1000,/media/product_images/large/1000.jpg,/media/product_images/medium/1000.jpg,/media/product_images/thumbnail/1000.jpg
1001,/media/product_images/large/1001.jpg,/media/product_images/medium/1001.jpg,/media/product_images/thumbnail/1001.jpg
1002,/media/product_images/large/1002.jpg,/media/product_images/medium/1002.jpg,/media/product_images/thumbnail/1002.jpg
1003,/media/product_images/large/1003.jpg,/media/product_images/medium/1003.jpg,/media/product_images/thumbnail/1003.jpg
1004,/media/product_images/large/1004.jpg,/media/product_images/medium/1004.jpg,/media/product_images/thumbnail/1004.jpg
1005,/media/product_images/large/1005.jpg,/media/product_images/medium/1005.jpg,/media/product_images/thumbnail/1005.jpg
1005909,/media/product_images/large/1005909.jpg,/media/product_images/medium/1005909.jpg,/media/product_images/thumbnail/1005909.jpg
1006,/media/product_images/large/1006.jpg,/media/product_images/medium/1006.jpg,/media/product_images/thumbnail/1006.jpg
1007,/media/product_images/large/1007.jpg,/media/product_images/medium/1007.jpg,/media/product_images/thumbnail/1007.jpg
1008,/media/product_images/large/1008.jpg,/media/product_images/medium/1008.jpg,/media/product_images/thumbnail/1008.jpg
1009,/media/product_images/large/1009.jpg,/media/product_images/medium/1009.jpg,/media/product_images/thumbnail/1009.jpg
101,/media/product_images/large/101.jpg,/media/product_images/medium/101.jpg,/media/product_images/thumbnail/101.jpg
1010,/media/product_images/large/1010.jpg,/media/product_images/medium/1010.jpg,/media/product_images/thumbnail/1010.jpg
1011,/media/product_images/large/1011.jpg,/media/product_images/medium/1011.jpg,/media/product_images/thumbnail/1011.jpg
1012,/media/product_images/large/1012.jpg,/media/product_images/medium/1012.jpg,/media/product_images/thumbnail/1012.jpg
1013,/media/product_images/large/1013.jpg,/media/product_images/medium/1013.jpg,/media/product_images/thumbnail/1013.jpg
1014,/media/product_images/large/1014.jpg,/media/product_images/medium/1014.jpg,/media/product_images/thumbnail/1014.jpg
1015,/media/product_images/large/1015.jpg,/media/product_images/medium/1015.jpg,/media/product_images/thumbnail/1015.jpg
1016,/media/product_images/large/1016.jpg,/media/product_images/medium/1016.jpg,/media/product_images/thumbnail/1016.jpg
1017,/media/product_images/large/1017.jpg,/media/product_images/medium/1017.jpg,/media/product_images/thumbnail/1017.jpg
1018,/media/product_images/large/1018.jpg,/media/product_images/medium/1018.jpg,/media/product_images/thumbnail/1018.jpg
1019,/media/product_images/large/1019.jpg,/media/product_images/medium/1019.jpg,/media/product_images/thumbnail/1019.jpg
102,/media/product_images/large/102.jpg,/media/product_images/medium/102.jpg,/media/product_images/thumbnail/102.jpg
1020,/media/product_images/large/1020.jpg,/media/product_images/medium/1020.jpg,/media/product_images/thumbnail/1020.jpg
1021,/media/product_images/large/1021.jpg,/media/product_images/medium/1021.jpg,/media/product_images/thumbnail/1021.jpg
1022,/media/product_images/large/1022.jpg,/media/product_images/medium/1022.jpg,/media/product_images/thumbnail/1022.jpg
1023,/media/product_images/large/1023.jpg,/media/product_images/medium/1023.jpg,/media/product_images/thumbnail/1023.jpg
1024,/media/product_images/large/1024.jpg,/media/product_images/medium/1024.jpg,/media/product_images/thumbnail/1024.jpg
1025,/media/product_images/large/1025.jpg,/media/product_images/medium/1025.jpg,/media/product_images/thumbnail/1025.jpg
1026,/media/product_images/large/1026.jpg,/media/product_images/medium/1026.jpg,/media/product_images/thumbnail/1026.jpg
1027,/media/product_images/large/1027.jpg,/media/product_images/medium/1027.jpg,/media/product_images/thumbnail/1027.jpg
1028,/media/product_images/large/1028.jpg,/media/product_images/medium/1028.jpg,/media/product_images/thumbnail/1028.jpg
1029,/media/product_images/large/1029.jpg,/media/product_images/medium/1029.jpg,/media/product_images/thumbnail/1029.jpg
102909,/media/product_images/large/102909.jpg,/media/product_images/medium/102909.jpg,/media/product_images/thumbnail/102909.jpg
1030,/media/product_images/large/1030.jpg,/media/product_images/medium/1030.jpg,/media/product_images/thumbnail/1030.jpg
1031,/media/product_images/large/1031.jpg,/media/product_images/medium/1031.jpg,/media/product_images/thumbnail/1031.jpg
1032,/media/product_images/large/1032.jpg,/media/product_images/medium/1032.jpg,/media/product_images/thumbnail/1032.jpg
1033,/media/product_images/large/1033.jpg,/media/product_images/medium/1033.jpg,/media/product_images/thumbnail/1033.jpg
1034,/media/product_images/large/1034.jpg,/media/product_images/medium/1034.jpg,/media/product_images/thumbnail/1034.jpg
1035,/media/product_images/large/1035.jpg,/media/product_images/medium/1035.jpg,/media/product_images/thumbnail/1035.jpg
1036,/media/product_images/large/1036.jpg,/media/product_images/medium/1036.jpg,/media/product_images/thumbnail/1036.jpg
1037,/media/product_images/large/1037.jpg,/media/product_images/medium/1037.jpg,/media/product_images/thumbnail/1037.jpg
1038,/media/product_images/large/1038.jpg,/media/product_images/medium/1038.jpg,/media/product_images/thumbnail/1038.jpg
1038313,/media/product_images/large/1038313.jpg,/media/product_images/medium/1038313.jpg,/media/product_images/thumbnail/1038313.jpg
1039,/media/product_images/large/1039.jpg,/media/product_images/medium/1039.jpg,/media/product_images/thumbnail/1039.jpg
104,/media/product_images/large/104.jpg,/media/product_images/medium/104.jpg,/media/product_images/thumbnail/104.jpg
1040,/media/product_images/large/1040.jpg,/media/product_images/medium/1040.jpg,/media/product_images/thumbnail/1040.jpg
1041,/media/product_images/large/1041.jpg,/media/product_images/medium/1041.jpg,/media/product_images/thumbnail/1041.jpg
1042,/media/product_images/large/1042.jpg,/media/product_images/medium/1042.jpg,/media/product_images/thumbnail/1042.jpg
1043,/media/product_images/large/1043.jpg,/media/product_images/medium/1043.jpg,/media/product_images/thumbnail/1043.jpg
1044,/media/product_images/large/1044.jpg,/media/product_images/medium/1044.jpg,/media/product_images/thumbnail/1044.jpg
1045,/media/product_images/large/1045.jpg,/media/product_images/medium/1045.jpg,/media/product_images/thumbnail/1045.jpg
1046,/media/product_images/large/1046.jpg,/media/product_images/medium/1046.jpg,/media/product_images/thumbnail/1046.jpg
1047,/media/product_images/large/1047.jpg,/media/product_images/medium/1047.jpg,/media/product_images/thumbnail/1047.jpg
1048,/media/product_images/large/1048.jpg,/media/product_images/medium/1048.jpg,/media/product_images/thumbnail/1048.jpg
1049,/media/product_images/large/1049.jpg,/media/product_images/medium/1049.jpg,/media/product_images/thumbnail/1049.jpg
105,/media/product_images/large/105.jpg,/media/product_images/medium/105.jpg,/media/product_images/thumbnail/105.jpg
1050,/media/product_images/large/1050.jpg,/media/product_images/medium/1050.jpg,/media/product_images/thumbnail/1050.jpg
1051,/media/product_images/large/1051.jpg,/media/product_images/medium/1051.jpg,/media/product_images/thumbnail/1051.jpg
1052,/media/product_images/large/1052.jpg,/media/product_images/medium/1052.jpg,/media/product_images/thumbnail/1052.jpg
1053,/media/product_images/large/1053.jpg,/media/product_images/medium/1053.jpg,/media/product_images/thumbnail/1053.jpg
1054,/media/product_images/large/1054.jpg,/media/product_images/medium/1054.jpg,/media/product_images/thumbnail/1054.jpg
1055,/media/product_images/large/1055.jpg,/media/product_images/medium/1055.jpg,/media/product_images/thumbnail/1055.jpg
1062309,/media/product_images/large/1062309.jpg,/media/product_images/medium/1062309.jpg,/media/product_images/thumbnail/1062309.jpg
1065,/media/product_images/large/1065.jpg,/media/product_images/medium/1065.jpg,/media/product_images/thumbnail/1065.jpg
1066,/media/product_images/large/1066.jpg,/media/product_images/medium/1066.jpg,/media/product_images/thumbnail/1066.jpg
1067,/media/product_images/large/1067.jpg,/media/product_images/medium/1067.jpg,/media/product_images/thumbnail/1067.jpg
1068,/media/product_images/large/1068.jpg,/media/product_images/medium/1068.jpg,/media/product_images/thumbnail/1068.jpg
1069,/media/product_images/large/1069.jpg,/media/product_images/medium/1069.jpg,/media/product_images/thumbnail/1069.jpg
1069203,/media/product_images/large/1069203.jpg,/media/product_images/medium/1069203.jpg,/media/product_images/thumbnail/1069203.jpg
107,/media/product_images/large/107.jpg,/media/product_images/medium/107.jpg,/media/product_images/thumbnail/107.jpg
1070,/media/product_images/large/1070.jpg,/media/product_images/medium/1070.jpg,/media/product_images/thumbnail/1070.jpg
1071,/media/product_images/large/1071.jpg,/media/product_images/medium/1071.jpg,/media/product_images/thumbnail/1071.jpg
1072,/media/product_images/large/1072.jpg,/media/product_images/medium/1072.jpg,/media/product_images/thumbnail/1072.jpg
1073,/media/product_images/large/1073.jpg,/media/product_images/medium/1073.jpg,/media/product_images/thumbnail/1073.jpg
107301501,/media/product_images/large/107301501.jpg,/media/product_images/medium/107301501.jpg,/media/product_images/thumbnail/107301501.jpg
107303501,/media/product_images/large/107303501.jpg,/media/product_images/medium/107303501.jpg,/media/product_images/thumbnail/107303501.jpg
107303601,/media/product_images/large/107303601.jpg,/media/product_images/medium/107303601.jpg,/media/product_images/thumbnail/107303601.jpg
107309301,/media/product_images/large/107309301.jpg,/media/product_images/medium/107309301.jpg,/media/product_images/thumbnail/107309301.jpg
107309401,/media/product_images/large/107309401.jpg,/media/product_images/medium/107309401.jpg,/media/product_images/thumbnail/107309401.jpg
107326601,/media/product_images/large/107326601.jpg,/media/product_images/medium/107326601.jpg,/media/product_images/thumbnail/107326601.jpg
107337301,/media/product_images/large/107337301.jpg,/media/product_images/medium/107337301.jpg,/media/product_images/thumbnail/107337301.jpg
107337601,/media/product_images/large/107337601.jpg,/media/product_images/medium/107337601.jpg,/media/product_images/thumbnail/107337601.jpg
107349601,/media/product_images/large/107349601.jpg,/media/product_images/medium/107349601.jpg,/media/product_images/thumbnail/107349601.jpg
107355501,/media/product_images/large/107355501.jpg,/media/product_images/medium/107355501.jpg,/media/product_images/thumbnail/107355501.jpg
107360501,/media/product_images/large/107360501.jpg,/media/product_images/medium/107360501.jpg,/media/product_images/thumbnail/107360501.jpg
107375101,/media/product_images/large/107375101.jpg,/media/product_images/medium/107375101.jpg,/media/product_images/thumbnail/107375101.jpg
107381801,/media/product_images/large/107381801.jpg,/media/product_images/medium/107381801.jpg,/media/product_images/thumbnail/107381801.jpg
1074,/media/product_images/large/1074.jpg,/media/product_images/medium/1074.jpg,/media/product_images/thumbnail/1074.jpg
107400301,/media/product_images/large/107400301.jpg,/media/product_images/medium/107400301.jpg,/media/product_images/thumbnail/107400301.jpg
107400401,/media/product_images/large/107400401.jpg,/media/product_images/medium/107400401.jpg,/media/product_images/thumbnail/107400401.jpg
107400501,/media/product_images/large/107400501.jpg,/media/product_images/medium/107400501.jpg,/media/product_images/thumbnail/107400501.jpg
107400601,/media/product_images/large/107400601.jpg,/media/product_images/medium/107400601.jpg,/media/product_images/thumbnail/107400601.jpg
107403901,/media/product_images/large/107403901.jpg,/media/product_images/medium/107403901.jpg,/media/product_images/thumbnail/107403901.jpg
107405301,/media/product_images/large/107405301.jpg,/media/product_images/medium/107405301.jpg,/media/product_images/thumbnail/107405301.jpg
107408301,/media/product_images/large/107408301.jpg,/media/product_images/medium/107408301.jpg,/media/product_images/thumbnail/107408301.jpg
107410801,/media/product_images/large/107410801.jpg,/media/product_images/medium/107410801.jpg,/media/product_images/thumbnail/107410801.jpg
107411201,/media/product_images/large/107411201.jpg,/media/product_images/medium/107411201.jpg,/media/product_images/thumbnail/107411201.jpg
107414301,/media/product_images/large/107414301.jpg,/media/product_images/medium/107414301.jpg,/media/product_images/thumbnail/107414301.jpg
107414401,/media/product_images/large/107414401.jpg,/media/product_images/medium/107414401.jpg,/media/product_images/thumbnail/107414401.jpg
107414501,/media/product_images/large/107414501.jpg,/media/product_images/medium/107414501.jpg,/media/product_images/thumbnail/107414501.jpg
107414601,/media/product_images/large/107414601.jpg,/media/product_images/medium/107414601.jpg,/media/product_images/thumbnail/107414601.jpg
107414701,/media/product_images/large/107414701.jpg,/media/product_images/medium/107414701.jpg,/media/product_images/thumbnail/107414701.jpg
107414801,/media/product_images/large/107414801.jpg,/media/product_images/medium/107414801.jpg,/media/product_images/thumbnail/107414801.jpg
107414901,/media/product_images/large/107414901.jpg,/media/product_images/medium/107414901.jpg,/media/product_images/thumbnail/107414901.jpg
107415001,/media/product_images/large/107415001.jpg,/media/product_images/medium/107415001.jpg,/media/product_images/thumbnail/107415001.jpg
107415101,/media/product_images/large/107415101.jpg,/media/product_images/medium/107415101.jpg,/media/product_images/thumbnail/107415101.jpg
107415201,/media/product_images/large/107415201.jpg,/media/product_images/medium/107415201.jpg,/media/product_images/thumbnail/107415201.jpg
107415301,/media/product_images/large/107415301.jpg,/media/product_images/medium/107415301.jpg,/media/product_images/thumbnail/107415301.jpg
107415401,/media/product_images/large/107415401.jpg,/media/product_images/medium/107415401.jpg,/media/product_images/thumbnail/107415401.jpg
107415501,/media/product_images/large/107415501.jpg,/media/product_images/medium/107415501.jpg,/media/product_images/thumbnail/107415501.jpg
107415601,/media/product_images/large/107415601.jpg,/media/product_images/medium/107415601.jpg,/media/product_images/thumbnail/107415601.jpg
107417101,/media/product_images/large/107417101.jpg,/media/product_images/medium/107417101.jpg,/media/product_images/thumbnail/107417101.jpg
107417201,/media/product_images/large/107417201.jpg,/media/product_images/medium/107417201.jpg,/media/product_images/thumbnail/107417201.jpg
107417301,/media/product_images/large/107417301.jpg,/media/product_images/medium/107417301.jpg,/media/product_images/thumbnail/107417301.jpg
107420101,/media/product_images/large/107420101.jpg,/media/product_images/medium/107420101.jpg,/media/product_images/thumbnail/107420101.jpg
107420201,/media/product_images/large/107420201.jpg,/media/product_images/medium/107420201.jpg,/media/product_images/thumbnail/107420201.jpg
107420301,/media/product_images/large/107420301.jpg,/media/product_images/medium/107420301.jpg,/media/product_images/thumbnail/107420301.jpg
107420401,/media/product_images/large/107420401.jpg,/media/product_images/medium/107420401.jpg,/media/product_images/thumbnail/107420401.jpg
107438501,/media/product_images/large/107438501.jpg,/media/product_images/medium/107438501.jpg,/media/product_images/thumbnail/107438501.jpg
107449401,/media/product_images/large/107449401.jpg,/media/product_images/medium/107449401.jpg,/media/product_images/thumbnail/107449401.jpg
107449501,/media/product_images/large/107449501.jpg,/media/product_images/medium/107449501.jpg,/media/product_images/thumbnail/107449501.jpg
107449601,/media/product_images/large/107449601.jpg,/media/product_images/medium/107449601.jpg,/media/product_images/thumbnail/107449601.jpg
107449701,/media/product_images/large/107449701.jpg,/media/product_images/medium/107449701.jpg,/media/product_images/thumbnail/107449701.jpg
107449801,/media/product_images/large/107449801.jpg,/media/product_images/medium/107449801.jpg,/media/product_images/thumbnail/107449801.jpg
107449901,/media/product_images/large/107449901.jpg,/media/product_images/medium/107449901.jpg,/media/product_images/thumbnail/107449901.jpg
107461301,/media/product_images/large/107461301.jpg,/media/product_images/medium/107461301.jpg,/media/product_images/thumbnail/107461301.jpg
107473801,/media/product_images/large/107473801.jpg,/media/product_images/medium/107473801.jpg,/media/product_images/thumbnail/107473801.jpg
107474301,/media/product_images/large/107474301.jpg,/media/product_images/medium/107474301.jpg,/media/product_images/thumbnail/107474301.jpg
107474701,/media/product_images/large/107474701.jpg,/media/product_images/medium/107474701.jpg,/media/product_images/thumbnail/107474701.jpg
107475801,/media/product_images/large/107475801.jpg,/media/product_images/medium/107475801.jpg,/media/product_images/thumbnail/107475801.jpg
107476001,/media/product_images/large/107476001.jpg,/media/product_images/medium/107476001.jpg,/media/product_images/thumbnail/107476001.jpg
107476501,/media/product_images/large/107476501.jpg,/media/product_images/medium/107476501.jpg,/media/product_images/thumbnail/107476501.jpg
107477201,/media/product_images/large/107477201.jpg,/media/product_images/medium/107477201.jpg,/media/product_images/thumbnail/107477201.jpg
107478101,/media/product_images/large/107478101.jpg,/media/product_images/medium/107478101.jpg,/media/product_images/thumbnail/107478101.jpg
107478701,/media/product_images/large/107478701.jpg,/media/product_images/medium/107478701.jpg,/media/product_images/thumbnail/107478701.jpg
107480401,/media/product_images/large/107480401.jpg,/media/product_images/medium/107480401.jpg,/media/product_images/thumbnail/107480401.jpg
107480501,/media/product_images/large/107480501.jpg,/media/product_images/medium/107480501.jpg,/media/product_images/thumbnail/107480501.jpg
107480601,/media/product_images/large/107480601.jpg,/media/product_images/medium/107480601.jpg,/media/product_images/thumbnail/107480601.jpg
107480901,/media/product_images/large/107480901.jpg,/media/product_images/medium/107480901.jpg,/media/product_images/thumbnail/107480901.jpg
107482401,/media/product_images/large/107482401.jpg,/media/product_images/medium/107482401.jpg,/media/product_images/thumbnail/107482401.jpg
107482601,/media/product_images/large/107482601.jpg,/media/product_images/medium/107482601.jpg,/media/product_images/thumbnail/107482601.jpg
107483601,/media/product_images/large/107483601.jpg,/media/product_images/medium/107483601.jpg,/media/product_images/thumbnail/107483601.jpg
107484301,/media/product_images/large/107484301.jpg,/media/product_images/medium/107484301.jpg,/media/product_images/thumbnail/107484301.jpg
107487501,/media/product_images/large/107487501.jpg,/media/product_images/medium/107487501.jpg,/media/product_images/thumbnail/107487501.jpg
107490301,/media/product_images/large/107490301.jpg,/media/product_images/medium/107490301.jpg,/media/product_images/thumbnail/107490301.jpg
107494901,/media/product_images/large/107494901.jpg,/media/product_images/medium/107494901.jpg,/media/product_images/thumbnail/107494901.jpg
1075,/media/product_images/large/1075.jpg,/media/product_images/medium/1075.jpg,/media/product_images/thumbnail/1075.jpg
107500101,/media/product_images/large/107500101.jpg,/media/product_images/medium/107500101.jpg,/media/product_images/thumbnail/107500101.jpg
107500201,/media/product_images/large/107500201.jpg,/media/product_images/medium/107500201.jpg,/media/product_images/thumbnail/107500201.jpg
107501601,/media/product_images/large/107501601.jpg,/media/product_images/medium/107501601.jpg,/media/product_images/thumbnail/107501601.jpg
107501701,/media/product_images/large/107501701.jpg,/media/product_images/medium/107501701.jpg,/media/product_images/thumbnail/107501701.jpg
107501801,/media/product_images/large/107501801.jpg,/media/product_images/medium/107501801.jpg,/media/product_images/thumbnail/107501801.jpg
107502101,/media/product_images/large/107502101.jpg,/media/product_images/medium/107502101.jpg,/media/product_images/thumbnail/107502101.jpg
107502201,/media/product_images/large/107502201.jpg,/media/product_images/medium/107502201.jpg,/media/product_images/thumbnail/107502201.jpg
107502301,/media/product_images/large/107502301.jpg,/media/product_images/medium/107502301.jpg,/media/product_images/thumbnail/107502301.jpg
107502801,/media/product_images/large/107502801.jpg,/media/product_images/medium/107502801.jpg,/media/product_images/thumbnail/107502801.jpg
107524501,/media/product_images/large/107524501.jpg,/media/product_images/medium/107524501.jpg,/media/product_images/thumbnail/107524501.jpg
107531001,/media/product_images/large/107531001.jpg,/media/product_images/medium/107531001.jpg,/media/product_images/thumbnail/107531001.jpg
107531101,/media/product_images/large/107531101.jpg,/media/product_images/medium/107531101.jpg,/media/product_images/thumbnail/107531101.jpg
107532601,/media/product_images/large/107532601.jpg,/media/product_images/medium/107532601.jpg,/media/product_images/thumbnail/107532601.jpg
107533401,/media/product_images/large/107533401.jpg,/media/product_images/medium/107533401.jpg,/media/product_images/thumbnail/107533401.jpg
107542401,/media/product_images/large/107542401.jpg,/media/product_images/medium/107542401.jpg,/media/product_images/thumbnail/107542401.jpg
107542601,/media/product_images/large/107542601.jpg,/media/product_images/medium/107542601.jpg,/media/product_images/thumbnail/107542601.jpg
107542701,/media/product_images/large/107542701.jpg,/media/product_images/medium/107542701.jpg,/media/product_images/thumbnail/107542701.jpg
107543001,/media/product_images/large/107543001.jpg,/media/product_images/medium/107543001.jpg,
107543301,/media/product_images/large/107543301.jpg,/media/product_images/medium/107543301.jpg,
107543501,/media/product_images/large/107543501.jpg,/media/product_images/medium/107543501.jpg,
107544001,/media/product_images/large/107544001.jpg,/media/product_images/medium/107544001.jpg,
107544101,/media/product_images/large/107544101.jpg,/media/product_images/medium/107544101.jpg,
107544201,/media/product_images/large/107544201.jpg,/media/product_images/medium/107544201.jpg,
107544301,/media/product_images/large/107544301.jpg,/media/product_images/medium/107544301.jpg,
107544501,/media/product_images/large/107544501.jpg,/media/product_images/medium/107544501.jpg,
107544901,/media/product_images/large/107544901.jpg,/media/product_images/medium/107544901.jpg,
107545101,/media/product_images/large/107545101.jpg,/media/product_images/medium/107545101.jpg,
107545201,/media/product_images/large/107545201.jpg,/media/product_images/medium/107545201.jpg,
107545501,/media/product_images/large/107545501.jpg,/media/product_images/medium/107545501.jpg,
107545601,/media/product_images/large/107545601.jpg,/media/product_images/medium/107545601.jpg,
107546501,/media/product_images/large/107546501.jpg,/media/product_images/medium/107546501.jpg,
107547101,/media/product_images/large/107547101.jpg,/media/product_images/medium/107547101.jpg,
107547201,/media/product_images/large/107547201.jpg,/media/product_images/medium/107547201.jpg,
107559301,/media/product_images/large/107559301.jpg,/media/product_images/medium/107559301.jpg,
107562601,/media/product_images/large/107562601.jpg,/media/product_images/medium/107562601.jpg,
107574101,/media/product_images/large/107574101.jpg,/media/product_images/medium/107574101.jpg,
107575601,/media/product_images/large/107575601.jpg,/media/product_images/medium/107575601.jpg,
107576601,/media/product_images/large/107576601.jpg,/media/product_images/medium/107576601.jpg,
107583201,/media/product_images/large/107583201.jpg,/media/product_images/medium/107583201.jpg,
107583401,/media/product_images/large/107583401.jpg,/media/product_images/medium/107583401.jpg,
107583501,/media/product_images/large/107583501.jpg,/media/product_images/medium/107583501.jpg,
107583601,/media/product_images/large/107583601.jpg,/media/product_images/medium/107583601.jpg,
107583801,/media/product_images/large/107583801.jpg,/media/product_images/medium/107583801.jpg,
107583901,/media/product_images/large/107583901.jpg,/media/product_images/medium/107583901.jpg,
107584001,/media/product_images/large/107584001.jpg,/media/product_images/medium/107584001.jpg,
107584101,/media/product_images/large/107584101.jpg,/media/product_images/medium/107584101.jpg,
107584201,/media/product_images/large/107584201.jpg,/media/product_images/medium/107584201.jpg,
107584401,/media/product_images/large/107584401.jpg,/media/product_images/medium/107584401.jpg,
107584501,/media/product_images/large/107584501.jpg,/media/product_images/medium/107584501.jpg,
107584601,/media/product_images/large/107584601.jpg,/media/product_images/medium/107584601.jpg,
107584701,/media/product_images/large/107584701.jpg,/media/product_images/medium/107584701.jpg,
107585001,/media/product_images/large/107585001.jpg,/media/product_images/medium/107585001.jpg,
107585301,/media/product_images/large/107585301.jpg,/media/product_images/medium/107585301.jpg,
107585401,/media/product_images/large/107585401.jpg,/media/product_images/medium/107585401.jpg,
107585601,/media/product_images/large/107585601.jpg,/media/product_images/medium/107585601.jpg,
107586301,/media/product_images/large/107586301.jpg,/media/product_images/medium/107586301.jpg,
107586401,/media/product_images/large/107586401.jpg,/media/product_images/medium/107586401.jpg,
107586501,/media/product_images/large/107586501.jpg,/media/product_images/medium/107586501.jpg,
107586601,/media/product_images/large/107586601.jpg,/media/product_images/medium/107586601.jpg,
107586801,/media/product_images/large/107586801.jpg,/media/product_images/medium/107586801.jpg,
107586901,/media/product_images/large/107586901.jpg,/media/product_images/medium/107586901.jpg,
107587101,/media/product_images/large/107587101.jpg,/media/product_images/medium/107587101.jpg,
107587501,/media/product_images/large/107587501.jpg,/media/product_images/medium/107587501.jpg,
107587601,/media/product_images/large/107587601.jpg,/media/product_images/medium/107587601.jpg,
107587701,/media/product_images/large/107587701.jpg,/media/product_images/medium/107587701.jpg,
107587801,/media/product_images/large/107587801.jpg,/media/product_images/medium/107587801.jpg,
107587901,/media/product_images/large/107587901.jpg,/media/product_images/medium/107587901.jpg,
107588001,/media/product_images/large/107588001.jpg,/media/product_images/medium/107588001.jpg,
107588101,/media/product_images/large/107588101.jpg,/media/product_images/medium/107588101.jpg,
107588501,/media/product_images/large/107588501.jpg,/media/product_images/medium/107588501.jpg,
107589101,/media/product_images/large/107589101.jpg,/media/product_images/medium/107589101.jpg,
107589301,/media/product_images/large/107589301.jpg,/media/product_images/medium/107589301.jpg,
107589401,/media/product_images/large/107589401.jpg,/media/product_images/medium/107589401.jpg,
107595501,/media/product_images/large/107595501.jpg,/media/product_images/medium/107595501.jpg,
107595701,/media/product_images/large/107595701.jpg,/media/product_images/medium/107595701.jpg,
1076,/media/product_images/large/1076.jpg,/media/product_images/medium/1076.jpg,
107625501,/media/product_images/large/107625501.jpg,/media/product_images/medium/107625501.jpg,
107625601,/media/product_images/large/107625601.jpg,/media/product_images/medium/107625601.jpg,
107625701,/media/product_images/large/107625701.jpg,/media/product_images/medium/107625701.jpg,
107626101,/media/product_images/large/107626101.jpg,/media/product_images/medium/107626101.jpg,
107626201,/media/product_images/large/107626201.jpg,/media/product_images/medium/107626201.jpg,
107626501,/media/product_images/large/107626501.jpg,/media/product_images/medium/107626501.jpg,
107626701,/media/product_images/large/107626701.jpg,/media/product_images/medium/107626701.jpg,
107627001,/media/product_images/large/107627001.jpg,/media/product_images/medium/107627001.jpg,
107627201,/media/product_images/large/107627201.jpg,/media/product_images/medium/107627201.jpg,
107627301,/media/product_images/large/107627301.jpg,/media/product_images/medium/107627301.jpg,
107628001,/media/product_images/large/107628001.jpg,/media/product_images/medium/107628001.jpg,
107628201,/media/product_images/large/107628201.jpg,/media/product_images/medium/107628201.jpg,
107629301,/media/product_images/large/107629301.jpg,/media/product_images/medium/107629301.jpg,
107629401,/media/product_images/large/107629401.jpg,/media/product_images/medium/107629401.jpg,
107629501,/media/product_images/large/107629501.jpg,/media/product_images/medium/107629501.jpg,
107629901,/media/product_images/large/107629901.jpg,/media/product_images/medium/107629901.jpg,
107630001,/media/product_images/large/107630001.jpg,/media/product_images/medium/107630001.jpg,
107630101,/media/product_images/large/107630101.jpg,/media/product_images/medium/107630101.jpg,
107630201,/media/product_images/large/107630201.jpg,/media/product_images/medium/107630201.jpg,
107630301,/media/product_images/large/107630301.jpg,/media/product_images/medium/107630301.jpg,
107630401,/media/product_images/large/107630401.jpg,/media/product_images/medium/107630401.jpg,
107630501,/media/product_images/large/107630501.jpg,/media/product_images/medium/107630501.jpg,
107630601,/media/product_images/large/107630601.jpg,/media/product_images/medium/107630601.jpg,
107630701,/media/product_images/large/107630701.jpg,/media/product_images/medium/107630701.jpg,
107630801,/media/product_images/large/107630801.jpg,/media/product_images/medium/107630801.jpg,
107630901,/media/product_images/large/107630901.jpg,/media/product_images/medium/107630901.jpg,
107631001,/media/product_images/large/107631001.jpg,/media/product_images/medium/107631001.jpg,
107631101,/media/product_images/large/107631101.jpg,/media/product_images/medium/107631101.jpg,
107631201,/media/product_images/large/107631201.jpg,/media/product_images/medium/107631201.jpg,
107631301,/media/product_images/large/107631301.jpg,/media/product_images/medium/107631301.jpg,
107631401,/media/product_images/large/107631401.jpg,/media/product_images/medium/107631401.jpg,
107631501,/media/product_images/large/107631501.jpg,/media/product_images/medium/107631501.jpg,
107631601,/media/product_images/large/107631601.jpg,/media/product_images/medium/107631601.jpg,
107631801,/media/product_images/large/107631801.jpg,/media/product_images/medium/107631801.jpg,
107631901,/media/product_images/large/107631901.jpg,/media/product_images/medium/107631901.jpg,
107632001,/media/product_images/large/107632001.jpg,/media/product_images/medium/107632001.jpg,
107632101,/media/product_images/large/107632101.jpg,/media/product_images/medium/107632101.jpg,
107632201,/media/product_images/large/107632201.jpg,/media/product_images/medium/107632201.jpg,
107632301,/media/product_images/large/107632301.jpg,/media/product_images/medium/107632301.jpg,
107632401,/media/product_images/large/107632401.jpg,/media/product_images/medium/107632401.jpg,
107632501,/media/product_images/large/107632501.jpg,/media/product_images/medium/107632501.jpg,
107633801,/media/product_images/large/107633801.jpg,/media/product_images/medium/107633801.jpg,
107633901,/media/product_images/large/107633901.jpg,/media/product_images/medium/107633901.jpg,
107634501,/media/product_images/large/107634501.jpg,/media/product_images/medium/107634501.jpg,
107634601,/media/product_images/large/107634601.jpg,/media/product_images/medium/107634601.jpg,
107634901,/media/product_images/large/107634901.jpg,/media/product_images/medium/107634901.jpg,
107635201,/media/product_images/large/107635201.jpg,/media/product_images/medium/107635201.jpg,
107635401,/media/product_images/large/107635401.jpg,/media/product_images/medium/107635401.jpg,
107635601,/media/product_images/large/107635601.jpg,/media/product_images/medium/107635601.jpg,
107636101,/media/product_images/large/107636101.jpg,/media/product_images/medium/107636101.jpg,
107639201,/media/product_images/large/107639201.jpg,/media/product_images/medium/107639201.jpg,
107639301,/media/product_images/large/107639301.jpg,/media/product_images/medium/107639301.jpg,
107639501,/media/product_images/large/107639501.jpg,/media/product_images/medium/107639501.jpg,
107639601,/media/product_images/large/107639601.jpg,/media/product_images/medium/107639601.jpg,
107639701,/media/product_images/large/107639701.jpg,/media/product_images/medium/107639701.jpg,
107639801,/media/product_images/large/107639801.jpg,/media/product_images/medium/107639801.jpg,
107642501,/media/product_images/large/107642501.jpg,/media/product_images/medium/107642501.jpg,
107643601,/media/product_images/large/107643601.jpg,/media/product_images/medium/107643601.jpg,
107643701,/media/product_images/large/107643701.jpg,/media/product_images/medium/107643701.jpg,
107643801,/media/product_images/large/107643801.jpg,/media/product_images/medium/107643801.jpg,
107643901,/media/product_images/large/107643901.jpg,/media/product_images/medium/107643901.jpg,
107644301,/media/product_images/large/107644301.jpg,/media/product_images/medium/107644301.jpg,
107644401,/media/product_images/large/107644401.jpg,/media/product_images/medium/107644401.jpg,
107644601,/media/product_images/large/107644601.jpg,/media/product_images/medium/107644601.jpg,
107645101,/media/product_images/large/107645101.jpg,/media/product_images/medium/107645101.jpg,
107645301,/media/product_images/large/107645301.jpg,/media/product_images/medium/107645301.jpg,
107645601,/media/product_images/large/107645601.jpg,/media/product_images/medium/107645601.jpg,
107646701,/media/product_images/large/107646701.jpg,/media/product_images/medium/107646701.jpg,
107647001,/media/product_images/large/107647001.jpg,/media/product_images/medium/107647001.jpg,
107647101,/media/product_images/large/107647101.jpg,/media/product_images/medium/107647101.jpg,
107647201,/media/product_images/large/107647201.jpg,/media/product_images/medium/107647201.jpg,
107647301,/media/product_images/large/107647301.jpg,/media/product_images/medium/107647301.jpg,
107647401,/media/product_images/large/107647401.jpg,/media/product_images/medium/107647401.jpg,
107647501,/media/product_images/large/107647501.jpg,/media/product_images/medium/107647501.jpg,
107647601,/media/product_images/large/107647601.jpg,/media/product_images/medium/107647601.jpg,
107647701,/media/product_images/large/107647701.jpg,/media/product_images/medium/107647701.jpg,
107647801,/media/product_images/large/107647801.jpg,/media/product_images/medium/107647801.jpg,
107647901,/media/product_images/large/107647901.jpg,/media/product_images/medium/107647901.jpg,
107648001,/media/product_images/large/107648001.jpg,/media/product_images/medium/107648001.jpg,
107648101,/media/product_images/large/107648101.jpg,/media/product_images/medium/107648101.jpg,
107648201,/media/product_images/large/107648201.jpg,/media/product_images/medium/107648201.jpg,
107648301,/media/product_images/large/107648301.jpg,/media/product_images/medium/107648301.jpg,
107648401,/media/product_images/large/107648401.jpg,/media/product_images/medium/107648401.jpg,
107648501,/media/product_images/large/107648501.jpg,/media/product_images/medium/107648501.jpg,
107648601,/media/product_images/large/107648601.jpg,/media/product_images/medium/107648601.jpg,
107648701,/media/product_images/large/107648701.jpg,/media/product_images/medium/107648701.jpg,
107648801,/media/product_images/large/107648801.jpg,/media/product_images/medium/107648801.jpg,
107648901,/media/product_images/large/107648901.jpg,/media/product_images/medium/107648901.jpg,
107649001,/media/product_images/large/107649001.jpg,/media/product_images/medium/107649001.jpg,
107649101,/media/product_images/large/107649101.jpg,/media/product_images/medium/107649101.jpg,
107649201,/media/product_images/large/107649201.jpg,/media/product_images/medium/107649201.jpg,
107649301,/media/product_images/large/107649301.jpg,/media/product_images/medium/107649301.jpg,
107649401,/media/product_images/large/107649401.jpg,/media/product_images/medium/107649401.jpg,
107649601,/media/product_images/large/107649601.jpg,/media/product_images/medium/107649601.jpg,
107649701,/media/product_images/large/107649701.jpg,/media/product_images/medium/107649701.jpg,
107649801,/media/product_images/large/107649801.jpg,/media/product_images/medium/107649801.jpg,
107649901,/media/product_images/large/107649901.jpg,/media/product_images/medium/107649901.jpg,
107650201,/media/product_images/large/107650201.jpg,/media/product_images/medium/107650201.jpg,
107650401,/media/product_images/large/107650401.jpg,/media/product_images/medium/107650401.jpg,
107650501,/media/product_images/large/107650501.jpg,/media/product_images/medium/107650501.jpg,
107650901,/media/product_images/large/107650901.jpg,/media/product_images/medium/107650901.jpg,
107651101,/media/product_images/large/107651101.jpg,/media/product_images/medium/107651101.jpg,
107651201,/media/product_images/large/107651201.jpg,/media/product_images/medium/107651201.jpg,
107651401,/media/product_images/large/107651401.jpg,/media/product_images/medium/107651401.jpg,
107651601,/media/product_images/large/107651601.jpg,/media/product_images/medium/107651601.jpg,
107652001,/media/product_images/large/107652001.jpg,/media/product_images/medium/107652001.jpg,
107652101,/media/product_images/large/107652101.jpg,/media/product_images/medium/107652101.jpg,
107652301,/media/product_images/large/107652301.jpg,/media/product_images/medium/107652301.jpg,
107652501,/media/product_images/large/107652501.jpg,/media/product_images/medium/107652501.jpg,
107652801,/media/product_images/large/107652801.jpg,/media/product_images/medium/107652801.jpg,
107652901,/media/product_images/large/107652901.jpg,/media/product_images/medium/107652901.jpg,
107653101,/media/product_images/large/107653101.jpg,/media/product_images/medium/107653101.jpg,
107653201,/media/product_images/large/107653201.jpg,/media/product_images/medium/107653201.jpg,
107653301,/media/product_images/large/107653301.jpg,/media/product_images/medium/107653301.jpg,
107653601,/media/product_images/large/107653601.jpg,/media/product_images/medium/107653601.jpg,
107654001,/media/product_images/large/107654001.jpg,/media/product_images/medium/107654001.jpg,
107654201,/media/product_images/large/107654201.jpg,/media/product_images/medium/107654201.jpg,
107654501,/media/product_images/large/107654501.jpg,/media/product_images/medium/107654501.jpg,
107658701,/media/product_images/large/107658701.jpg,/media/product_images/medium/107658701.jpg,
107658801,/media/product_images/large/107658801.jpg,/media/product_images/medium/107658801.jpg,
107659001,/media/product_images/large/107659001.jpg,/media/product_images/medium/107659001.jpg,
107659301,/media/product_images/large/107659301.jpg,/media/product_images/medium/107659301.jpg,
107659501,/media/product_images/large/107659501.jpg,/media/product_images/medium/107659501.jpg,
107660501,/media/product_images/large/107660501.jpg,/media/product_images/medium/107660501.jpg,
107660601,/media/product_images/large/107660601.jpg,/media/product_images/medium/107660601.jpg,
107661301,/media/product_images/large/107661301.jpg,/media/product_images/medium/107661301.jpg,
107661801,/media/product_images/large/107661801.jpg,/media/product_images/medium/107661801.jpg,
107664901,/media/product_images/large/107664901.jpg,/media/product_images/medium/107664901.jpg,
107673801,/media/product_images/large/107673801.jpg,/media/product_images/medium/107673801.jpg,
107674601,/media/product_images/large/107674601.jpg,/media/product_images/medium/107674601.jpg,
107674701,/media/product_images/large/107674701.jpg,/media/product_images/medium/107674701.jpg,
107676601,/media/product_images/large/107676601.jpg,/media/product_images/medium/107676601.jpg,
107676701,/media/product_images/large/107676701.jpg,/media/product_images/medium/107676701.jpg,
107677001,/media/product_images/large/107677001.jpg,/media/product_images/medium/107677001.jpg,
107677201,/media/product_images/large/107677201.jpg,/media/product_images/medium/107677201.jpg,
107677501,/media/product_images/large/107677501.jpg,/media/product_images/medium/107677501.jpg,
107677601,/media/product_images/large/107677601.jpg,/media/product_images/medium/107677601.jpg,
107677701,/media/product_images/large/107677701.jpg,/media/product_images/medium/107677701.jpg,
107677801,/media/product_images/large/107677801.jpg,/media/product_images/medium/107677801.jpg,
107677901,/media/product_images/large/107677901.jpg,/media/product_images/medium/107677901.jpg,
107678001,/media/product_images/large/107678001.jpg,/media/product_images/medium/107678001.jpg,
107678101,/media/product_images/large/107678101.jpg,/media/product_images/medium/107678101.jpg,
107678201,/media/product_images/large/107678201.jpg,/media/product_images/medium/107678201.jpg,
107678801,/media/product_images/large/107678801.jpg,/media/product_images/medium/107678801.jpg,
107679001,/media/product_images/large/107679001.jpg,/media/product_images/medium/107679001.jpg,
107681801,/media/product_images/large/107681801.jpg,/media/product_images/medium/107681801.jpg,
107681901,/media/product_images/large/107681901.jpg,/media/product_images/medium/107681901.jpg,
107682201,/media/product_images/large/107682201.jpg,/media/product_images/medium/107682201.jpg,
107682501,/media/product_images/large/107682501.jpg,/media/product_images/medium/107682501.jpg,
107682801,/media/product_images/large/107682801.jpg,/media/product_images/medium/107682801.jpg,
107682901,/media/product_images/large/107682901.jpg,/media/product_images/medium/107682901.jpg,
107683001,/media/product_images/large/107683001.jpg,/media/product_images/medium/107683001.jpg,
107683101,/media/product_images/large/107683101.jpg,/media/product_images/medium/107683101.jpg,
107683201,/media/product_images/large/107683201.jpg,/media/product_images/medium/107683201.jpg,
107683301,/media/product_images/large/107683301.jpg,/media/product_images/medium/107683301.jpg,
107683601,/media/product_images/large/107683601.jpg,/media/product_images/medium/107683601.jpg,
107687201,/media/product_images/large/107687201.jpg,/media/product_images/medium/107687201.jpg,
107687301,/media/product_images/large/107687301.jpg,/media/product_images/medium/107687301.jpg,
107687401,/media/product_images/large/107687401.jpg,/media/product_images/medium/107687401.jpg,
107687501,/media/product_images/large/107687501.jpg,/media/product_images/medium/107687501.jpg,
107687801,/media/product_images/large/107687801.jpg,/media/product_images/medium/107687801.jpg,
107688001,/media/product_images/large/107688001.jpg,/media/product_images/medium/107688001.jpg,
107688101,/media/product_images/large/107688101.jpg,/media/product_images/medium/107688101.jpg,
107688201,/media/product_images/large/107688201.jpg,/media/product_images/medium/107688201.jpg,
107688301,/media/product_images/large/107688301.jpg,/media/product_images/medium/107688301.jpg,
107688401,/media/product_images/large/107688401.jpg,/media/product_images/medium/107688401.jpg,
107688501,/media/product_images/large/107688501.jpg,/media/product_images/medium/107688501.jpg,
107688701,/media/product_images/large/107688701.jpg,/media/product_images/medium/107688701.jpg,
107688801,/media/product_images/large/107688801.jpg,/media/product_images/medium/107688801.jpg,
107688901,/media/product_images/large/107688901.jpg,/media/product_images/medium/107688901.jpg,
107689001,/media/product_images/large/107689001.jpg,/media/product_images/medium/107689001.jpg,
107689101,/media/product_images/large/107689101.jpg,/media/product_images/medium/107689101.jpg,
107689201,/media/product_images/large/107689201.jpg,/media/product_images/medium/107689201.jpg,
107689301,/media/product_images/large/107689301.jpg,/media/product_images/medium/107689301.jpg,
107689401,/media/product_images/large/107689401.jpg,/media/product_images/medium/107689401.jpg,
107689501,/media/product_images/large/107689501.jpg,/media/product_images/medium/107689501.jpg,
107689601,/media/product_images/large/107689601.jpg,/media/product_images/medium/107689601.jpg,
107689801,/media/product_images/large/107689801.jpg,/media/product_images/medium/107689801.jpg,
107689901,/media/product_images/large/107689901.jpg,/media/product_images/medium/107689901.jpg,
107690101,/media/product_images/large/107690101.jpg,/media/product_images/medium/107690101.jpg,
107690201,/media/product_images/large/107690201.jpg,/media/product_images/medium/107690201.jpg,
107690301,/media/product_images/large/107690301.jpg,/media/product_images/medium/107690301.jpg,
107690601,/media/product_images/large/107690601.jpg,/media/product_images/medium/107690601.jpg,
107690701,/media/product_images/large/107690701.jpg,/media/product_images/medium/107690701.jpg,
107690801,/media/product_images/large/107690801.jpg,/media/product_images/medium/107690801.jpg,
107690901,/media/product_images/large/107690901.jpg,/media/product_images/medium/107690901.jpg,
107691001,/media/product_images/large/107691001.jpg,/media/product_images/medium/107691001.jpg,
107691101,/media/product_images/large/107691101.jpg,/media/product_images/medium/107691101.jpg,
107691201,/media/product_images/large/107691201.jpg,/media/product_images/medium/107691201.jpg,
107691601,/media/product_images/large/107691601.jpg,/media/product_images/medium/107691601.jpg,
107699701,/media/product_images/large/107699701.jpg,/media/product_images/medium/107699701.jpg,
107699801,/media/product_images/large/107699801.jpg,/media/product_images/medium/107699801.jpg,
107699901,/media/product_images/large/107699901.jpg,/media/product_images/medium/107699901.jpg,
1077,/media/product_images/large/1077.jpg,/media/product_images/medium/1077.jpg,
107700001,/media/product_images/large/107700001.jpg,/media/product_images/medium/107700001.jpg,
107700101,/media/product_images/large/107700101.jpg,/media/product_images/medium/107700101.jpg,
107700201,/media/product_images/large/107700201.jpg,/media/product_images/medium/107700201.jpg,
107700301,/media/product_images/large/107700301.jpg,/media/product_images/medium/107700301.jpg,
107700401,/media/product_images/large/107700401.jpg,/media/product_images/medium/107700401.jpg,
107700501,/media/product_images/large/107700501.jpg,/media/product_images/medium/107700501.jpg,
107700601,/media/product_images/large/107700601.jpg,/media/product_images/medium/107700601.jpg,
107700701,/media/product_images/large/107700701.jpg,/media/product_images/medium/107700701.jpg,
107700801,/media/product_images/large/107700801.jpg,/media/product_images/medium/107700801.jpg,
107701001,/media/product_images/large/107701001.jpg,/media/product_images/medium/107701001.jpg,
107701101,/media/product_images/large/107701101.jpg,/media/product_images/medium/107701101.jpg,
107701201,/media/product_images/large/107701201.jpg,/media/product_images/medium/107701201.jpg,
107701301,/media/product_images/large/107701301.jpg,/media/product_images/medium/107701301.jpg,
107701401,/media/product_images/large/107701401.jpg,/media/product_images/medium/107701401.jpg,
107701501,/media/product_images/large/107701501.jpg,/media/product_images/medium/107701501.jpg,
107701601,/media/product_images/large/107701601.jpg,/media/product_images/medium/107701601.jpg,
107701701,/media/product_images/large/107701701.jpg,/media/product_images/medium/107701701.jpg,
107701801,/media/product_images/large/107701801.jpg,/media/product_images/medium/107701801.jpg,
107702001,/media/product_images/large/107702001.jpg,/media/product_images/medium/107702001.jpg,
107702101,/media/product_images/large/107702101.jpg,/media/product_images/medium/107702101.jpg,
107702301,/media/product_images/large/107702301.jpg,/media/product_images/medium/107702301.jpg,
107702401,/media/product_images/large/107702401.jpg,/media/product_images/medium/107702401.jpg,
107702501,/media/product_images/large/107702501.jpg,/media/product_images/medium/107702501.jpg,
107702601,/media/product_images/large/107702601.jpg,/media/product_images/medium/107702601.jpg,
107706301,/media/product_images/large/107706301.jpg,/media/product_images/medium/107706301.jpg,
107706401,/media/product_images/large/107706401.jpg,/media/product_images/medium/107706401.jpg,
107706501,/media/product_images/large/107706501.jpg,/media/product_images/medium/107706501.jpg,
107716001,/media/product_images/large/107716001.jpg,/media/product_images/medium/107716001.jpg,
107716701,/media/product_images/large/107716701.jpg,/media/product_images/medium/107716701.jpg,
107722301,/media/product_images/large/107722301.jpg,/media/product_images/medium/107722301.jpg,
107734601,/media/product_images/large/107734601.jpg,/media/product_images/medium/107734601.jpg,
107736601,/media/product_images/large/107736601.jpg,/media/product_images/medium/107736601.jpg,
107736701,/media/product_images/large/107736701.jpg,/media/product_images/medium/107736701.jpg,
107736801,/media/product_images/large/107736801.jpg,/media/product_images/medium/107736801.jpg,
107736901,/media/product_images/large/107736901.jpg,/media/product_images/medium/107736901.jpg,
107737101,/media/product_images/large/107737101.jpg,/media/product_images/medium/107737101.jpg,
107737201,/media/product_images/large/107737201.jpg,/media/product_images/medium/107737201.jpg,
107737301,/media/product_images/large/107737301.jpg,/media/product_images/medium/107737301.jpg,
107737501,/media/product_images/large/107737501.jpg,/media/product_images/medium/107737501.jpg,
107737901,/media/product_images/large/107737901.jpg,/media/product_images/medium/107737901.jpg,
107738001,/media/product_images/large/107738001.jpg,/media/product_images/medium/107738001.jpg,
107738101,/media/product_images/large/107738101.jpg,/media/product_images/medium/107738101.jpg,
107738301,/media/product_images/large/107738301.jpg,/media/product_images/medium/107738301.jpg,
107739101,/media/product_images/large/107739101.jpg,/media/product_images/medium/107739101.jpg,
107740401,/media/product_images/large/107740401.jpg,/media/product_images/medium/107740401.jpg,
107740501,/media/product_images/large/107740501.jpg,/media/product_images/medium/107740501.jpg,
107741301,/media/product_images/large/107741301.jpg,/media/product_images/medium/107741301.jpg,
107741701,/media/product_images/large/107741701.jpg,/media/product_images/medium/107741701.jpg,
107741801,/media/product_images/large/107741801.jpg,/media/product_images/medium/107741801.jpg,
107742001,/media/product_images/large/107742001.jpg,/media/product_images/medium/107742001.jpg,
107742101,/media/product_images/large/107742101.jpg,/media/product_images/medium/107742101.jpg,
107742201,/media/product_images/large/107742201.jpg,/media/product_images/medium/107742201.jpg,
107754501,/media/product_images/large/107754501.jpg,/media/product_images/medium/107754501.jpg,
107754601,/media/product_images/large/107754601.jpg,/media/product_images/medium/107754601.jpg,
107754701,/media/product_images/large/107754701.jpg,/media/product_images/medium/107754701.jpg,
107778501,/media/product_images/large/107778501.jpg,/media/product_images/medium/107778501.jpg,
107779001,/media/product_images/large/107779001.jpg,/media/product_images/medium/107779001.jpg,
107781101,/media/product_images/large/107781101.jpg,/media/product_images/medium/107781101.jpg,
107790501,/media/product_images/large/107790501.jpg,/media/product_images/medium/107790501.jpg,
107791101,/media/product_images/large/107791101.jpg,/media/product_images/medium/107791101.jpg,
107791201,/media/product_images/large/107791201.jpg,/media/product_images/medium/107791201.jpg,
107791301,/media/product_images/large/107791301.jpg,/media/product_images/medium/107791301.jpg,
107793201,/media/product_images/large/107793201.jpg,/media/product_images/medium/107793201.jpg,
107793301,/media/product_images/large/107793301.jpg,/media/product_images/medium/107793301.jpg,
107793501,/media/product_images/large/107793501.jpg,/media/product_images/medium/107793501.jpg,
107794701,/media/product_images/large/107794701.jpg,/media/product_images/medium/107794701.jpg,
107794801,/media/product_images/large/107794801.jpg,/media/product_images/medium/107794801.jpg,
1078,/media/product_images/large/1078.jpg,/media/product_images/medium/1078.jpg,
107821701,/media/product_images/large/107821701.jpg,/media/product_images/medium/107821701.jpg,
107821801,/media/product_images/large/107821801.jpg,/media/product_images/medium/107821801.jpg,
107822001,/media/product_images/large/107822001.jpg,/media/product_images/medium/107822001.jpg,
107822101,/media/product_images/large/107822101.jpg,/media/product_images/medium/107822101.jpg,
107822201,/media/product_images/large/107822201.jpg,/media/product_images/medium/107822201.jpg,
107828101,/media/product_images/large/107828101.jpg,/media/product_images/medium/107828101.jpg,
107829301,/media/product_images/large/107829301.jpg,/media/product_images/medium/107829301.jpg,
107840701,/media/product_images/large/107840701.jpg,/media/product_images/medium/107840701.jpg,
107841101,/media/product_images/large/107841101.jpg,/media/product_images/medium/107841101.jpg,
107844901,/media/product_images/large/107844901.jpg,/media/product_images/medium/107844901.jpg,
107845601,/media/product_images/large/107845601.jpg,/media/product_images/medium/107845601.jpg,
107866801,/media/product_images/large/107866801.jpg,/media/product_images/medium/107866801.jpg,
107870301,/media/product_images/large/107870301.jpg,/media/product_images/medium/107870301.jpg,
107877801,/media/product_images/large/107877801.jpg,/media/product_images/medium/107877801.jpg,
107880201,/media/product_images/large/107880201.jpg,/media/product_images/medium/107880201.jpg,
107880301,/media/product_images/large/107880301.jpg,/media/product_images/medium/107880301.jpg,
107880401,/media/product_images/large/107880401.jpg,/media/product_images/medium/107880401.jpg,
107880601,/media/product_images/large/107880601.jpg,/media/product_images/medium/107880601.jpg,
107880801,/media/product_images/large/107880801.jpg,/media/product_images/medium/107880801.jpg,
107887401,/media/product_images/large/107887401.jpg,/media/product_images/medium/107887401.jpg,
107887801,/media/product_images/large/107887801.jpg,/media/product_images/medium/107887801.jpg,
107894601,/media/product_images/large/107894601.jpg,/media/product_images/medium/107894601.jpg,
107895101,/media/product_images/large/107895101.jpg,/media/product_images/medium/107895101.jpg,
107895401,/media/product_images/large/107895401.jpg,/media/product_images/medium/107895401.jpg,
107895601,/media/product_images/large/107895601.jpg,/media/product_images/medium/107895601.jpg,
107895701,/media/product_images/large/107895701.jpg,/media/product_images/medium/107895701.jpg,
107895801,/media/product_images/large/107895801.jpg,/media/product_images/medium/107895801.jpg,
107898401,/media/product_images/large/107898401.jpg,/media/product_images/medium/107898401.jpg,
107898501,/media/product_images/large/107898501.jpg,/media/product_images/medium/107898501.jpg,
107898601,/media/product_images/large/107898601.jpg,/media/product_images/medium/107898601.jpg,
107898701,/media/product_images/large/107898701.jpg,/media/product_images/medium/107898701.jpg,
107898801,/media/product_images/large/107898801.jpg,/media/product_images/medium/107898801.jpg,
107898901,/media/product_images/large/107898901.jpg,/media/product_images/medium/107898901.jpg,
107899001,/media/product_images/large/107899001.jpg,/media/product_images/medium/107899001.jpg,
107899101,/media/product_images/large/107899101.jpg,/media/product_images/medium/107899101.jpg,
107899301,/media/product_images/large/107899301.jpg,/media/product_images/medium/107899301.jpg,
107899501,/media/product_images/large/107899501.jpg,/media/product_images/medium/107899501.jpg,
107899601,/media/product_images/large/107899601.jpg,/media/product_images/medium/107899601.jpg,
107899701,/media/product_images/large/107899701.jpg,/media/product_images/medium/107899701.jpg,
107899801,/media/product_images/large/107899801.jpg,/media/product_images/medium/107899801.jpg,
1079,/media/product_images/large/1079.jpg,/media/product_images/medium/1079.jpg,
107900001,/media/product_images/large/107900001.jpg,/media/product_images/medium/107900001.jpg,
107900101,/media/product_images/large/107900101.jpg,/media/product_images/medium/107900101.jpg,
107903301,/media/product_images/large/107903301.jpg,/media/product_images/medium/107903301.jpg,
107903401,/media/product_images/large/107903401.jpg,/media/product_images/medium/107903401.jpg,
107903501,/media/product_images/large/107903501.jpg,/media/product_images/medium/107903501.jpg,
107903601,/media/product_images/large/107903601.jpg,/media/product_images/medium/107903601.jpg,
107903701,/media/product_images/large/107903701.jpg,/media/product_images/medium/107903701.jpg,
107903801,/media/product_images/large/107903801.jpg,/media/product_images/medium/107903801.jpg,
107903901,/media/product_images/large/107903901.jpg,/media/product_images/medium/107903901.jpg,
107904001,/media/product_images/large/107904001.jpg,/media/product_images/medium/107904001.jpg,
107904201,/media/product_images/large/107904201.jpg,/media/product_images/medium/107904201.jpg,
107904301,/media/product_images/large/107904301.jpg,/media/product_images/medium/107904301.jpg,
107904401,/media/product_images/large/107904401.jpg,/media/product_images/medium/107904401.jpg,
107904501,/media/product_images/large/107904501.jpg,/media/product_images/medium/107904501.jpg,
107904601,/media/product_images/large/107904601.jpg,/media/product_images/medium/107904601.jpg,
107904701,/media/product_images/large/107904701.jpg,/media/product_images/medium/107904701.jpg,
107904801,/media/product_images/large/107904801.jpg,/media/product_images/medium/107904801.jpg,
107904901,/media/product_images/large/107904901.jpg,/media/product_images/medium/107904901.jpg,
107905001,/media/product_images/large/107905001.jpg,/media/product_images/medium/107905001.jpg,
107905701,/media/product_images/large/107905701.jpg,/media/product_images/medium/107905701.jpg,
107905801,/media/product_images/large/107905801.jpg,/media/product_images/medium/107905801.jpg,
107905901,/media/product_images/large/107905901.jpg,/media/product_images/medium/107905901.jpg,
107907201,/media/product_images/large/107907201.jpg,/media/product_images/medium/107907201.jpg,
107907301,/media/product_images/large/107907301.jpg,/media/product_images/medium/107907301.jpg,
107907401,/media/product_images/large/107907401.jpg,/media/product_images/medium/107907401.jpg,
107907501,/media/product_images/large/107907501.jpg,/media/product_images/medium/107907501.jpg,
107917701,/media/product_images/large/107917701.jpg,/media/product_images/medium/107917701.jpg,
107917801,/media/product_images/large/107917801.jpg,/media/product_images/medium/107917801.jpg,
107919401,/media/product_images/large/107919401.jpg,/media/product_images/medium/107919401.jpg,
107919501,/media/product_images/large/107919501.jpg,/media/product_images/medium/107919501.jpg,
107931801,/media/product_images/large/107931801.jpg,/media/product_images/medium/107931801.jpg,
107931901,/media/product_images/large/107931901.jpg,/media/product_images/medium/107931901.jpg,
107947701,/media/product_images/large/107947701.jpg,/media/product_images/medium/107947701.jpg,
107949301,/media/product_images/large/107949301.jpg,/media/product_images/medium/107949301.jpg,
107978801,/media/product_images/large/107978801.jpg,/media/product_images/medium/107978801.jpg,
107981601,/media/product_images/large/107981601.jpg,/media/product_images/medium/107981601.jpg,
107981801,/media/product_images/large/107981801.jpg,/media/product_images/medium/107981801.jpg,
107984601,/media/product_images/large/107984601.jpg,/media/product_images/medium/107984601.jpg,
107995801,/media/product_images/large/107995801.jpg,/media/product_images/medium/107995801.jpg,
107999501,/media/product_images/large/107999501.jpg,/media/product_images/medium/107999501.jpg,
107999601,/media/product_images/large/107999601.jpg,/media/product_images/medium/107999601.jpg,
107999701,/media/product_images/large/107999701.jpg,/media/product_images/medium/107999701.jpg,
108,/media/product_images/large/108.jpg,/media/product_images/medium/108.jpg,
1080,/media/product_images/large/1080.jpg,/media/product_images/medium/1080.jpg,
108003801,/media/product_images/large/108003801.jpg,/media/product_images/medium/108003801.jpg,
108003901,/media/product_images/large/108003901.jpg,/media/product_images/medium/108003901.jpg,
108004201,/media/product_images/large/108004201.jpg,/media/product_images/medium/108004201.jpg,
108009901,/media/product_images/large/108009901.jpg,/media/product_images/medium/108009901.jpg,
108010501,/media/product_images/large/108010501.jpg,/media/product_images/medium/108010501.jpg,
108011101,/media/product_images/large/108011101.jpg,/media/product_images/medium/108011101.jpg,
108011201,/media/product_images/large/108011201.jpg,/media/product_images/medium/108011201.jpg,
108011301,/media/product_images/large/108011301.jpg,/media/product_images/medium/108011301.jpg,
108019101,/media/product_images/large/108019101.jpg,/media/product_images/medium/108019101.jpg,
108019301,/media/product_images/large/108019301.jpg,/media/product_images/medium/108019301.jpg,
108020001,/media/product_images/large/108020001.jpg,/media/product_images/medium/108020001.jpg,
108020901,/media/product_images/large/108020901.jpg,/media/product_images/medium/108020901.jpg,
108024801,/media/product_images/large/108024801.jpg,/media/product_images/medium/108024801.jpg,
108025001,/media/product_images/large/108025001.jpg,/media/product_images/medium/108025001.jpg,
1080909,/media/product_images/large/1080909.jpg,/media/product_images/medium/1080909.jpg,
1081,/media/product_images/large/1081.jpg,/media/product_images/medium/1081.jpg,
108129101,/media/product_images/large/108129101.jpg,/media/product_images/medium/108129101.jpg,
108129201,/media/product_images/large/108129201.jpg,/media/product_images/medium/108129201.jpg,
1082,/media/product_images/large/1082.jpg,/media/product_images/medium/1082.jpg,
1083,/media/product_images/large/1083.jpg,/media/product_images/medium/1083.jpg,
1084,/media/product_images/large/1084.jpg,/media/product_images/medium/1084.jpg,
1085,/media/product_images/large/1085.jpg,/media/product_images/medium/1085.jpg,
1086,/media/product_images/large/1086.jpg,/media/product_images/medium/1086.jpg,
1087,/media/product_images/large/1087.jpg,/media/product_images/medium/1087.jpg,
1088,/media/product_images/large/1088.jpg,/media/product_images/medium/1088.jpg,
108822901,/media/product_images/large/108822901.jpg,/media/product_images/medium/108822901.jpg,
108826801,/media/product_images/large/108826801.jpg,/media/product_images/medium/108826801.jpg,
108826901,/media/product_images/large/108826901.jpg,/media/product_images/medium/108826901.jpg,
108827001,/media/product_images/large/108827001.jpg,/media/product_images/medium/108827001.jpg,
108827101,/media/product_images/large/108827101.jpg,/media/product_images/medium/108827101.jpg,
108827301,/media/product_images/large/108827301.jpg,/media/product_images/medium/108827301.jpg,
108828701,/media/product_images/large/108828701.jpg,/media/product_images/medium/108828701.jpg,
108828801,/media/product_images/large/108828801.jpg,/media/product_images/medium/108828801.jpg,
108828901,/media/product_images/large/108828901.jpg,/media/product_images/medium/108828901.jpg,
108829001,/media/product_images/large/108829001.jpg,/media/product_images/medium/108829001.jpg,
108829101,/media/product_images/large/108829101.jpg,/media/product_images/medium/108829101.jpg,
108829801,/media/product_images/large/108829801.jpg,/media/product_images/medium/108829801.jpg,
108844901,/media/product_images/large/108844901.jpg,/media/product_images/medium/108844901.jpg,
108845101,/media/product_images/large/108845101.jpg,/media/product_images/medium/108845101.jpg,
108847601,/media/product_images/large/108847601.jpg,/media/product_images/medium/108847601.jpg,
108847701,/media/product_images/large/108847701.jpg,/media/product_images/medium/108847701.jpg,
108847801,/media/product_images/large/108847801.jpg,/media/product_images/medium/108847801.jpg,
108851501,/media/product_images/large/108851501.jpg,/media/product_images/medium/108851501.jpg,
108851901,/media/product_images/large/108851901.jpg,/media/product_images/medium/108851901.jpg,
108852201,/media/product_images/large/108852201.jpg,/media/product_images/medium/108852201.jpg,
108854601,/media/product_images/large/108854601.jpg,/media/product_images/medium/108854601.jpg,
108855301,/media/product_images/large/108855301.jpg,/media/product_images/medium/108855301.jpg,
108856101,/media/product_images/large/108856101.jpg,/media/product_images/medium/108856101.jpg,
108857201,/media/product_images/large/108857201.jpg,/media/product_images/medium/108857201.jpg,
108863301,/media/product_images/large/108863301.jpg,/media/product_images/medium/108863301.jpg,
108864301,/media/product_images/large/108864301.jpg,/media/product_images/medium/108864301.jpg,
108866301,/media/product_images/large/108866301.jpg,/media/product_images/medium/108866301.jpg,
108866501,/media/product_images/large/108866501.jpg,/media/product_images/medium/108866501.jpg,
108867101,/media/product_images/large/108867101.jpg,/media/product_images/medium/108867101.jpg,
108869301,/media/product_images/large/108869301.jpg,/media/product_images/medium/108869301.jpg,
108869801,/media/product_images/large/108869801.jpg,/media/product_images/medium/108869801.jpg,
108872501,/media/product_images/large/108872501.jpg,/media/product_images/medium/108872501.jpg,
108874401,/media/product_images/large/108874401.jpg,/media/product_images/medium/108874401.jpg,
108874801,/media/product_images/large/108874801.jpg,/media/product_images/medium/108874801.jpg,
108875001,/media/product_images/large/108875001.jpg,/media/product_images/medium/108875001.jpg,
108878101,/media/product_images/large/108878101.jpg,/media/product_images/medium/108878101.jpg,
108878501,/media/product_images/large/108878501.jpg,/media/product_images/medium/108878501.jpg,
108880401,/media/product_images/large/108880401.jpg,/media/product_images/medium/108880401.jpg,
1089,/media/product_images/large/1089.jpg,/media/product_images/medium/1089.jpg,
108931401,/media/product_images/large/108931401.jpg,/media/product_images/medium/108931401.jpg,
108931901,/media/product_images/large/108931901.jpg,/media/product_images/medium/108931901.jpg,
108940801,/media/product_images/large/108940801.jpg,/media/product_images/medium/108940801.jpg,
108940901,/media/product_images/large/108940901.jpg,/media/product_images/medium/108940901.jpg,
108941701,/media/product_images/large/108941701.jpg,/media/product_images/medium/108941701.jpg,
108941901,/media/product_images/large/108941901.jpg,/media/product_images/medium/108941901.jpg,
108942401,/media/product_images/large/108942401.jpg,/media/product_images/medium/108942401.jpg,
108943001,/media/product_images/large/108943001.jpg,/media/product_images/medium/108943001.jpg,
108943201,/media/product_images/large/108943201.jpg,/media/product_images/medium/108943201.jpg,
108944101,/media/product_images/large/108944101.jpg,/media/product_images/medium/108944101.jpg,
108944401,/media/product_images/large/108944401.jpg,/media/product_images/medium/108944401.jpg,
108945101,/media/product_images/large/108945101.jpg,/media/product_images/medium/108945101.jpg,
108945301,/media/product_images/large/108945301.jpg,/media/product_images/medium/108945301.jpg,
108945401,/media/product_images/large/108945401.jpg,/media/product_images/medium/108945401.jpg,
108945501,/media/product_images/large/108945501.jpg,/media/product_images/medium/108945501.jpg,
108973101,/media/product_images/large/108973101.jpg,/media/product_images/medium/108973101.jpg,
108980101,/media/product_images/large/108980101.jpg,/media/product_images/medium/108980101.jpg,
108980201,/media/product_images/large/108980201.jpg,/media/product_images/medium/108980201.jpg,
108983801,/media/product_images/large/108983801.jpg,/media/product_images/medium/108983801.jpg,
108985001,/media/product_images/large/108985001.jpg,/media/product_images/medium/108985001.jpg,
108987501,/media/product_images/large/108987501.jpg,/media/product_images/medium/108987501.jpg,
108987601,/media/product_images/large/108987601.jpg,/media/product_images/medium/108987601.jpg,
108992201,/media/product_images/large/108992201.jpg,/media/product_images/medium/108992201.jpg,
108992401,/media/product_images/large/108992401.jpg,/media/product_images/medium/108992401.jpg,
109,/media/product_images/large/109.jpg,/media/product_images/medium/109.jpg,
1090,/media/product_images/large/1090.jpg,/media/product_images/medium/1090.jpg,
1091,/media/product_images/large/1091.jpg,/media/product_images/medium/1091.jpg,
1092,/media/product_images/large/1092.jpg,/media/product_images/medium/1092.jpg,
1093,/media/product_images/large/1093.jpg,/media/product_images/medium/1093.jpg,
1094,/media/product_images/large/1094.jpg,/media/product_images/medium/1094.jpg,
1095,/media/product_images/large/1095.jpg,/media/product_images/medium/1095.jpg,
1096,/media/product_images/large/1096.jpg,/media/product_images/medium/1096.jpg,
1097,/media/product_images/large/1097.jpg,/media/product_images/medium/1097.jpg,
1098,/media/product_images/large/1098.jpg,/media/product_images/medium/1098.jpg,
1099,/media/product_images/large/1099.jpg,/media/product_images/medium/1099.jpg,
11,/media/product_images/large/11.jpg,/media/product_images/medium/11.jpg,
110,/media/product_images/large/110.jpg,/media/product_images/medium/110.jpg,
1100,/media/product_images/large/1100.jpg,/media/product_images/medium/1100.jpg,
1101,/media/product_images/large/1101.jpg,/media/product_images/medium/1101.jpg,
1101503,/media/product_images/large/1101503.jpg,/media/product_images/medium/1101503.jpg,
1101603,/media/product_images/large/1101603.jpg,/media/product_images/medium/1101603.jpg,
1102,/media/product_images/large/1102.jpg,/media/product_images/medium/1102.jpg,
110217201,/media/product_images/large/110217201.jpg,/media/product_images/medium/110217201.jpg,
110231401,/media/product_images/large/110231401.jpg,/media/product_images/medium/110231401.jpg,
110281301,/media/product_images/large/110281301.jpg,/media/product_images/medium/110281301.jpg,
110281401,/media/product_images/large/110281401.jpg,/media/product_images/medium/110281401.jpg,
110281501,/media/product_images/large/110281501.jpg,/media/product_images/medium/110281501.jpg,
110281601,/media/product_images/large/110281601.jpg,/media/product_images/medium/110281601.jpg,
110282601,/media/product_images/large/110282601.jpg,/media/product_images/medium/110282601.jpg,
110283101,/media/product_images/large/110283101.jpg,/media/product_images/medium/110283101.jpg,
110283401,/media/product_images/large/110283401.jpg,/media/product_images/medium/110283401.jpg,
110283501,/media/product_images/large/110283501.jpg,/media/product_images/medium/110283501.jpg,
110283601,/media/product_images/large/110283601.jpg,/media/product_images/medium/110283601.jpg,
110283801,/media/product_images/large/110283801.jpg,/media/product_images/medium/110283801.jpg,
110284401,/media/product_images/large/110284401.jpg,/media/product_images/medium/110284401.jpg,
110285901,/media/product_images/large/110285901.jpg,/media/product_images/medium/110285901.jpg,
1103,/media/product_images/large/1103.jpg,/media/product_images/medium/1103.jpg,
110327301,/media/product_images/large/110327301.jpg,/media/product_images/medium/110327301.jpg,
110327501,/media/product_images/large/110327501.jpg,/media/product_images/medium/110327501.jpg,
110327801,/media/product_images/large/110327801.jpg,/media/product_images/medium/110327801.jpg,
110328801,/media/product_images/large/110328801.jpg,/media/product_images/medium/110328801.jpg,
110329401,/media/product_images/large/110329401.jpg,/media/product_images/medium/110329401.jpg,
110329601,/media/product_images/large/110329601.jpg,/media/product_images/medium/110329601.jpg,
110330001,/media/product_images/large/110330001.jpg,/media/product_images/medium/110330001.jpg,
110350201,/media/product_images/large/110350201.jpg,/media/product_images/medium/110350201.jpg,
110365301,/media/product_images/large/110365301.jpg,/media/product_images/medium/110365301.jpg,
110365501,/media/product_images/large/110365501.jpg,/media/product_images/medium/110365501.jpg,
110399301,/media/product_images/large/110399301.jpg,/media/product_images/medium/110399301.jpg,
110399601,/media/product_images/large/110399601.jpg,/media/product_images/medium/110399601.jpg,
110399701,/media/product_images/large/110399701.jpg,/media/product_images/medium/110399701.jpg,
1104,/media/product_images/large/1104.jpg,/media/product_images/medium/1104.jpg,
110400501,/media/product_images/large/110400501.jpg,/media/product_images/medium/110400501.jpg,
110436201,/media/product_images/large/110436201.jpg,/media/product_images/medium/110436201.jpg,
110448401,/media/product_images/large/110448401.jpg,/media/product_images/medium/110448401.jpg,
110448501,/media/product_images/large/110448501.jpg,/media/product_images/medium/110448501.jpg,
110451001,/media/product_images/large/110451001.jpg,/media/product_images/medium/110451001.jpg,
110451101,/media/product_images/large/110451101.jpg,/media/product_images/medium/110451101.jpg,
110452701,/media/product_images/large/110452701.jpg,/media/product_images/medium/110452701.jpg,
110452801,/media/product_images/large/110452801.jpg,/media/product_images/medium/110452801.jpg,
110452901,/media/product_images/large/110452901.jpg,/media/product_images/medium/110452901.jpg,
110453201,/media/product_images/large/110453201.jpg,/media/product_images/medium/110453201.jpg,
110453901,/media/product_images/large/110453901.jpg,/media/product_images/medium/110453901.jpg,
110454001,/media/product_images/large/110454001.jpg,/media/product_images/medium/110454001.jpg,
110454301,/media/product_images/large/110454301.jpg,/media/product_images/medium/110454301.jpg,
110454501,/media/product_images/large/110454501.jpg,/media/product_images/medium/110454501.jpg,
110454601,/media/product_images/large/110454601.jpg,/media/product_images/medium/110454601.jpg,
110454701,/media/product_images/large/110454701.jpg,/media/product_images/medium/110454701.jpg,
110455101,/media/product_images/large/110455101.jpg,/media/product_images/medium/110455101.jpg,
110455301,/media/product_images/large/110455301.jpg,/media/product_images/medium/110455301.jpg,
110455401,/media/product_images/large/110455401.jpg,/media/product_images/medium/110455401.jpg,
110455601,/media/product_images/large/110455601.jpg,/media/product_images/medium/110455601.jpg,
110455701,/media/product_images/large/110455701.jpg,/media/product_images/medium/110455701.jpg,
110456701,/media/product_images/large/110456701.jpg,/media/product_images/medium/110456701.jpg,
110458201,/media/product_images/large/110458201.jpg,/media/product_images/medium/110458201.jpg,
110466501,/media/product_images/large/110466501.jpg,/media/product_images/medium/110466501.jpg,
110467001,/media/product_images/large/110467001.jpg,/media/product_images/medium/110467001.jpg,
110467201,/media/product_images/large/110467201.jpg,/media/product_images/medium/110467201.jpg,
110467601,/media/product_images/large/110467601.jpg,/media/product_images/medium/110467601.jpg,
110467701,/media/product_images/large/110467701.jpg,/media/product_images/medium/110467701.jpg,
110467801,/media/product_images/large/110467801.jpg,/media/product_images/medium/110467801.jpg,
110467901,/media/product_images/large/110467901.jpg,/media/product_images/medium/110467901.jpg,
110468501,/media/product_images/large/110468501.jpg,/media/product_images/medium/110468501.jpg,
110468701,/media/product_images/large/110468701.jpg,/media/product_images/medium/110468701.jpg,
110469001,/media/product_images/large/110469001.jpg,/media/product_images/medium/110469001.jpg,
110469101,/media/product_images/large/110469101.jpg,/media/product_images/medium/110469101.jpg,
110469301,/media/product_images/large/110469301.jpg,/media/product_images/medium/110469301.jpg,
110469401,/media/product_images/large/110469401.jpg,/media/product_images/medium/110469401.jpg,
110469901,/media/product_images/large/110469901.jpg,/media/product_images/medium/110469901.jpg,
110470001,/media/product_images/large/110470001.jpg,/media/product_images/medium/110470001.jpg,
110470301,/media/product_images/large/110470301.jpg,/media/product_images/medium/110470301.jpg,
110470401,/media/product_images/large/110470401.jpg,/media/product_images/medium/110470401.jpg,
110470501,/media/product_images/large/110470501.jpg,/media/product_images/medium/110470501.jpg,
110470801,/media/product_images/large/110470801.jpg,/media/product_images/medium/110470801.jpg,
110470901,/media/product_images/large/110470901.jpg,/media/product_images/medium/110470901.jpg,
110471001,/media/product_images/large/110471001.jpg,/media/product_images/medium/110471001.jpg,
110471201,/media/product_images/large/110471201.jpg,/media/product_images/medium/110471201.jpg,
110471301,/media/product_images/large/110471301.jpg,/media/product_images/medium/110471301.jpg,
110471401,/media/product_images/large/110471401.jpg,/media/product_images/medium/110471401.jpg,
110471501,/media/product_images/large/110471501.jpg,/media/product_images/medium/110471501.jpg,
110479501,/media/product_images/large/110479501.jpg,/media/product_images/medium/110479501.jpg,
110480401,/media/product_images/large/110480401.jpg,/media/product_images/medium/110480401.jpg,
110480601,/media/product_images/large/110480601.jpg,/media/product_images/medium/110480601.jpg,
110480801,/media/product_images/large/110480801.jpg,/media/product_images/medium/110480801.jpg,
110480901,/media/product_images/large/110480901.jpg,/media/product_images/medium/110480901.jpg,
110481701,/media/product_images/large/110481701.jpg,/media/product_images/medium/110481701.jpg,
110481801,/media/product_images/large/110481801.jpg,/media/product_images/medium/110481801.jpg,
110481901,/media/product_images/large/110481901.jpg,/media/product_images/medium/110481901.jpg,
110482001,/media/product_images/large/110482001.jpg,/media/product_images/medium/110482001.jpg,
1105,/media/product_images/large/1105.jpg,/media/product_images/medium/1105.jpg,
1106,/media/product_images/large/1106.jpg,/media/product_images/medium/1106.jpg,
1107,/media/product_images/large/1107.jpg,/media/product_images/medium/1107.jpg,
110771202,/media/product_images/large/110771202.jpg,/media/product_images/medium/110771202.jpg,
1108,/media/product_images/large/1108.jpg,/media/product_images/medium/1108.jpg,
1109,/media/product_images/large/1109.jpg,/media/product_images/medium/1109.jpg,
111,/media/product_images/large/111.jpg,/media/product_images/medium/111.jpg,
1110,/media/product_images/large/1110.jpg,/media/product_images/medium/1110.jpg,
1111,/media/product_images/large/1111.jpg,/media/product_images/medium/1111.jpg,
1112,/media/product_images/large/1112.jpg,/media/product_images/medium/1112.jpg,
1113,/media/product_images/large/1113.jpg,/media/product_images/medium/1113.jpg,
1114,/media/product_images/large/1114.jpg,/media/product_images/medium/1114.jpg,
1115,/media/product_images/large/1115.jpg,/media/product_images/medium/1115.jpg,
1115811,/media/product_images/large/1115811.jpg,/media/product_images/medium/1115811.jpg,
1116,/media/product_images/large/1116.jpg,/media/product_images/medium/1116.jpg,
1117,/media/product_images/large/1117.jpg,/media/product_images/medium/1117.jpg,
111716602,/media/product_images/large/111716602.jpg,/media/product_images/medium/111716602.jpg,
111743102,/media/product_images/large/111743102.jpg,/media/product_images/medium/111743102.jpg,
1118,/media/product_images/large/1118.jpg,/media/product_images/medium/1118.jpg,
111821807,/media/product_images/large/111821807.jpg,/media/product_images/medium/111821807.jpg,
111821810,/media/product_images/large/111821810.jpg,/media/product_images/medium/111821810.jpg,
111821811,/media/product_images/large/111821811.jpg,/media/product_images/medium/111821811.jpg,
111821812,/media/product_images/large/111821812.jpg,/media/product_images/medium/111821812.jpg,
111821816,/media/product_images/large/111821816.jpg,/media/product_images/medium/111821816.jpg,
111821818,/media/product_images/large/111821818.jpg,/media/product_images/medium/111821818.jpg,
111821819,/media/product_images/large/111821819.jpg,/media/product_images/medium/111821819.jpg,
111821821,/media/product_images/large/111821821.jpg,/media/product_images/medium/111821821.jpg,
111821822,/media/product_images/large/111821822.jpg,/media/product_images/medium/111821822.jpg,
111821823,/media/product_images/large/111821823.jpg,/media/product_images/medium/111821823.jpg,
111821825,/media/product_images/large/111821825.jpg,/media/product_images/medium/111821825.jpg,
111821826,/media/product_images/large/111821826.jpg,/media/product_images/medium/111821826.jpg,
111821827,/media/product_images/large/111821827.jpg,/media/product_images/medium/111821827.jpg,
111821829,/media/product_images/large/111821829.jpg,/media/product_images/medium/111821829.jpg,
111821830,/media/product_images/large/111821830.jpg,/media/product_images/medium/111821830.jpg,
111821831,/media/product_images/large/111821831.jpg,/media/product_images/medium/111821831.jpg,
111821834,/media/product_images/large/111821834.jpg,/media/product_images/medium/111821834.jpg,
111821835,/media/product_images/large/111821835.jpg,/media/product_images/medium/111821835.jpg,
111821836,/media/product_images/large/111821836.jpg,/media/product_images/medium/111821836.jpg,
111821842,/media/product_images/large/111821842.jpg,/media/product_images/medium/111821842.jpg,
111821844,/media/product_images/large/111821844.jpg,/media/product_images/medium/111821844.jpg,
111821845,/media/product_images/large/111821845.jpg,/media/product_images/medium/111821845.jpg,
111821846,/media/product_images/large/111821846.jpg,/media/product_images/medium/111821846.jpg,
111822325,/media/product_images/large/111822325.jpg,/media/product_images/medium/111822325.jpg,
111822530,/media/product_images/large/111822530.jpg,/media/product_images/medium/111822530.jpg,
111822630,/media/product_images/large/111822630.jpg,/media/product_images/medium/111822630.jpg,
111822634,/media/product_images/large/111822634.jpg,/media/product_images/medium/111822634.jpg,
111822635,/media/product_images/large/111822635.jpg,/media/product_images/medium/111822635.jpg,
111822638,/media/product_images/large/111822638.jpg,/media/product_images/medium/111822638.jpg,
111822645,/media/product_images/large/111822645.jpg,/media/product_images/medium/111822645.jpg,
111822647,/media/product_images/large/111822647.jpg,/media/product_images/medium/111822647.jpg,
111822648,/media/product_images/large/111822648.jpg,/media/product_images/medium/111822648.jpg,
111822652,/media/product_images/large/111822652.jpg,/media/product_images/medium/111822652.jpg,
111822653,/media/product_images/large/111822653.jpg,/media/product_images/medium/111822653.jpg,
111822654,/media/product_images/large/111822654.jpg,/media/product_images/medium/111822654.jpg,
111822655,/media/product_images/large/111822655.jpg,/media/product_images/medium/111822655.jpg,
111822656,/media/product_images/large/111822656.jpg,/media/product_images/medium/111822656.jpg,
111822657,/media/product_images/large/111822657.jpg,/media/product_images/medium/111822657.jpg,
111822658,/media/product_images/large/111822658.jpg,/media/product_images/medium/111822658.jpg,
111822659,/media/product_images/large/111822659.jpg,/media/product_images/medium/111822659.jpg,
111822660,/media/product_images/large/111822660.jpg,/media/product_images/medium/111822660.jpg,
111822661,/media/product_images/large/111822661.jpg,/media/product_images/medium/111822661.jpg,
111822663,/media/product_images/large/111822663.jpg,/media/product_images/medium/111822663.jpg,
111822664,/media/product_images/large/111822664.jpg,/media/product_images/medium/111822664.jpg,
111822665,/media/product_images/large/111822665.jpg,/media/product_images/medium/111822665.jpg,
111822666,/media/product_images/large/111822666.jpg,/media/product_images/medium/111822666.jpg,
111822667,/media/product_images/large/111822667.jpg,/media/product_images/medium/111822667.jpg,
111822668,/media/product_images/large/111822668.jpg,/media/product_images/medium/111822668.jpg,
111822669,/media/product_images/large/111822669.jpg,/media/product_images/medium/111822669.jpg,
111822670,/media/product_images/large/111822670.jpg,/media/product_images/medium/111822670.jpg,
111822671,/media/product_images/large/111822671.jpg,/media/product_images/medium/111822671.jpg,
111822672,/media/product_images/large/111822672.jpg,/media/product_images/medium/111822672.jpg,
111822673,/media/product_images/large/111822673.jpg,/media/product_images/medium/111822673.jpg,
111822674,/media/product_images/large/111822674.jpg,/media/product_images/medium/111822674.jpg,
111822675,/media/product_images/large/111822675.jpg,/media/product_images/medium/111822675.jpg,
111822676,/media/product_images/large/111822676.jpg,/media/product_images/medium/111822676.jpg,
111822677,/media/product_images/large/111822677.jpg,/media/product_images/medium/111822677.jpg,
111822800,/media/product_images/large/111822800.jpg,/media/product_images/medium/111822800.jpg,
111822802,/media/product_images/large/111822802.jpg,/media/product_images/medium/111822802.jpg,
111822803,/media/product_images/large/111822803.jpg,/media/product_images/medium/111822803.jpg,
111822804,/media/product_images/large/111822804.jpg,/media/product_images/medium/111822804.jpg,
111822805,/media/product_images/large/111822805.jpg,/media/product_images/medium/111822805.jpg,
111822806,/media/product_images/large/111822806.jpg,/media/product_images/medium/111822806.jpg,
111822807,/media/product_images/large/111822807.jpg,/media/product_images/medium/111822807.jpg,
111822808,/media/product_images/large/111822808.jpg,/media/product_images/medium/111822808.jpg,
111822809,/media/product_images/large/111822809.jpg,/media/product_images/medium/111822809.jpg,
111822810,/media/product_images/large/111822810.jpg,/media/product_images/medium/111822810.jpg,
111822811,/media/product_images/large/111822811.jpg,/media/product_images/medium/111822811.jpg,
111822812,/media/product_images/large/111822812.jpg,/media/product_images/medium/111822812.jpg,
111822813,/media/product_images/large/111822813.jpg,/media/product_images/medium/111822813.jpg,
111822816,/media/product_images/large/111822816.jpg,/media/product_images/medium/111822816.jpg,
111822817,/media/product_images/large/111822817.jpg,/media/product_images/medium/111822817.jpg,
111822818,/media/product_images/large/111822818.jpg,/media/product_images/medium/111822818.jpg,
111822908,/media/product_images/large/111822908.jpg,/media/product_images/medium/111822908.jpg,
111822909,/media/product_images/large/111822909.jpg,/media/product_images/medium/111822909.jpg,
111822911,/media/product_images/large/111822911.jpg,/media/product_images/medium/111822911.jpg,
111822912,/media/product_images/large/111822912.jpg,/media/product_images/medium/111822912.jpg,
111822913,/media/product_images/large/111822913.jpg,/media/product_images/medium/111822913.jpg,
111822915,/media/product_images/large/111822915.jpg,/media/product_images/medium/111822915.jpg,
111822916,/media/product_images/large/111822916.jpg,/media/product_images/medium/111822916.jpg,
111822921,/media/product_images/large/111822921.jpg,/media/product_images/medium/111822921.jpg,
111822922,/media/product_images/large/111822922.jpg,/media/product_images/medium/111822922.jpg,
111822923,/media/product_images/large/111822923.jpg,/media/product_images/medium/111822923.jpg,
111822931,/media/product_images/large/111822931.jpg,/media/product_images/medium/111822931.jpg,
111823055,/media/product_images/large/111823055.jpg,/media/product_images/medium/111823055.jpg,
111823075,/media/product_images/large/111823075.jpg,/media/product_images/medium/111823075.jpg,
111823115,/media/product_images/large/111823115.jpg,/media/product_images/medium/111823115.jpg,
111823116,/media/product_images/large/111823116.jpg,/media/product_images/medium/111823116.jpg,
111823117,/media/product_images/large/111823117.jpg,/media/product_images/medium/111823117.jpg,
111823118,/media/product_images/large/111823118.jpg,/media/product_images/medium/111823118.jpg,
111823189,/media/product_images/large/111823189.jpg,/media/product_images/medium/111823189.jpg,
111823269,/media/product_images/large/111823269.jpg,/media/product_images/medium/111823269.jpg,
111823348,/media/product_images/large/111823348.jpg,/media/product_images/medium/111823348.jpg,
111823383,/media/product_images/large/111823383.jpg,/media/product_images/medium/111823383.jpg,
111823397,/media/product_images/large/111823397.jpg,/media/product_images/medium/111823397.jpg,
111823435,/media/product_images/large/111823435.jpg,/media/product_images/medium/111823435.jpg,
111823436,/media/product_images/large/111823436.jpg,/media/product_images/medium/111823436.jpg,
111823437,/media/product_images/large/111823437.jpg,/media/product_images/medium/111823437.jpg,
111823472,/media/product_images/large/111823472.jpg,/media/product_images/medium/111823472.jpg,
111823473,/media/product_images/large/111823473.jpg,/media/product_images/medium/111823473.jpg,
111823474,/media/product_images/large/111823474.jpg,/media/product_images/medium/111823474.jpg,
111823475,/media/product_images/large/111823475.jpg,/media/product_images/medium/111823475.jpg,
111823476,/media/product_images/large/111823476.jpg,/media/product_images/medium/111823476.jpg,
111823477,/media/product_images/large/111823477.jpg,/media/product_images/medium/111823477.jpg,
111823478,/media/product_images/large/111823478.jpg,/media/product_images/medium/111823478.jpg,
111823479,/media/product_images/large/111823479.jpg,/media/product_images/medium/111823479.jpg,
111823480,/media/product_images/large/111823480.jpg,/media/product_images/medium/111823480.jpg,
111823481,/media/product_images/large/111823481.jpg,/media/product_images/medium/111823481.jpg,
111823482,/media/product_images/large/111823482.jpg,/media/product_images/medium/111823482.jpg,
111823485,/media/product_images/large/111823485.jpg,/media/product_images/medium/111823485.jpg,
111823489,/media/product_images/large/111823489.jpg,/media/product_images/medium/111823489.jpg,
111823511,/media/product_images/large/111823511.jpg,/media/product_images/medium/111823511.jpg,
111823512,/media/product_images/large/111823512.jpg,/media/product_images/medium/111823512.jpg,
111823513,/media/product_images/large/111823513.jpg,/media/product_images/medium/111823513.jpg,
111823514,/media/product_images/large/111823514.jpg,/media/product_images/medium/111823514.jpg,
111823515,/media/product_images/large/111823515.jpg,/media/product_images/medium/111823515.jpg,
111823516,/media/product_images/large/111823516.jpg,/media/product_images/medium/111823516.jpg,
111823517,/media/product_images/large/111823517.jpg,/media/product_images/medium/111823517.jpg,
111823518,/media/product_images/large/111823518.jpg,/media/product_images/medium/111823518.jpg,
111823519,/media/product_images/large/111823519.jpg,/media/product_images/medium/111823519.jpg,
111823521,/media/product_images/large/111823521.jpg,/media/product_images/medium/111823521.jpg,
111823523,/media/product_images/large/111823523.jpg,/media/product_images/medium/111823523.jpg,
111823524,/media/product_images/large/111823524.jpg,/media/product_images/medium/111823524.jpg,
111823525,/media/product_images/large/111823525.jpg,/media/product_images/medium/111823525.jpg,
111823526,/media/product_images/large/111823526.jpg,/media/product_images/medium/111823526.jpg,
111823527,/media/product_images/large/111823527.jpg,/media/product_images/medium/111823527.jpg,
111823528,/media/product_images/large/111823528.jpg,/media/product_images/medium/111823528.jpg,
111823567,/media/product_images/large/111823567.jpg,/media/product_images/medium/111823567.jpg,
111823569,/media/product_images/large/111823569.jpg,/media/product_images/medium/111823569.jpg,
111823588,/media/product_images/large/111823588.jpg,/media/product_images/medium/111823588.jpg,
111823589,/media/product_images/large/111823589.jpg,/media/product_images/medium/111823589.jpg,
111823595,/media/product_images/large/111823595.jpg,/media/product_images/medium/111823595.jpg,
111823616,/media/product_images/large/111823616.jpg,/media/product_images/medium/111823616.jpg,
111823623,/media/product_images/large/111823623.jpg,/media/product_images/medium/111823623.jpg,
111823636,/media/product_images/large/111823636.jpg,/media/product_images/medium/111823636.jpg,
111823652,/media/product_images/large/111823652.jpg,/media/product_images/medium/111823652.jpg,
111823787,/media/product_images/large/111823787.jpg,/media/product_images/medium/111823787.jpg,
111823788,/media/product_images/large/111823788.jpg,/media/product_images/medium/111823788.jpg,
111823789,/media/product_images/large/111823789.jpg,/media/product_images/medium/111823789.jpg,
111823820,/media/product_images/large/111823820.jpg,/media/product_images/medium/111823820.jpg,
111823822,/media/product_images/large/111823822.jpg,/media/product_images/medium/111823822.jpg,
111823831,/media/product_images/large/111823831.jpg,/media/product_images/medium/111823831.jpg,
111823832,/media/product_images/large/111823832.jpg,/media/product_images/medium/111823832.jpg,
111823842,/media/product_images/large/111823842.jpg,/media/product_images/medium/111823842.jpg,
111823854,/media/product_images/large/111823854.jpg,/media/product_images/medium/111823854.jpg,
111823858,/media/product_images/large/111823858.jpg,/media/product_images/medium/111823858.jpg,
111823880,/media/product_images/large/111823880.jpg,/media/product_images/medium/111823880.jpg,
111823927,/media/product_images/large/111823927.jpg,/media/product_images/medium/111823927.jpg,
111823928,/media/product_images/large/111823928.jpg,/media/product_images/medium/111823928.jpg,
111823934,/media/product_images/large/111823934.jpg,/media/product_images/medium/111823934.jpg,
111823983,/media/product_images/large/111823983.jpg,/media/product_images/medium/111823983.jpg,
111823984,/media/product_images/large/111823984.jpg,/media/product_images/medium/111823984.jpg,
111823985,/media/product_images/large/111823985.jpg,/media/product_images/medium/111823985.jpg,
111824020,/media/product_images/large/111824020.jpg,/media/product_images/medium/111824020.jpg,
111824021,/media/product_images/large/111824021.jpg,/media/product_images/medium/111824021.jpg,
111824092,/media/product_images/large/111824092.jpg,/media/product_images/medium/111824092.jpg,
111824093,/media/product_images/large/111824093.jpg,/media/product_images/medium/111824093.jpg,
111824094,/media/product_images/large/111824094.jpg,/media/product_images/medium/111824094.jpg,
111824163,/media/product_images/large/111824163.jpg,/media/product_images/medium/111824163.jpg,
111824169,/media/product_images/large/111824169.jpg,/media/product_images/medium/111824169.jpg,
111824237,/media/product_images/large/111824237.jpg,/media/product_images/medium/111824237.jpg,
111824268,/media/product_images/large/111824268.jpg,/media/product_images/medium/111824268.jpg,
111824269,/media/product_images/large/111824269.jpg,/media/product_images/medium/111824269.jpg,
111824270,/media/product_images/large/111824270.jpg,/media/product_images/medium/111824270.jpg,
111824271,/media/product_images/large/111824271.jpg,/media/product_images/medium/111824271.jpg,
111824272,/media/product_images/large/111824272.jpg,/media/product_images/medium/111824272.jpg,
111824273,/media/product_images/large/111824273.jpg,/media/product_images/medium/111824273.jpg,
111824274,/media/product_images/large/111824274.jpg,/media/product_images/medium/111824274.jpg,
111824275,/media/product_images/large/111824275.jpg,/media/product_images/medium/111824275.jpg,
111824276,/media/product_images/large/111824276.jpg,/media/product_images/medium/111824276.jpg,
111824277,/media/product_images/large/111824277.jpg,/media/product_images/medium/111824277.jpg,
111824278,/media/product_images/large/111824278.jpg,/media/product_images/medium/111824278.jpg,
111824279,/media/product_images/large/111824279.jpg,/media/product_images/medium/111824279.jpg,
111824280,/media/product_images/large/111824280.jpg,/media/product_images/medium/111824280.jpg,
111824281,/media/product_images/large/111824281.jpg,/media/product_images/medium/111824281.jpg,
111824282,/media/product_images/large/111824282.jpg,/media/product_images/medium/111824282.jpg,
111824283,/media/product_images/large/111824283.jpg,/media/product_images/medium/111824283.jpg,
111824284,/media/product_images/large/111824284.jpg,/media/product_images/medium/111824284.jpg,
111824285,/media/product_images/large/111824285.jpg,/media/product_images/medium/111824285.jpg,
111824286,/media/product_images/large/111824286.jpg,/media/product_images/medium/111824286.jpg,
111824291,/media/product_images/large/111824291.jpg,/media/product_images/medium/111824291.jpg,
111824292,/media/product_images/large/111824292.jpg,/media/product_images/medium/111824292.jpg,
111824294,/media/product_images/large/111824294.jpg,/media/product_images/medium/111824294.jpg,
111824295,/media/product_images/large/111824295.jpg,/media/product_images/medium/111824295.jpg,
111824296,/media/product_images/large/111824296.jpg,/media/product_images/medium/111824296.jpg,
111824297,/media/product_images/large/111824297.jpg,/media/product_images/medium/111824297.jpg,
111824298,/media/product_images/large/111824298.jpg,/media/product_images/medium/111824298.jpg,
111824301,/media/product_images/large/111824301.jpg,/media/product_images/medium/111824301.jpg,
111824302,/media/product_images/large/111824302.jpg,/media/product_images/medium/111824302.jpg,
111824407,/media/product_images/large/111824407.jpg,/media/product_images/medium/111824407.jpg,
111824408,/media/product_images/large/111824408.jpg,/media/product_images/medium/111824408.jpg,
111824409,/media/product_images/large/111824409.jpg,/media/product_images/medium/111824409.jpg,
111824413,/media/product_images/large/111824413.jpg,/media/product_images/medium/111824413.jpg,
111824421,/media/product_images/large/111824421.jpg,/media/product_images/medium/111824421.jpg,
111824422,/media/product_images/large/111824422.jpg,/media/product_images/medium/111824422.jpg,
111824476,/media/product_images/large/111824476.jpg,/media/product_images/medium/111824476.jpg,
111824477,/media/product_images/large/111824477.jpg,/media/product_images/medium/111824477.jpg,
111824478,/media/product_images/large/111824478.jpg,/media/product_images/medium/111824478.jpg,
111824479,/media/product_images/large/111824479.jpg,/media/product_images/medium/111824479.jpg,
111824480,/media/product_images/large/111824480.jpg,/media/product_images/medium/111824480.jpg,
111824486,/media/product_images/large/111824486.jpg,/media/product_images/medium/111824486.jpg,
111824504,/media/product_images/large/111824504.jpg,/media/product_images/medium/111824504.jpg,
111824505,/media/product_images/large/111824505.jpg,/media/product_images/medium/111824505.jpg,
111824506,/media/product_images/large/111824506.jpg,/media/product_images/medium/111824506.jpg,
111824664,/media/product_images/large/111824664.jpg,/media/product_images/medium/111824664.jpg,
111824665,/media/product_images/large/111824665.jpg,/media/product_images/medium/111824665.jpg,
111824666,/media/product_images/large/111824666.jpg,/media/product_images/medium/111824666.jpg,
111824667,/media/product_images/large/111824667.jpg,/media/product_images/medium/111824667.jpg,
111824668,/media/product_images/large/111824668.jpg,/media/product_images/medium/111824668.jpg,
111824669,/media/product_images/large/111824669.jpg,/media/product_images/medium/111824669.jpg,
111824670,/media/product_images/large/111824670.jpg,/media/product_images/medium/111824670.jpg,
111824671,/media/product_images/large/111824671.jpg,/media/product_images/medium/111824671.jpg,
111824672,/media/product_images/large/111824672.jpg,/media/product_images/medium/111824672.jpg,
111824673,/media/product_images/large/111824673.jpg,/media/product_images/medium/111824673.jpg,
111824674,/media/product_images/large/111824674.jpg,/media/product_images/medium/111824674.jpg,
111824675,/media/product_images/large/111824675.jpg,/media/product_images/medium/111824675.jpg,
111824676,/media/product_images/large/111824676.jpg,/media/product_images/medium/111824676.jpg,
111824677,/media/product_images/large/111824677.jpg,/media/product_images/medium/111824677.jpg,
111824709,/media/product_images/large/111824709.jpg,/media/product_images/medium/111824709.jpg,
111824710,/media/product_images/large/111824710.jpg,/media/product_images/medium/111824710.jpg,
111824711,/media/product_images/large/111824711.jpg,/media/product_images/medium/111824711.jpg,
111824712,/media/product_images/large/111824712.jpg,/media/product_images/medium/111824712.jpg,
111824713,/media/product_images/large/111824713.jpg,/media/product_images/medium/111824713.jpg,
111824714,/media/product_images/large/111824714.jpg,/media/product_images/medium/111824714.jpg,
111824715,/media/product_images/large/111824715.jpg,/media/product_images/medium/111824715.jpg,
111824716,/media/product_images/large/111824716.jpg,/media/product_images/medium/111824716.jpg,
111824736,/media/product_images/large/111824736.jpg,/media/product_images/medium/111824736.jpg,
111824788,/media/product_images/large/111824788.jpg,/media/product_images/medium/111824788.jpg,
111824922,/media/product_images/large/111824922.jpg,/media/product_images/medium/111824922.jpg,
111825748,/media/product_images/large/111825748.jpg,/media/product_images/medium/111825748.jpg,
111825749,/media/product_images/large/111825749.jpg,/media/product_images/medium/111825749.jpg,
111825809,/media/product_images/large/111825809.jpg,/media/product_images/medium/111825809.jpg,
111826339,/media/product_images/large/111826339.jpg,/media/product_images/medium/111826339.jpg,
111826341,/media/product_images/large/111826341.jpg,/media/product_images/medium/111826341.jpg,
111826554,/media/product_images/large/111826554.jpg,/media/product_images/medium/111826554.jpg,
111826555,/media/product_images/large/111826555.jpg,/media/product_images/medium/111826555.jpg,
111826571,/media/product_images/large/111826571.jpg,/media/product_images/medium/111826571.jpg,
111826572,/media/product_images/large/111826572.jpg,/media/product_images/medium/111826572.jpg,
111826573,/media/product_images/large/111826573.jpg,/media/product_images/medium/111826573.jpg,
111826575,/media/product_images/large/111826575.jpg,/media/product_images/medium/111826575.jpg,
111826576,/media/product_images/large/111826576.jpg,/media/product_images/medium/111826576.jpg,
111826577,/media/product_images/large/111826577.jpg,/media/product_images/medium/111826577.jpg,
111826578,/media/product_images/large/111826578.jpg,/media/product_images/medium/111826578.jpg,
111826579,/media/product_images/large/111826579.jpg,/media/product_images/medium/111826579.jpg,
111826581,/media/product_images/large/111826581.jpg,/media/product_images/medium/111826581.jpg,
111826582,/media/product_images/large/111826582.jpg,/media/product_images/medium/111826582.jpg,
111826583,/media/product_images/large/111826583.jpg,/media/product_images/medium/111826583.jpg,
111826585,/media/product_images/large/111826585.jpg,/media/product_images/medium/111826585.jpg,
111826586,/media/product_images/large/111826586.jpg,/media/product_images/medium/111826586.jpg,
111826588,/media/product_images/large/111826588.jpg,/media/product_images/medium/111826588.jpg,
111826589,/media/product_images/large/111826589.jpg,/media/product_images/medium/111826589.jpg,
111826595,/media/product_images/large/111826595.jpg,/media/product_images/medium/111826595.jpg,
111826597,/media/product_images/large/111826597.jpg,/media/product_images/medium/111826597.jpg,
111826605,/media/product_images/large/111826605.jpg,/media/product_images/medium/111826605.jpg,
111826606,/media/product_images/large/111826606.jpg,/media/product_images/medium/111826606.jpg,
111826607,/media/product_images/large/111826607.jpg,/media/product_images/medium/111826607.jpg,
111826608,/media/product_images/large/111826608.jpg,/media/product_images/medium/111826608.jpg,
111826609,/media/product_images/large/111826609.jpg,/media/product_images/medium/111826609.jpg,
111826610,/media/product_images/large/111826610.jpg,/media/product_images/medium/111826610.jpg,
111826611,/media/product_images/large/111826611.jpg,/media/product_images/medium/111826611.jpg,
111826612,/media/product_images/large/111826612.jpg,/media/product_images/medium/111826612.jpg,
111826613,/media/product_images/large/111826613.jpg,/media/product_images/medium/111826613.jpg,
111826614,/media/product_images/large/111826614.jpg,/media/product_images/medium/111826614.jpg,
111826615,/media/product_images/large/111826615.jpg,/media/product_images/medium/111826615.jpg,
111826616,/media/product_images/large/111826616.jpg,/media/product_images/medium/111826616.jpg,
111826658,/media/product_images/large/111826658.jpg,/media/product_images/medium/111826658.jpg,
111826659,/media/product_images/large/111826659.jpg,/media/product_images/medium/111826659.jpg,
1119,/media/product_images/large/1119.jpg,/media/product_images/medium/1119.jpg,
112,/media/product_images/large/112.jpg,/media/product_images/medium/112.jpg,
1120,/media/product_images/large/1120.jpg,/media/product_images/medium/1120.jpg,
1120413,/media/product_images/large/1120413.jpg,/media/product_images/medium/1120413.jpg,
1121,/media/product_images/large/1121.jpg,/media/product_images/medium/1121.jpg,
1122,/media/product_images/large/1122.jpg,/media/product_images/medium/1122.jpg,
1123,/media/product_images/large/1123.jpg,/media/product_images/medium/1123.jpg,
1124,/media/product_images/large/1124.jpg,/media/product_images/medium/1124.jpg,
1125,/media/product_images/large/1125.jpg,/media/product_images/medium/1125.jpg,
1125003,/media/product_images/large/1125003.jpg,/media/product_images/medium/1125003.jpg,
1126,/media/product_images/large/1126.jpg,/media/product_images/medium/1126.jpg,
1127,/media/product_images/large/1127.jpg,/media/product_images/medium/1127.jpg,
1128,/media/product_images/large/1128.jpg,/media/product_images/medium/1128.jpg,
1129,/media/product_images/large/1129.jpg,/media/product_images/medium/1129.jpg,
113,/media/product_images/large/113.jpg,/media/product_images/medium/113.jpg,
1130,/media/product_images/large/1130.jpg,/media/product_images/medium/1130.jpg,
1131,/media/product_images/large/1131.jpg,/media/product_images/medium/1131.jpg,
1131903,/media/product_images/large/1131903.jpg,/media/product_images/medium/1131903.jpg,
1132,/media/product_images/large/1132.jpg,/media/product_images/medium/1132.jpg,
1133,/media/product_images/large/1133.jpg,/media/product_images/medium/1133.jpg,
1134,/media/product_images/large/1134.jpg,/media/product_images/medium/1134.jpg,
1135,/media/product_images/large/1135.jpg,/media/product_images/medium/1135.jpg,
114,/media/product_images/large/114.jpg,/media/product_images/medium/114.jpg,
1140590378,/media/product_images/large/1140590378.jpg,/media/product_images/medium/1140590378.jpg,
1140590379,/media/product_images/large/1140590379.jpg,/media/product_images/medium/1140590379.jpg,
1140590380,/media/product_images/large/1140590380.jpg,/media/product_images/medium/1140590380.jpg,
1140590381,/media/product_images/large/1140590381.jpg,/media/product_images/medium/1140590381.jpg,
1140590382,/media/product_images/large/1140590382.jpg,/media/product_images/medium/1140590382.jpg,
1140590383,/media/product_images/large/1140590383.jpg,/media/product_images/medium/1140590383.jpg,
1140590384,/media/product_images/large/1140590384.jpg,/media/product_images/medium/1140590384.jpg,
1140590385,/media/product_images/large/1140590385.jpg,/media/product_images/medium/1140590385.jpg,
1140590386,/media/product_images/large/1140590386.jpg,/media/product_images/medium/1140590386.jpg,
1140590387,/media/product_images/large/1140590387.jpg,/media/product_images/medium/1140590387.jpg,
1140590541,/media/product_images/large/1140590541.jpg,/media/product_images/medium/1140590541.jpg,
1140590591,/media/product_images/large/1140590591.jpg,/media/product_images/medium/1140590591.jpg,
1140590667,/media/product_images/large/1140590667.jpg,/media/product_images/medium/1140590667.jpg,
1140590668,/media/product_images/large/1140590668.jpg,/media/product_images/medium/1140590668.jpg,
1140590669,/media/product_images/large/1140590669.jpg,/media/product_images/medium/1140590669.jpg,
1140590670,/media/product_images/large/1140590670.jpg,/media/product_images/medium/1140590670.jpg,
1140590671,/media/product_images/large/1140590671.jpg,/media/product_images/medium/1140590671.jpg,
1140590836,/media/product_images/large/1140590836.jpg,/media/product_images/medium/1140590836.jpg,
1140590837,/media/product_images/large/1140590837.jpg,/media/product_images/medium/1140590837.jpg,
1140590896,/media/product_images/large/1140590896.jpg,/media/product_images/medium/1140590896.jpg,
1140590976,/media/product_images/large/1140590976.jpg,/media/product_images/medium/1140590976.jpg,
1140590977,/media/product_images/large/1140590977.jpg,/media/product_images/medium/1140590977.jpg,
1140590978,/media/product_images/large/1140590978.jpg,/media/product_images/medium/1140590978.jpg,
1140590979,/media/product_images/large/1140590979.jpg,/media/product_images/medium/1140590979.jpg,
1140591008,/media/product_images/large/1140591008.jpg,/media/product_images/medium/1140591008.jpg,
1140591009,/media/product_images/large/1140591009.jpg,/media/product_images/medium/1140591009.jpg,
1140591011,/media/product_images/large/1140591011.jpg,/media/product_images/medium/1140591011.jpg,
1140591012,/media/product_images/large/1140591012.jpg,/media/product_images/medium/1140591012.jpg,
1140591213,/media/product_images/large/1140591213.jpg,/media/product_images/medium/1140591213.jpg,
1140591215,/media/product_images/large/1140591215.jpg,/media/product_images/medium/1140591215.jpg,
1140591306,/media/product_images/large/1140591306.jpg,/media/product_images/medium/1140591306.jpg,
1140591338,/media/product_images/large/1140591338.jpg,/media/product_images/medium/1140591338.jpg,
1140591442,/media/product_images/large/1140591442.jpg,/media/product_images/medium/1140591442.jpg,
1140591548,/media/product_images/large/1140591548.jpg,/media/product_images/medium/1140591548.jpg,
1140591550,/media/product_images/large/1140591550.jpg,/media/product_images/medium/1140591550.jpg,
1140591551,/media/product_images/large/1140591551.jpg,/media/product_images/medium/1140591551.jpg,
1140591553,/media/product_images/large/1140591553.jpg,/media/product_images/medium/1140591553.jpg,
1140591586,/media/product_images/large/1140591586.jpg,/media/product_images/medium/1140591586.jpg,
1140591587,/media/product_images/large/1140591587.jpg,/media/product_images/medium/1140591587.jpg,
1140591606,/media/product_images/large/1140591606.jpg,/media/product_images/medium/1140591606.jpg,
1140591607,/media/product_images/large/1140591607.jpg,/media/product_images/medium/1140591607.jpg,
1140591608,/media/product_images/large/1140591608.jpg,/media/product_images/medium/1140591608.jpg,
1140591609,/media/product_images/large/1140591609.jpg,/media/product_images/medium/1140591609.jpg,
1140591610,/media/product_images/large/1140591610.jpg,/media/product_images/medium/1140591610.jpg,
1140591611,/media/product_images/large/1140591611.jpg,/media/product_images/medium/1140591611.jpg,
1140591612,/media/product_images/large/1140591612.jpg,/media/product_images/medium/1140591612.jpg,
1140591613,/media/product_images/large/1140591613.jpg,/media/product_images/medium/1140591613.jpg,
1140591697,/media/product_images/large/1140591697.jpg,/media/product_images/medium/1140591697.jpg,
1140591698,/media/product_images/large/1140591698.jpg,/media/product_images/medium/1140591698.jpg,
1140591707,/media/product_images/large/1140591707.jpg,/media/product_images/medium/1140591707.jpg,
1140591742,/media/product_images/large/1140591742.jpg,/media/product_images/medium/1140591742.jpg,
1140591743,/media/product_images/large/1140591743.jpg,/media/product_images/medium/1140591743.jpg,
1140591746,/media/product_images/large/1140591746.jpg,/media/product_images/medium/1140591746.jpg,
1140591747,/media/product_images/large/1140591747.jpg,/media/product_images/medium/1140591747.jpg,
1140591749,/media/product_images/large/1140591749.jpg,/media/product_images/medium/1140591749.jpg,
1140591750,/media/product_images/large/1140591750.jpg,/media/product_images/medium/1140591750.jpg,
1140591753,/media/product_images/large/1140591753.jpg,/media/product_images/medium/1140591753.jpg,
1140591754,/media/product_images/large/1140591754.jpg,/media/product_images/medium/1140591754.jpg,
1140591755,/media/product_images/large/1140591755.jpg,/media/product_images/medium/1140591755.jpg,
1140591756,/media/product_images/large/1140591756.jpg,/media/product_images/medium/1140591756.jpg,
1140591757,/media/product_images/large/1140591757.jpg,/media/product_images/medium/1140591757.jpg,
1140591942,/media/product_images/large/1140591942.jpg,/media/product_images/medium/1140591942.jpg,
1140591944,/media/product_images/large/1140591944.jpg,/media/product_images/medium/1140591944.jpg,
1140591952,/media/product_images/large/1140591952.jpg,/media/product_images/medium/1140591952.jpg,
1140591953,/media/product_images/large/1140591953.jpg,/media/product_images/medium/1140591953.jpg,
1140591998,/media/product_images/large/1140591998.jpg,/media/product_images/medium/1140591998.jpg,
1140591999,/media/product_images/large/1140591999.jpg,/media/product_images/medium/1140591999.jpg,
1140592014,/media/product_images/large/1140592014.jpg,/media/product_images/medium/1140592014.jpg,
1140592041,/media/product_images/large/1140592041.jpg,/media/product_images/medium/1140592041.jpg,
1140592045,/media/product_images/large/1140592045.jpg,/media/product_images/medium/1140592045.jpg,
1140592073,/media/product_images/large/1140592073.jpg,/media/product_images/medium/1140592073.jpg,
1140592074,/media/product_images/large/1140592074.jpg,/media/product_images/medium/1140592074.jpg,
1140592075,/media/product_images/large/1140592075.jpg,/media/product_images/medium/1140592075.jpg,
1140592076,/media/product_images/large/1140592076.jpg,/media/product_images/medium/1140592076.jpg,
1140592077,/media/product_images/large/1140592077.jpg,/media/product_images/medium/1140592077.jpg,
1140592143,/media/product_images/large/1140592143.jpg,/media/product_images/medium/1140592143.jpg,
1140592144,/media/product_images/large/1140592144.jpg,/media/product_images/medium/1140592144.jpg,
1140592145,/media/product_images/large/1140592145.jpg,/media/product_images/medium/1140592145.jpg,
1140592146,/media/product_images/large/1140592146.jpg,/media/product_images/medium/1140592146.jpg,
1140592147,/media/product_images/large/1140592147.jpg,/media/product_images/medium/1140592147.jpg,
1140592148,/media/product_images/large/1140592148.jpg,/media/product_images/medium/1140592148.jpg,
1140592149,/media/product_images/large/1140592149.jpg,/media/product_images/medium/1140592149.jpg,
1140592150,/media/product_images/large/1140592150.jpg,/media/product_images/medium/1140592150.jpg,
1140592151,/media/product_images/large/1140592151.jpg,/media/product_images/medium/1140592151.jpg,
1140592152,/media/product_images/large/1140592152.jpg,/media/product_images/medium/1140592152.jpg,
1140592153,/media/product_images/large/1140592153.jpg,/media/product_images/medium/1140592153.jpg,
1140592155,/media/product_images/large/1140592155.jpg,/media/product_images/medium/1140592155.jpg,
1140592156,/media/product_images/large/1140592156.jpg,/media/product_images/medium/1140592156.jpg,
1140592157,/media/product_images/large/1140592157.jpg,/media/product_images/medium/1140592157.jpg,
1140592158,/media/product_images/large/1140592158.jpg,/media/product_images/medium/1140592158.jpg,
1140592163,/media/product_images/large/1140592163.jpg,/media/product_images/medium/1140592163.jpg,
1140592164,/media/product_images/large/1140592164.jpg,/media/product_images/medium/1140592164.jpg,
1140592165,/media/product_images/large/1140592165.jpg,/media/product_images/medium/1140592165.jpg,
1140592166,/media/product_images/large/1140592166.jpg,/media/product_images/medium/1140592166.jpg,
1140592167,/media/product_images/large/1140592167.jpg,/media/product_images/medium/1140592167.jpg,
1140592171,/media/product_images/large/1140592171.jpg,/media/product_images/medium/1140592171.jpg,
1140592172,/media/product_images/large/1140592172.jpg,/media/product_images/medium/1140592172.jpg,
1140592174,/media/product_images/large/1140592174.jpg,/media/product_images/medium/1140592174.jpg,
1140592176,/media/product_images/large/1140592176.jpg,/media/product_images/medium/1140592176.jpg,
1140592177,/media/product_images/large/1140592177.jpg,/media/product_images/medium/1140592177.jpg,
1140592178,/media/product_images/large/1140592178.jpg,/media/product_images/medium/1140592178.jpg,
1140592258,/media/product_images/large/1140592258.jpg,/media/product_images/medium/1140592258.jpg,
1140592279,/media/product_images/large/1140592279.jpg,/media/product_images/medium/1140592279.jpg,
1140592280,/media/product_images/large/1140592280.jpg,/media/product_images/medium/1140592280.jpg,
1140592281,/media/product_images/large/1140592281.jpg,/media/product_images/medium/1140592281.jpg,
1140592283,/media/product_images/large/1140592283.jpg,/media/product_images/medium/1140592283.jpg,
1140592284,/media/product_images/large/1140592284.jpg,/media/product_images/medium/1140592284.jpg,
1140592285,/media/product_images/large/1140592285.jpg,/media/product_images/medium/1140592285.jpg,
1140592286,/media/product_images/large/1140592286.jpg,/media/product_images/medium/1140592286.jpg,
1140592287,/media/product_images/large/1140592287.jpg,/media/product_images/medium/1140592287.jpg,
1140592288,/media/product_images/large/1140592288.jpg,/media/product_images/medium/1140592288.jpg,
1140592289,/media/product_images/large/1140592289.jpg,/media/product_images/medium/1140592289.jpg,
1140592290,/media/product_images/large/1140592290.jpg,/media/product_images/medium/1140592290.jpg,
1140592359,/media/product_images/large/1140592359.jpg,/media/product_images/medium/1140592359.jpg,
1140592360,/media/product_images/large/1140592360.jpg,/media/product_images/medium/1140592360.jpg,
1140592361,/media/product_images/large/1140592361.jpg,/media/product_images/medium/1140592361.jpg,
1140592362,/media/product_images/large/1140592362.jpg,/media/product_images/medium/1140592362.jpg,
1140592436,/media/product_images/large/1140592436.jpg,/media/product_images/medium/1140592436.jpg,
1140592439,/media/product_images/large/1140592439.jpg,/media/product_images/medium/1140592439.jpg,
1140592440,/media/product_images/large/1140592440.jpg,/media/product_images/medium/1140592440.jpg,
1140592441,/media/product_images/large/1140592441.jpg,/media/product_images/medium/1140592441.jpg,
1140592442,/media/product_images/large/1140592442.jpg,/media/product_images/medium/1140592442.jpg,
1140592443,/media/product_images/large/1140592443.jpg,/media/product_images/medium/1140592443.jpg,
1140592444,/media/product_images/large/1140592444.jpg,/media/product_images/medium/1140592444.jpg,
1140592445,/media/product_images/large/1140592445.jpg,/media/product_images/medium/1140592445.jpg,
1140592446,/media/product_images/large/1140592446.jpg,/media/product_images/medium/1140592446.jpg,
1140592447,/media/product_images/large/1140592447.jpg,/media/product_images/medium/1140592447.jpg,
1140592448,/media/product_images/large/1140592448.jpg,/media/product_images/medium/1140592448.jpg,
1140592484,/media/product_images/large/1140592484.jpg,/media/product_images/medium/1140592484.jpg,
1140592485,/media/product_images/large/1140592485.jpg,/media/product_images/medium/1140592485.jpg,
1140592499,/media/product_images/large/1140592499.jpg,/media/product_images/medium/1140592499.jpg,
1140592504,/media/product_images/large/1140592504.jpg,/media/product_images/medium/1140592504.jpg,
1140592506,/media/product_images/large/1140592506.jpg,/media/product_images/medium/1140592506.jpg,
1140592507,/media/product_images/large/1140592507.jpg,/media/product_images/medium/1140592507.jpg,
1140592508,/media/product_images/large/1140592508.jpg,/media/product_images/medium/1140592508.jpg,
1140592510,/media/product_images/large/1140592510.jpg,/media/product_images/medium/1140592510.jpg,
1140592511,/media/product_images/large/1140592511.jpg,/media/product_images/medium/1140592511.jpg,
1140592512,/media/product_images/large/1140592512.jpg,/media/product_images/medium/1140592512.jpg,
1140592513,/media/product_images/large/1140592513.jpg,/media/product_images/medium/1140592513.jpg,
1140592514,/media/product_images/large/1140592514.jpg,/media/product_images/medium/1140592514.jpg,
1140592515,/media/product_images/large/1140592515.jpg,/media/product_images/medium/1140592515.jpg,
1140592541,/media/product_images/large/1140592541.jpg,/media/product_images/medium/1140592541.jpg,
1140592542,/media/product_images/large/1140592542.jpg,/media/product_images/medium/1140592542.jpg,
1140592543,/media/product_images/large/1140592543.jpg,/media/product_images/medium/1140592543.jpg,
1140592583,/media/product_images/large/1140592583.jpg,/media/product_images/medium/1140592583.jpg,
1140592706,/media/product_images/large/1140592706.jpg,/media/product_images/medium/1140592706.jpg,
1140592722,/media/product_images/large/1140592722.jpg,/media/product_images/medium/1140592722.jpg,
1140592729,/media/product_images/large/1140592729.jpg,/media/product_images/medium/1140592729.jpg,
1140592730,/media/product_images/large/1140592730.jpg,/media/product_images/medium/1140592730.jpg,
1140592861,/media/product_images/large/1140592861.jpg,/media/product_images/medium/1140592861.jpg,
1140593348,/media/product_images/large/1140593348.jpg,/media/product_images/medium/1140593348.jpg,
1140593477,/media/product_images/large/1140593477.jpg,/media/product_images/medium/1140593477.jpg,
1140593807,/media/product_images/large/1140593807.jpg,/media/product_images/medium/1140593807.jpg,
1140594448,/media/product_images/large/1140594448.jpg,/media/product_images/medium/1140594448.jpg,
1140594455,/media/product_images/large/1140594455.jpg,/media/product_images/medium/1140594455.jpg,
1140594456,/media/product_images/large/1140594456.jpg,/media/product_images/medium/1140594456.jpg,
1140594457,/media/product_images/large/1140594457.jpg,/media/product_images/medium/1140594457.jpg,
1140594708,/media/product_images/large/1140594708.jpg,/media/product_images/medium/1140594708.jpg,
1140594709,/media/product_images/large/1140594709.jpg,/media/product_images/medium/1140594709.jpg,
1140595161,/media/product_images/large/1140595161.jpg,/media/product_images/medium/1140595161.jpg,
1140595191,/media/product_images/large/1140595191.jpg,/media/product_images/medium/1140595191.jpg,
1140595751,/media/product_images/large/1140595751.jpg,/media/product_images/medium/1140595751.jpg,
1140595922,/media/product_images/large/1140595922.jpg,/media/product_images/medium/1140595922.jpg,
1140595931,/media/product_images/large/1140595931.jpg,/media/product_images/medium/1140595931.jpg,
1140595980,/media/product_images/large/1140595980.jpg,/media/product_images/medium/1140595980.jpg,
1140597051,/media/product_images/large/1140597051.jpg,/media/product_images/medium/1140597051.jpg,
1140597067,/media/product_images/large/1140597067.jpg,/media/product_images/medium/1140597067.jpg,
1140597068,/media/product_images/large/1140597068.jpg,/media/product_images/medium/1140597068.jpg,
1140597166,/media/product_images/large/1140597166.jpg,/media/product_images/medium/1140597166.jpg,
1140597167,/media/product_images/large/1140597167.jpg,/media/product_images/medium/1140597167.jpg,
1140597203,/media/product_images/large/1140597203.jpg,/media/product_images/medium/1140597203.jpg,
1140597337,/media/product_images/large/1140597337.jpg,/media/product_images/medium/1140597337.jpg,
1140597338,/media/product_images/large/1140597338.jpg,/media/product_images/medium/1140597338.jpg,
1140597339,/media/product_images/large/1140597339.jpg,/media/product_images/medium/1140597339.jpg,
1140597340,/media/product_images/large/1140597340.jpg,/media/product_images/medium/1140597340.jpg,
1140597341,/media/product_images/large/1140597341.jpg,/media/product_images/medium/1140597341.jpg,
1140597342,/media/product_images/large/1140597342.jpg,/media/product_images/medium/1140597342.jpg,
1140597668,/media/product_images/large/1140597668.jpg,/media/product_images/medium/1140597668.jpg,
1140597806,/media/product_images/large/1140597806.jpg,/media/product_images/medium/1140597806.jpg,
1140597926,/media/product_images/large/1140597926.jpg,/media/product_images/medium/1140597926.jpg,
1140598016,/media/product_images/large/1140598016.jpg,/media/product_images/medium/1140598016.jpg,
1140598017,/media/product_images/large/1140598017.jpg,/media/product_images/medium/1140598017.jpg,
1140598018,/media/product_images/large/1140598018.jpg,/media/product_images/medium/1140598018.jpg,
1140598420,/media/product_images/large/1140598420.jpg,/media/product_images/medium/1140598420.jpg,
1140598466,/media/product_images/large/1140598466.jpg,/media/product_images/medium/1140598466.jpg,
1140598505,/media/product_images/large/1140598505.jpg,/media/product_images/medium/1140598505.jpg,
1140598506,/media/product_images/large/1140598506.jpg,/media/product_images/medium/1140598506.jpg,
1140598523,/media/product_images/large/1140598523.jpg,/media/product_images/medium/1140598523.jpg,
1140598804,/media/product_images/large/1140598804.jpg,/media/product_images/medium/1140598804.jpg,
1140598811,/media/product_images/large/1140598811.jpg,/media/product_images/medium/1140598811.jpg,
1140598817,/media/product_images/large/1140598817.jpg,/media/product_images/medium/1140598817.jpg,
1140599055,/media/product_images/large/1140599055.jpg,/media/product_images/medium/1140599055.jpg,
1140599074,/media/product_images/large/1140599074.jpg,/media/product_images/medium/1140599074.jpg,
1140599214,/media/product_images/large/1140599214.jpg,/media/product_images/medium/1140599214.jpg,
1140599348,/media/product_images/large/1140599348.jpg,/media/product_images/medium/1140599348.jpg,
1140599349,/media/product_images/large/1140599349.jpg,/media/product_images/medium/1140599349.jpg,
1140599747,/media/product_images/large/1140599747.jpg,/media/product_images/medium/1140599747.jpg,
1140599748,/media/product_images/large/1140599748.jpg,/media/product_images/medium/1140599748.jpg,
1140599750,/media/product_images/large/1140599750.jpg,/media/product_images/medium/1140599750.jpg,
1140599751,/media/product_images/large/1140599751.jpg,/media/product_images/medium/1140599751.jpg,
1140599753,/media/product_images/large/1140599753.jpg,/media/product_images/medium/1140599753.jpg,
1140599754,/media/product_images/large/1140599754.jpg,/media/product_images/medium/1140599754.jpg,
1140599755,/media/product_images/large/1140599755.jpg,/media/product_images/medium/1140599755.jpg,
1140599756,/media/product_images/large/1140599756.jpg,/media/product_images/medium/1140599756.jpg,
1140599757,/media/product_images/large/1140599757.jpg,/media/product_images/medium/1140599757.jpg,
1140599758,/media/product_images/large/1140599758.jpg,/media/product_images/medium/1140599758.jpg,
1140599759,/media/product_images/large/1140599759.jpg,/media/product_images/medium/1140599759.jpg,
1140599760,/media/product_images/large/1140599760.jpg,/media/product_images/medium/1140599760.jpg,
1140599761,/media/product_images/large/1140599761.jpg,/media/product_images/medium/1140599761.jpg,
1140599762,/media/product_images/large/1140599762.jpg,/media/product_images/medium/1140599762.jpg,
1140599763,/media/product_images/large/1140599763.jpg,/media/product_images/medium/1140599763.jpg,
1140599764,/media/product_images/large/1140599764.jpg,/media/product_images/medium/1140599764.jpg,
1140599765,/media/product_images/large/1140599765.jpg,/media/product_images/medium/1140599765.jpg,
1140599766,/media/product_images/large/1140599766.jpg,/media/product_images/medium/1140599766.jpg,
1140599767,/media/product_images/large/1140599767.jpg,/media/product_images/medium/1140599767.jpg,
1140599768,/media/product_images/large/1140599768.jpg,/media/product_images/medium/1140599768.jpg,
1140599769,/media/product_images/large/1140599769.jpg,/media/product_images/medium/1140599769.jpg,
1140599791,/media/product_images/large/1140599791.jpg,/media/product_images/medium/1140599791.jpg,
1140599879,/media/product_images/large/1140599879.jpg,/media/product_images/medium/1140599879.jpg,
1140599880,/media/product_images/large/1140599880.jpg,/media/product_images/medium/1140599880.jpg,
1140599881,/media/product_images/large/1140599881.jpg,/media/product_images/medium/1140599881.jpg,
1140599882,/media/product_images/large/1140599882.jpg,/media/product_images/medium/1140599882.jpg,
1140599883,/media/product_images/large/1140599883.jpg,/media/product_images/medium/1140599883.jpg,
1140599884,/media/product_images/large/1140599884.jpg,/media/product_images/medium/1140599884.jpg,
1140600085,/media/product_images/large/1140600085.jpg,/media/product_images/medium/1140600085.jpg,
1140600234,/media/product_images/large/1140600234.jpg,/media/product_images/medium/1140600234.jpg,
1140600235,/media/product_images/large/1140600235.jpg,/media/product_images/medium/1140600235.jpg,
1140600236,/media/product_images/large/1140600236.jpg,/media/product_images/medium/1140600236.jpg,
1140600249,/media/product_images/large/1140600249.jpg,/media/product_images/medium/1140600249.jpg,
1140600250,/media/product_images/large/1140600250.jpg,/media/product_images/medium/1140600250.jpg,
1140600252,/media/product_images/large/1140600252.jpg,/media/product_images/medium/1140600252.jpg,
1140600253,/media/product_images/large/1140600253.jpg,/media/product_images/medium/1140600253.jpg,
1140600400,/media/product_images/large/1140600400.jpg,/media/product_images/medium/1140600400.jpg,
1140600401,/media/product_images/large/1140600401.jpg,/media/product_images/medium/1140600401.jpg,
1140600404,/media/product_images/large/1140600404.jpg,/media/product_images/medium/1140600404.jpg,
1140600405,/media/product_images/large/1140600405.jpg,/media/product_images/medium/1140600405.jpg,
1140600410,/media/product_images/large/1140600410.jpg,/media/product_images/medium/1140600410.jpg,
1140600457,/media/product_images/large/1140600457.jpg,/media/product_images/medium/1140600457.jpg,
1140600458,/media/product_images/large/1140600458.jpg,/media/product_images/medium/1140600458.jpg,
1140600460,/media/product_images/large/1140600460.jpg,/media/product_images/medium/1140600460.jpg,
1140600461,/media/product_images/large/1140600461.jpg,/media/product_images/medium/1140600461.jpg,
1140600462,/media/product_images/large/1140600462.jpg,/media/product_images/medium/1140600462.jpg,
1140600531,/media/product_images/large/1140600531.jpg,/media/product_images/medium/1140600531.jpg,
1140600554,/media/product_images/large/1140600554.jpg,/media/product_images/medium/1140600554.jpg,
1140600610,/media/product_images/large/1140600610.jpg,/media/product_images/medium/1140600610.jpg,
1140600621,/media/product_images/large/1140600621.jpg,/media/product_images/medium/1140600621.jpg,
1140600622,/media/product_images/large/1140600622.jpg,/media/product_images/medium/1140600622.jpg,
1140600627,/media/product_images/large/1140600627.jpg,/media/product_images/medium/1140600627.jpg,
1140600818,/media/product_images/large/1140600818.jpg,/media/product_images/medium/1140600818.jpg,
1140600819,/media/product_images/large/1140600819.jpg,/media/product_images/medium/1140600819.jpg,
1140600820,/media/product_images/large/1140600820.jpg,/media/product_images/medium/1140600820.jpg,
1140600821,/media/product_images/large/1140600821.jpg,/media/product_images/medium/1140600821.jpg,
1140600822,/media/product_images/large/1140600822.jpg,/media/product_images/medium/1140600822.jpg,
1140600823,/media/product_images/large/1140600823.jpg,/media/product_images/medium/1140600823.jpg,
1140600834,/media/product_images/large/1140600834.jpg,/media/product_images/medium/1140600834.jpg,
1140600835,/media/product_images/large/1140600835.jpg,/media/product_images/medium/1140600835.jpg,
1140600836,/media/product_images/large/1140600836.jpg,/media/product_images/medium/1140600836.jpg,
1140600837,/media/product_images/large/1140600837.jpg,/media/product_images/medium/1140600837.jpg,
1140600847,/media/product_images/large/1140600847.jpg,/media/product_images/medium/1140600847.jpg,
1140600848,/media/product_images/large/1140600848.jpg,/media/product_images/medium/1140600848.jpg,
1140600849,/media/product_images/large/1140600849.jpg,/media/product_images/medium/1140600849.jpg,
1140601223,/media/product_images/large/1140601223.jpg,/media/product_images/medium/1140601223.jpg,
1140601224,/media/product_images/large/1140601224.jpg,/media/product_images/medium/1140601224.jpg,
1140601225,/media/product_images/large/1140601225.jpg,/media/product_images/medium/1140601225.jpg,
1140601361,/media/product_images/large/1140601361.jpg,/media/product_images/medium/1140601361.jpg,
1140601362,/media/product_images/large/1140601362.jpg,/media/product_images/medium/1140601362.jpg,
1140601437,/media/product_images/large/1140601437.jpg,/media/product_images/medium/1140601437.jpg,
1140601540,/media/product_images/large/1140601540.jpg,/media/product_images/medium/1140601540.jpg,
1140601976,/media/product_images/large/1140601976.jpg,/media/product_images/medium/1140601976.jpg,
1140601977,/media/product_images/large/1140601977.jpg,/media/product_images/medium/1140601977.jpg,
1140601978,/media/product_images/large/1140601978.jpg,/media/product_images/medium/1140601978.jpg,
1140601979,/media/product_images/large/1140601979.jpg,/media/product_images/medium/1140601979.jpg,
1140601980,/media/product_images/large/1140601980.jpg,/media/product_images/medium/1140601980.jpg,
1140601981,/media/product_images/large/1140601981.jpg,/media/product_images/medium/1140601981.jpg,
1140601983,/media/product_images/large/1140601983.jpg,/media/product_images/medium/1140601983.jpg,
1140601984,/media/product_images/large/1140601984.jpg,/media/product_images/medium/1140601984.jpg,
1140602224,/media/product_images/large/1140602224.jpg,/media/product_images/medium/1140602224.jpg,
1140602225,/media/product_images/large/1140602225.jpg,/media/product_images/medium/1140602225.jpg,
1140602226,/media/product_images/large/1140602226.jpg,/media/product_images/medium/1140602226.jpg,
1140602227,/media/product_images/large/1140602227.jpg,/media/product_images/medium/1140602227.jpg,
1140602228,/media/product_images/large/1140602228.jpg,/media/product_images/medium/1140602228.jpg,
1140602429,/media/product_images/large/1140602429.jpg,/media/product_images/medium/1140602429.jpg,
1140602430,/media/product_images/large/1140602430.jpg,/media/product_images/medium/1140602430.jpg,
1140602535,/media/product_images/large/1140602535.jpg,/media/product_images/medium/1140602535.jpg,
1140602536,/media/product_images/large/1140602536.jpg,/media/product_images/medium/1140602536.jpg,
1140602537,/media/product_images/large/1140602537.jpg,/media/product_images/medium/1140602537.jpg,
1140602538,/media/product_images/large/1140602538.jpg,/media/product_images/medium/1140602538.jpg,
1140602539,/media/product_images/large/1140602539.jpg,/media/product_images/medium/1140602539.jpg,
1140602541,/media/product_images/large/1140602541.jpg,/media/product_images/medium/1140602541.jpg,
1140602542,/media/product_images/large/1140602542.jpg,/media/product_images/medium/1140602542.jpg,
1140602543,/media/product_images/large/1140602543.jpg,/media/product_images/medium/1140602543.jpg,
1140602544,/media/product_images/large/1140602544.jpg,/media/product_images/medium/1140602544.jpg,
1140602545,/media/product_images/large/1140602545.jpg,/media/product_images/medium/1140602545.jpg,
1140602546,/media/product_images/large/1140602546.jpg,/media/product_images/medium/1140602546.jpg,
1140602547,/media/product_images/large/1140602547.jpg,/media/product_images/medium/1140602547.jpg,
1140602548,/media/product_images/large/1140602548.jpg,/media/product_images/medium/1140602548.jpg,
1140602549,/media/product_images/large/1140602549.jpg,/media/product_images/medium/1140602549.jpg,
1140602574,/media/product_images/large/1140602574.jpg,/media/product_images/medium/1140602574.jpg,
1140602575,/media/product_images/large/1140602575.jpg,/media/product_images/medium/1140602575.jpg,
1140602577,/media/product_images/large/1140602577.jpg,/media/product_images/medium/1140602577.jpg,
1140602582,/media/product_images/large/1140602582.jpg,/media/product_images/medium/1140602582.jpg,
1140602584,/media/product_images/large/1140602584.jpg,/media/product_images/medium/1140602584.jpg,
1140602596,/media/product_images/large/1140602596.jpg,/media/product_images/medium/1140602596.jpg,
1140602597,/media/product_images/large/1140602597.jpg,/media/product_images/medium/1140602597.jpg,
1140602598,/media/product_images/large/1140602598.jpg,/media/product_images/medium/1140602598.jpg,
1140602599,/media/product_images/large/1140602599.jpg,/media/product_images/medium/1140602599.jpg,
1140602600,/media/product_images/large/1140602600.jpg,/media/product_images/medium/1140602600.jpg,
1140602605,/media/product_images/large/1140602605.jpg,/media/product_images/medium/1140602605.jpg,
1140602606,/media/product_images/large/1140602606.jpg,/media/product_images/medium/1140602606.jpg,
1140602607,/media/product_images/large/1140602607.jpg,/media/product_images/medium/1140602607.jpg,
1140602608,/media/product_images/large/1140602608.jpg,/media/product_images/medium/1140602608.jpg,
1140602611,/media/product_images/large/1140602611.jpg,/media/product_images/medium/1140602611.jpg,
1140602612,/media/product_images/large/1140602612.jpg,/media/product_images/medium/1140602612.jpg,
1140602629,/media/product_images/large/1140602629.jpg,/media/product_images/medium/1140602629.jpg,
1140602630,/media/product_images/large/1140602630.jpg,/media/product_images/medium/1140602630.jpg,
1140602631,/media/product_images/large/1140602631.jpg,/media/product_images/medium/1140602631.jpg,
1140602637,/media/product_images/large/1140602637.jpg,/media/product_images/medium/1140602637.jpg,
1140603102,/media/product_images/large/1140603102.jpg,/media/product_images/medium/1140603102.jpg,
1140603103,/media/product_images/large/1140603103.jpg,/media/product_images/medium/1140603103.jpg,
1140603105,/media/product_images/large/1140603105.jpg,/media/product_images/medium/1140603105.jpg,
1140603106,/media/product_images/large/1140603106.jpg,/media/product_images/medium/1140603106.jpg,
1140603325,/media/product_images/large/1140603325.jpg,/media/product_images/medium/1140603325.jpg,
1140603326,/media/product_images/large/1140603326.jpg,/media/product_images/medium/1140603326.jpg,
1140603327,/media/product_images/large/1140603327.jpg,/media/product_images/medium/1140603327.jpg,
1140603328,/media/product_images/large/1140603328.jpg,/media/product_images/medium/1140603328.jpg,
1140603329,/media/product_images/large/1140603329.jpg,/media/product_images/medium/1140603329.jpg,
1140603330,/media/product_images/large/1140603330.jpg,/media/product_images/medium/1140603330.jpg,
1140603331,/media/product_images/large/1140603331.jpg,/media/product_images/medium/1140603331.jpg,
1140603333,/media/product_images/large/1140603333.jpg,/media/product_images/medium/1140603333.jpg,
1140603334,/media/product_images/large/1140603334.jpg,/media/product_images/medium/1140603334.jpg,
1140603354,/media/product_images/large/1140603354.jpg,/media/product_images/medium/1140603354.jpg,
1140603355,/media/product_images/large/1140603355.jpg,/media/product_images/medium/1140603355.jpg,
1140603620,/media/product_images/large/1140603620.jpg,/media/product_images/medium/1140603620.jpg,
1140603621,/media/product_images/large/1140603621.jpg,/media/product_images/medium/1140603621.jpg,
1140603622,/media/product_images/large/1140603622.jpg,/media/product_images/medium/1140603622.jpg,
1140603625,/media/product_images/large/1140603625.jpg,/media/product_images/medium/1140603625.jpg,
1140603626,/media/product_images/large/1140603626.jpg,/media/product_images/medium/1140603626.jpg,
1140603627,/media/product_images/large/1140603627.jpg,/media/product_images/medium/1140603627.jpg,
1140603628,/media/product_images/large/1140603628.jpg,/media/product_images/medium/1140603628.jpg,
1140603629,/media/product_images/large/1140603629.jpg,/media/product_images/medium/1140603629.jpg,
1140603630,/media/product_images/large/1140603630.jpg,/media/product_images/medium/1140603630.jpg,
1140603631,/media/product_images/large/1140603631.jpg,/media/product_images/medium/1140603631.jpg,
1140603640,/media/product_images/large/1140603640.jpg,/media/product_images/medium/1140603640.jpg,
1140603641,/media/product_images/large/1140603641.jpg,/media/product_images/medium/1140603641.jpg,
1140603642,/media/product_images/large/1140603642.jpg,/media/product_images/medium/1140603642.jpg,
1140603643,/media/product_images/large/1140603643.jpg,/media/product_images/medium/1140603643.jpg,
1140603644,/media/product_images/large/1140603644.jpg,/media/product_images/medium/1140603644.jpg,
1140603645,/media/product_images/large/1140603645.jpg,/media/product_images/medium/1140603645.jpg,
1140603646,/media/product_images/large/1140603646.jpg,/media/product_images/medium/1140603646.jpg,
1140603647,/media/product_images/large/1140603647.jpg,/media/product_images/medium/1140603647.jpg,
1140603648,/media/product_images/large/1140603648.jpg,/media/product_images/medium/1140603648.jpg,
1140603649,/media/product_images/large/1140603649.jpg,/media/product_images/medium/1140603649.jpg,
1140603650,/media/product_images/large/1140603650.jpg,/media/product_images/medium/1140603650.jpg,
1140603651,/media/product_images/large/1140603651.jpg,/media/product_images/medium/1140603651.jpg,
1140603652,/media/product_images/large/1140603652.jpg,/media/product_images/medium/1140603652.jpg,
1140603653,/media/product_images/large/1140603653.jpg,/media/product_images/medium/1140603653.jpg,
1140603654,/media/product_images/large/1140603654.jpg,/media/product_images/medium/1140603654.jpg,
1140603707,/media/product_images/large/1140603707.jpg,/media/product_images/medium/1140603707.jpg,
1140603708,/media/product_images/large/1140603708.jpg,/media/product_images/medium/1140603708.jpg,
1140603709,/media/product_images/large/1140603709.jpg,/media/product_images/medium/1140603709.jpg,
1140603710,/media/product_images/large/1140603710.jpg,/media/product_images/medium/1140603710.jpg,
1140603711,/media/product_images/large/1140603711.jpg,/media/product_images/medium/1140603711.jpg,
1140603712,/media/product_images/large/1140603712.jpg,/media/product_images/medium/1140603712.jpg,
1140603713,/media/product_images/large/1140603713.jpg,/media/product_images/medium/1140603713.jpg,
1140603714,/media/product_images/large/1140603714.jpg,/media/product_images/medium/1140603714.jpg,
1140603715,/media/product_images/large/1140603715.jpg,/media/product_images/medium/1140603715.jpg,
1140603716,/media/product_images/large/1140603716.jpg,/media/product_images/medium/1140603716.jpg,
1140603717,/media/product_images/large/1140603717.jpg,/media/product_images/medium/1140603717.jpg,
1140603718,/media/product_images/large/1140603718.jpg,/media/product_images/medium/1140603718.jpg,
1140603732,/media/product_images/large/1140603732.jpg,/media/product_images/medium/1140603732.jpg,
1140603733,/media/product_images/large/1140603733.jpg,/media/product_images/medium/1140603733.jpg,
1140603734,/media/product_images/large/1140603734.jpg,/media/product_images/medium/1140603734.jpg,
1140603735,/media/product_images/large/1140603735.jpg,/media/product_images/medium/1140603735.jpg,
1140603736,/media/product_images/large/1140603736.jpg,/media/product_images/medium/1140603736.jpg,
1140603737,/media/product_images/large/1140603737.jpg,/media/product_images/medium/1140603737.jpg,
1140603738,/media/product_images/large/1140603738.jpg,/media/product_images/medium/1140603738.jpg,
1140603739,/media/product_images/large/1140603739.jpg,/media/product_images/medium/1140603739.jpg,
1140603740,/media/product_images/large/1140603740.jpg,/media/product_images/medium/1140603740.jpg,
1140603741,/media/product_images/large/1140603741.jpg,/media/product_images/medium/1140603741.jpg,
1140603743,/media/product_images/large/1140603743.jpg,/media/product_images/medium/1140603743.jpg,
1140603745,/media/product_images/large/1140603745.jpg,/media/product_images/medium/1140603745.jpg,
1140604005,/media/product_images/large/1140604005.jpg,/media/product_images/medium/1140604005.jpg,
1140604006,/media/product_images/large/1140604006.jpg,/media/product_images/medium/1140604006.jpg,
1140604064,/media/product_images/large/1140604064.jpg,/media/product_images/medium/1140604064.jpg,
1140604653,/media/product_images/large/1140604653.jpg,/media/product_images/medium/1140604653.jpg,
1140605428,/media/product_images/large/1140605428.jpg,/media/product_images/medium/1140605428.jpg,
1140605481,/media/product_images/large/1140605481.jpg,/media/product_images/medium/1140605481.jpg,
1140605482,/media/product_images/large/1140605482.jpg,/media/product_images/medium/1140605482.jpg,
1140605483,/media/product_images/large/1140605483.jpg,/media/product_images/medium/1140605483.jpg,
1140605484,/media/product_images/large/1140605484.jpg,/media/product_images/medium/1140605484.jpg,
1140605485,/media/product_images/large/1140605485.jpg,/media/product_images/medium/1140605485.jpg,
1140605486,/media/product_images/large/1140605486.jpg,/media/product_images/medium/1140605486.jpg,
1140605487,/media/product_images/large/1140605487.jpg,/media/product_images/medium/1140605487.jpg,
1140605488,/media/product_images/large/1140605488.jpg,/media/product_images/medium/1140605488.jpg,
1140605489,/media/product_images/large/1140605489.jpg,/media/product_images/medium/1140605489.jpg,
1140605490,/media/product_images/large/1140605490.jpg,/media/product_images/medium/1140605490.jpg,
1140605491,/media/product_images/large/1140605491.jpg,/media/product_images/medium/1140605491.jpg,
1140605492,/media/product_images/large/1140605492.jpg,/media/product_images/medium/1140605492.jpg,
1140605493,/media/product_images/large/1140605493.jpg,/media/product_images/medium/1140605493.jpg,
1140605494,/media/product_images/large/1140605494.jpg,/media/product_images/medium/1140605494.jpg,
1140605495,/media/product_images/large/1140605495.jpg,/media/product_images/medium/1140605495.jpg,
1140605496,/media/product_images/large/1140605496.jpg,/media/product_images/medium/1140605496.jpg,
1140605497,/media/product_images/large/1140605497.jpg,/media/product_images/medium/1140605497.jpg,
1140605498,/media/product_images/large/1140605498.jpg,/media/product_images/medium/1140605498.jpg,
1140605499,/media/product_images/large/1140605499.jpg,/media/product_images/medium/1140605499.jpg,
1140605717,/media/product_images/large/1140605717.jpg,/media/product_images/medium/1140605717.jpg,
1140605778,/media/product_images/large/1140605778.jpg,/media/product_images/medium/1140605778.jpg,
1140605779,/media/product_images/large/1140605779.jpg,/media/product_images/medium/1140605779.jpg,
1140605780,/media/product_images/large/1140605780.jpg,/media/product_images/medium/1140605780.jpg,
1140605781,/media/product_images/large/1140605781.jpg,/media/product_images/medium/1140605781.jpg,
1140605782,/media/product_images/large/1140605782.jpg,/media/product_images/medium/1140605782.jpg,
1140605784,/media/product_images/large/1140605784.jpg,/media/product_images/medium/1140605784.jpg,
1140605786,/media/product_images/large/1140605786.jpg,/media/product_images/medium/1140605786.jpg,
1140605787,/media/product_images/large/1140605787.jpg,/media/product_images/medium/1140605787.jpg,
1140605788,/media/product_images/large/1140605788.jpg,/media/product_images/medium/1140605788.jpg,
1140605789,/media/product_images/large/1140605789.jpg,/media/product_images/medium/1140605789.jpg,
1140605790,/media/product_images/large/1140605790.jpg,/media/product_images/medium/1140605790.jpg,
1140605791,/media/product_images/large/1140605791.jpg,/media/product_images/medium/1140605791.jpg,
1140605792,/media/product_images/large/1140605792.jpg,/media/product_images/medium/1140605792.jpg,
1140605809,/media/product_images/large/1140605809.jpg,/media/product_images/medium/1140605809.jpg,
1140605813,/media/product_images/large/1140605813.jpg,/media/product_images/medium/1140605813.jpg,
1140605814,/media/product_images/large/1140605814.jpg,/media/product_images/medium/1140605814.jpg,
1140605815,/media/product_images/large/1140605815.jpg,/media/product_images/medium/1140605815.jpg,
1140605843,/media/product_images/large/1140605843.jpg,/media/product_images/medium/1140605843.jpg,
1140605844,/media/product_images/large/1140605844.jpg,/media/product_images/medium/1140605844.jpg,
1140605846,/media/product_images/large/1140605846.jpg,/media/product_images/medium/1140605846.jpg,
1140605847,/media/product_images/large/1140605847.jpg,/media/product_images/medium/1140605847.jpg,
1140605848,/media/product_images/large/1140605848.jpg,/media/product_images/medium/1140605848.jpg,
1140605849,/media/product_images/large/1140605849.jpg,/media/product_images/medium/1140605849.jpg,
1140605850,/media/product_images/large/1140605850.jpg,/media/product_images/medium/1140605850.jpg,
1140605851,/media/product_images/large/1140605851.jpg,/media/product_images/medium/1140605851.jpg,
1140605853,/media/product_images/large/1140605853.jpg,/media/product_images/medium/1140605853.jpg,
1140605904,/media/product_images/large/1140605904.jpg,/media/product_images/medium/1140605904.jpg,
1140605921,/media/product_images/large/1140605921.jpg,/media/product_images/medium/1140605921.jpg,
1140605922,/media/product_images/large/1140605922.jpg,/media/product_images/medium/1140605922.jpg,
1140606054,/media/product_images/large/1140606054.jpg,/media/product_images/medium/1140606054.jpg,
1140606603,/media/product_images/large/1140606603.jpg,/media/product_images/medium/1140606603.jpg,
1140606604,/media/product_images/large/1140606604.jpg,/media/product_images/medium/1140606604.jpg,
1140606605,/media/product_images/large/1140606605.jpg,/media/product_images/medium/1140606605.jpg,
1140606696,/media/product_images/large/1140606696.jpg,/media/product_images/medium/1140606696.jpg,
1140607340,/media/product_images/large/1140607340.jpg,/media/product_images/medium/1140607340.jpg,
1140607341,/media/product_images/large/1140607341.jpg,/media/product_images/medium/1140607341.jpg,
1140607342,/media/product_images/large/1140607342.jpg,/media/product_images/medium/1140607342.jpg,
1140607343,/media/product_images/large/1140607343.jpg,/media/product_images/medium/1140607343.jpg,
1140607345,/media/product_images/large/1140607345.jpg,/media/product_images/medium/1140607345.jpg,
1140607354,/media/product_images/large/1140607354.jpg,/media/product_images/medium/1140607354.jpg,
1140607355,/media/product_images/large/1140607355.jpg,/media/product_images/medium/1140607355.jpg,
1140607356,/media/product_images/large/1140607356.jpg,/media/product_images/medium/1140607356.jpg,
1140607357,/media/product_images/large/1140607357.jpg,/media/product_images/medium/1140607357.jpg,
1140607367,/media/product_images/large/1140607367.jpg,/media/product_images/medium/1140607367.jpg,
1140607490,/media/product_images/large/1140607490.jpg,/media/product_images/medium/1140607490.jpg,
1140607491,/media/product_images/large/1140607491.jpg,/media/product_images/medium/1140607491.jpg,
1140607492,/media/product_images/large/1140607492.jpg,/media/product_images/medium/1140607492.jpg,
1140607493,/media/product_images/large/1140607493.jpg,/media/product_images/medium/1140607493.jpg,
1140607494,/media/product_images/large/1140607494.jpg,/media/product_images/medium/1140607494.jpg,
1140607496,/media/product_images/large/1140607496.jpg,/media/product_images/medium/1140607496.jpg,
1140607500,/media/product_images/large/1140607500.jpg,/media/product_images/medium/1140607500.jpg,
1140607501,/media/product_images/large/1140607501.jpg,/media/product_images/medium/1140607501.jpg,
1140607513,/media/product_images/large/1140607513.jpg,/media/product_images/medium/1140607513.jpg,
1140607796,/media/product_images/large/1140607796.jpg,/media/product_images/medium/1140607796.jpg,
1140607799,/media/product_images/large/1140607799.jpg,/media/product_images/medium/1140607799.jpg,
1140607800,/media/product_images/large/1140607800.jpg,/media/product_images/medium/1140607800.jpg,
1140607801,/media/product_images/large/1140607801.jpg,/media/product_images/medium/1140607801.jpg,
1140607802,/media/product_images/large/1140607802.jpg,/media/product_images/medium/1140607802.jpg,
1140607803,/media/product_images/large/1140607803.jpg,/media/product_images/medium/1140607803.jpg,
1140607804,/media/product_images/large/1140607804.jpg,/media/product_images/medium/1140607804.jpg,
1140607805,/media/product_images/large/1140607805.jpg,/media/product_images/medium/1140607805.jpg,
1140607806,/media/product_images/large/1140607806.jpg,/media/product_images/medium/1140607806.jpg,
1140607807,/media/product_images/large/1140607807.jpg,/media/product_images/medium/1140607807.jpg,
1140607825,/media/product_images/large/1140607825.jpg,/media/product_images/medium/1140607825.jpg,
1140608134,/media/product_images/large/1140608134.jpg,/media/product_images/medium/1140608134.jpg,
1140608135,/media/product_images/large/1140608135.jpg,/media/product_images/medium/1140608135.jpg,
1140608203,/media/product_images/large/1140608203.jpg,/media/product_images/medium/1140608203.jpg,
1140608204,/media/product_images/large/1140608204.jpg,/media/product_images/medium/1140608204.jpg,
1140608227,/media/product_images/large/1140608227.jpg,/media/product_images/medium/1140608227.jpg,
1140608264,/media/product_images/large/1140608264.jpg,/media/product_images/medium/1140608264.jpg,
1140608265,/media/product_images/large/1140608265.jpg,/media/product_images/medium/1140608265.jpg,
1140608266,/media/product_images/large/1140608266.jpg,/media/product_images/medium/1140608266.jpg,
1140608267,/media/product_images/large/1140608267.jpg,/media/product_images/medium/1140608267.jpg,
1140608274,/media/product_images/large/1140608274.jpg,/media/product_images/medium/1140608274.jpg,
1140608275,/media/product_images/large/1140608275.jpg,/media/product_images/medium/1140608275.jpg,
1140608276,/media/product_images/large/1140608276.jpg,/media/product_images/medium/1140608276.jpg,
1140608277,/media/product_images/large/1140608277.jpg,/media/product_images/medium/1140608277.jpg,
1140608278,/media/product_images/large/1140608278.jpg,/media/product_images/medium/1140608278.jpg,
1140608279,/media/product_images/large/1140608279.jpg,/media/product_images/medium/1140608279.jpg,
1140608280,/media/product_images/large/1140608280.jpg,/media/product_images/medium/1140608280.jpg,
1140608281,/media/product_images/large/1140608281.jpg,/media/product_images/medium/1140608281.jpg,
1140608283,/media/product_images/large/1140608283.jpg,/media/product_images/medium/1140608283.jpg,
1140608284,/media/product_images/large/1140608284.jpg,/media/product_images/medium/1140608284.jpg,
1140608285,/media/product_images/large/1140608285.jpg,/media/product_images/medium/1140608285.jpg,
1140608286,/media/product_images/large/1140608286.jpg,/media/product_images/medium/1140608286.jpg,
1140608287,/media/product_images/large/1140608287.jpg,/media/product_images/medium/1140608287.jpg,
1140608288,/media/product_images/large/1140608288.jpg,/media/product_images/medium/1140608288.jpg,
1140608289,/media/product_images/large/1140608289.jpg,/media/product_images/medium/1140608289.jpg,
1140608290,/media/product_images/large/1140608290.jpg,/media/product_images/medium/1140608290.jpg,
1140608291,/media/product_images/large/1140608291.jpg,/media/product_images/medium/1140608291.jpg,
1140608292,/media/product_images/large/1140608292.jpg,/media/product_images/medium/1140608292.jpg,
1140608293,/media/product_images/large/1140608293.jpg,/media/product_images/medium/1140608293.jpg,
1140608294,/media/product_images/large/1140608294.jpg,/media/product_images/medium/1140608294.jpg,
1140608295,/media/product_images/large/1140608295.jpg,/media/product_images/medium/1140608295.jpg,
1140608296,/media/product_images/large/1140608296.jpg,/media/product_images/medium/1140608296.jpg,
1140608297,/media/product_images/large/1140608297.jpg,/media/product_images/medium/1140608297.jpg,
1140608302,/media/product_images/large/1140608302.jpg,/media/product_images/medium/1140608302.jpg,
1140608303,/media/product_images/large/1140608303.jpg,/media/product_images/medium/1140608303.jpg,
1140608304,/media/product_images/large/1140608304.jpg,/media/product_images/medium/1140608304.jpg,
1140608305,/media/product_images/large/1140608305.jpg,/media/product_images/medium/1140608305.jpg,
1140608306,/media/product_images/large/1140608306.jpg,/media/product_images/medium/1140608306.jpg,
1140608307,/media/product_images/large/1140608307.jpg,/media/product_images/medium/1140608307.jpg,
1140608311,/media/product_images/large/1140608311.jpg,/media/product_images/medium/1140608311.jpg,
1140608312,/media/product_images/large/1140608312.jpg,/media/product_images/medium/1140608312.jpg,
1140608313,/media/product_images/large/1140608313.jpg,/media/product_images/medium/1140608313.jpg,
1140608716,/media/product_images/large/1140608716.jpg,/media/product_images/medium/1140608716.jpg,
1140608837,/media/product_images/large/1140608837.jpg,/media/product_images/medium/1140608837.jpg,
1140608839,/media/product_images/large/1140608839.jpg,/media/product_images/medium/1140608839.jpg,
1140608840,/media/product_images/large/1140608840.jpg,/media/product_images/medium/1140608840.jpg,
1140608841,/media/product_images/large/1140608841.jpg,/media/product_images/medium/1140608841.jpg,
1140608842,/media/product_images/large/1140608842.jpg,/media/product_images/medium/1140608842.jpg,
1140608843,/media/product_images/large/1140608843.jpg,/media/product_images/medium/1140608843.jpg,
1140608844,/media/product_images/large/1140608844.jpg,/media/product_images/medium/1140608844.jpg,
1140608845,/media/product_images/large/1140608845.jpg,/media/product_images/medium/1140608845.jpg,
1140608846,/media/product_images/large/1140608846.jpg,/media/product_images/medium/1140608846.jpg,
1140608847,/media/product_images/large/1140608847.jpg,/media/product_images/medium/1140608847.jpg,
1140608848,/media/product_images/large/1140608848.jpg,/media/product_images/medium/1140608848.jpg,
1140608852,/media/product_images/large/1140608852.jpg,/media/product_images/medium/1140608852.jpg,
1140608855,/media/product_images/large/1140608855.jpg,/media/product_images/medium/1140608855.jpg,
1140608857,/media/product_images/large/1140608857.jpg,/media/product_images/medium/1140608857.jpg,
1140608858,/media/product_images/large/1140608858.jpg,/media/product_images/medium/1140608858.jpg,
1140608860,/media/product_images/large/1140608860.jpg,/media/product_images/medium/1140608860.jpg,
1140608861,/media/product_images/large/1140608861.jpg,/media/product_images/medium/1140608861.jpg,
1140608862,/media/product_images/large/1140608862.jpg,/media/product_images/medium/1140608862.jpg,
1140608863,/media/product_images/large/1140608863.jpg,/media/product_images/medium/1140608863.jpg,
1140608864,/media/product_images/large/1140608864.jpg,/media/product_images/medium/1140608864.jpg,
1140608879,/media/product_images/large/1140608879.jpg,/media/product_images/medium/1140608879.jpg,
1140608880,/media/product_images/large/1140608880.jpg,/media/product_images/medium/1140608880.jpg,
1140608881,/media/product_images/large/1140608881.jpg,/media/product_images/medium/1140608881.jpg,
1140609029,/media/product_images/large/1140609029.jpg,/media/product_images/medium/1140609029.jpg,
1140609135,/media/product_images/large/1140609135.jpg,/media/product_images/medium/1140609135.jpg,
1140609605,/media/product_images/large/1140609605.jpg,/media/product_images/medium/1140609605.jpg,
1140609814,/media/product_images/large/1140609814.jpg,/media/product_images/medium/1140609814.jpg,
1140610221,/media/product_images/large/1140610221.jpg,/media/product_images/medium/1140610221.jpg,
1140610222,/media/product_images/large/1140610222.jpg,/media/product_images/medium/1140610222.jpg,
1140610224,/media/product_images/large/1140610224.jpg,/media/product_images/medium/1140610224.jpg,
1140610477,/media/product_images/large/1140610477.jpg,/media/product_images/medium/1140610477.jpg,
1140610478,/media/product_images/large/1140610478.jpg,/media/product_images/medium/1140610478.jpg,
1140610479,/media/product_images/large/1140610479.jpg,/media/product_images/medium/1140610479.jpg,
1140610480,/media/product_images/large/1140610480.jpg,/media/product_images/medium/1140610480.jpg,
1140610483,/media/product_images/large/1140610483.jpg,/media/product_images/medium/1140610483.jpg,
1140610484,/media/product_images/large/1140610484.jpg,/media/product_images/medium/1140610484.jpg,
1140610485,/media/product_images/large/1140610485.jpg,/media/product_images/medium/1140610485.jpg,
1140610486,/media/product_images/large/1140610486.jpg,/media/product_images/medium/1140610486.jpg,
1140610487,/media/product_images/large/1140610487.jpg,/media/product_images/medium/1140610487.jpg,
1140610488,/media/product_images/large/1140610488.jpg,/media/product_images/medium/1140610488.jpg,
1140610492,/media/product_images/large/1140610492.jpg,/media/product_images/medium/1140610492.jpg,
1140610493,/media/product_images/large/1140610493.jpg,/media/product_images/medium/1140610493.jpg,
1140610494,/media/product_images/large/1140610494.jpg,/media/product_images/medium/1140610494.jpg,
1140610573,/media/product_images/large/1140610573.jpg,/media/product_images/medium/1140610573.jpg,
1140610630,/media/product_images/large/1140610630.jpg,/media/product_images/medium/1140610630.jpg,
1140610639,/media/product_images/large/1140610639.jpg,/media/product_images/medium/1140610639.jpg,
1140610661,/media/product_images/large/1140610661.jpg,/media/product_images/medium/1140610661.jpg,
1140610738,/media/product_images/large/1140610738.jpg,/media/product_images/medium/1140610738.jpg,
1140610739,/media/product_images/large/1140610739.jpg,/media/product_images/medium/1140610739.jpg,
1140610740,/media/product_images/large/1140610740.jpg,/media/product_images/medium/1140610740.jpg,
1140610741,/media/product_images/large/1140610741.jpg,/media/product_images/medium/1140610741.jpg,
1140610854,/media/product_images/large/1140610854.jpg,/media/product_images/medium/1140610854.jpg,
1140610855,/media/product_images/large/1140610855.jpg,/media/product_images/medium/1140610855.jpg,
1140610856,/media/product_images/large/1140610856.jpg,/media/product_images/medium/1140610856.jpg,
1140610857,/media/product_images/large/1140610857.jpg,/media/product_images/medium/1140610857.jpg,
1140610858,/media/product_images/large/1140610858.jpg,/media/product_images/medium/1140610858.jpg,
1140610859,/media/product_images/large/1140610859.jpg,/media/product_images/medium/1140610859.jpg,
1140610863,/media/product_images/large/1140610863.jpg,/media/product_images/medium/1140610863.jpg,
1140611136,/media/product_images/large/1140611136.jpg,/media/product_images/medium/1140611136.jpg,
1140611137,/media/product_images/large/1140611137.jpg,/media/product_images/medium/1140611137.jpg,
1140611138,/media/product_images/large/1140611138.jpg,/media/product_images/medium/1140611138.jpg,
1140611474,/media/product_images/large/1140611474.jpg,/media/product_images/medium/1140611474.jpg,
1140611475,/media/product_images/large/1140611475.jpg,/media/product_images/medium/1140611475.jpg,
1140611621,/media/product_images/large/1140611621.jpg,/media/product_images/medium/1140611621.jpg,
1140611623,/media/product_images/large/1140611623.jpg,/media/product_images/medium/1140611623.jpg,
1140611624,/media/product_images/large/1140611624.jpg,/media/product_images/medium/1140611624.jpg,
1140611625,/media/product_images/large/1140611625.jpg,/media/product_images/medium/1140611625.jpg,
1140611626,/media/product_images/large/1140611626.jpg,/media/product_images/medium/1140611626.jpg,
1140611627,/media/product_images/large/1140611627.jpg,/media/product_images/medium/1140611627.jpg,
1140611638,/media/product_images/large/1140611638.jpg,/media/product_images/medium/1140611638.jpg,
1140611639,/media/product_images/large/1140611639.jpg,/media/product_images/medium/1140611639.jpg,
1140611640,/media/product_images/large/1140611640.jpg,/media/product_images/medium/1140611640.jpg,
1140611641,/media/product_images/large/1140611641.jpg,/media/product_images/medium/1140611641.jpg,
1140611642,/media/product_images/large/1140611642.jpg,/media/product_images/medium/1140611642.jpg,
1140611643,/media/product_images/large/1140611643.jpg,/media/product_images/medium/1140611643.jpg,
1140611649,/media/product_images/large/1140611649.jpg,/media/product_images/medium/1140611649.jpg,
1140611650,/media/product_images/large/1140611650.jpg,/media/product_images/medium/1140611650.jpg,
1140611651,/media/product_images/large/1140611651.jpg,/media/product_images/medium/1140611651.jpg,
1140611652,/media/product_images/large/1140611652.jpg,/media/product_images/medium/1140611652.jpg,
1140611653,/media/product_images/large/1140611653.jpg,/media/product_images/medium/1140611653.jpg,
1140611654,/media/product_images/large/1140611654.jpg,/media/product_images/medium/1140611654.jpg,
1140611655,/media/product_images/large/1140611655.jpg,/media/product_images/medium/1140611655.jpg,
1140611656,/media/product_images/large/1140611656.jpg,/media/product_images/medium/1140611656.jpg,
1140611657,/media/product_images/large/1140611657.jpg,/media/product_images/medium/1140611657.jpg,
1140611664,/media/product_images/large/1140611664.jpg,/media/product_images/medium/1140611664.jpg,
1140611665,/media/product_images/large/1140611665.jpg,/media/product_images/medium/1140611665.jpg,
1140611666,/media/product_images/large/1140611666.jpg,/media/product_images/medium/1140611666.jpg,
1140611672,/media/product_images/large/1140611672.jpg,/media/product_images/medium/1140611672.jpg,
1140611684,/media/product_images/large/1140611684.jpg,/media/product_images/medium/1140611684.jpg,
1140611704,/media/product_images/large/1140611704.jpg,/media/product_images/medium/1140611704.jpg,
1140611705,/media/product_images/large/1140611705.jpg,/media/product_images/medium/1140611705.jpg,
1140611715,/media/product_images/large/1140611715.jpg,/media/product_images/medium/1140611715.jpg,
1140611716,/media/product_images/large/1140611716.jpg,/media/product_images/medium/1140611716.jpg,
1140611717,/media/product_images/large/1140611717.jpg,/media/product_images/medium/1140611717.jpg,
1140611766,/media/product_images/large/1140611766.jpg,/media/product_images/medium/1140611766.jpg,
1140611767,/media/product_images/large/1140611767.jpg,/media/product_images/medium/1140611767.jpg,
1140611768,/media/product_images/large/1140611768.jpg,/media/product_images/medium/1140611768.jpg,
1140611769,/media/product_images/large/1140611769.jpg,/media/product_images/medium/1140611769.jpg,
1140611770,/media/product_images/large/1140611770.jpg,/media/product_images/medium/1140611770.jpg,
1140611771,/media/product_images/large/1140611771.jpg,/media/product_images/medium/1140611771.jpg,
1140611772,/media/product_images/large/1140611772.jpg,/media/product_images/medium/1140611772.jpg,
1140611773,/media/product_images/large/1140611773.jpg,/media/product_images/medium/1140611773.jpg,
1140611776,/media/product_images/large/1140611776.jpg,/media/product_images/medium/1140611776.jpg,
1140611778,/media/product_images/large/1140611778.jpg,/media/product_images/medium/1140611778.jpg,
1140611808,/media/product_images/large/1140611808.jpg,/media/product_images/medium/1140611808.jpg,
1140611809,/media/product_images/large/1140611809.jpg,/media/product_images/medium/1140611809.jpg,
1140611811,/media/product_images/large/1140611811.jpg,/media/product_images/medium/1140611811.jpg,
1140611813,/media/product_images/large/1140611813.jpg,/media/product_images/medium/1140611813.jpg,
1140611815,/media/product_images/large/1140611815.jpg,/media/product_images/medium/1140611815.jpg,
1140611993,/media/product_images/large/1140611993.jpg,/media/product_images/medium/1140611993.jpg,
1140612159,/media/product_images/large/1140612159.jpg,/media/product_images/medium/1140612159.jpg,
1140612161,/media/product_images/large/1140612161.jpg,/media/product_images/medium/1140612161.jpg,
1140612166,/media/product_images/large/1140612166.jpg,/media/product_images/medium/1140612166.jpg,
1140612167,/media/product_images/large/1140612167.jpg,/media/product_images/medium/1140612167.jpg,
1140612168,/media/product_images/large/1140612168.jpg,/media/product_images/medium/1140612168.jpg,
1140612169,/media/product_images/large/1140612169.jpg,/media/product_images/medium/1140612169.jpg,
1140612170,/media/product_images/large/1140612170.jpg,/media/product_images/medium/1140612170.jpg,
1140612171,/media/product_images/large/1140612171.jpg,/media/product_images/medium/1140612171.jpg,
1140612172,/media/product_images/large/1140612172.jpg,/media/product_images/medium/1140612172.jpg,
1140612173,/media/product_images/large/1140612173.jpg,/media/product_images/medium/1140612173.jpg,
1140612174,/media/product_images/large/1140612174.jpg,/media/product_images/medium/1140612174.jpg,
1140612175,/media/product_images/large/1140612175.jpg,/media/product_images/medium/1140612175.jpg,
1140612176,/media/product_images/large/1140612176.jpg,/media/product_images/medium/1140612176.jpg,
1140612177,/media/product_images/large/1140612177.jpg,/media/product_images/medium/1140612177.jpg,
1140612183,/media/product_images/large/1140612183.jpg,/media/product_images/medium/1140612183.jpg,
1140612185,/media/product_images/large/1140612185.jpg,/media/product_images/medium/1140612185.jpg,
1140612186,/media/product_images/large/1140612186.jpg,/media/product_images/medium/1140612186.jpg,
1140612351,/media/product_images/large/1140612351.jpg,/media/product_images/medium/1140612351.jpg,
1140612352,/media/product_images/large/1140612352.jpg,/media/product_images/medium/1140612352.jpg,
1140612353,/media/product_images/large/1140612353.jpg,/media/product_images/medium/1140612353.jpg,
1140612354,/media/product_images/large/1140612354.jpg,/media/product_images/medium/1140612354.jpg,
1140612355,/media/product_images/large/1140612355.jpg,/media/product_images/medium/1140612355.jpg,
1140612356,/media/product_images/large/1140612356.jpg,/media/product_images/medium/1140612356.jpg,
1140612357,/media/product_images/large/1140612357.jpg,/media/product_images/medium/1140612357.jpg,
1140612358,/media/product_images/large/1140612358.jpg,/media/product_images/medium/1140612358.jpg,
1140612359,/media/product_images/large/1140612359.jpg,/media/product_images/medium/1140612359.jpg,
1140612372,/media/product_images/large/1140612372.jpg,/media/product_images/medium/1140612372.jpg,
1140612373,/media/product_images/large/1140612373.jpg,/media/product_images/medium/1140612373.jpg,
1140612375,/media/product_images/large/1140612375.jpg,/media/product_images/medium/1140612375.jpg,
1140612376,/media/product_images/large/1140612376.jpg,/media/product_images/medium/1140612376.jpg,
1140612377,/media/product_images/large/1140612377.jpg,/media/product_images/medium/1140612377.jpg,
1140612378,/media/product_images/large/1140612378.jpg,/media/product_images/medium/1140612378.jpg,
1140612391,/media/product_images/large/1140612391.jpg,/media/product_images/medium/1140612391.jpg,
1140612400,/media/product_images/large/1140612400.jpg,/media/product_images/medium/1140612400.jpg,
1140612401,/media/product_images/large/1140612401.jpg,/media/product_images/medium/1140612401.jpg,
1140612402,/media/product_images/large/1140612402.jpg,/media/product_images/medium/1140612402.jpg,
1140612403,/media/product_images/large/1140612403.jpg,/media/product_images/medium/1140612403.jpg,
1140612404,/media/product_images/large/1140612404.jpg,/media/product_images/medium/1140612404.jpg,
1140612409,/media/product_images/large/1140612409.jpg,/media/product_images/medium/1140612409.jpg,
1140612410,/media/product_images/large/1140612410.jpg,/media/product_images/medium/1140612410.jpg,
1140612411,/media/product_images/large/1140612411.jpg,/media/product_images/medium/1140612411.jpg,
1140612412,/media/product_images/large/1140612412.jpg,/media/product_images/medium/1140612412.jpg,
1140612413,/media/product_images/large/1140612413.jpg,/media/product_images/medium/1140612413.jpg,
1140612566,/media/product_images/large/1140612566.jpg,/media/product_images/medium/1140612566.jpg,
1140612567,/media/product_images/large/1140612567.jpg,/media/product_images/medium/1140612567.jpg,
1140612568,/media/product_images/large/1140612568.jpg,/media/product_images/medium/1140612568.jpg,
1140612569,/media/product_images/large/1140612569.jpg,/media/product_images/medium/1140612569.jpg,
1140612585,/media/product_images/large/1140612585.jpg,/media/product_images/medium/1140612585.jpg,
1140612953,/media/product_images/large/1140612953.jpg,/media/product_images/medium/1140612953.jpg,
1140612954,/media/product_images/large/1140612954.jpg,/media/product_images/medium/1140612954.jpg,
1140612955,/media/product_images/large/1140612955.jpg,/media/product_images/medium/1140612955.jpg,
1140612956,/media/product_images/large/1140612956.jpg,/media/product_images/medium/1140612956.jpg,
1140612957,/media/product_images/large/1140612957.jpg,/media/product_images/medium/1140612957.jpg,
1140612958,/media/product_images/large/1140612958.jpg,/media/product_images/medium/1140612958.jpg,
1140612959,/media/product_images/large/1140612959.jpg,/media/product_images/medium/1140612959.jpg,
1140612960,/media/product_images/large/1140612960.jpg,/media/product_images/medium/1140612960.jpg,
1140612961,/media/product_images/large/1140612961.jpg,/media/product_images/medium/1140612961.jpg,
1140612962,/media/product_images/large/1140612962.jpg,/media/product_images/medium/1140612962.jpg,
1140612963,/media/product_images/large/1140612963.jpg,/media/product_images/medium/1140612963.jpg,
1140612964,/media/product_images/large/1140612964.jpg,/media/product_images/medium/1140612964.jpg,
1140612965,/media/product_images/large/1140612965.jpg,/media/product_images/medium/1140612965.jpg,
1140612966,/media/product_images/large/1140612966.jpg,/media/product_images/medium/1140612966.jpg,
1140612969,/media/product_images/large/1140612969.jpg,/media/product_images/medium/1140612969.jpg,
1140612970,/media/product_images/large/1140612970.jpg,/media/product_images/medium/1140612970.jpg,
1140613011,/media/product_images/large/1140613011.jpg,/media/product_images/medium/1140613011.jpg,
1140613012,/media/product_images/large/1140613012.jpg,/media/product_images/medium/1140613012.jpg,
1140613013,/media/product_images/large/1140613013.jpg,/media/product_images/medium/1140613013.jpg,
1140613014,/media/product_images/large/1140613014.jpg,/media/product_images/medium/1140613014.jpg,
1140613015,/media/product_images/large/1140613015.jpg,/media/product_images/medium/1140613015.jpg,
1140613033,/media/product_images/large/1140613033.jpg,/media/product_images/medium/1140613033.jpg,
1140613108,/media/product_images/large/1140613108.jpg,/media/product_images/medium/1140613108.jpg,
1140613109,/media/product_images/large/1140613109.jpg,/media/product_images/medium/1140613109.jpg,
1140613140,/media/product_images/large/1140613140.jpg,/media/product_images/medium/1140613140.jpg,
1140613328,/media/product_images/large/1140613328.jpg,/media/product_images/medium/1140613328.jpg,
1140613329,/media/product_images/large/1140613329.jpg,/media/product_images/medium/1140613329.jpg,
1140613330,/media/product_images/large/1140613330.jpg,/media/product_images/medium/1140613330.jpg,
1140613403,/media/product_images/large/1140613403.jpg,/media/product_images/medium/1140613403.jpg,
1140613632,/media/product_images/large/1140613632.jpg,/media/product_images/medium/1140613632.jpg,
1140613634,/media/product_images/large/1140613634.jpg,/media/product_images/medium/1140613634.jpg,
1140613638,/media/product_images/large/1140613638.jpg,/media/product_images/medium/1140613638.jpg,
1140613639,/media/product_images/large/1140613639.jpg,/media/product_images/medium/1140613639.jpg,
1140613640,/media/product_images/large/1140613640.jpg,/media/product_images/medium/1140613640.jpg,
1140613641,/media/product_images/large/1140613641.jpg,/media/product_images/medium/1140613641.jpg,
1140613642,/media/product_images/large/1140613642.jpg,/media/product_images/medium/1140613642.jpg,
1140613648,/media/product_images/large/1140613648.jpg,/media/product_images/medium/1140613648.jpg,
1140613649,/media/product_images/large/1140613649.jpg,/media/product_images/medium/1140613649.jpg,
1140613650,/media/product_images/large/1140613650.jpg,/media/product_images/medium/1140613650.jpg,
1140613652,/media/product_images/large/1140613652.jpg,/media/product_images/medium/1140613652.jpg,
1140613657,/media/product_images/large/1140613657.jpg,/media/product_images/medium/1140613657.jpg,
1140613658,/media/product_images/large/1140613658.jpg,/media/product_images/medium/1140613658.jpg,
1140613662,/media/product_images/large/1140613662.jpg,/media/product_images/medium/1140613662.jpg,
1140613664,/media/product_images/large/1140613664.jpg,/media/product_images/medium/1140613664.jpg,
1140613665,/media/product_images/large/1140613665.jpg,/media/product_images/medium/1140613665.jpg,
1140613666,/media/product_images/large/1140613666.jpg,/media/product_images/medium/1140613666.jpg,
1140613667,/media/product_images/large/1140613667.jpg,/media/product_images/medium/1140613667.jpg,
1140613668,/media/product_images/large/1140613668.jpg,/media/product_images/medium/1140613668.jpg,
1140613669,/media/product_images/large/1140613669.jpg,/media/product_images/medium/1140613669.jpg,
1140613702,/media/product_images/large/1140613702.jpg,/media/product_images/medium/1140613702.jpg,
1140613703,/media/product_images/large/1140613703.jpg,/media/product_images/medium/1140613703.jpg,
1140613704,/media/product_images/large/1140613704.jpg,/media/product_images/medium/1140613704.jpg,
1140613705,/media/product_images/large/1140613705.jpg,/media/product_images/medium/1140613705.jpg,
1140613706,/media/product_images/large/1140613706.jpg,/media/product_images/medium/1140613706.jpg,
1140613707,/media/product_images/large/1140613707.jpg,/media/product_images/medium/1140613707.jpg,
1140613710,/media/product_images/large/1140613710.jpg,/media/product_images/medium/1140613710.jpg,
1140613711,/media/product_images/large/1140613711.jpg,/media/product_images/medium/1140613711.jpg,
1140613714,/media/product_images/large/1140613714.jpg,/media/product_images/medium/1140613714.jpg,
1140613715,/media/product_images/large/1140613715.jpg,/media/product_images/medium/1140613715.jpg,
1140613716,/media/product_images/large/1140613716.jpg,/media/product_images/medium/1140613716.jpg,
1140613717,/media/product_images/large/1140613717.jpg,/media/product_images/medium/1140613717.jpg,
1140613718,/media/product_images/large/1140613718.jpg,/media/product_images/medium/1140613718.jpg,
1140613719,/media/product_images/large/1140613719.jpg,/media/product_images/medium/1140613719.jpg,
1140613721,/media/product_images/large/1140613721.jpg,/media/product_images/medium/1140613721.jpg,
1140613723,/media/product_images/large/1140613723.jpg,/media/product_images/medium/1140613723.jpg,
1140613727,/media/product_images/large/1140613727.jpg,/media/product_images/medium/1140613727.jpg,
1140613728,/media/product_images/large/1140613728.jpg,/media/product_images/medium/1140613728.jpg,
1140613729,/media/product_images/large/1140613729.jpg,/media/product_images/medium/1140613729.jpg,
1140613730,/media/product_images/large/1140613730.jpg,/media/product_images/medium/1140613730.jpg,
1140613731,/media/product_images/large/1140613731.jpg,/media/product_images/medium/1140613731.jpg,
1140613732,/media/product_images/large/1140613732.jpg,/media/product_images/medium/1140613732.jpg,
1140613733,/media/product_images/large/1140613733.jpg,/media/product_images/medium/1140613733.jpg,
1140613734,/media/product_images/large/1140613734.jpg,/media/product_images/medium/1140613734.jpg,
1140613735,/media/product_images/large/1140613735.jpg,/media/product_images/medium/1140613735.jpg,
1140613736,/media/product_images/large/1140613736.jpg,/media/product_images/medium/1140613736.jpg,
1140613737,/media/product_images/large/1140613737.jpg,/media/product_images/medium/1140613737.jpg,
1140613738,/media/product_images/large/1140613738.jpg,/media/product_images/medium/1140613738.jpg,
1140613739,/media/product_images/large/1140613739.jpg,/media/product_images/medium/1140613739.jpg,
1140613742,/media/product_images/large/1140613742.jpg,/media/product_images/medium/1140613742.jpg,
1140613743,/media/product_images/large/1140613743.jpg,/media/product_images/medium/1140613743.jpg,
1140613744,/media/product_images/large/1140613744.jpg,/media/product_images/medium/1140613744.jpg,
1140613745,/media/product_images/large/1140613745.jpg,/media/product_images/medium/1140613745.jpg,
1140613746,/media/product_images/large/1140613746.jpg,/media/product_images/medium/1140613746.jpg,
1140613747,/media/product_images/large/1140613747.jpg,/media/product_images/medium/1140613747.jpg,
1140613748,/media/product_images/large/1140613748.jpg,/media/product_images/medium/1140613748.jpg,
1140613749,/media/product_images/large/1140613749.jpg,/media/product_images/medium/1140613749.jpg,
1140613750,/media/product_images/large/1140613750.jpg,/media/product_images/medium/1140613750.jpg,
1140613751,/media/product_images/large/1140613751.jpg,/media/product_images/medium/1140613751.jpg,
1140613922,/media/product_images/large/1140613922.jpg,/media/product_images/medium/1140613922.jpg,
1140614077,/media/product_images/large/1140614077.jpg,/media/product_images/medium/1140614077.jpg,
1140614078,/media/product_images/large/1140614078.jpg,/media/product_images/medium/1140614078.jpg,
1140614079,/media/product_images/large/1140614079.jpg,/media/product_images/medium/1140614079.jpg,
1140614080,/media/product_images/large/1140614080.jpg,/media/product_images/medium/1140614080.jpg,
1140614081,/media/product_images/large/1140614081.jpg,/media/product_images/medium/1140614081.jpg,
1140614082,/media/product_images/large/1140614082.jpg,/media/product_images/medium/1140614082.jpg,
1140614083,/media/product_images/large/1140614083.jpg,/media/product_images/medium/1140614083.jpg,
1140614084,/media/product_images/large/1140614084.jpg,/media/product_images/medium/1140614084.jpg,
1140614085,/media/product_images/large/1140614085.jpg,/media/product_images/medium/1140614085.jpg,
1140614086,/media/product_images/large/1140614086.jpg,/media/product_images/medium/1140614086.jpg,
1140614087,/media/product_images/large/1140614087.jpg,/media/product_images/medium/1140614087.jpg,
1140614153,/media/product_images/large/1140614153.jpg,/media/product_images/medium/1140614153.jpg,
1140614154,/media/product_images/large/1140614154.jpg,/media/product_images/medium/1140614154.jpg,
1140614155,/media/product_images/large/1140614155.jpg,/media/product_images/medium/1140614155.jpg,
1140614156,/media/product_images/large/1140614156.jpg,/media/product_images/medium/1140614156.jpg,
1140614157,/media/product_images/large/1140614157.jpg,/media/product_images/medium/1140614157.jpg,
1140614158,/media/product_images/large/1140614158.jpg,/media/product_images/medium/1140614158.jpg,
1140614159,/media/product_images/large/1140614159.jpg,/media/product_images/medium/1140614159.jpg,
1140614160,/media/product_images/large/1140614160.jpg,/media/product_images/medium/1140614160.jpg,
1140614161,/media/product_images/large/1140614161.jpg,/media/product_images/medium/1140614161.jpg,
1140614162,/media/product_images/large/1140614162.jpg,/media/product_images/medium/1140614162.jpg,
1140614163,/media/product_images/large/1140614163.jpg,/media/product_images/medium/1140614163.jpg,
1140614164,/media/product_images/large/1140614164.jpg,/media/product_images/medium/1140614164.jpg,
1140614165,/media/product_images/large/1140614165.jpg,/media/product_images/medium/1140614165.jpg,
1140614166,/media/product_images/large/1140614166.jpg,/media/product_images/medium/1140614166.jpg,
1140614169,/media/product_images/large/1140614169.jpg,/media/product_images/medium/1140614169.jpg,
1140614170,/media/product_images/large/1140614170.jpg,/media/product_images/medium/1140614170.jpg,
1140614171,/media/product_images/large/1140614171.jpg,/media/product_images/medium/1140614171.jpg,
1140614172,/media/product_images/large/1140614172.jpg,/media/product_images/medium/1140614172.jpg,
1140614245,/media/product_images/large/1140614245.jpg,/media/product_images/medium/1140614245.jpg,
1140614246,/media/product_images/large/1140614246.jpg,/media/product_images/medium/1140614246.jpg,
1140614247,/media/product_images/large/1140614247.jpg,/media/product_images/medium/1140614247.jpg,
1140614560,/media/product_images/large/1140614560.jpg,/media/product_images/medium/1140614560.jpg,
1140614561,/media/product_images/large/1140614561.jpg,/media/product_images/medium/1140614561.jpg,
1140614562,/media/product_images/large/1140614562.jpg,/media/product_images/medium/1140614562.jpg,
1140614563,/media/product_images/large/1140614563.jpg,/media/product_images/medium/1140614563.jpg,
1140614566,/media/product_images/large/1140614566.jpg,/media/product_images/medium/1140614566.jpg,
1140614567,/media/product_images/large/1140614567.jpg,/media/product_images/medium/1140614567.jpg,
1140614568,/media/product_images/large/1140614568.jpg,/media/product_images/medium/1140614568.jpg,
1140614569,/media/product_images/large/1140614569.jpg,/media/product_images/medium/1140614569.jpg,
1140614570,/media/product_images/large/1140614570.jpg,/media/product_images/medium/1140614570.jpg,
1140614571,/media/product_images/large/1140614571.jpg,/media/product_images/medium/1140614571.jpg,
1140614572,/media/product_images/large/1140614572.jpg,/media/product_images/medium/1140614572.jpg,
1140614573,/media/product_images/large/1140614573.jpg,/media/product_images/medium/1140614573.jpg,
1140614574,/media/product_images/large/1140614574.jpg,/media/product_images/medium/1140614574.jpg,
1140614575,/media/product_images/large/1140614575.jpg,/media/product_images/medium/1140614575.jpg,
1140614576,/media/product_images/large/1140614576.jpg,/media/product_images/medium/1140614576.jpg,
1140614577,/media/product_images/large/1140614577.jpg,/media/product_images/medium/1140614577.jpg,
1140614982,/media/product_images/large/1140614982.jpg,/media/product_images/medium/1140614982.jpg,
1140614983,/media/product_images/large/1140614983.jpg,/media/product_images/medium/1140614983.jpg,
1140614984,/media/product_images/large/1140614984.jpg,/media/product_images/medium/1140614984.jpg,
1140614985,/media/product_images/large/1140614985.jpg,/media/product_images/medium/1140614985.jpg,
1140614987,/media/product_images/large/1140614987.jpg,/media/product_images/medium/1140614987.jpg,
1140615067,/media/product_images/large/1140615067.jpg,/media/product_images/medium/1140615067.jpg,
1140615304,/media/product_images/large/1140615304.jpg,/media/product_images/medium/1140615304.jpg,
1140615316,/media/product_images/large/1140615316.jpg,/media/product_images/medium/1140615316.jpg,
1140615319,/media/product_images/large/1140615319.jpg,/media/product_images/medium/1140615319.jpg,
1140615326,/media/product_images/large/1140615326.jpg,/media/product_images/medium/1140615326.jpg,
1140615334,/media/product_images/large/1140615334.jpg,/media/product_images/medium/1140615334.jpg,
1140615335,/media/product_images/large/1140615335.jpg,/media/product_images/medium/1140615335.jpg,
1140615359,/media/product_images/large/1140615359.jpg,/media/product_images/medium/1140615359.jpg,
1140615360,/media/product_images/large/1140615360.jpg,/media/product_images/medium/1140615360.jpg,
1140615361,/media/product_images/large/1140615361.jpg,/media/product_images/medium/1140615361.jpg,
1140615362,/media/product_images/large/1140615362.jpg,/media/product_images/medium/1140615362.jpg,
1140615363,/media/product_images/large/1140615363.jpg,/media/product_images/medium/1140615363.jpg,
1140615364,/media/product_images/large/1140615364.jpg,/media/product_images/medium/1140615364.jpg,
1140615365,/media/product_images/large/1140615365.jpg,/media/product_images/medium/1140615365.jpg,
1140615366,/media/product_images/large/1140615366.jpg,/media/product_images/medium/1140615366.jpg,
1140615367,/media/product_images/large/1140615367.jpg,/media/product_images/medium/1140615367.jpg,
1140615368,/media/product_images/large/1140615368.jpg,/media/product_images/medium/1140615368.jpg,
1140615369,/media/product_images/large/1140615369.jpg,/media/product_images/medium/1140615369.jpg,
1140615370,/media/product_images/large/1140615370.jpg,/media/product_images/medium/1140615370.jpg,
1140615572,/media/product_images/large/1140615572.jpg,/media/product_images/medium/1140615572.jpg,
1140615573,/media/product_images/large/1140615573.jpg,/media/product_images/medium/1140615573.jpg,
1140615574,/media/product_images/large/1140615574.jpg,/media/product_images/medium/1140615574.jpg,
1140615575,/media/product_images/large/1140615575.jpg,/media/product_images/medium/1140615575.jpg,
1140615576,/media/product_images/large/1140615576.jpg,/media/product_images/medium/1140615576.jpg,
1140615577,/media/product_images/large/1140615577.jpg,/media/product_images/medium/1140615577.jpg,
1140615579,/media/product_images/large/1140615579.jpg,/media/product_images/medium/1140615579.jpg,
1140615580,/media/product_images/large/1140615580.jpg,/media/product_images/medium/1140615580.jpg,
1140615829,/media/product_images/large/1140615829.jpg,/media/product_images/medium/1140615829.jpg,
1140615830,/media/product_images/large/1140615830.jpg,/media/product_images/medium/1140615830.jpg,
1140615831,/media/product_images/large/1140615831.jpg,/media/product_images/medium/1140615831.jpg,
1140615833,/media/product_images/large/1140615833.jpg,/media/product_images/medium/1140615833.jpg,
1140615834,/media/product_images/large/1140615834.jpg,/media/product_images/medium/1140615834.jpg,
1140615835,/media/product_images/large/1140615835.jpg,/media/product_images/medium/1140615835.jpg,
1140615836,/media/product_images/large/1140615836.jpg,/media/product_images/medium/1140615836.jpg,
1140615837,/media/product_images/large/1140615837.jpg,/media/product_images/medium/1140615837.jpg,
1140615838,/media/product_images/large/1140615838.jpg,/media/product_images/medium/1140615838.jpg,
1140615839,/media/product_images/large/1140615839.jpg,/media/product_images/medium/1140615839.jpg,
1140615840,/media/product_images/large/1140615840.jpg,/media/product_images/medium/1140615840.jpg,
1140615841,/media/product_images/large/1140615841.jpg,/media/product_images/medium/1140615841.jpg,
1140615842,/media/product_images/large/1140615842.jpg,/media/product_images/medium/1140615842.jpg,
1140615844,/media/product_images/large/1140615844.jpg,/media/product_images/medium/1140615844.jpg,
1140615845,/media/product_images/large/1140615845.jpg,/media/product_images/medium/1140615845.jpg,
1140615846,/media/product_images/large/1140615846.jpg,/media/product_images/medium/1140615846.jpg,
1140615847,/media/product_images/large/1140615847.jpg,/media/product_images/medium/1140615847.jpg,
1140615848,/media/product_images/large/1140615848.jpg,/media/product_images/medium/1140615848.jpg,
1140615849,/media/product_images/large/1140615849.jpg,/media/product_images/medium/1140615849.jpg,
1140616065,/media/product_images/large/1140616065.jpg,/media/product_images/medium/1140616065.jpg,
1140616366,/media/product_images/large/1140616366.jpg,/media/product_images/medium/1140616366.jpg,
1140616367,/media/product_images/large/1140616367.jpg,/media/product_images/medium/1140616367.jpg,
1140616368,/media/product_images/large/1140616368.jpg,/media/product_images/medium/1140616368.jpg,
1140616369,/media/product_images/large/1140616369.jpg,/media/product_images/medium/1140616369.jpg,
1140616371,/media/product_images/large/1140616371.jpg,/media/product_images/medium/1140616371.jpg,
1140616372,/media/product_images/large/1140616372.jpg,/media/product_images/medium/1140616372.jpg,
1140616373,/media/product_images/large/1140616373.jpg,/media/product_images/medium/1140616373.jpg,
1140616400,/media/product_images/large/1140616400.jpg,/media/product_images/medium/1140616400.jpg,
1140616495,/media/product_images/large/1140616495.jpg,/media/product_images/medium/1140616495.jpg,
1140616496,/media/product_images/large/1140616496.jpg,/media/product_images/medium/1140616496.jpg,
1140616543,/media/product_images/large/1140616543.jpg,/media/product_images/medium/1140616543.jpg,
1140616544,/media/product_images/large/1140616544.jpg,/media/product_images/medium/1140616544.jpg,
1140616545,/media/product_images/large/1140616545.jpg,/media/product_images/medium/1140616545.jpg,
1140616546,/media/product_images/large/1140616546.jpg,/media/product_images/medium/1140616546.jpg,
1140616547,/media/product_images/large/1140616547.jpg,/media/product_images/medium/1140616547.jpg,
1140616548,/media/product_images/large/1140616548.jpg,/media/product_images/medium/1140616548.jpg,
1140616549,/media/product_images/large/1140616549.jpg,/media/product_images/medium/1140616549.jpg,
1140616550,/media/product_images/large/1140616550.jpg,/media/product_images/medium/1140616550.jpg,
1140616551,/media/product_images/large/1140616551.jpg,/media/product_images/medium/1140616551.jpg,
1140616552,/media/product_images/large/1140616552.jpg,/media/product_images/medium/1140616552.jpg,
1140616553,/media/product_images/large/1140616553.jpg,/media/product_images/medium/1140616553.jpg,
1140616554,/media/product_images/large/1140616554.jpg,/media/product_images/medium/1140616554.jpg,
1140616557,/media/product_images/large/1140616557.jpg,/media/product_images/medium/1140616557.jpg,
1140616558,/media/product_images/large/1140616558.jpg,/media/product_images/medium/1140616558.jpg,
1140616561,/media/product_images/large/1140616561.jpg,/media/product_images/medium/1140616561.jpg,
1140616562,/media/product_images/large/1140616562.jpg,/media/product_images/medium/1140616562.jpg,
1140616563,/media/product_images/large/1140616563.jpg,/media/product_images/medium/1140616563.jpg,
1140616564,/media/product_images/large/1140616564.jpg,/media/product_images/medium/1140616564.jpg,
1140616565,/media/product_images/large/1140616565.jpg,/media/product_images/medium/1140616565.jpg,
1140616568,/media/product_images/large/1140616568.jpg,/media/product_images/medium/1140616568.jpg,
1140616569,/media/product_images/large/1140616569.jpg,/media/product_images/medium/1140616569.jpg,
1140616572,/media/product_images/large/1140616572.jpg,/media/product_images/medium/1140616572.jpg,
1140616682,/media/product_images/large/1140616682.jpg,/media/product_images/medium/1140616682.jpg,
1140616683,/media/product_images/large/1140616683.jpg,/media/product_images/medium/1140616683.jpg,
1140616684,/media/product_images/large/1140616684.jpg,/media/product_images/medium/1140616684.jpg,
1140616685,/media/product_images/large/1140616685.jpg,/media/product_images/medium/1140616685.jpg,
1140616687,/media/product_images/large/1140616687.jpg,/media/product_images/medium/1140616687.jpg,
1140616688,/media/product_images/large/1140616688.jpg,/media/product_images/medium/1140616688.jpg,
1140616689,/media/product_images/large/1140616689.jpg,/media/product_images/medium/1140616689.jpg,
1140616690,/media/product_images/large/1140616690.jpg,/media/product_images/medium/1140616690.jpg,
1140616691,/media/product_images/large/1140616691.jpg,/media/product_images/medium/1140616691.jpg,
1140616692,/media/product_images/large/1140616692.jpg,/media/product_images/medium/1140616692.jpg,
1140616693,/media/product_images/large/1140616693.jpg,/media/product_images/medium/1140616693.jpg,
1140616694,/media/product_images/large/1140616694.jpg,/media/product_images/medium/1140616694.jpg,
1140616695,/media/product_images/large/1140616695.jpg,/media/product_images/medium/1140616695.jpg,
1140616696,/media/product_images/large/1140616696.jpg,/media/product_images/medium/1140616696.jpg,
1140616697,/media/product_images/large/1140616697.jpg,/media/product_images/medium/1140616697.jpg,
1140616698,/media/product_images/large/1140616698.jpg,/media/product_images/medium/1140616698.jpg,
1140616699,/media/product_images/large/1140616699.jpg,/media/product_images/medium/1140616699.jpg,
1140616700,/media/product_images/large/1140616700.jpg,/media/product_images/medium/1140616700.jpg,
1140616701,/media/product_images/large/1140616701.jpg,/media/product_images/medium/1140616701.jpg,
1140616826,/media/product_images/large/1140616826.jpg,/media/product_images/medium/1140616826.jpg,
1140616827,/media/product_images/large/1140616827.jpg,/media/product_images/medium/1140616827.jpg,
1140616828,/media/product_images/large/1140616828.jpg,/media/product_images/medium/1140616828.jpg,
1140616829,/media/product_images/large/1140616829.jpg,/media/product_images/medium/1140616829.jpg,
1140616830,/media/product_images/large/1140616830.jpg,/media/product_images/medium/1140616830.jpg,
1140616831,/media/product_images/large/1140616831.jpg,/media/product_images/medium/1140616831.jpg,
1140616832,/media/product_images/large/1140616832.jpg,/media/product_images/medium/1140616832.jpg,
1140616833,/media/product_images/large/1140616833.jpg,/media/product_images/medium/1140616833.jpg,
1140616834,/media/product_images/large/1140616834.jpg,/media/product_images/medium/1140616834.jpg,
1140616835,/media/product_images/large/1140616835.jpg,/media/product_images/medium/1140616835.jpg,
1140616839,/media/product_images/large/1140616839.jpg,/media/product_images/medium/1140616839.jpg,
1140616841,/media/product_images/large/1140616841.jpg,/media/product_images/medium/1140616841.jpg,
1140616843,/media/product_images/large/1140616843.jpg,/media/product_images/medium/1140616843.jpg,
1140616844,/media/product_images/large/1140616844.jpg,/media/product_images/medium/1140616844.jpg,
1140616845,/media/product_images/large/1140616845.jpg,/media/product_images/medium/1140616845.jpg,
1140616846,/media/product_images/large/1140616846.jpg,/media/product_images/medium/1140616846.jpg,
1140616847,/media/product_images/large/1140616847.jpg,/media/product_images/medium/1140616847.jpg,
1140616848,/media/product_images/large/1140616848.jpg,/media/product_images/medium/1140616848.jpg,
1140616849,/media/product_images/large/1140616849.jpg,/media/product_images/medium/1140616849.jpg,
1140616980,/media/product_images/large/1140616980.jpg,/media/product_images/medium/1140616980.jpg,
1140616981,/media/product_images/large/1140616981.jpg,/media/product_images/medium/1140616981.jpg,
1140616982,/media/product_images/large/1140616982.jpg,/media/product_images/medium/1140616982.jpg,
1140616983,/media/product_images/large/1140616983.jpg,/media/product_images/medium/1140616983.jpg,
1140617031,/media/product_images/large/1140617031.jpg,/media/product_images/medium/1140617031.jpg,
1140617032,/media/product_images/large/1140617032.jpg,/media/product_images/medium/1140617032.jpg,
1140617033,/media/product_images/large/1140617033.jpg,/media/product_images/medium/1140617033.jpg,
1140617076,/media/product_images/large/1140617076.jpg,/media/product_images/medium/1140617076.jpg,
1140617077,/media/product_images/large/1140617077.jpg,/media/product_images/medium/1140617077.jpg,
1140617078,/media/product_images/large/1140617078.jpg,/media/product_images/medium/1140617078.jpg,
1140617079,/media/product_images/large/1140617079.jpg,/media/product_images/medium/1140617079.jpg,
1140617080,/media/product_images/large/1140617080.jpg,/media/product_images/medium/1140617080.jpg,
1140617081,/media/product_images/large/1140617081.jpg,/media/product_images/medium/1140617081.jpg,
1140617082,/media/product_images/large/1140617082.jpg,/media/product_images/medium/1140617082.jpg,
1140617083,/media/product_images/large/1140617083.jpg,/media/product_images/medium/1140617083.jpg,
1140617084,/media/product_images/large/1140617084.jpg,/media/product_images/medium/1140617084.jpg,
1140617085,/media/product_images/large/1140617085.jpg,/media/product_images/medium/1140617085.jpg,
1140617086,/media/product_images/large/1140617086.jpg,/media/product_images/medium/1140617086.jpg,
1140617087,/media/product_images/large/1140617087.jpg,/media/product_images/medium/1140617087.jpg,
1140617088,/media/product_images/large/1140617088.jpg,/media/product_images/medium/1140617088.jpg,
1140617089,/media/product_images/large/1140617089.jpg,/media/product_images/medium/1140617089.jpg,
1140617090,/media/product_images/large/1140617090.jpg,/media/product_images/medium/1140617090.jpg,
1140617091,/media/product_images/large/1140617091.jpg,/media/product_images/medium/1140617091.jpg,
1140617120,/media/product_images/large/1140617120.jpg,/media/product_images/medium/1140617120.jpg,
1140617669,/media/product_images/large/1140617669.jpg,/media/product_images/medium/1140617669.jpg,
1140617670,/media/product_images/large/1140617670.jpg,/media/product_images/medium/1140617670.jpg,
1140617671,/media/product_images/large/1140617671.jpg,/media/product_images/medium/1140617671.jpg,
1140617672,/media/product_images/large/1140617672.jpg,/media/product_images/medium/1140617672.jpg,
1140617856,/media/product_images/large/1140617856.jpg,/media/product_images/medium/1140617856.jpg,
1140618099,/media/product_images/large/1140618099.jpg,/media/product_images/medium/1140618099.jpg,
1140618100,/media/product_images/large/1140618100.jpg,/media/product_images/medium/1140618100.jpg,
1140618102,/media/product_images/large/1140618102.jpg,/media/product_images/medium/1140618102.jpg,
1140618103,/media/product_images/large/1140618103.jpg,/media/product_images/medium/1140618103.jpg,
1140618104,/media/product_images/large/1140618104.jpg,/media/product_images/medium/1140618104.jpg,
1140618142,/media/product_images/large/1140618142.jpg,/media/product_images/medium/1140618142.jpg,
1140618143,/media/product_images/large/1140618143.jpg,/media/product_images/medium/1140618143.jpg,
1140618145,/media/product_images/large/1140618145.jpg,/media/product_images/medium/1140618145.jpg,
1140618146,/media/product_images/large/1140618146.jpg,/media/product_images/medium/1140618146.jpg,
1140618153,/media/product_images/large/1140618153.jpg,/media/product_images/medium/1140618153.jpg,
1140618164,/media/product_images/large/1140618164.jpg,/media/product_images/medium/1140618164.jpg,
1140618169,/media/product_images/large/1140618169.jpg,/media/product_images/medium/1140618169.jpg,
1140618170,/media/product_images/large/1140618170.jpg,/media/product_images/medium/1140618170.jpg,
1140618172,/media/product_images/large/1140618172.jpg,/media/product_images/medium/1140618172.jpg,
1140618174,/media/product_images/large/1140618174.jpg,/media/product_images/medium/1140618174.jpg,
1140618175,/media/product_images/large/1140618175.jpg,/media/product_images/medium/1140618175.jpg,
1140618184,/media/product_images/large/1140618184.jpg,/media/product_images/medium/1140618184.jpg,
1140618185,/media/product_images/large/1140618185.jpg,/media/product_images/medium/1140618185.jpg,
1140618186,/media/product_images/large/1140618186.jpg,/media/product_images/medium/1140618186.jpg,
1140618187,/media/product_images/large/1140618187.jpg,/media/product_images/medium/1140618187.jpg,
1140618188,/media/product_images/large/1140618188.jpg,/media/product_images/medium/1140618188.jpg,
1140618364,/media/product_images/large/1140618364.jpg,/media/product_images/medium/1140618364.jpg,
1140618365,/media/product_images/large/1140618365.jpg,/media/product_images/medium/1140618365.jpg,
1140618366,/media/product_images/large/1140618366.jpg,/media/product_images/medium/1140618366.jpg,
1140618367,/media/product_images/large/1140618367.jpg,/media/product_images/medium/1140618367.jpg,
1140618368,/media/product_images/large/1140618368.jpg,/media/product_images/medium/1140618368.jpg,
1140618369,/media/product_images/large/1140618369.jpg,/media/product_images/medium/1140618369.jpg,
1140618370,/media/product_images/large/1140618370.jpg,/media/product_images/medium/1140618370.jpg,
1140618371,/media/product_images/large/1140618371.jpg,/media/product_images/medium/1140618371.jpg,
1140618372,/media/product_images/large/1140618372.jpg,/media/product_images/medium/1140618372.jpg,
1140618373,/media/product_images/large/1140618373.jpg,/media/product_images/medium/1140618373.jpg,
1140618374,/media/product_images/large/1140618374.jpg,/media/product_images/medium/1140618374.jpg,
1140618375,/media/product_images/large/1140618375.jpg,/media/product_images/medium/1140618375.jpg,
1140618513,/media/product_images/large/1140618513.jpg,/media/product_images/medium/1140618513.jpg,
1140618514,/media/product_images/large/1140618514.jpg,/media/product_images/medium/1140618514.jpg,
1140618515,/media/product_images/large/1140618515.jpg,/media/product_images/medium/1140618515.jpg,
1140618516,/media/product_images/large/1140618516.jpg,/media/product_images/medium/1140618516.jpg,
1140618519,/media/product_images/large/1140618519.jpg,/media/product_images/medium/1140618519.jpg,
1140618521,/media/product_images/large/1140618521.jpg,/media/product_images/medium/1140618521.jpg,
1140618523,/media/product_images/large/1140618523.jpg,/media/product_images/medium/1140618523.jpg,
1140618538,/media/product_images/large/1140618538.jpg,/media/product_images/medium/1140618538.jpg,
1140618539,/media/product_images/large/1140618539.jpg,/media/product_images/medium/1140618539.jpg,
1140618540,/media/product_images/large/1140618540.jpg,/media/product_images/medium/1140618540.jpg,
1140618550,/media/product_images/large/1140618550.jpg,/media/product_images/medium/1140618550.jpg,
1140618551,/media/product_images/large/1140618551.jpg,/media/product_images/medium/1140618551.jpg,
1140618552,/media/product_images/large/1140618552.jpg,/media/product_images/medium/1140618552.jpg,
1140618553,/media/product_images/large/1140618553.jpg,/media/product_images/medium/1140618553.jpg,
1140618793,/media/product_images/large/1140618793.jpg,/media/product_images/medium/1140618793.jpg,
1140618869,/media/product_images/large/1140618869.jpg,/media/product_images/medium/1140618869.jpg,
1140618870,/media/product_images/large/1140618870.jpg,/media/product_images/medium/1140618870.jpg,
1140618871,/media/product_images/large/1140618871.jpg,/media/product_images/medium/1140618871.jpg,
1140618912,/media/product_images/large/1140618912.jpg,/media/product_images/medium/1140618912.jpg,
1140618913,/media/product_images/large/1140618913.jpg,/media/product_images/medium/1140618913.jpg,
1140618914,/media/product_images/large/1140618914.jpg,/media/product_images/medium/1140618914.jpg,
1140618915,/media/product_images/large/1140618915.jpg,/media/product_images/medium/1140618915.jpg,
1140618916,/media/product_images/large/1140618916.jpg,/media/product_images/medium/1140618916.jpg,
1140618917,/media/product_images/large/1140618917.jpg,/media/product_images/medium/1140618917.jpg,
1140618918,/media/product_images/large/1140618918.jpg,/media/product_images/medium/1140618918.jpg,
1140618919,/media/product_images/large/1140618919.jpg,/media/product_images/medium/1140618919.jpg,
1140618920,/media/product_images/large/1140618920.jpg,/media/product_images/medium/1140618920.jpg,
1140618921,/media/product_images/large/1140618921.jpg,/media/product_images/medium/1140618921.jpg,
1140618922,/media/product_images/large/1140618922.jpg,/media/product_images/medium/1140618922.jpg,
1140618923,/media/product_images/large/1140618923.jpg,/media/product_images/medium/1140618923.jpg,
1140618924,/media/product_images/large/1140618924.jpg,/media/product_images/medium/1140618924.jpg,
1140618925,/media/product_images/large/1140618925.jpg,/media/product_images/medium/1140618925.jpg,
1140618926,/media/product_images/large/1140618926.jpg,/media/product_images/medium/1140618926.jpg,
1140618927,/media/product_images/large/1140618927.jpg,/media/product_images/medium/1140618927.jpg,
1140618928,/media/product_images/large/1140618928.jpg,/media/product_images/medium/1140618928.jpg,
1140618929,/media/product_images/large/1140618929.jpg,/media/product_images/medium/1140618929.jpg,
1140618930,/media/product_images/large/1140618930.jpg,/media/product_images/medium/1140618930.jpg,
1140618931,/media/product_images/large/1140618931.jpg,/media/product_images/medium/1140618931.jpg,
1140618932,/media/product_images/large/1140618932.jpg,/media/product_images/medium/1140618932.jpg,
1140618933,/media/product_images/large/1140618933.jpg,/media/product_images/medium/1140618933.jpg,
1140618934,/media/product_images/large/1140618934.jpg,/media/product_images/medium/1140618934.jpg,
1140618935,/media/product_images/large/1140618935.jpg,/media/product_images/medium/1140618935.jpg,
1140618936,/media/product_images/large/1140618936.jpg,/media/product_images/medium/1140618936.jpg,
1140618937,/media/product_images/large/1140618937.jpg,/media/product_images/medium/1140618937.jpg,
1140618938,/media/product_images/large/1140618938.jpg,/media/product_images/medium/1140618938.jpg,
1140618939,/media/product_images/large/1140618939.jpg,/media/product_images/medium/1140618939.jpg,
1140618951,/media/product_images/large/1140618951.jpg,/media/product_images/medium/1140618951.jpg,
1140618952,/media/product_images/large/1140618952.jpg,/media/product_images/medium/1140618952.jpg,
1140618953,/media/product_images/large/1140618953.jpg,/media/product_images/medium/1140618953.jpg,
1140618954,/media/product_images/large/1140618954.jpg,/media/product_images/medium/1140618954.jpg,
1140618955,/media/product_images/large/1140618955.jpg,/media/product_images/medium/1140618955.jpg,
1140618956,/media/product_images/large/1140618956.jpg,/media/product_images/medium/1140618956.jpg,
1140618957,/media/product_images/large/1140618957.jpg,/media/product_images/medium/1140618957.jpg,
1140618958,/media/product_images/large/1140618958.jpg,/media/product_images/medium/1140618958.jpg,
1140618959,/media/product_images/large/1140618959.jpg,/media/product_images/medium/1140618959.jpg,
1140618960,/media/product_images/large/1140618960.jpg,/media/product_images/medium/1140618960.jpg,
1140618961,/media/product_images/large/1140618961.jpg,/media/product_images/medium/1140618961.jpg,
1140618962,/media/product_images/large/1140618962.jpg,/media/product_images/medium/1140618962.jpg,
1140618963,/media/product_images/large/1140618963.jpg,/media/product_images/medium/1140618963.jpg,
1140618964,/media/product_images/large/1140618964.jpg,/media/product_images/medium/1140618964.jpg,
1140618965,/media/product_images/large/1140618965.jpg,/media/product_images/medium/1140618965.jpg,
1140618966,/media/product_images/large/1140618966.jpg,/media/product_images/medium/1140618966.jpg,
1140618967,/media/product_images/large/1140618967.jpg,/media/product_images/medium/1140618967.jpg,
1140618968,/media/product_images/large/1140618968.jpg,/media/product_images/medium/1140618968.jpg,
1140618969,/media/product_images/large/1140618969.jpg,/media/product_images/medium/1140618969.jpg,
1140618970,/media/product_images/large/1140618970.jpg,/media/product_images/medium/1140618970.jpg,
1140618971,/media/product_images/large/1140618971.jpg,/media/product_images/medium/1140618971.jpg,
1140618972,/media/product_images/large/1140618972.jpg,/media/product_images/medium/1140618972.jpg,
1140618973,/media/product_images/large/1140618973.jpg,/media/product_images/medium/1140618973.jpg,
1140618974,/media/product_images/large/1140618974.jpg,/media/product_images/medium/1140618974.jpg,
1140618975,/media/product_images/large/1140618975.jpg,/media/product_images/medium/1140618975.jpg,
1140618976,/media/product_images/large/1140618976.jpg,/media/product_images/medium/1140618976.jpg,
1140618977,/media/product_images/large/1140618977.jpg,/media/product_images/medium/1140618977.jpg,
1140618978,/media/product_images/large/1140618978.jpg,/media/product_images/medium/1140618978.jpg,
1140618980,/media/product_images/large/1140618980.jpg,/media/product_images/medium/1140618980.jpg,
1140618981,/media/product_images/large/1140618981.jpg,/media/product_images/medium/1140618981.jpg,
1140618984,/media/product_images/large/1140618984.jpg,/media/product_images/medium/1140618984.jpg,
1140618985,/media/product_images/large/1140618985.jpg,/media/product_images/medium/1140618985.jpg,
1140618986,/media/product_images/large/1140618986.jpg,/media/product_images/medium/1140618986.jpg,
1140618987,/media/product_images/large/1140618987.jpg,/media/product_images/medium/1140618987.jpg,
1140618988,/media/product_images/large/1140618988.jpg,/media/product_images/medium/1140618988.jpg,
1140618989,/media/product_images/large/1140618989.jpg,/media/product_images/medium/1140618989.jpg,
1140618990,/media/product_images/large/1140618990.jpg,/media/product_images/medium/1140618990.jpg,
1140618991,/media/product_images/large/1140618991.jpg,/media/product_images/medium/1140618991.jpg,
1140618992,/media/product_images/large/1140618992.jpg,/media/product_images/medium/1140618992.jpg,
1140618993,/media/product_images/large/1140618993.jpg,/media/product_images/medium/1140618993.jpg,
1140618994,/media/product_images/large/1140618994.jpg,/media/product_images/medium/1140618994.jpg,
1140618995,/media/product_images/large/1140618995.jpg,/media/product_images/medium/1140618995.jpg,
1140618998,/media/product_images/large/1140618998.jpg,/media/product_images/medium/1140618998.jpg,
1140618999,/media/product_images/large/1140618999.jpg,/media/product_images/medium/1140618999.jpg,
1140619000,/media/product_images/large/1140619000.jpg,/media/product_images/medium/1140619000.jpg,
1140619001,/media/product_images/large/1140619001.jpg,/media/product_images/medium/1140619001.jpg,
1140619002,/media/product_images/large/1140619002.jpg,/media/product_images/medium/1140619002.jpg,
1140619003,/media/product_images/large/1140619003.jpg,/media/product_images/medium/1140619003.jpg,
1140619004,/media/product_images/large/1140619004.jpg,/media/product_images/medium/1140619004.jpg,
1140619005,/media/product_images/large/1140619005.jpg,/media/product_images/medium/1140619005.jpg,
1140619006,/media/product_images/large/1140619006.jpg,/media/product_images/medium/1140619006.jpg,
1140619007,/media/product_images/large/1140619007.jpg,/media/product_images/medium/1140619007.jpg,
1140619008,/media/product_images/large/1140619008.jpg,/media/product_images/medium/1140619008.jpg,
1140619009,/media/product_images/large/1140619009.jpg,/media/product_images/medium/1140619009.jpg,
1140619010,/media/product_images/large/1140619010.jpg,/media/product_images/medium/1140619010.jpg,
1140619011,/media/product_images/large/1140619011.jpg,/media/product_images/medium/1140619011.jpg,
1140619012,/media/product_images/large/1140619012.jpg,/media/product_images/medium/1140619012.jpg,
1140619013,/media/product_images/large/1140619013.jpg,/media/product_images/medium/1140619013.jpg,
1140619014,/media/product_images/large/1140619014.jpg,/media/product_images/medium/1140619014.jpg,
1140619016,/media/product_images/large/1140619016.jpg,/media/product_images/medium/1140619016.jpg,
1140619017,/media/product_images/large/1140619017.jpg,/media/product_images/medium/1140619017.jpg,
1140619018,/media/product_images/large/1140619018.jpg,/media/product_images/medium/1140619018.jpg,
1140619019,/media/product_images/large/1140619019.jpg,/media/product_images/medium/1140619019.jpg,
1140619020,/media/product_images/large/1140619020.jpg,/media/product_images/medium/1140619020.jpg,
1140619021,/media/product_images/large/1140619021.jpg,/media/product_images/medium/1140619021.jpg,
1140619022,/media/product_images/large/1140619022.jpg,/media/product_images/medium/1140619022.jpg,
1140619023,/media/product_images/large/1140619023.jpg,/media/product_images/medium/1140619023.jpg,
1140619024,/media/product_images/large/1140619024.jpg,/media/product_images/medium/1140619024.jpg,
1140619025,/media/product_images/large/1140619025.jpg,/media/product_images/medium/1140619025.jpg,
1140619026,/media/product_images/large/1140619026.jpg,/media/product_images/medium/1140619026.jpg,
1140619027,/media/product_images/large/1140619027.jpg,/media/product_images/medium/1140619027.jpg,
1140619028,/media/product_images/large/1140619028.jpg,/media/product_images/medium/1140619028.jpg,
1140619029,/media/product_images/large/1140619029.jpg,/media/product_images/medium/1140619029.jpg,
1140619030,/media/product_images/large/1140619030.jpg,/media/product_images/medium/1140619030.jpg,
1140619031,/media/product_images/large/1140619031.jpg,/media/product_images/medium/1140619031.jpg,
1140619032,/media/product_images/large/1140619032.jpg,/media/product_images/medium/1140619032.jpg,
1140619033,/media/product_images/large/1140619033.jpg,/media/product_images/medium/1140619033.jpg,
1140619034,/media/product_images/large/1140619034.jpg,/media/product_images/medium/1140619034.jpg,
1140619035,/media/product_images/large/1140619035.jpg,/media/product_images/medium/1140619035.jpg,
1140619037,/media/product_images/large/1140619037.jpg,/media/product_images/medium/1140619037.jpg,
1140619038,/media/product_images/large/1140619038.jpg,/media/product_images/medium/1140619038.jpg,
1140619039,/media/product_images/large/1140619039.jpg,/media/product_images/medium/1140619039.jpg,
1140619040,/media/product_images/large/1140619040.jpg,/media/product_images/medium/1140619040.jpg,
1140619041,/media/product_images/large/1140619041.jpg,/media/product_images/medium/1140619041.jpg,
1140619042,/media/product_images/large/1140619042.jpg,/media/product_images/medium/1140619042.jpg,
1140619043,/media/product_images/large/1140619043.jpg,/media/product_images/medium/1140619043.jpg,
1140619044,/media/product_images/large/1140619044.jpg,/media/product_images/medium/1140619044.jpg,
1140619045,/media/product_images/large/1140619045.jpg,/media/product_images/medium/1140619045.jpg,
1140619046,/media/product_images/large/1140619046.jpg,/media/product_images/medium/1140619046.jpg,
1140619047,/media/product_images/large/1140619047.jpg,/media/product_images/medium/1140619047.jpg,
1140619048,/media/product_images/large/1140619048.jpg,/media/product_images/medium/1140619048.jpg,
1140619049,/media/product_images/large/1140619049.jpg,/media/product_images/medium/1140619049.jpg,
1140619050,/media/product_images/large/1140619050.jpg,/media/product_images/medium/1140619050.jpg,
1140619051,/media/product_images/large/1140619051.jpg,/media/product_images/medium/1140619051.jpg,
1140619052,/media/product_images/large/1140619052.jpg,/media/product_images/medium/1140619052.jpg,
1140619053,/media/product_images/large/1140619053.jpg,/media/product_images/medium/1140619053.jpg,
1140619054,/media/product_images/large/1140619054.jpg,/media/product_images/medium/1140619054.jpg,
1140619055,/media/product_images/large/1140619055.jpg,/media/product_images/medium/1140619055.jpg,
1140619056,/media/product_images/large/1140619056.jpg,/media/product_images/medium/1140619056.jpg,
1140619057,/media/product_images/large/1140619057.jpg,/media/product_images/medium/1140619057.jpg,
1140619058,/media/product_images/large/1140619058.jpg,/media/product_images/medium/1140619058.jpg,
1140619059,/media/product_images/large/1140619059.jpg,/media/product_images/medium/1140619059.jpg,
1140619060,/media/product_images/large/1140619060.jpg,/media/product_images/medium/1140619060.jpg,
1140619061,/media/product_images/large/1140619061.jpg,/media/product_images/medium/1140619061.jpg,
1140619062,/media/product_images/large/1140619062.jpg,/media/product_images/medium/1140619062.jpg,
1140619063,/media/product_images/large/1140619063.jpg,/media/product_images/medium/1140619063.jpg,
1140619064,/media/product_images/large/1140619064.jpg,/media/product_images/medium/1140619064.jpg,
1140619065,/media/product_images/large/1140619065.jpg,/media/product_images/medium/1140619065.jpg,
1140619066,/media/product_images/large/1140619066.jpg,/media/product_images/medium/1140619066.jpg,
1140619067,/media/product_images/large/1140619067.jpg,/media/product_images/medium/1140619067.jpg,
1140619068,/media/product_images/large/1140619068.jpg,/media/product_images/medium/1140619068.jpg,
1140619069,/media/product_images/large/1140619069.jpg,/media/product_images/medium/1140619069.jpg,
1140619070,/media/product_images/large/1140619070.jpg,/media/product_images/medium/1140619070.jpg,
1140619071,/media/product_images/large/1140619071.jpg,/media/product_images/medium/1140619071.jpg,
1140619072,/media/product_images/large/1140619072.jpg,/media/product_images/medium/1140619072.jpg,
1140619073,/media/product_images/large/1140619073.jpg,/media/product_images/medium/1140619073.jpg,
1140619074,/media/product_images/large/1140619074.jpg,/media/product_images/medium/1140619074.jpg,
1140619077,/media/product_images/large/1140619077.jpg,/media/product_images/medium/1140619077.jpg,
1140619078,/media/product_images/large/1140619078.jpg,/media/product_images/medium/1140619078.jpg,
1140619079,/media/product_images/large/1140619079.jpg,/media/product_images/medium/1140619079.jpg,
1140619080,/media/product_images/large/1140619080.jpg,/media/product_images/medium/1140619080.jpg,
1140619081,/media/product_images/large/1140619081.jpg,/media/product_images/medium/1140619081.jpg,
1140619082,/media/product_images/large/1140619082.jpg,/media/product_images/medium/1140619082.jpg,
1140619083,/media/product_images/large/1140619083.jpg,/media/product_images/medium/1140619083.jpg,
1140619084,/media/product_images/large/1140619084.jpg,/media/product_images/medium/1140619084.jpg,
1140619086,/media/product_images/large/1140619086.jpg,/media/product_images/medium/1140619086.jpg,
1140619087,/media/product_images/large/1140619087.jpg,/media/product_images/medium/1140619087.jpg,
1140619088,/media/product_images/large/1140619088.jpg,/media/product_images/medium/1140619088.jpg,
1140619089,/media/product_images/large/1140619089.jpg,/media/product_images/medium/1140619089.jpg,
1140619090,/media/product_images/large/1140619090.jpg,/media/product_images/medium/1140619090.jpg,
1140619091,/media/product_images/large/1140619091.jpg,/media/product_images/medium/1140619091.jpg,
1140619092,/media/product_images/large/1140619092.jpg,/media/product_images/medium/1140619092.jpg,
1140619093,/media/product_images/large/1140619093.jpg,/media/product_images/medium/1140619093.jpg,
1140619094,/media/product_images/large/1140619094.jpg,/media/product_images/medium/1140619094.jpg,
1140619095,/media/product_images/large/1140619095.jpg,/media/product_images/medium/1140619095.jpg,
1140619096,/media/product_images/large/1140619096.jpg,/media/product_images/medium/1140619096.jpg,
1140619099,/media/product_images/large/1140619099.jpg,/media/product_images/medium/1140619099.jpg,
1140619100,/media/product_images/large/1140619100.jpg,/media/product_images/medium/1140619100.jpg,
1140619101,/media/product_images/large/1140619101.jpg,/media/product_images/medium/1140619101.jpg,
1140619102,/media/product_images/large/1140619102.jpg,/media/product_images/medium/1140619102.jpg,
1140619103,/media/product_images/large/1140619103.jpg,/media/product_images/medium/1140619103.jpg,
1140619104,/media/product_images/large/1140619104.jpg,/media/product_images/medium/1140619104.jpg,
1140619105,/media/product_images/large/1140619105.jpg,/media/product_images/medium/1140619105.jpg,
1140619106,/media/product_images/large/1140619106.jpg,/media/product_images/medium/1140619106.jpg,
1140619107,/media/product_images/large/1140619107.jpg,/media/product_images/medium/1140619107.jpg,
1140619108,/media/product_images/large/1140619108.jpg,/media/product_images/medium/1140619108.jpg,
1140619109,/media/product_images/large/1140619109.jpg,/media/product_images/medium/1140619109.jpg,
1140619111,/media/product_images/large/1140619111.jpg,/media/product_images/medium/1140619111.jpg,
1140619112,/media/product_images/large/1140619112.jpg,/media/product_images/medium/1140619112.jpg,
1140619113,/media/product_images/large/1140619113.jpg,/media/product_images/medium/1140619113.jpg,
1140619114,/media/product_images/large/1140619114.jpg,/media/product_images/medium/1140619114.jpg,
1140619115,/media/product_images/large/1140619115.jpg,/media/product_images/medium/1140619115.jpg,
1140619117,/media/product_images/large/1140619117.jpg,/media/product_images/medium/1140619117.jpg,
1140619118,/media/product_images/large/1140619118.jpg,/media/product_images/medium/1140619118.jpg,
1140619119,/media/product_images/large/1140619119.jpg,/media/product_images/medium/1140619119.jpg,
1140619126,/media/product_images/large/1140619126.jpg,/media/product_images/medium/1140619126.jpg,
1140619127,/media/product_images/large/1140619127.jpg,/media/product_images/medium/1140619127.jpg,
1140619128,/media/product_images/large/1140619128.jpg,/media/product_images/medium/1140619128.jpg,
1140619130,/media/product_images/large/1140619130.jpg,/media/product_images/medium/1140619130.jpg,
1140619134,/media/product_images/large/1140619134.jpg,/media/product_images/medium/1140619134.jpg,
1140619135,/media/product_images/large/1140619135.jpg,/media/product_images/medium/1140619135.jpg,
1140619136,/media/product_images/large/1140619136.jpg,/media/product_images/medium/1140619136.jpg,
1140619145,/media/product_images/large/1140619145.jpg,/media/product_images/medium/1140619145.jpg,
1140619146,/media/product_images/large/1140619146.jpg,/media/product_images/medium/1140619146.jpg,
1140619149,/media/product_images/large/1140619149.jpg,/media/product_images/medium/1140619149.jpg,
1140619150,/media/product_images/large/1140619150.jpg,/media/product_images/medium/1140619150.jpg,
1140619151,/media/product_images/large/1140619151.jpg,/media/product_images/medium/1140619151.jpg,
1140619152,/media/product_images/large/1140619152.jpg,/media/product_images/medium/1140619152.jpg,
1140619154,/media/product_images/large/1140619154.jpg,/media/product_images/medium/1140619154.jpg,
1140619155,/media/product_images/large/1140619155.jpg,/media/product_images/medium/1140619155.jpg,
1140619156,/media/product_images/large/1140619156.jpg,/media/product_images/medium/1140619156.jpg,
1140619157,/media/product_images/large/1140619157.jpg,/media/product_images/medium/1140619157.jpg,
1140619158,/media/product_images/large/1140619158.jpg,/media/product_images/medium/1140619158.jpg,
1140619159,/media/product_images/large/1140619159.jpg,/media/product_images/medium/1140619159.jpg,
1140619160,/media/product_images/large/1140619160.jpg,/media/product_images/medium/1140619160.jpg,
1140619161,/media/product_images/large/1140619161.jpg,/media/product_images/medium/1140619161.jpg,
1140619163,/media/product_images/large/1140619163.jpg,/media/product_images/medium/1140619163.jpg,
1140619164,/media/product_images/large/1140619164.jpg,/media/product_images/medium/1140619164.jpg,
1140619165,/media/product_images/large/1140619165.jpg,/media/product_images/medium/1140619165.jpg,
1140619166,/media/product_images/large/1140619166.jpg,/media/product_images/medium/1140619166.jpg,
1140619167,/media/product_images/large/1140619167.jpg,/media/product_images/medium/1140619167.jpg,
1140619171,/media/product_images/large/1140619171.jpg,/media/product_images/medium/1140619171.jpg,
1140619172,/media/product_images/large/1140619172.jpg,/media/product_images/medium/1140619172.jpg,
1140619176,/media/product_images/large/1140619176.jpg,/media/product_images/medium/1140619176.jpg,
1140619182,/media/product_images/large/1140619182.jpg,/media/product_images/medium/1140619182.jpg,
1140619184,/media/product_images/large/1140619184.jpg,/media/product_images/medium/1140619184.jpg,
1140619185,/media/product_images/large/1140619185.jpg,/media/product_images/medium/1140619185.jpg,
1140619202,/media/product_images/large/1140619202.jpg,/media/product_images/medium/1140619202.jpg,
1140619203,/media/product_images/large/1140619203.jpg,/media/product_images/medium/1140619203.jpg,
1140619204,/media/product_images/large/1140619204.jpg,/media/product_images/medium/1140619204.jpg,
1140619205,/media/product_images/large/1140619205.jpg,/media/product_images/medium/1140619205.jpg,
1140619206,/media/product_images/large/1140619206.jpg,/media/product_images/medium/1140619206.jpg,
1140619207,/media/product_images/large/1140619207.jpg,/media/product_images/medium/1140619207.jpg,
1140619218,/media/product_images/large/1140619218.jpg,/media/product_images/medium/1140619218.jpg,
1140619219,/media/product_images/large/1140619219.jpg,/media/product_images/medium/1140619219.jpg,
1140619220,/media/product_images/large/1140619220.jpg,/media/product_images/medium/1140619220.jpg,
1140619221,/media/product_images/large/1140619221.jpg,/media/product_images/medium/1140619221.jpg,
1140619222,/media/product_images/large/1140619222.jpg,/media/product_images/medium/1140619222.jpg,
1140619223,/media/product_images/large/1140619223.jpg,/media/product_images/medium/1140619223.jpg,
1140619224,/media/product_images/large/1140619224.jpg,/media/product_images/medium/1140619224.jpg,
1140619225,/media/product_images/large/1140619225.jpg,/media/product_images/medium/1140619225.jpg,
1140619226,/media/product_images/large/1140619226.jpg,/media/product_images/medium/1140619226.jpg,
1140619228,/media/product_images/large/1140619228.jpg,/media/product_images/medium/1140619228.jpg,
1140619229,/media/product_images/large/1140619229.jpg,/media/product_images/medium/1140619229.jpg,
1140619230,/media/product_images/large/1140619230.jpg,/media/product_images/medium/1140619230.jpg,
1140619231,/media/product_images/large/1140619231.jpg,/media/product_images/medium/1140619231.jpg,
1140619232,/media/product_images/large/1140619232.jpg,/media/product_images/medium/1140619232.jpg,
1140619233,/media/product_images/large/1140619233.jpg,/media/product_images/medium/1140619233.jpg,
1140619234,/media/product_images/large/1140619234.jpg,/media/product_images/medium/1140619234.jpg,
1140619235,/media/product_images/large/1140619235.jpg,/media/product_images/medium/1140619235.jpg,
1140619525,/media/product_images/large/1140619525.jpg,/media/product_images/medium/1140619525.jpg,
1140619530,/media/product_images/large/1140619530.jpg,/media/product_images/medium/1140619530.jpg,
1140619531,/media/product_images/large/1140619531.jpg,/media/product_images/medium/1140619531.jpg,
1140619534,/media/product_images/large/1140619534.jpg,/media/product_images/medium/1140619534.jpg,
1140619535,/media/product_images/large/1140619535.jpg,/media/product_images/medium/1140619535.jpg,
1140619536,/media/product_images/large/1140619536.jpg,/media/product_images/medium/1140619536.jpg,
1140619808,/media/product_images/large/1140619808.jpg,/media/product_images/medium/1140619808.jpg,
1140619812,/media/product_images/large/1140619812.jpg,/media/product_images/medium/1140619812.jpg,
1140619815,/media/product_images/large/1140619815.jpg,/media/product_images/medium/1140619815.jpg,
1140619816,/media/product_images/large/1140619816.jpg,/media/product_images/medium/1140619816.jpg,
1140619817,/media/product_images/large/1140619817.jpg,/media/product_images/medium/1140619817.jpg,
1140619820,/media/product_images/large/1140619820.jpg,/media/product_images/medium/1140619820.jpg,
1140619824,/media/product_images/large/1140619824.jpg,/media/product_images/medium/1140619824.jpg,
1140619826,/media/product_images/large/1140619826.jpg,/media/product_images/medium/1140619826.jpg,
1140619827,/media/product_images/large/1140619827.jpg,/media/product_images/medium/1140619827.jpg,
1140619828,/media/product_images/large/1140619828.jpg,/media/product_images/medium/1140619828.jpg,
1140619829,/media/product_images/large/1140619829.jpg,/media/product_images/medium/1140619829.jpg,
1140619830,/media/product_images/large/1140619830.jpg,/media/product_images/medium/1140619830.jpg,
1140619831,/media/product_images/large/1140619831.jpg,/media/product_images/medium/1140619831.jpg,
1140619832,/media/product_images/large/1140619832.jpg,/media/product_images/medium/1140619832.jpg,
1140619833,/media/product_images/large/1140619833.jpg,/media/product_images/medium/1140619833.jpg,
1140619834,/media/product_images/large/1140619834.jpg,/media/product_images/medium/1140619834.jpg,
1140619835,/media/product_images/large/1140619835.jpg,/media/product_images/medium/1140619835.jpg,
1140619836,/media/product_images/large/1140619836.jpg,/media/product_images/medium/1140619836.jpg,
1140619837,/media/product_images/large/1140619837.jpg,/media/product_images/medium/1140619837.jpg,
1140619838,/media/product_images/large/1140619838.jpg,/media/product_images/medium/1140619838.jpg,
1140619839,/media/product_images/large/1140619839.jpg,/media/product_images/medium/1140619839.jpg,
1140620122,/media/product_images/large/1140620122.jpg,/media/product_images/medium/1140620122.jpg,
1140620289,/media/product_images/large/1140620289.jpg,/media/product_images/medium/1140620289.jpg,
1140620290,/media/product_images/large/1140620290.jpg,/media/product_images/medium/1140620290.jpg,
1140620291,/media/product_images/large/1140620291.jpg,/media/product_images/medium/1140620291.jpg,
1140620293,/media/product_images/large/1140620293.jpg,/media/product_images/medium/1140620293.jpg,
1140620294,/media/product_images/large/1140620294.jpg,/media/product_images/medium/1140620294.jpg,
1140620295,/media/product_images/large/1140620295.jpg,/media/product_images/medium/1140620295.jpg,
1140620296,/media/product_images/large/1140620296.jpg,/media/product_images/medium/1140620296.jpg,
1140620297,/media/product_images/large/1140620297.jpg,/media/product_images/medium/1140620297.jpg,
1140620951,/media/product_images/large/1140620951.jpg,/media/product_images/medium/1140620951.jpg,
1140620952,/media/product_images/large/1140620952.jpg,/media/product_images/medium/1140620952.jpg,
1140620953,/media/product_images/large/1140620953.jpg,/media/product_images/medium/1140620953.jpg,
1140620954,/media/product_images/large/1140620954.jpg,/media/product_images/medium/1140620954.jpg,
1140621028,/media/product_images/large/1140621028.jpg,/media/product_images/medium/1140621028.jpg,
1140621029,/media/product_images/large/1140621029.jpg,/media/product_images/medium/1140621029.jpg,
1140621030,/media/product_images/large/1140621030.jpg,/media/product_images/medium/1140621030.jpg,
1140621031,/media/product_images/large/1140621031.jpg,/media/product_images/medium/1140621031.jpg,
1140621032,/media/product_images/large/1140621032.jpg,/media/product_images/medium/1140621032.jpg,
1140621033,/media/product_images/large/1140621033.jpg,/media/product_images/medium/1140621033.jpg,
1140621034,/media/product_images/large/1140621034.jpg,/media/product_images/medium/1140621034.jpg,
1140621035,/media/product_images/large/1140621035.jpg,/media/product_images/medium/1140621035.jpg,
1140621036,/media/product_images/large/1140621036.jpg,/media/product_images/medium/1140621036.jpg,
1140621037,/media/product_images/large/1140621037.jpg,/media/product_images/medium/1140621037.jpg,
1140621038,/media/product_images/large/1140621038.jpg,/media/product_images/medium/1140621038.jpg,
1140621039,/media/product_images/large/1140621039.jpg,/media/product_images/medium/1140621039.jpg,
1140621040,/media/product_images/large/1140621040.jpg,/media/product_images/medium/1140621040.jpg,
1140621041,/media/product_images/large/1140621041.jpg,/media/product_images/medium/1140621041.jpg,
1140621042,/media/product_images/large/1140621042.jpg,/media/product_images/medium/1140621042.jpg,
1140621043,/media/product_images/large/1140621043.jpg,/media/product_images/medium/1140621043.jpg,
1140621044,/media/product_images/large/1140621044.jpg,/media/product_images/medium/1140621044.jpg,
1140621045,/media/product_images/large/1140621045.jpg,/media/product_images/medium/1140621045.jpg,
1140621047,/media/product_images/large/1140621047.jpg,/media/product_images/medium/1140621047.jpg,
1140621070,/media/product_images/large/1140621070.jpg,/media/product_images/medium/1140621070.jpg,
1140621072,/media/product_images/large/1140621072.jpg,/media/product_images/medium/1140621072.jpg,
1140621073,/media/product_images/large/1140621073.jpg,/media/product_images/medium/1140621073.jpg,
1140621144,/media/product_images/large/1140621144.jpg,/media/product_images/medium/1140621144.jpg,
1140621145,/media/product_images/large/1140621145.jpg,/media/product_images/medium/1140621145.jpg,
1140621146,/media/product_images/large/1140621146.jpg,/media/product_images/medium/1140621146.jpg,
1140621147,/media/product_images/large/1140621147.jpg,/media/product_images/medium/1140621147.jpg,
1140621148,/media/product_images/large/1140621148.jpg,/media/product_images/medium/1140621148.jpg,
1140621252,/media/product_images/large/1140621252.jpg,/media/product_images/medium/1140621252.jpg,
1140621253,/media/product_images/large/1140621253.jpg,/media/product_images/medium/1140621253.jpg,
1140621254,/media/product_images/large/1140621254.jpg,/media/product_images/medium/1140621254.jpg,
1140621255,/media/product_images/large/1140621255.jpg,/media/product_images/medium/1140621255.jpg,
1140621256,/media/product_images/large/1140621256.jpg,/media/product_images/medium/1140621256.jpg,
1140621258,/media/product_images/large/1140621258.jpg,/media/product_images/medium/1140621258.jpg,
1140621259,/media/product_images/large/1140621259.jpg,/media/product_images/medium/1140621259.jpg,
1140621260,/media/product_images/large/1140621260.jpg,/media/product_images/medium/1140621260.jpg,
1140621261,/media/product_images/large/1140621261.jpg,/media/product_images/medium/1140621261.jpg,
1140621262,/media/product_images/large/1140621262.jpg,/media/product_images/medium/1140621262.jpg,
1140621263,/media/product_images/large/1140621263.jpg,/media/product_images/medium/1140621263.jpg,
1140621264,/media/product_images/large/1140621264.jpg,/media/product_images/medium/1140621264.jpg,
1140621265,/media/product_images/large/1140621265.jpg,/media/product_images/medium/1140621265.jpg,
1140621266,/media/product_images/large/1140621266.jpg,/media/product_images/medium/1140621266.jpg,
1140621267,/media/product_images/large/1140621267.jpg,/media/product_images/medium/1140621267.jpg,
1140621268,/media/product_images/large/1140621268.jpg,/media/product_images/medium/1140621268.jpg,
1140621287,/media/product_images/large/1140621287.jpg,/media/product_images/medium/1140621287.jpg,
1140621288,/media/product_images/large/1140621288.jpg,/media/product_images/medium/1140621288.jpg,
1140621289,/media/product_images/large/1140621289.jpg,/media/product_images/medium/1140621289.jpg,
1140621290,/media/product_images/large/1140621290.jpg,/media/product_images/medium/1140621290.jpg,
1140621291,/media/product_images/large/1140621291.jpg,/media/product_images/medium/1140621291.jpg,
1140621292,/media/product_images/large/1140621292.jpg,/media/product_images/medium/1140621292.jpg,
1140621293,/media/product_images/large/1140621293.jpg,/media/product_images/medium/1140621293.jpg,
1140621294,/media/product_images/large/1140621294.jpg,/media/product_images/medium/1140621294.jpg,
1140621295,/media/product_images/large/1140621295.jpg,/media/product_images/medium/1140621295.jpg,
1140621296,/media/product_images/large/1140621296.jpg,/media/product_images/medium/1140621296.jpg,
1140621297,/media/product_images/large/1140621297.jpg,/media/product_images/medium/1140621297.jpg,
1140621298,/media/product_images/large/1140621298.jpg,/media/product_images/medium/1140621298.jpg,
1140621299,/media/product_images/large/1140621299.jpg,/media/product_images/medium/1140621299.jpg,
1140621300,/media/product_images/large/1140621300.jpg,/media/product_images/medium/1140621300.jpg,
1140621301,/media/product_images/large/1140621301.jpg,/media/product_images/medium/1140621301.jpg,
1140621302,/media/product_images/large/1140621302.jpg,/media/product_images/medium/1140621302.jpg,
1140621303,/media/product_images/large/1140621303.jpg,/media/product_images/medium/1140621303.jpg,
1140621304,/media/product_images/large/1140621304.jpg,/media/product_images/medium/1140621304.jpg,
1140621305,/media/product_images/large/1140621305.jpg,/media/product_images/medium/1140621305.jpg,
1140621306,/media/product_images/large/1140621306.jpg,/media/product_images/medium/1140621306.jpg,
1140621307,/media/product_images/large/1140621307.jpg,/media/product_images/medium/1140621307.jpg,
1140621308,/media/product_images/large/1140621308.jpg,/media/product_images/medium/1140621308.jpg,
1140621309,/media/product_images/large/1140621309.jpg,/media/product_images/medium/1140621309.jpg,
1140621310,/media/product_images/large/1140621310.jpg,/media/product_images/medium/1140621310.jpg,
1140621311,/media/product_images/large/1140621311.jpg,/media/product_images/medium/1140621311.jpg,
1140621312,/media/product_images/large/1140621312.jpg,/media/product_images/medium/1140621312.jpg,
1140621313,/media/product_images/large/1140621313.jpg,/media/product_images/medium/1140621313.jpg,
1140621314,/media/product_images/large/1140621314.jpg,/media/product_images/medium/1140621314.jpg,
1140621315,/media/product_images/large/1140621315.jpg,/media/product_images/medium/1140621315.jpg,
1140621316,/media/product_images/large/1140621316.jpg,/media/product_images/medium/1140621316.jpg,
1140621317,/media/product_images/large/1140621317.jpg,/media/product_images/medium/1140621317.jpg,
1140621318,/media/product_images/large/1140621318.jpg,/media/product_images/medium/1140621318.jpg,
1140621319,/media/product_images/large/1140621319.jpg,/media/product_images/medium/1140621319.jpg,
1140621320,/media/product_images/large/1140621320.jpg,/media/product_images/medium/1140621320.jpg,
1140621321,/media/product_images/large/1140621321.jpg,/media/product_images/medium/1140621321.jpg,
1140621322,/media/product_images/large/1140621322.jpg,/media/product_images/medium/1140621322.jpg,
1140621323,/media/product_images/large/1140621323.jpg,/media/product_images/medium/1140621323.jpg,
1140621324,/media/product_images/large/1140621324.jpg,/media/product_images/medium/1140621324.jpg,
1140621325,/media/product_images/large/1140621325.jpg,/media/product_images/medium/1140621325.jpg,
1140621326,/media/product_images/large/1140621326.jpg,/media/product_images/medium/1140621326.jpg,
1140621327,/media/product_images/large/1140621327.jpg,/media/product_images/medium/1140621327.jpg,
1140621328,/media/product_images/large/1140621328.jpg,/media/product_images/medium/1140621328.jpg,
1140621329,/media/product_images/large/1140621329.jpg,/media/product_images/medium/1140621329.jpg,
1140621330,/media/product_images/large/1140621330.jpg,/media/product_images/medium/1140621330.jpg,
1140621331,/media/product_images/large/1140621331.jpg,/media/product_images/medium/1140621331.jpg,
1140621332,/media/product_images/large/1140621332.jpg,/media/product_images/medium/1140621332.jpg,
1140621333,/media/product_images/large/1140621333.jpg,/media/product_images/medium/1140621333.jpg,
1140621334,/media/product_images/large/1140621334.jpg,/media/product_images/medium/1140621334.jpg,
1140621335,/media/product_images/large/1140621335.jpg,/media/product_images/medium/1140621335.jpg,
1140621336,/media/product_images/large/1140621336.jpg,/media/product_images/medium/1140621336.jpg,
1140621376,/media/product_images/large/1140621376.jpg,/media/product_images/medium/1140621376.jpg,
1140621377,/media/product_images/large/1140621377.jpg,/media/product_images/medium/1140621377.jpg,
1140621378,/media/product_images/large/1140621378.jpg,/media/product_images/medium/1140621378.jpg,
1140621380,/media/product_images/large/1140621380.jpg,/media/product_images/medium/1140621380.jpg,
1140621381,/media/product_images/large/1140621381.jpg,/media/product_images/medium/1140621381.jpg,
1140621382,/media/product_images/large/1140621382.jpg,/media/product_images/medium/1140621382.jpg,
1140621383,/media/product_images/large/1140621383.jpg,/media/product_images/medium/1140621383.jpg,
1140621384,/media/product_images/large/1140621384.jpg,/media/product_images/medium/1140621384.jpg,
1140621386,/media/product_images/large/1140621386.jpg,/media/product_images/medium/1140621386.jpg,
1140621387,/media/product_images/large/1140621387.jpg,/media/product_images/medium/1140621387.jpg,
1140621389,/media/product_images/large/1140621389.jpg,/media/product_images/medium/1140621389.jpg,
1140621390,/media/product_images/large/1140621390.jpg,/media/product_images/medium/1140621390.jpg,
1140621391,/media/product_images/large/1140621391.jpg,/media/product_images/medium/1140621391.jpg,
1140621392,/media/product_images/large/1140621392.jpg,/media/product_images/medium/1140621392.jpg,
1140621393,/media/product_images/large/1140621393.jpg,/media/product_images/medium/1140621393.jpg,
1140621394,/media/product_images/large/1140621394.jpg,/media/product_images/medium/1140621394.jpg,
1140621395,/media/product_images/large/1140621395.jpg,/media/product_images/medium/1140621395.jpg,
1140621396,/media/product_images/large/1140621396.jpg,/media/product_images/medium/1140621396.jpg,
1140621397,/media/product_images/large/1140621397.jpg,/media/product_images/medium/1140621397.jpg,
1140621398,/media/product_images/large/1140621398.jpg,/media/product_images/medium/1140621398.jpg,
1140621399,/media/product_images/large/1140621399.jpg,/media/product_images/medium/1140621399.jpg,
1140621400,/media/product_images/large/1140621400.jpg,/media/product_images/medium/1140621400.jpg,
1140621402,/media/product_images/large/1140621402.jpg,/media/product_images/medium/1140621402.jpg,
1140621404,/media/product_images/large/1140621404.jpg,/media/product_images/medium/1140621404.jpg,
1140621405,/media/product_images/large/1140621405.jpg,/media/product_images/medium/1140621405.jpg,
1140621435,/media/product_images/large/1140621435.jpg,/media/product_images/medium/1140621435.jpg,
1140621436,/media/product_images/large/1140621436.jpg,/media/product_images/medium/1140621436.jpg,
1140621437,/media/product_images/large/1140621437.jpg,/media/product_images/medium/1140621437.jpg,
1140621438,/media/product_images/large/1140621438.jpg,/media/product_images/medium/1140621438.jpg,
1140621439,/media/product_images/large/1140621439.jpg,/media/product_images/medium/1140621439.jpg,
1140621440,/media/product_images/large/1140621440.jpg,/media/product_images/medium/1140621440.jpg,
1140621441,/media/product_images/large/1140621441.jpg,/media/product_images/medium/1140621441.jpg,
1140621442,/media/product_images/large/1140621442.jpg,/media/product_images/medium/1140621442.jpg,
1140621443,/media/product_images/large/1140621443.jpg,/media/product_images/medium/1140621443.jpg,
1140621444,/media/product_images/large/1140621444.jpg,/media/product_images/medium/1140621444.jpg,
1140621445,/media/product_images/large/1140621445.jpg,/media/product_images/medium/1140621445.jpg,
1140621446,/media/product_images/large/1140621446.jpg,/media/product_images/medium/1140621446.jpg,
1140621447,/media/product_images/large/1140621447.jpg,/media/product_images/medium/1140621447.jpg,
1140621449,/media/product_images/large/1140621449.jpg,/media/product_images/medium/1140621449.jpg,
1140621451,/media/product_images/large/1140621451.jpg,/media/product_images/medium/1140621451.jpg,
1140621453,/media/product_images/large/1140621453.jpg,/media/product_images/medium/1140621453.jpg,
1140621455,/media/product_images/large/1140621455.jpg,/media/product_images/medium/1140621455.jpg,
1140621457,/media/product_images/large/1140621457.jpg,/media/product_images/medium/1140621457.jpg,
1140621459,/media/product_images/large/1140621459.jpg,/media/product_images/medium/1140621459.jpg,
1140621461,/media/product_images/large/1140621461.jpg,/media/product_images/medium/1140621461.jpg,
1140621463,/media/product_images/large/1140621463.jpg,/media/product_images/medium/1140621463.jpg,
1140621465,/media/product_images/large/1140621465.jpg,/media/product_images/medium/1140621465.jpg,
1140621468,/media/product_images/large/1140621468.jpg,/media/product_images/medium/1140621468.jpg,
1140621470,/media/product_images/large/1140621470.jpg,/media/product_images/medium/1140621470.jpg,
1140621540,/media/product_images/large/1140621540.jpg,/media/product_images/medium/1140621540.jpg,
1140621541,/media/product_images/large/1140621541.jpg,/media/product_images/medium/1140621541.jpg,
1140621542,/media/product_images/large/1140621542.jpg,/media/product_images/medium/1140621542.jpg,
1140621543,/media/product_images/large/1140621543.jpg,/media/product_images/medium/1140621543.jpg,
1140621544,/media/product_images/large/1140621544.jpg,/media/product_images/medium/1140621544.jpg,
1140621545,/media/product_images/large/1140621545.jpg,/media/product_images/medium/1140621545.jpg,
1140621555,/media/product_images/large/1140621555.jpg,/media/product_images/medium/1140621555.jpg,
1140621556,/media/product_images/large/1140621556.jpg,/media/product_images/medium/1140621556.jpg,
1140621557,/media/product_images/large/1140621557.jpg,/media/product_images/medium/1140621557.jpg,
1140621558,/media/product_images/large/1140621558.jpg,/media/product_images/medium/1140621558.jpg,
1140621559,/media/product_images/large/1140621559.jpg,/media/product_images/medium/1140621559.jpg,
1140621564,/media/product_images/large/1140621564.jpg,/media/product_images/medium/1140621564.jpg,
1140621565,/media/product_images/large/1140621565.jpg,/media/product_images/medium/1140621565.jpg,
1140621572,/media/product_images/large/1140621572.jpg,/media/product_images/medium/1140621572.jpg,
1140621607,/media/product_images/large/1140621607.jpg,/media/product_images/medium/1140621607.jpg,
1140621608,/media/product_images/large/1140621608.jpg,/media/product_images/medium/1140621608.jpg,
1140621609,/media/product_images/large/1140621609.jpg,/media/product_images/medium/1140621609.jpg,
1140621611,/media/product_images/large/1140621611.jpg,/media/product_images/medium/1140621611.jpg,
1140621612,/media/product_images/large/1140621612.jpg,/media/product_images/medium/1140621612.jpg,
1140621619,/media/product_images/large/1140621619.jpg,/media/product_images/medium/1140621619.jpg,
1140621622,/media/product_images/large/1140621622.jpg,/media/product_images/medium/1140621622.jpg,
1140621623,/media/product_images/large/1140621623.jpg,/media/product_images/medium/1140621623.jpg,
1140621624,/media/product_images/large/1140621624.jpg,/media/product_images/medium/1140621624.jpg,
1140621625,/media/product_images/large/1140621625.jpg,/media/product_images/medium/1140621625.jpg,
1140621626,/media/product_images/large/1140621626.jpg,/media/product_images/medium/1140621626.jpg,
1140621627,/media/product_images/large/1140621627.jpg,/media/product_images/medium/1140621627.jpg,
1140621628,/media/product_images/large/1140621628.jpg,/media/product_images/medium/1140621628.jpg,
1140621629,/media/product_images/large/1140621629.jpg,/media/product_images/medium/1140621629.jpg,
1140621630,/media/product_images/large/1140621630.jpg,/media/product_images/medium/1140621630.jpg,
1140621632,/media/product_images/large/1140621632.jpg,/media/product_images/medium/1140621632.jpg,
1140621633,/media/product_images/large/1140621633.jpg,/media/product_images/medium/1140621633.jpg,
1140621636,/media/product_images/large/1140621636.jpg,/media/product_images/medium/1140621636.jpg,
1140621637,/media/product_images/large/1140621637.jpg,/media/product_images/medium/1140621637.jpg,
1140621638,/media/product_images/large/1140621638.jpg,/media/product_images/medium/1140621638.jpg,
1140621639,/media/product_images/large/1140621639.jpg,/media/product_images/medium/1140621639.jpg,
1140621640,/media/product_images/large/1140621640.jpg,/media/product_images/medium/1140621640.jpg,
1140621641,/media/product_images/large/1140621641.jpg,/media/product_images/medium/1140621641.jpg,
1140621642,/media/product_images/large/1140621642.jpg,/media/product_images/medium/1140621642.jpg,
1140621643,/media/product_images/large/1140621643.jpg,/media/product_images/medium/1140621643.jpg,
1140621645,/media/product_images/large/1140621645.jpg,/media/product_images/medium/1140621645.jpg,
1140621647,/media/product_images/large/1140621647.jpg,/media/product_images/medium/1140621647.jpg,
1140621675,/media/product_images/large/1140621675.jpg,/media/product_images/medium/1140621675.jpg,
1140621676,/media/product_images/large/1140621676.jpg,/media/product_images/medium/1140621676.jpg,
1140621677,/media/product_images/large/1140621677.jpg,/media/product_images/medium/1140621677.jpg,
1140621686,/media/product_images/large/1140621686.jpg,/media/product_images/medium/1140621686.jpg,
1140621687,/media/product_images/large/1140621687.jpg,/media/product_images/medium/1140621687.jpg,
1140621688,/media/product_images/large/1140621688.jpg,/media/product_images/medium/1140621688.jpg,
1140621689,/media/product_images/large/1140621689.jpg,/media/product_images/medium/1140621689.jpg,
1140621698,/media/product_images/large/1140621698.jpg,/media/product_images/medium/1140621698.jpg,
1140621830,/media/product_images/large/1140621830.jpg,/media/product_images/medium/1140621830.jpg,
1140621832,/media/product_images/large/1140621832.jpg,/media/product_images/medium/1140621832.jpg,
1140621833,/media/product_images/large/1140621833.jpg,/media/product_images/medium/1140621833.jpg,
1140621837,/media/product_images/large/1140621837.jpg,/media/product_images/medium/1140621837.jpg,
1140621997,/media/product_images/large/1140621997.jpg,/media/product_images/medium/1140621997.jpg,
1140622006,/media/product_images/large/1140622006.jpg,/media/product_images/medium/1140622006.jpg,
1140622007,/media/product_images/large/1140622007.jpg,/media/product_images/medium/1140622007.jpg,
1140622008,/media/product_images/large/1140622008.jpg,/media/product_images/medium/1140622008.jpg,
1140622009,/media/product_images/large/1140622009.jpg,/media/product_images/medium/1140622009.jpg,
1140622010,/media/product_images/large/1140622010.jpg,/media/product_images/medium/1140622010.jpg,
1140622011,/media/product_images/large/1140622011.jpg,/media/product_images/medium/1140622011.jpg,
1140622187,/media/product_images/large/1140622187.jpg,/media/product_images/medium/1140622187.jpg,
1140622241,/media/product_images/large/1140622241.jpg,/media/product_images/medium/1140622241.jpg,
1140622242,/media/product_images/large/1140622242.jpg,/media/product_images/medium/1140622242.jpg,
1140622243,/media/product_images/large/1140622243.jpg,/media/product_images/medium/1140622243.jpg,
1140622244,/media/product_images/large/1140622244.jpg,/media/product_images/medium/1140622244.jpg,
1140622245,/media/product_images/large/1140622245.jpg,/media/product_images/medium/1140622245.jpg,
1140622246,/media/product_images/large/1140622246.jpg,/media/product_images/medium/1140622246.jpg,
1140622247,/media/product_images/large/1140622247.jpg,/media/product_images/medium/1140622247.jpg,
1140622248,/media/product_images/large/1140622248.jpg,/media/product_images/medium/1140622248.jpg,
1140622416,/media/product_images/large/1140622416.jpg,/media/product_images/medium/1140622416.jpg,
1140622417,/media/product_images/large/1140622417.jpg,/media/product_images/medium/1140622417.jpg,
1140622591,/media/product_images/large/1140622591.jpg,/media/product_images/medium/1140622591.jpg,
1140622592,/media/product_images/large/1140622592.jpg,/media/product_images/medium/1140622592.jpg,
1140622609,/media/product_images/large/1140622609.jpg,/media/product_images/medium/1140622609.jpg,
1140622610,/media/product_images/large/1140622610.jpg,/media/product_images/medium/1140622610.jpg,
1140622611,/media/product_images/large/1140622611.jpg,/media/product_images/medium/1140622611.jpg,
1140622612,/media/product_images/large/1140622612.jpg,/media/product_images/medium/1140622612.jpg,
1140622613,/media/product_images/large/1140622613.jpg,/media/product_images/medium/1140622613.jpg,
1140622614,/media/product_images/large/1140622614.jpg,/media/product_images/medium/1140622614.jpg,
1140622615,/media/product_images/large/1140622615.jpg,/media/product_images/medium/1140622615.jpg,
1140622616,/media/product_images/large/1140622616.jpg,/media/product_images/medium/1140622616.jpg,
1140622633,/media/product_images/large/1140622633.jpg,/media/product_images/medium/1140622633.jpg,
1140622634,/media/product_images/large/1140622634.jpg,/media/product_images/medium/1140622634.jpg,
1140622635,/media/product_images/large/1140622635.jpg,/media/product_images/medium/1140622635.jpg,
1140622636,/media/product_images/large/1140622636.jpg,/media/product_images/medium/1140622636.jpg,
1140622637,/media/product_images/large/1140622637.jpg,/media/product_images/medium/1140622637.jpg,
1140622638,/media/product_images/large/1140622638.jpg,/media/product_images/medium/1140622638.jpg,
1140622639,/media/product_images/large/1140622639.jpg,/media/product_images/medium/1140622639.jpg,
1140622640,/media/product_images/large/1140622640.jpg,/media/product_images/medium/1140622640.jpg,
1140622641,/media/product_images/large/1140622641.jpg,/media/product_images/medium/1140622641.jpg,
1140622642,/media/product_images/large/1140622642.jpg,/media/product_images/medium/1140622642.jpg,
1140622643,/media/product_images/large/1140622643.jpg,/media/product_images/medium/1140622643.jpg,
1140622644,/media/product_images/large/1140622644.jpg,/media/product_images/medium/1140622644.jpg,
1140622645,/media/product_images/large/1140622645.jpg,/media/product_images/medium/1140622645.jpg,
1140622646,/media/product_images/large/1140622646.jpg,/media/product_images/medium/1140622646.jpg,
1140622647,/media/product_images/large/1140622647.jpg,/media/product_images/medium/1140622647.jpg,
1140622648,/media/product_images/large/1140622648.jpg,/media/product_images/medium/1140622648.jpg,
1140622649,/media/product_images/large/1140622649.jpg,/media/product_images/medium/1140622649.jpg,
1140622650,/media/product_images/large/1140622650.jpg,/media/product_images/medium/1140622650.jpg,
1140622651,/media/product_images/large/1140622651.jpg,/media/product_images/medium/1140622651.jpg,
1140622652,/media/product_images/large/1140622652.jpg,/media/product_images/medium/1140622652.jpg,
1140622653,/media/product_images/large/1140622653.jpg,/media/product_images/medium/1140622653.jpg,
1140622654,/media/product_images/large/1140622654.jpg,/media/product_images/medium/1140622654.jpg,
1140622655,/media/product_images/large/1140622655.jpg,/media/product_images/medium/1140622655.jpg,
1140622656,/media/product_images/large/1140622656.jpg,/media/product_images/medium/1140622656.jpg,
1140622657,/media/product_images/large/1140622657.jpg,/media/product_images/medium/1140622657.jpg,
1140622658,/media/product_images/large/1140622658.jpg,/media/product_images/medium/1140622658.jpg,
1140622659,/media/product_images/large/1140622659.jpg,/media/product_images/medium/1140622659.jpg,
1140622660,/media/product_images/large/1140622660.jpg,/media/product_images/medium/1140622660.jpg,
1140622661,/media/product_images/large/1140622661.jpg,/media/product_images/medium/1140622661.jpg,
1140622662,/media/product_images/large/1140622662.jpg,/media/product_images/medium/1140622662.jpg,
1140622663,/media/product_images/large/1140622663.jpg,/media/product_images/medium/1140622663.jpg,
1140622664,/media/product_images/large/1140622664.jpg,/media/product_images/medium/1140622664.jpg,
1140622665,/media/product_images/large/1140622665.jpg,/media/product_images/medium/1140622665.jpg,
1140622666,/media/product_images/large/1140622666.jpg,/media/product_images/medium/1140622666.jpg,
1140622667,/media/product_images/large/1140622667.jpg,/media/product_images/medium/1140622667.jpg,
1140622668,/media/product_images/large/1140622668.jpg,/media/product_images/medium/1140622668.jpg,
1140622669,/media/product_images/large/1140622669.jpg,/media/product_images/medium/1140622669.jpg,
1140622670,/media/product_images/large/1140622670.jpg,/media/product_images/medium/1140622670.jpg,
1140622671,/media/product_images/large/1140622671.jpg,/media/product_images/medium/1140622671.jpg,
1140622672,/media/product_images/large/1140622672.jpg,/media/product_images/medium/1140622672.jpg,
1140622673,/media/product_images/large/1140622673.jpg,/media/product_images/medium/1140622673.jpg,
1140622674,/media/product_images/large/1140622674.jpg,/media/product_images/medium/1140622674.jpg,
1140622675,/media/product_images/large/1140622675.jpg,/media/product_images/medium/1140622675.jpg,
1140622680,/media/product_images/large/1140622680.jpg,/media/product_images/medium/1140622680.jpg,
1140622681,/media/product_images/large/1140622681.jpg,/media/product_images/medium/1140622681.jpg,
1140622682,/media/product_images/large/1140622682.jpg,/media/product_images/medium/1140622682.jpg,
1140622683,/media/product_images/large/1140622683.jpg,/media/product_images/medium/1140622683.jpg,
1140622684,/media/product_images/large/1140622684.jpg,/media/product_images/medium/1140622684.jpg,
1140622685,/media/product_images/large/1140622685.jpg,/media/product_images/medium/1140622685.jpg,
1140622686,/media/product_images/large/1140622686.jpg,/media/product_images/medium/1140622686.jpg,
1140622687,/media/product_images/large/1140622687.jpg,/media/product_images/medium/1140622687.jpg,
1140622688,/media/product_images/large/1140622688.jpg,/media/product_images/medium/1140622688.jpg,
1140622689,/media/product_images/large/1140622689.jpg,/media/product_images/medium/1140622689.jpg,
1140622698,/media/product_images/large/1140622698.jpg,/media/product_images/medium/1140622698.jpg,
1140622699,/media/product_images/large/1140622699.jpg,/media/product_images/medium/1140622699.jpg,
1140622700,/media/product_images/large/1140622700.jpg,/media/product_images/medium/1140622700.jpg,
1140622701,/media/product_images/large/1140622701.jpg,/media/product_images/medium/1140622701.jpg,
1140622702,/media/product_images/large/1140622702.jpg,/media/product_images/medium/1140622702.jpg,
1140622703,/media/product_images/large/1140622703.jpg,/media/product_images/medium/1140622703.jpg,
1140622704,/media/product_images/large/1140622704.jpg,/media/product_images/medium/1140622704.jpg,
1140622764,/media/product_images/large/1140622764.jpg,/media/product_images/medium/1140622764.jpg,
1140622772,/media/product_images/large/1140622772.jpg,/media/product_images/medium/1140622772.jpg,
1140622773,/media/product_images/large/1140622773.jpg,/media/product_images/medium/1140622773.jpg,
1140622774,/media/product_images/large/1140622774.jpg,/media/product_images/medium/1140622774.jpg,
1140622775,/media/product_images/large/1140622775.jpg,/media/product_images/medium/1140622775.jpg,
1140622776,/media/product_images/large/1140622776.jpg,/media/product_images/medium/1140622776.jpg,
1140622777,/media/product_images/large/1140622777.jpg,/media/product_images/medium/1140622777.jpg,
1140622778,/media/product_images/large/1140622778.jpg,/media/product_images/medium/1140622778.jpg,
1140622779,/media/product_images/large/1140622779.jpg,/media/product_images/medium/1140622779.jpg,
1140622780,/media/product_images/large/1140622780.jpg,/media/product_images/medium/1140622780.jpg,
1140622781,/media/product_images/large/1140622781.jpg,/media/product_images/medium/1140622781.jpg,
1140622782,/media/product_images/large/1140622782.jpg,/media/product_images/medium/1140622782.jpg,
1140622783,/media/product_images/large/1140622783.jpg,/media/product_images/medium/1140622783.jpg,
1140622784,/media/product_images/large/1140622784.jpg,/media/product_images/medium/1140622784.jpg,
1140622785,/media/product_images/large/1140622785.jpg,/media/product_images/medium/1140622785.jpg,
1140622786,/media/product_images/large/1140622786.jpg,/media/product_images/medium/1140622786.jpg,
1140622787,/media/product_images/large/1140622787.jpg,/media/product_images/medium/1140622787.jpg,
1140622789,/media/product_images/large/1140622789.jpg,/media/product_images/medium/1140622789.jpg,
1140622790,/media/product_images/large/1140622790.jpg,/media/product_images/medium/1140622790.jpg,
1140622791,/media/product_images/large/1140622791.jpg,/media/product_images/medium/1140622791.jpg,
1140622792,/media/product_images/large/1140622792.jpg,/media/product_images/medium/1140622792.jpg,
1140622793,/media/product_images/large/1140622793.jpg,/media/product_images/medium/1140622793.jpg,
1140622794,/media/product_images/large/1140622794.jpg,/media/product_images/medium/1140622794.jpg,
1140622810,/media/product_images/large/1140622810.jpg,/media/product_images/medium/1140622810.jpg,
1140622811,/media/product_images/large/1140622811.jpg,/media/product_images/medium/1140622811.jpg,
1140622812,/media/product_images/large/1140622812.jpg,/media/product_images/medium/1140622812.jpg,
1140622813,/media/product_images/large/1140622813.jpg,/media/product_images/medium/1140622813.jpg,
1140622814,/media/product_images/large/1140622814.jpg,/media/product_images/medium/1140622814.jpg,
1140622815,/media/product_images/large/1140622815.jpg,/media/product_images/medium/1140622815.jpg,
1140622816,/media/product_images/large/1140622816.jpg,/media/product_images/medium/1140622816.jpg,
1140622817,/media/product_images/large/1140622817.jpg,/media/product_images/medium/1140622817.jpg,
1140622818,/media/product_images/large/1140622818.jpg,/media/product_images/medium/1140622818.jpg,
1140622822,/media/product_images/large/1140622822.jpg,/media/product_images/medium/1140622822.jpg,
1140622823,/media/product_images/large/1140622823.jpg,/media/product_images/medium/1140622823.jpg,
1140622824,/media/product_images/large/1140622824.jpg,/media/product_images/medium/1140622824.jpg,
1140622843,/media/product_images/large/1140622843.jpg,/media/product_images/medium/1140622843.jpg,
1140622844,/media/product_images/large/1140622844.jpg,/media/product_images/medium/1140622844.jpg,
1140622849,/media/product_images/large/1140622849.jpg,/media/product_images/medium/1140622849.jpg,
1140622850,/media/product_images/large/1140622850.jpg,/media/product_images/medium/1140622850.jpg,
1140622851,/media/product_images/large/1140622851.jpg,/media/product_images/medium/1140622851.jpg,
1140622852,/media/product_images/large/1140622852.jpg,/media/product_images/medium/1140622852.jpg,
1140622853,/media/product_images/large/1140622853.jpg,/media/product_images/medium/1140622853.jpg,
1140622854,/media/product_images/large/1140622854.jpg,/media/product_images/medium/1140622854.jpg,
1140622855,/media/product_images/large/1140622855.jpg,/media/product_images/medium/1140622855.jpg,
1140622856,/media/product_images/large/1140622856.jpg,/media/product_images/medium/1140622856.jpg,
1140622857,/media/product_images/large/1140622857.jpg,/media/product_images/medium/1140622857.jpg,
1140622858,/media/product_images/large/1140622858.jpg,/media/product_images/medium/1140622858.jpg,
1140622893,/media/product_images/large/1140622893.jpg,/media/product_images/medium/1140622893.jpg,
1140622894,/media/product_images/large/1140622894.jpg,/media/product_images/medium/1140622894.jpg,
1140622895,/media/product_images/large/1140622895.jpg,/media/product_images/medium/1140622895.jpg,
1140622906,/media/product_images/large/1140622906.jpg,/media/product_images/medium/1140622906.jpg,
1140622940,/media/product_images/large/1140622940.jpg,/media/product_images/medium/1140622940.jpg,
1140622941,/media/product_images/large/1140622941.jpg,/media/product_images/medium/1140622941.jpg,
1140622942,/media/product_images/large/1140622942.jpg,/media/product_images/medium/1140622942.jpg,
1140622943,/media/product_images/large/1140622943.jpg,/media/product_images/medium/1140622943.jpg,
1140622944,/media/product_images/large/1140622944.jpg,/media/product_images/medium/1140622944.jpg,
1140622945,/media/product_images/large/1140622945.jpg,/media/product_images/medium/1140622945.jpg,
1140622946,/media/product_images/large/1140622946.jpg,/media/product_images/medium/1140622946.jpg,
1140622988,/media/product_images/large/1140622988.jpg,/media/product_images/medium/1140622988.jpg,
1140622989,/media/product_images/large/1140622989.jpg,/media/product_images/medium/1140622989.jpg,
1140622990,/media/product_images/large/1140622990.jpg,/media/product_images/medium/1140622990.jpg,
1140622991,/media/product_images/large/1140622991.jpg,/media/product_images/medium/1140622991.jpg,
1140623058,/media/product_images/large/1140623058.jpg,/media/product_images/medium/1140623058.jpg,
1140623110,/media/product_images/large/1140623110.jpg,/media/product_images/medium/1140623110.jpg,
1140623203,/media/product_images/large/1140623203.jpg,/media/product_images/medium/1140623203.jpg,
1140623204,/media/product_images/large/1140623204.jpg,/media/product_images/medium/1140623204.jpg,
1140623738,/media/product_images/large/1140623738.jpg,/media/product_images/medium/1140623738.jpg,
1140623739,/media/product_images/large/1140623739.jpg,/media/product_images/medium/1140623739.jpg,
1140623740,/media/product_images/large/1140623740.jpg,/media/product_images/medium/1140623740.jpg,
1140623741,/media/product_images/large/1140623741.jpg,/media/product_images/medium/1140623741.jpg,
1140623742,/media/product_images/large/1140623742.jpg,/media/product_images/medium/1140623742.jpg,
1140623743,/media/product_images/large/1140623743.jpg,/media/product_images/medium/1140623743.jpg,
1140623744,/media/product_images/large/1140623744.jpg,/media/product_images/medium/1140623744.jpg,
1140623745,/media/product_images/large/1140623745.jpg,/media/product_images/medium/1140623745.jpg,
1140623746,/media/product_images/large/1140623746.jpg,/media/product_images/medium/1140623746.jpg,
1140623747,/media/product_images/large/1140623747.jpg,/media/product_images/medium/1140623747.jpg,
1140623748,/media/product_images/large/1140623748.jpg,/media/product_images/medium/1140623748.jpg,
1140623749,/media/product_images/large/1140623749.jpg,/media/product_images/medium/1140623749.jpg,
1140623750,/media/product_images/large/1140623750.jpg,/media/product_images/medium/1140623750.jpg,
1140623751,/media/product_images/large/1140623751.jpg,/media/product_images/medium/1140623751.jpg,
1140623752,/media/product_images/large/1140623752.jpg,/media/product_images/medium/1140623752.jpg,
1140623753,/media/product_images/large/1140623753.jpg,/media/product_images/medium/1140623753.jpg,
1140623754,/media/product_images/large/1140623754.jpg,/media/product_images/medium/1140623754.jpg,
1140623755,/media/product_images/large/1140623755.jpg,/media/product_images/medium/1140623755.jpg,
1140623756,/media/product_images/large/1140623756.jpg,/media/product_images/medium/1140623756.jpg,
1140623757,/media/product_images/large/1140623757.jpg,/media/product_images/medium/1140623757.jpg,
1140623758,/media/product_images/large/1140623758.jpg,/media/product_images/medium/1140623758.jpg,
1140623759,/media/product_images/large/1140623759.jpg,/media/product_images/medium/1140623759.jpg,
1140623760,/media/product_images/large/1140623760.jpg,/media/product_images/medium/1140623760.jpg,
1140623842,/media/product_images/large/1140623842.jpg,/media/product_images/medium/1140623842.jpg,
1140623843,/media/product_images/large/1140623843.jpg,/media/product_images/medium/1140623843.jpg,
1140623846,/media/product_images/large/1140623846.jpg,/media/product_images/medium/1140623846.jpg,
1140623847,/media/product_images/large/1140623847.jpg,/media/product_images/medium/1140623847.jpg,
1140623848,/media/product_images/large/1140623848.jpg,/media/product_images/medium/1140623848.jpg,
1140623849,/media/product_images/large/1140623849.jpg,/media/product_images/medium/1140623849.jpg,
1140624086,/media/product_images/large/1140624086.jpg,/media/product_images/medium/1140624086.jpg,
1140624087,/media/product_images/large/1140624087.jpg,/media/product_images/medium/1140624087.jpg,
1140624088,/media/product_images/large/1140624088.jpg,/media/product_images/medium/1140624088.jpg,
1140624089,/media/product_images/large/1140624089.jpg,/media/product_images/medium/1140624089.jpg,
1140624090,/media/product_images/large/1140624090.jpg,/media/product_images/medium/1140624090.jpg,
1140624091,/media/product_images/large/1140624091.jpg,/media/product_images/medium/1140624091.jpg,
1140624092,/media/product_images/large/1140624092.jpg,/media/product_images/medium/1140624092.jpg,
1140624093,/media/product_images/large/1140624093.jpg,/media/product_images/medium/1140624093.jpg,
1140624094,/media/product_images/large/1140624094.jpg,/media/product_images/medium/1140624094.jpg,
1140624095,/media/product_images/large/1140624095.jpg,/media/product_images/medium/1140624095.jpg,
1140624096,/media/product_images/large/1140624096.jpg,/media/product_images/medium/1140624096.jpg,
1140624097,/media/product_images/large/1140624097.jpg,/media/product_images/medium/1140624097.jpg,
1140624098,/media/product_images/large/1140624098.jpg,/media/product_images/medium/1140624098.jpg,
1140624099,/media/product_images/large/1140624099.jpg,/media/product_images/medium/1140624099.jpg,
1140624100,/media/product_images/large/1140624100.jpg,/media/product_images/medium/1140624100.jpg,
1140624101,/media/product_images/large/1140624101.jpg,/media/product_images/medium/1140624101.jpg,
1140624102,/media/product_images/large/1140624102.jpg,/media/product_images/medium/1140624102.jpg,
1140624103,/media/product_images/large/1140624103.jpg,/media/product_images/medium/1140624103.jpg,
1140624104,/media/product_images/large/1140624104.jpg,/media/product_images/medium/1140624104.jpg,
1140624114,/media/product_images/large/1140624114.jpg,/media/product_images/medium/1140624114.jpg,
1140624115,/media/product_images/large/1140624115.jpg,/media/product_images/medium/1140624115.jpg,
1140624117,/media/product_images/large/1140624117.jpg,/media/product_images/medium/1140624117.jpg,
1140624118,/media/product_images/large/1140624118.jpg,/media/product_images/medium/1140624118.jpg,
1140624119,/media/product_images/large/1140624119.jpg,/media/product_images/medium/1140624119.jpg,
1140624120,/media/product_images/large/1140624120.jpg,/media/product_images/medium/1140624120.jpg,
1140624121,/media/product_images/large/1140624121.jpg,/media/product_images/medium/1140624121.jpg,
1140624123,/media/product_images/large/1140624123.jpg,/media/product_images/medium/1140624123.jpg,
1140624124,/media/product_images/large/1140624124.jpg,/media/product_images/medium/1140624124.jpg,
1140624125,/media/product_images/large/1140624125.jpg,/media/product_images/medium/1140624125.jpg,
1140624126,/media/product_images/large/1140624126.jpg,/media/product_images/medium/1140624126.jpg,
1140624127,/media/product_images/large/1140624127.jpg,/media/product_images/medium/1140624127.jpg,
1140624128,/media/product_images/large/1140624128.jpg,/media/product_images/medium/1140624128.jpg,
1140624129,/media/product_images/large/1140624129.jpg,/media/product_images/medium/1140624129.jpg,
1140624130,/media/product_images/large/1140624130.jpg,/media/product_images/medium/1140624130.jpg,
1140624208,/media/product_images/large/1140624208.jpg,/media/product_images/medium/1140624208.jpg,
1140624209,/media/product_images/large/1140624209.jpg,/media/product_images/medium/1140624209.jpg,
1140624481,/media/product_images/large/1140624481.jpg,/media/product_images/medium/1140624481.jpg,
1140624561,/media/product_images/large/1140624561.jpg,/media/product_images/medium/1140624561.jpg,
1140624562,/media/product_images/large/1140624562.jpg,/media/product_images/medium/1140624562.jpg,
1140624754,/media/product_images/large/1140624754.jpg,/media/product_images/medium/1140624754.jpg,
1140624809,/media/product_images/large/1140624809.jpg,/media/product_images/medium/1140624809.jpg,
1140624810,/media/product_images/large/1140624810.jpg,/media/product_images/medium/1140624810.jpg,
1140624811,/media/product_images/large/1140624811.jpg,/media/product_images/medium/1140624811.jpg,
1140624812,/media/product_images/large/1140624812.jpg,/media/product_images/medium/1140624812.jpg,
1140624815,/media/product_images/large/1140624815.jpg,/media/product_images/medium/1140624815.jpg,
1140624838,/media/product_images/large/1140624838.jpg,/media/product_images/medium/1140624838.jpg,
1140624840,/media/product_images/large/1140624840.jpg,/media/product_images/medium/1140624840.jpg,
1140624841,/media/product_images/large/1140624841.jpg,/media/product_images/medium/1140624841.jpg,
1140624843,/media/product_images/large/1140624843.jpg,/media/product_images/medium/1140624843.jpg,
1140624844,/media/product_images/large/1140624844.jpg,/media/product_images/medium/1140624844.jpg,
1140624946,/media/product_images/large/1140624946.jpg,/media/product_images/medium/1140624946.jpg,
1140624947,/media/product_images/large/1140624947.jpg,/media/product_images/medium/1140624947.jpg,
1140624948,/media/product_images/large/1140624948.jpg,/media/product_images/medium/1140624948.jpg,
1140624949,/media/product_images/large/1140624949.jpg,/media/product_images/medium/1140624949.jpg,
1140624950,/media/product_images/large/1140624950.jpg,/media/product_images/medium/1140624950.jpg,
1140624951,/media/product_images/large/1140624951.jpg,/media/product_images/medium/1140624951.jpg,
1140624952,/media/product_images/large/1140624952.jpg,/media/product_images/medium/1140624952.jpg,
1140624953,/media/product_images/large/1140624953.jpg,/media/product_images/medium/1140624953.jpg,
1140624954,/media/product_images/large/1140624954.jpg,/media/product_images/medium/1140624954.jpg,
1140624955,/media/product_images/large/1140624955.jpg,/media/product_images/medium/1140624955.jpg,
1140624956,/media/product_images/large/1140624956.jpg,/media/product_images/medium/1140624956.jpg,
1140624958,/media/product_images/large/1140624958.jpg,/media/product_images/medium/1140624958.jpg,
1140624959,/media/product_images/large/1140624959.jpg,/media/product_images/medium/1140624959.jpg,
1140624960,/media/product_images/large/1140624960.jpg,/media/product_images/medium/1140624960.jpg,
1140624961,/media/product_images/large/1140624961.jpg,/media/product_images/medium/1140624961.jpg,
1140624962,/media/product_images/large/1140624962.jpg,/media/product_images/medium/1140624962.jpg,
1140624965,/media/product_images/large/1140624965.jpg,/media/product_images/medium/1140624965.jpg,
1140624966,/media/product_images/large/1140624966.jpg,/media/product_images/medium/1140624966.jpg,
1140624967,/media/product_images/large/1140624967.jpg,/media/product_images/medium/1140624967.jpg,
1140624968,/media/product_images/large/1140624968.jpg,/media/product_images/medium/1140624968.jpg,
1140624969,/media/product_images/large/1140624969.jpg,/media/product_images/medium/1140624969.jpg,
1140624970,/media/product_images/large/1140624970.jpg,/media/product_images/medium/1140624970.jpg,
1140624971,/media/product_images/large/1140624971.jpg,/media/product_images/medium/1140624971.jpg,
1140624972,/media/product_images/large/1140624972.jpg,/media/product_images/medium/1140624972.jpg,
1140624973,/media/product_images/large/1140624973.jpg,/media/product_images/medium/1140624973.jpg,
1140624974,/media/product_images/large/1140624974.jpg,/media/product_images/medium/1140624974.jpg,
1140624975,/media/product_images/large/1140624975.jpg,/media/product_images/medium/1140624975.jpg,
1140624976,/media/product_images/large/1140624976.jpg,/media/product_images/medium/1140624976.jpg,
1140624977,/media/product_images/large/1140624977.jpg,/media/product_images/medium/1140624977.jpg,
1140624978,/media/product_images/large/1140624978.jpg,/media/product_images/medium/1140624978.jpg,
1140624979,/media/product_images/large/1140624979.jpg,/media/product_images/medium/1140624979.jpg,
1140624980,/media/product_images/large/1140624980.jpg,/media/product_images/medium/1140624980.jpg,
1140624981,/media/product_images/large/1140624981.jpg,/media/product_images/medium/1140624981.jpg,
1140624982,/media/product_images/large/1140624982.jpg,/media/product_images/medium/1140624982.jpg,
1140624983,/media/product_images/large/1140624983.jpg,/media/product_images/medium/1140624983.jpg,
1140624984,/media/product_images/large/1140624984.jpg,/media/product_images/medium/1140624984.jpg,
1140624985,/media/product_images/large/1140624985.jpg,/media/product_images/medium/1140624985.jpg,
1140624986,/media/product_images/large/1140624986.jpg,/media/product_images/medium/1140624986.jpg,
1140625201,/media/product_images/large/1140625201.jpg,/media/product_images/medium/1140625201.jpg,
1140625202,/media/product_images/large/1140625202.jpg,/media/product_images/medium/1140625202.jpg,
1140625203,/media/product_images/large/1140625203.jpg,/media/product_images/medium/1140625203.jpg,
1140625204,/media/product_images/large/1140625204.jpg,/media/product_images/medium/1140625204.jpg,
1140625205,/media/product_images/large/1140625205.jpg,/media/product_images/medium/1140625205.jpg,
1140625255,/media/product_images/large/1140625255.jpg,/media/product_images/medium/1140625255.jpg,
1140625256,/media/product_images/large/1140625256.jpg,/media/product_images/medium/1140625256.jpg,
1140625257,/media/product_images/large/1140625257.jpg,/media/product_images/medium/1140625257.jpg,
1140625258,/media/product_images/large/1140625258.jpg,/media/product_images/medium/1140625258.jpg,
1140625259,/media/product_images/large/1140625259.jpg,/media/product_images/medium/1140625259.jpg,
1140625260,/media/product_images/large/1140625260.jpg,/media/product_images/medium/1140625260.jpg,
1140625261,/media/product_images/large/1140625261.jpg,/media/product_images/medium/1140625261.jpg,
1140625262,/media/product_images/large/1140625262.jpg,/media/product_images/medium/1140625262.jpg,
1140625263,/media/product_images/large/1140625263.jpg,/media/product_images/medium/1140625263.jpg,
1140625264,/media/product_images/large/1140625264.jpg,/media/product_images/medium/1140625264.jpg,
1140625270,/media/product_images/large/1140625270.jpg,/media/product_images/medium/1140625270.jpg,
1140625271,/media/product_images/large/1140625271.jpg,/media/product_images/medium/1140625271.jpg,
1140625272,/media/product_images/large/1140625272.jpg,/media/product_images/medium/1140625272.jpg,
1140625273,/media/product_images/large/1140625273.jpg,/media/product_images/medium/1140625273.jpg,
1140625325,/media/product_images/large/1140625325.jpg,/media/product_images/medium/1140625325.jpg,
1140625909,/media/product_images/large/1140625909.jpg,/media/product_images/medium/1140625909.jpg,
1140625912,/media/product_images/large/1140625912.jpg,/media/product_images/medium/1140625912.jpg,
1140625913,/media/product_images/large/1140625913.jpg,/media/product_images/medium/1140625913.jpg,
1140625916,/media/product_images/large/1140625916.jpg,/media/product_images/medium/1140625916.jpg,
1140625917,/media/product_images/large/1140625917.jpg,/media/product_images/medium/1140625917.jpg,
1140625918,/media/product_images/large/1140625918.jpg,/media/product_images/medium/1140625918.jpg,
1140625919,/media/product_images/large/1140625919.jpg,/media/product_images/medium/1140625919.jpg,
1140625920,/media/product_images/large/1140625920.jpg,/media/product_images/medium/1140625920.jpg,
1140625923,/media/product_images/large/1140625923.jpg,/media/product_images/medium/1140625923.jpg,
1140625924,/media/product_images/large/1140625924.jpg,/media/product_images/medium/1140625924.jpg,
1140625927,/media/product_images/large/1140625927.jpg,/media/product_images/medium/1140625927.jpg,
1140625928,/media/product_images/large/1140625928.jpg,/media/product_images/medium/1140625928.jpg,
1140625929,/media/product_images/large/1140625929.jpg,/media/product_images/medium/1140625929.jpg,
1140625930,/media/product_images/large/1140625930.jpg,/media/product_images/medium/1140625930.jpg,
1140625931,/media/product_images/large/1140625931.jpg,/media/product_images/medium/1140625931.jpg,
1140625932,/media/product_images/large/1140625932.jpg,/media/product_images/medium/1140625932.jpg,
1140625933,/media/product_images/large/1140625933.jpg,/media/product_images/medium/1140625933.jpg,
1140625934,/media/product_images/large/1140625934.jpg,/media/product_images/medium/1140625934.jpg,
1140625935,/media/product_images/large/1140625935.jpg,/media/product_images/medium/1140625935.jpg,
1140625936,/media/product_images/large/1140625936.jpg,/media/product_images/medium/1140625936.jpg,
1140625937,/media/product_images/large/1140625937.jpg,/media/product_images/medium/1140625937.jpg,
1140625938,/media/product_images/large/1140625938.jpg,/media/product_images/medium/1140625938.jpg,
1140625939,/media/product_images/large/1140625939.jpg,/media/product_images/medium/1140625939.jpg,
1140625940,/media/product_images/large/1140625940.jpg,/media/product_images/medium/1140625940.jpg,
1140625941,/media/product_images/large/1140625941.jpg,/media/product_images/medium/1140625941.jpg,
1140626030,/media/product_images/large/1140626030.jpg,/media/product_images/medium/1140626030.jpg,
1140626031,/media/product_images/large/1140626031.jpg,/media/product_images/medium/1140626031.jpg,
1140626032,/media/product_images/large/1140626032.jpg,/media/product_images/medium/1140626032.jpg,
1140626033,/media/product_images/large/1140626033.jpg,/media/product_images/medium/1140626033.jpg,
1140626034,/media/product_images/large/1140626034.jpg,/media/product_images/medium/1140626034.jpg,
1140626035,/media/product_images/large/1140626035.jpg,/media/product_images/medium/1140626035.jpg,
1140626036,/media/product_images/large/1140626036.jpg,/media/product_images/medium/1140626036.jpg,
1140626037,/media/product_images/large/1140626037.jpg,/media/product_images/medium/1140626037.jpg,
1140626038,/media/product_images/large/1140626038.jpg,/media/product_images/medium/1140626038.jpg,
1140626039,/media/product_images/large/1140626039.jpg,/media/product_images/medium/1140626039.jpg,
1140626040,/media/product_images/large/1140626040.jpg,/media/product_images/medium/1140626040.jpg,
1140626041,/media/product_images/large/1140626041.jpg,/media/product_images/medium/1140626041.jpg,
1140626042,/media/product_images/large/1140626042.jpg,/media/product_images/medium/1140626042.jpg,
1140626043,/media/product_images/large/1140626043.jpg,/media/product_images/medium/1140626043.jpg,
1140626044,/media/product_images/large/1140626044.jpg,/media/product_images/medium/1140626044.jpg,
1140626045,/media/product_images/large/1140626045.jpg,/media/product_images/medium/1140626045.jpg,
1140626046,/media/product_images/large/1140626046.jpg,/media/product_images/medium/1140626046.jpg,
1140626047,/media/product_images/large/1140626047.jpg,/media/product_images/medium/1140626047.jpg,
1140626048,/media/product_images/large/1140626048.jpg,/media/product_images/medium/1140626048.jpg,
1140626049,/media/product_images/large/1140626049.jpg,/media/product_images/medium/1140626049.jpg,
1140626050,/media/product_images/large/1140626050.jpg,/media/product_images/medium/1140626050.jpg,
1140626051,/media/product_images/large/1140626051.jpg,/media/product_images/medium/1140626051.jpg,
1140626055,/media/product_images/large/1140626055.jpg,/media/product_images/medium/1140626055.jpg,
1140626056,/media/product_images/large/1140626056.jpg,/media/product_images/medium/1140626056.jpg,
1140626057,/media/product_images/large/1140626057.jpg,/media/product_images/medium/1140626057.jpg,
1140626059,/media/product_images/large/1140626059.jpg,/media/product_images/medium/1140626059.jpg,
1140626060,/media/product_images/large/1140626060.jpg,/media/product_images/medium/1140626060.jpg,
1140626061,/media/product_images/large/1140626061.jpg,/media/product_images/medium/1140626061.jpg,
1140626062,/media/product_images/large/1140626062.jpg,/media/product_images/medium/1140626062.jpg,
1140626063,/media/product_images/large/1140626063.jpg,/media/product_images/medium/1140626063.jpg,
1140626065,/media/product_images/large/1140626065.jpg,/media/product_images/medium/1140626065.jpg,
1140626066,/media/product_images/large/1140626066.jpg,/media/product_images/medium/1140626066.jpg,
1140626067,/media/product_images/large/1140626067.jpg,/media/product_images/medium/1140626067.jpg,
1140626068,/media/product_images/large/1140626068.jpg,/media/product_images/medium/1140626068.jpg,
1140626069,/media/product_images/large/1140626069.jpg,/media/product_images/medium/1140626069.jpg,
1140626070,/media/product_images/large/1140626070.jpg,/media/product_images/medium/1140626070.jpg,
1140626073,/media/product_images/large/1140626073.jpg,/media/product_images/medium/1140626073.jpg,
1140626074,/media/product_images/large/1140626074.jpg,/media/product_images/medium/1140626074.jpg,
1140626075,/media/product_images/large/1140626075.jpg,/media/product_images/medium/1140626075.jpg,
1140626076,/media/product_images/large/1140626076.jpg,/media/product_images/medium/1140626076.jpg,
1140626077,/media/product_images/large/1140626077.jpg,/media/product_images/medium/1140626077.jpg,
1140626078,/media/product_images/large/1140626078.jpg,/media/product_images/medium/1140626078.jpg,
1140626079,/media/product_images/large/1140626079.jpg,/media/product_images/medium/1140626079.jpg,
1140626084,/media/product_images/large/1140626084.jpg,/media/product_images/medium/1140626084.jpg,
1140626085,/media/product_images/large/1140626085.jpg,/media/product_images/medium/1140626085.jpg,
1140626086,/media/product_images/large/1140626086.jpg,/media/product_images/medium/1140626086.jpg,
1140626087,/media/product_images/large/1140626087.jpg,/media/product_images/medium/1140626087.jpg,
1140626088,/media/product_images/large/1140626088.jpg,/media/product_images/medium/1140626088.jpg,
1140626089,/media/product_images/large/1140626089.jpg,/media/product_images/medium/1140626089.jpg,
1140626090,/media/product_images/large/1140626090.jpg,/media/product_images/medium/1140626090.jpg,
1140626091,/media/product_images/large/1140626091.jpg,/media/product_images/medium/1140626091.jpg,
1140626092,/media/product_images/large/1140626092.jpg,/media/product_images/medium/1140626092.jpg,
1140626093,/media/product_images/large/1140626093.jpg,/media/product_images/medium/1140626093.jpg,
1140626094,/media/product_images/large/1140626094.jpg,/media/product_images/medium/1140626094.jpg,
1140626097,/media/product_images/large/1140626097.jpg,/media/product_images/medium/1140626097.jpg,
1140626116,/media/product_images/large/1140626116.jpg,/media/product_images/medium/1140626116.jpg,
1140626122,/media/product_images/large/1140626122.jpg,/media/product_images/medium/1140626122.jpg,
1140626127,/media/product_images/large/1140626127.jpg,/media/product_images/medium/1140626127.jpg,
1140626128,/media/product_images/large/1140626128.jpg,/media/product_images/medium/1140626128.jpg,
1140626129,/media/product_images/large/1140626129.jpg,/media/product_images/medium/1140626129.jpg,
1140626130,/media/product_images/large/1140626130.jpg,/media/product_images/medium/1140626130.jpg,
1140626131,/media/product_images/large/1140626131.jpg,/media/product_images/medium/1140626131.jpg,
1140626132,/media/product_images/large/1140626132.jpg,/media/product_images/medium/1140626132.jpg,
1140626133,/media/product_images/large/1140626133.jpg,/media/product_images/medium/1140626133.jpg,
1140626134,/media/product_images/large/1140626134.jpg,/media/product_images/medium/1140626134.jpg,
1140626159,/media/product_images/large/1140626159.jpg,/media/product_images/medium/1140626159.jpg,
1140626160,/media/product_images/large/1140626160.jpg,/media/product_images/medium/1140626160.jpg,
1140626161,/media/product_images/large/1140626161.jpg,/media/product_images/medium/1140626161.jpg,
1140626162,/media/product_images/large/1140626162.jpg,/media/product_images/medium/1140626162.jpg,
1140626163,/media/product_images/large/1140626163.jpg,/media/product_images/medium/1140626163.jpg,
1140626164,/media/product_images/large/1140626164.jpg,/media/product_images/medium/1140626164.jpg,
1140626167,/media/product_images/large/1140626167.jpg,/media/product_images/medium/1140626167.jpg,
1140626168,/media/product_images/large/1140626168.jpg,/media/product_images/medium/1140626168.jpg,
1140626169,/media/product_images/large/1140626169.jpg,/media/product_images/medium/1140626169.jpg,
1140626170,/media/product_images/large/1140626170.jpg,/media/product_images/medium/1140626170.jpg,
1140626171,/media/product_images/large/1140626171.jpg,/media/product_images/medium/1140626171.jpg,
1140626172,/media/product_images/large/1140626172.jpg,/media/product_images/medium/1140626172.jpg,
1140626173,/media/product_images/large/1140626173.jpg,/media/product_images/medium/1140626173.jpg,
1140626174,/media/product_images/large/1140626174.jpg,/media/product_images/medium/1140626174.jpg,
1140626175,/media/product_images/large/1140626175.jpg,/media/product_images/medium/1140626175.jpg,
1140626176,/media/product_images/large/1140626176.jpg,/media/product_images/medium/1140626176.jpg,
1140626177,/media/product_images/large/1140626177.jpg,/media/product_images/medium/1140626177.jpg,
1140626178,/media/product_images/large/1140626178.jpg,/media/product_images/medium/1140626178.jpg,
1140626179,/media/product_images/large/1140626179.jpg,/media/product_images/medium/1140626179.jpg,
1140626180,/media/product_images/large/1140626180.jpg,/media/product_images/medium/1140626180.jpg,
1140626181,/media/product_images/large/1140626181.jpg,/media/product_images/medium/1140626181.jpg,
1140626182,/media/product_images/large/1140626182.jpg,/media/product_images/medium/1140626182.jpg,
1140626183,/media/product_images/large/1140626183.jpg,/media/product_images/medium/1140626183.jpg,
1140626184,/media/product_images/large/1140626184.jpg,/media/product_images/medium/1140626184.jpg,
1140626185,/media/product_images/large/1140626185.jpg,/media/product_images/medium/1140626185.jpg,
1140626186,/media/product_images/large/1140626186.jpg,/media/product_images/medium/1140626186.jpg,
1140626187,/media/product_images/large/1140626187.jpg,/media/product_images/medium/1140626187.jpg,
1140626188,/media/product_images/large/1140626188.jpg,/media/product_images/medium/1140626188.jpg,
1140626189,/media/product_images/large/1140626189.jpg,/media/product_images/medium/1140626189.jpg,
1140626190,/media/product_images/large/1140626190.jpg,/media/product_images/medium/1140626190.jpg,
1140626191,/media/product_images/large/1140626191.jpg,/media/product_images/medium/1140626191.jpg,
1140626192,/media/product_images/large/1140626192.jpg,/media/product_images/medium/1140626192.jpg,
1140626193,/media/product_images/large/1140626193.jpg,/media/product_images/medium/1140626193.jpg,
1140626194,/media/product_images/large/1140626194.jpg,/media/product_images/medium/1140626194.jpg,
1140626238,/media/product_images/large/1140626238.jpg,/media/product_images/medium/1140626238.jpg,
1140626239,/media/product_images/large/1140626239.jpg,/media/product_images/medium/1140626239.jpg,
1140626240,/media/product_images/large/1140626240.jpg,/media/product_images/medium/1140626240.jpg,
1140626241,/media/product_images/large/1140626241.jpg,/media/product_images/medium/1140626241.jpg,
1140626242,/media/product_images/large/1140626242.jpg,/media/product_images/medium/1140626242.jpg,
1140626243,/media/product_images/large/1140626243.jpg,/media/product_images/medium/1140626243.jpg,
1140626244,/media/product_images/large/1140626244.jpg,/media/product_images/medium/1140626244.jpg,
1140626245,/media/product_images/large/1140626245.jpg,/media/product_images/medium/1140626245.jpg,
1140626246,/media/product_images/large/1140626246.jpg,/media/product_images/medium/1140626246.jpg,
1140626247,/media/product_images/large/1140626247.jpg,/media/product_images/medium/1140626247.jpg,
1140626248,/media/product_images/large/1140626248.jpg,/media/product_images/medium/1140626248.jpg,
1140626249,/media/product_images/large/1140626249.jpg,/media/product_images/medium/1140626249.jpg,
1140626250,/media/product_images/large/1140626250.jpg,/media/product_images/medium/1140626250.jpg,
1140626255,/media/product_images/large/1140626255.jpg,/media/product_images/medium/1140626255.jpg,
1140626256,/media/product_images/large/1140626256.jpg,/media/product_images/medium/1140626256.jpg,
1140626257,/media/product_images/large/1140626257.jpg,/media/product_images/medium/1140626257.jpg,
1140626258,/media/product_images/large/1140626258.jpg,/media/product_images/medium/1140626258.jpg,
1140626274,/media/product_images/large/1140626274.jpg,/media/product_images/medium/1140626274.jpg,
1140626275,/media/product_images/large/1140626275.jpg,/media/product_images/medium/1140626275.jpg,
1140626276,/media/product_images/large/1140626276.jpg,/media/product_images/medium/1140626276.jpg,
1140626277,/media/product_images/large/1140626277.jpg,/media/product_images/medium/1140626277.jpg,
1140626278,/media/product_images/large/1140626278.jpg,/media/product_images/medium/1140626278.jpg,
1140626279,/media/product_images/large/1140626279.jpg,/media/product_images/medium/1140626279.jpg,
1140626280,/media/product_images/large/1140626280.jpg,/media/product_images/medium/1140626280.jpg,
1140626281,/media/product_images/large/1140626281.jpg,/media/product_images/medium/1140626281.jpg,
1140626285,/media/product_images/large/1140626285.jpg,/media/product_images/medium/1140626285.jpg,
1140626286,/media/product_images/large/1140626286.jpg,/media/product_images/medium/1140626286.jpg,
1140626287,/media/product_images/large/1140626287.jpg,/media/product_images/medium/1140626287.jpg,
1140626288,/media/product_images/large/1140626288.jpg,/media/product_images/medium/1140626288.jpg,
1140626289,/media/product_images/large/1140626289.jpg,/media/product_images/medium/1140626289.jpg,
1140626290,/media/product_images/large/1140626290.jpg,/media/product_images/medium/1140626290.jpg,
1140626291,/media/product_images/large/1140626291.jpg,/media/product_images/medium/1140626291.jpg,
1140626292,/media/product_images/large/1140626292.jpg,/media/product_images/medium/1140626292.jpg,
1140626293,/media/product_images/large/1140626293.jpg,/media/product_images/medium/1140626293.jpg,
1140626402,/media/product_images/large/1140626402.jpg,/media/product_images/medium/1140626402.jpg,
1140626403,/media/product_images/large/1140626403.jpg,/media/product_images/medium/1140626403.jpg,
1140626405,/media/product_images/large/1140626405.jpg,/media/product_images/medium/1140626405.jpg,
1140626406,/media/product_images/large/1140626406.jpg,/media/product_images/medium/1140626406.jpg,
1140626407,/media/product_images/large/1140626407.jpg,/media/product_images/medium/1140626407.jpg,
1140626408,/media/product_images/large/1140626408.jpg,/media/product_images/medium/1140626408.jpg,
1140626409,/media/product_images/large/1140626409.jpg,/media/product_images/medium/1140626409.jpg,
1140626410,/media/product_images/large/1140626410.jpg,/media/product_images/medium/1140626410.jpg,
1140626411,/media/product_images/large/1140626411.jpg,/media/product_images/medium/1140626411.jpg,
1140626412,/media/product_images/large/1140626412.jpg,/media/product_images/medium/1140626412.jpg,
1140626475,/media/product_images/large/1140626475.jpg,/media/product_images/medium/1140626475.jpg,
1140626476,/media/product_images/large/1140626476.jpg,/media/product_images/medium/1140626476.jpg,
1140626478,/media/product_images/large/1140626478.jpg,/media/product_images/medium/1140626478.jpg,
1140626480,/media/product_images/large/1140626480.jpg,/media/product_images/medium/1140626480.jpg,
1140626481,/media/product_images/large/1140626481.jpg,/media/product_images/medium/1140626481.jpg,
1140626482,/media/product_images/large/1140626482.jpg,/media/product_images/medium/1140626482.jpg,
1140626483,/media/product_images/large/1140626483.jpg,/media/product_images/medium/1140626483.jpg,
1140626484,/media/product_images/large/1140626484.jpg,/media/product_images/medium/1140626484.jpg,
1140626485,/media/product_images/large/1140626485.jpg,/media/product_images/medium/1140626485.jpg,
1140626486,/media/product_images/large/1140626486.jpg,/media/product_images/medium/1140626486.jpg,
1140626487,/media/product_images/large/1140626487.jpg,/media/product_images/medium/1140626487.jpg,
1140626488,/media/product_images/large/1140626488.jpg,/media/product_images/medium/1140626488.jpg,
1140626489,/media/product_images/large/1140626489.jpg,/media/product_images/medium/1140626489.jpg,
1140626490,/media/product_images/large/1140626490.jpg,/media/product_images/medium/1140626490.jpg,
1140626491,/media/product_images/large/1140626491.jpg,/media/product_images/medium/1140626491.jpg,
1140626492,/media/product_images/large/1140626492.jpg,/media/product_images/medium/1140626492.jpg,
1140626493,/media/product_images/large/1140626493.jpg,/media/product_images/medium/1140626493.jpg,
1140626494,/media/product_images/large/1140626494.jpg,/media/product_images/medium/1140626494.jpg,
1140626495,/media/product_images/large/1140626495.jpg,/media/product_images/medium/1140626495.jpg,
1140626496,/media/product_images/large/1140626496.jpg,/media/product_images/medium/1140626496.jpg,
1140626499,/media/product_images/large/1140626499.jpg,/media/product_images/medium/1140626499.jpg,
1140626500,/media/product_images/large/1140626500.jpg,/media/product_images/medium/1140626500.jpg,
1140626501,/media/product_images/large/1140626501.jpg,/media/product_images/medium/1140626501.jpg,
1140626502,/media/product_images/large/1140626502.jpg,/media/product_images/medium/1140626502.jpg,
1140626503,/media/product_images/large/1140626503.jpg,/media/product_images/medium/1140626503.jpg,
1140626504,/media/product_images/large/1140626504.jpg,/media/product_images/medium/1140626504.jpg,
1140626505,/media/product_images/large/1140626505.jpg,/media/product_images/medium/1140626505.jpg,
1140626506,/media/product_images/large/1140626506.jpg,/media/product_images/medium/1140626506.jpg,
1140626507,/media/product_images/large/1140626507.jpg,/media/product_images/medium/1140626507.jpg,
1140626508,/media/product_images/large/1140626508.jpg,/media/product_images/medium/1140626508.jpg,
1140626509,/media/product_images/large/1140626509.jpg,/media/product_images/medium/1140626509.jpg,
1140626695,/media/product_images/large/1140626695.jpg,/media/product_images/medium/1140626695.jpg,
1140626697,/media/product_images/large/1140626697.jpg,/media/product_images/medium/1140626697.jpg,
1140626698,/media/product_images/large/1140626698.jpg,/media/product_images/medium/1140626698.jpg,
1140626699,/media/product_images/large/1140626699.jpg,/media/product_images/medium/1140626699.jpg,
1140626700,/media/product_images/large/1140626700.jpg,/media/product_images/medium/1140626700.jpg,
1140626701,/media/product_images/large/1140626701.jpg,/media/product_images/medium/1140626701.jpg,
1140626702,/media/product_images/large/1140626702.jpg,/media/product_images/medium/1140626702.jpg,
1140626703,/media/product_images/large/1140626703.jpg,/media/product_images/medium/1140626703.jpg,
1140626704,/media/product_images/large/1140626704.jpg,/media/product_images/medium/1140626704.jpg,
1140626705,/media/product_images/large/1140626705.jpg,/media/product_images/medium/1140626705.jpg,
1140627088,/media/product_images/large/1140627088.jpg,/media/product_images/medium/1140627088.jpg,
1140627089,/media/product_images/large/1140627089.jpg,/media/product_images/medium/1140627089.jpg,
1140627090,/media/product_images/large/1140627090.jpg,/media/product_images/medium/1140627090.jpg,
1140627091,/media/product_images/large/1140627091.jpg,/media/product_images/medium/1140627091.jpg,
1140627092,/media/product_images/large/1140627092.jpg,/media/product_images/medium/1140627092.jpg,
1140627093,/media/product_images/large/1140627093.jpg,/media/product_images/medium/1140627093.jpg,
1140627094,/media/product_images/large/1140627094.jpg,/media/product_images/medium/1140627094.jpg,
1140627095,/media/product_images/large/1140627095.jpg,/media/product_images/medium/1140627095.jpg,
1140627096,/media/product_images/large/1140627096.jpg,/media/product_images/medium/1140627096.jpg,
1140627104,/media/product_images/large/1140627104.jpg,/media/product_images/medium/1140627104.jpg,
1140627105,/media/product_images/large/1140627105.jpg,/media/product_images/medium/1140627105.jpg,
1140627107,/media/product_images/large/1140627107.jpg,/media/product_images/medium/1140627107.jpg,
1140627108,/media/product_images/large/1140627108.jpg,/media/product_images/medium/1140627108.jpg,
1140627154,/media/product_images/large/1140627154.jpg,/media/product_images/medium/1140627154.jpg,
1140627155,/media/product_images/large/1140627155.jpg,/media/product_images/medium/1140627155.jpg,
1140627156,/media/product_images/large/1140627156.jpg,/media/product_images/medium/1140627156.jpg,
1140627163,/media/product_images/large/1140627163.jpg,/media/product_images/medium/1140627163.jpg,
1140627164,/media/product_images/large/1140627164.jpg,/media/product_images/medium/1140627164.jpg,
1140627165,/media/product_images/large/1140627165.jpg,/media/product_images/medium/1140627165.jpg,
1140627166,/media/product_images/large/1140627166.jpg,/media/product_images/medium/1140627166.jpg,
1140627167,/media/product_images/large/1140627167.jpg,/media/product_images/medium/1140627167.jpg,
1140627168,/media/product_images/large/1140627168.jpg,/media/product_images/medium/1140627168.jpg,
1140627170,/media/product_images/large/1140627170.jpg,/media/product_images/medium/1140627170.jpg,
1140627171,/media/product_images/large/1140627171.jpg,/media/product_images/medium/1140627171.jpg,
1140627172,/media/product_images/large/1140627172.jpg,/media/product_images/medium/1140627172.jpg,
1140627173,/media/product_images/large/1140627173.jpg,/media/product_images/medium/1140627173.jpg,
1140627174,/media/product_images/large/1140627174.jpg,/media/product_images/medium/1140627174.jpg,
1140627175,/media/product_images/large/1140627175.jpg,/media/product_images/medium/1140627175.jpg,
1140627176,/media/product_images/large/1140627176.jpg,/media/product_images/medium/1140627176.jpg,
1140627177,/media/product_images/large/1140627177.jpg,/media/product_images/medium/1140627177.jpg,
1140627180,/media/product_images/large/1140627180.jpg,/media/product_images/medium/1140627180.jpg,
1140627181,/media/product_images/large/1140627181.jpg,/media/product_images/medium/1140627181.jpg,
1140627182,/media/product_images/large/1140627182.jpg,/media/product_images/medium/1140627182.jpg,
1140627183,/media/product_images/large/1140627183.jpg,/media/product_images/medium/1140627183.jpg,
1140627184,/media/product_images/large/1140627184.jpg,/media/product_images/medium/1140627184.jpg,
1140627185,/media/product_images/large/1140627185.jpg,/media/product_images/medium/1140627185.jpg,
1140627186,/media/product_images/large/1140627186.jpg,/media/product_images/medium/1140627186.jpg,
1140627187,/media/product_images/large/1140627187.jpg,/media/product_images/medium/1140627187.jpg,
1140627188,/media/product_images/large/1140627188.jpg,/media/product_images/medium/1140627188.jpg,
1140627189,/media/product_images/large/1140627189.jpg,/media/product_images/medium/1140627189.jpg,
1140627200,/media/product_images/large/1140627200.jpg,/media/product_images/medium/1140627200.jpg,
1140627209,/media/product_images/large/1140627209.jpg,/media/product_images/medium/1140627209.jpg,
1140627218,/media/product_images/large/1140627218.jpg,/media/product_images/medium/1140627218.jpg,
1140627220,/media/product_images/large/1140627220.jpg,/media/product_images/medium/1140627220.jpg,
1140627221,/media/product_images/large/1140627221.jpg,/media/product_images/medium/1140627221.jpg,
1140627222,/media/product_images/large/1140627222.jpg,/media/product_images/medium/1140627222.jpg,
1140627223,/media/product_images/large/1140627223.jpg,/media/product_images/medium/1140627223.jpg,
1140627305,/media/product_images/large/1140627305.jpg,/media/product_images/medium/1140627305.jpg,
1140627824,/media/product_images/large/1140627824.jpg,/media/product_images/medium/1140627824.jpg,
1140627825,/media/product_images/large/1140627825.jpg,/media/product_images/medium/1140627825.jpg,
1140627826,/media/product_images/large/1140627826.jpg,/media/product_images/medium/1140627826.jpg,
1140627827,/media/product_images/large/1140627827.jpg,/media/product_images/medium/1140627827.jpg,
1140627828,/media/product_images/large/1140627828.jpg,/media/product_images/medium/1140627828.jpg,
1140627829,/media/product_images/large/1140627829.jpg,/media/product_images/medium/1140627829.jpg,
1140627834,/media/product_images/large/1140627834.jpg,/media/product_images/medium/1140627834.jpg,
1140627844,/media/product_images/large/1140627844.jpg,/media/product_images/medium/1140627844.jpg,
1140627845,/media/product_images/large/1140627845.jpg,/media/product_images/medium/1140627845.jpg,
1140627846,/media/product_images/large/1140627846.jpg,/media/product_images/medium/1140627846.jpg,
1140627847,/media/product_images/large/1140627847.jpg,/media/product_images/medium/1140627847.jpg,
1140627848,/media/product_images/large/1140627848.jpg,/media/product_images/medium/1140627848.jpg,
1140627851,/media/product_images/large/1140627851.jpg,/media/product_images/medium/1140627851.jpg,
1140627852,/media/product_images/large/1140627852.jpg,/media/product_images/medium/1140627852.jpg,
1140627853,/media/product_images/large/1140627853.jpg,/media/product_images/medium/1140627853.jpg,
1140627854,/media/product_images/large/1140627854.jpg,/media/product_images/medium/1140627854.jpg,
1140627855,/media/product_images/large/1140627855.jpg,/media/product_images/medium/1140627855.jpg,
1140627856,/media/product_images/large/1140627856.jpg,/media/product_images/medium/1140627856.jpg,
1140627857,/media/product_images/large/1140627857.jpg,/media/product_images/medium/1140627857.jpg,
1140627858,/media/product_images/large/1140627858.jpg,/media/product_images/medium/1140627858.jpg,
1140627859,/media/product_images/large/1140627859.jpg,/media/product_images/medium/1140627859.jpg,
1140627860,/media/product_images/large/1140627860.jpg,/media/product_images/medium/1140627860.jpg,
1140627861,/media/product_images/large/1140627861.jpg,/media/product_images/medium/1140627861.jpg,
1140627862,/media/product_images/large/1140627862.jpg,/media/product_images/medium/1140627862.jpg,
1140627863,/media/product_images/large/1140627863.jpg,/media/product_images/medium/1140627863.jpg,
1140627864,/media/product_images/large/1140627864.jpg,/media/product_images/medium/1140627864.jpg,
1140627865,/media/product_images/large/1140627865.jpg,/media/product_images/medium/1140627865.jpg,
1140627866,/media/product_images/large/1140627866.jpg,/media/product_images/medium/1140627866.jpg,
1140627867,/media/product_images/large/1140627867.jpg,/media/product_images/medium/1140627867.jpg,
1140627868,/media/product_images/large/1140627868.jpg,/media/product_images/medium/1140627868.jpg,
1140627869,/media/product_images/large/1140627869.jpg,/media/product_images/medium/1140627869.jpg,
1140627877,/media/product_images/large/1140627877.jpg,/media/product_images/medium/1140627877.jpg,
1140627878,/media/product_images/large/1140627878.jpg,/media/product_images/medium/1140627878.jpg,
1140628265,/media/product_images/large/1140628265.jpg,/media/product_images/medium/1140628265.jpg,
1140628266,/media/product_images/large/1140628266.jpg,/media/product_images/medium/1140628266.jpg,
1140628267,/media/product_images/large/1140628267.jpg,/media/product_images/medium/1140628267.jpg,
1140628313,/media/product_images/large/1140628313.jpg,/media/product_images/medium/1140628313.jpg,
1140628321,/media/product_images/large/1140628321.jpg,/media/product_images/medium/1140628321.jpg,
1140628322,/media/product_images/large/1140628322.jpg,/media/product_images/medium/1140628322.jpg,
1140628329,/media/product_images/large/1140628329.jpg,/media/product_images/medium/1140628329.jpg,
1140628330,/media/product_images/large/1140628330.jpg,/media/product_images/medium/1140628330.jpg,
1140628331,/media/product_images/large/1140628331.jpg,/media/product_images/medium/1140628331.jpg,
1140628332,/media/product_images/large/1140628332.jpg,/media/product_images/medium/1140628332.jpg,
1140628333,/media/product_images/large/1140628333.jpg,/media/product_images/medium/1140628333.jpg,
1140628682,/media/product_images/large/1140628682.jpg,/media/product_images/medium/1140628682.jpg,
1140628683,/media/product_images/large/1140628683.jpg,/media/product_images/medium/1140628683.jpg,
1140628838,/media/product_images/large/1140628838.jpg,/media/product_images/medium/1140628838.jpg,
1140628848,/media/product_images/large/1140628848.jpg,/media/product_images/medium/1140628848.jpg,
1140628897,/media/product_images/large/1140628897.jpg,/media/product_images/medium/1140628897.jpg,
1140628898,/media/product_images/large/1140628898.jpg,/media/product_images/medium/1140628898.jpg,
1140629176,/media/product_images/large/1140629176.jpg,/media/product_images/medium/1140629176.jpg,
1140629282,/media/product_images/large/1140629282.jpg,/media/product_images/medium/1140629282.jpg,
1140629283,/media/product_images/large/1140629283.jpg,/media/product_images/medium/1140629283.jpg,
1140629284,/media/product_images/large/1140629284.jpg,/media/product_images/medium/1140629284.jpg,
1140629285,/media/product_images/large/1140629285.jpg,/media/product_images/medium/1140629285.jpg,
1140629286,/media/product_images/large/1140629286.jpg,/media/product_images/medium/1140629286.jpg,
1140629287,/media/product_images/large/1140629287.jpg,/media/product_images/medium/1140629287.jpg,
1140629288,/media/product_images/large/1140629288.jpg,/media/product_images/medium/1140629288.jpg,
1140629289,/media/product_images/large/1140629289.jpg,/media/product_images/medium/1140629289.jpg,
1140629290,/media/product_images/large/1140629290.jpg,/media/product_images/medium/1140629290.jpg,
1140629291,/media/product_images/large/1140629291.jpg,/media/product_images/medium/1140629291.jpg,
1140629292,/media/product_images/large/1140629292.jpg,/media/product_images/medium/1140629292.jpg,
1140629293,/media/product_images/large/1140629293.jpg,/media/product_images/medium/1140629293.jpg,
1140629294,/media/product_images/large/1140629294.jpg,/media/product_images/medium/1140629294.jpg,
1140629295,/media/product_images/large/1140629295.jpg,/media/product_images/medium/1140629295.jpg,
1140629296,/media/product_images/large/1140629296.jpg,/media/product_images/medium/1140629296.jpg,
1140629297,/media/product_images/large/1140629297.jpg,/media/product_images/medium/1140629297.jpg,
1140629298,/media/product_images/large/1140629298.jpg,/media/product_images/medium/1140629298.jpg,
1140629299,/media/product_images/large/1140629299.jpg,/media/product_images/medium/1140629299.jpg,
1140629303,/media/product_images/large/1140629303.jpg,/media/product_images/medium/1140629303.jpg,
1140629304,/media/product_images/large/1140629304.jpg,/media/product_images/medium/1140629304.jpg,
1140629305,/media/product_images/large/1140629305.jpg,/media/product_images/medium/1140629305.jpg,
1140629306,/media/product_images/large/1140629306.jpg,/media/product_images/medium/1140629306.jpg,
1140629307,/media/product_images/large/1140629307.jpg,/media/product_images/medium/1140629307.jpg,
1140629308,/media/product_images/large/1140629308.jpg,/media/product_images/medium/1140629308.jpg,
1140629440,/media/product_images/large/1140629440.jpg,/media/product_images/medium/1140629440.jpg,
1140629441,/media/product_images/large/1140629441.jpg,/media/product_images/medium/1140629441.jpg,
1140629442,/media/product_images/large/1140629442.jpg,/media/product_images/medium/1140629442.jpg,
1140629443,/media/product_images/large/1140629443.jpg,/media/product_images/medium/1140629443.jpg,
1140629444,/media/product_images/large/1140629444.jpg,/media/product_images/medium/1140629444.jpg,
1140629445,/media/product_images/large/1140629445.jpg,/media/product_images/medium/1140629445.jpg,
1140629495,/media/product_images/large/1140629495.jpg,/media/product_images/medium/1140629495.jpg,
1140629496,/media/product_images/large/1140629496.jpg,/media/product_images/medium/1140629496.jpg,
1140629497,/media/product_images/large/1140629497.jpg,/media/product_images/medium/1140629497.jpg,
1140629498,/media/product_images/large/1140629498.jpg,/media/product_images/medium/1140629498.jpg,
1140629499,/media/product_images/large/1140629499.jpg,/media/product_images/medium/1140629499.jpg,
1140629502,/media/product_images/large/1140629502.jpg,/media/product_images/medium/1140629502.jpg,
1140629503,/media/product_images/large/1140629503.jpg,/media/product_images/medium/1140629503.jpg,
1140629504,/media/product_images/large/1140629504.jpg,/media/product_images/medium/1140629504.jpg,
1140629506,/media/product_images/large/1140629506.jpg,/media/product_images/medium/1140629506.jpg,
1140629507,/media/product_images/large/1140629507.jpg,/media/product_images/medium/1140629507.jpg,
1140629508,/media/product_images/large/1140629508.jpg,/media/product_images/medium/1140629508.jpg,
1140629547,/media/product_images/large/1140629547.jpg,/media/product_images/medium/1140629547.jpg,
1140629549,/media/product_images/large/1140629549.jpg,/media/product_images/medium/1140629549.jpg,
1140629550,/media/product_images/large/1140629550.jpg,/media/product_images/medium/1140629550.jpg,
1140629551,/media/product_images/large/1140629551.jpg,/media/product_images/medium/1140629551.jpg,
1140629571,/media/product_images/large/1140629571.jpg,/media/product_images/medium/1140629571.jpg,
1140629572,/media/product_images/large/1140629572.jpg,/media/product_images/medium/1140629572.jpg,
1140629573,/media/product_images/large/1140629573.jpg,/media/product_images/medium/1140629573.jpg,
1140629574,/media/product_images/large/1140629574.jpg,/media/product_images/medium/1140629574.jpg,
1140629575,/media/product_images/large/1140629575.jpg,/media/product_images/medium/1140629575.jpg,
1140629576,/media/product_images/large/1140629576.jpg,/media/product_images/medium/1140629576.jpg,
1140629577,/media/product_images/large/1140629577.jpg,/media/product_images/medium/1140629577.jpg,
1140629578,/media/product_images/large/1140629578.jpg,/media/product_images/medium/1140629578.jpg,
1140629583,/media/product_images/large/1140629583.jpg,/media/product_images/medium/1140629583.jpg,
1140629584,/media/product_images/large/1140629584.jpg,/media/product_images/medium/1140629584.jpg,
1140629585,/media/product_images/large/1140629585.jpg,/media/product_images/medium/1140629585.jpg,
1140629586,/media/product_images/large/1140629586.jpg,/media/product_images/medium/1140629586.jpg,
1140629587,/media/product_images/large/1140629587.jpg,/media/product_images/medium/1140629587.jpg,
1140629589,/media/product_images/large/1140629589.jpg,/media/product_images/medium/1140629589.jpg,
1140629590,/media/product_images/large/1140629590.jpg,/media/product_images/medium/1140629590.jpg,
1140629591,/media/product_images/large/1140629591.jpg,/media/product_images/medium/1140629591.jpg,
1140629592,/media/product_images/large/1140629592.jpg,/media/product_images/medium/1140629592.jpg,
1140629593,/media/product_images/large/1140629593.jpg,/media/product_images/medium/1140629593.jpg,
1140629594,/media/product_images/large/1140629594.jpg,/media/product_images/medium/1140629594.jpg,
1140629595,/media/product_images/large/1140629595.jpg,/media/product_images/medium/1140629595.jpg,
1140629596,/media/product_images/large/1140629596.jpg,/media/product_images/medium/1140629596.jpg,
1140629597,/media/product_images/large/1140629597.jpg,/media/product_images/medium/1140629597.jpg,
1140629598,/media/product_images/large/1140629598.jpg,/media/product_images/medium/1140629598.jpg,
1140629599,/media/product_images/large/1140629599.jpg,/media/product_images/medium/1140629599.jpg,
1140629600,/media/product_images/large/1140629600.jpg,/media/product_images/medium/1140629600.jpg,
1140629601,/media/product_images/large/1140629601.jpg,/media/product_images/medium/1140629601.jpg,
1140629602,/media/product_images/large/1140629602.jpg,/media/product_images/medium/1140629602.jpg,
1140629603,/media/product_images/large/1140629603.jpg,/media/product_images/medium/1140629603.jpg,
1140629604,/media/product_images/large/1140629604.jpg,/media/product_images/medium/1140629604.jpg,
1140629606,/media/product_images/large/1140629606.jpg,/media/product_images/medium/1140629606.jpg,
1140629607,/media/product_images/large/1140629607.jpg,/media/product_images/medium/1140629607.jpg,
1140629608,/media/product_images/large/1140629608.jpg,/media/product_images/medium/1140629608.jpg,
1140629609,/media/product_images/large/1140629609.jpg,/media/product_images/medium/1140629609.jpg,
1140629610,/media/product_images/large/1140629610.jpg,/media/product_images/medium/1140629610.jpg,
1140629611,/media/product_images/large/1140629611.jpg,/media/product_images/medium/1140629611.jpg,
1140629682,/media/product_images/large/1140629682.jpg,/media/product_images/medium/1140629682.jpg,
1140629683,/media/product_images/large/1140629683.jpg,/media/product_images/medium/1140629683.jpg,
1140629684,/media/product_images/large/1140629684.jpg,/media/product_images/medium/1140629684.jpg,
1140629685,/media/product_images/large/1140629685.jpg,/media/product_images/medium/1140629685.jpg,
1140629686,/media/product_images/large/1140629686.jpg,/media/product_images/medium/1140629686.jpg,
1140629687,/media/product_images/large/1140629687.jpg,/media/product_images/medium/1140629687.jpg,
1140629688,/media/product_images/large/1140629688.jpg,/media/product_images/medium/1140629688.jpg,
1140629689,/media/product_images/large/1140629689.jpg,/media/product_images/medium/1140629689.jpg,
1140629690,/media/product_images/large/1140629690.jpg,/media/product_images/medium/1140629690.jpg,
1140629691,/media/product_images/large/1140629691.jpg,/media/product_images/medium/1140629691.jpg,
1140629692,/media/product_images/large/1140629692.jpg,/media/product_images/medium/1140629692.jpg,
1140629693,/media/product_images/large/1140629693.jpg,/media/product_images/medium/1140629693.jpg,
1140629694,/media/product_images/large/1140629694.jpg,/media/product_images/medium/1140629694.jpg,
1140629695,/media/product_images/large/1140629695.jpg,/media/product_images/medium/1140629695.jpg,
1140629696,/media/product_images/large/1140629696.jpg,/media/product_images/medium/1140629696.jpg,
1140629697,/media/product_images/large/1140629697.jpg,/media/product_images/medium/1140629697.jpg,
1140629698,/media/product_images/large/1140629698.jpg,/media/product_images/medium/1140629698.jpg,
1140629701,/media/product_images/large/1140629701.jpg,/media/product_images/medium/1140629701.jpg,
1140629702,/media/product_images/large/1140629702.jpg,/media/product_images/medium/1140629702.jpg,
1140629703,/media/product_images/large/1140629703.jpg,/media/product_images/medium/1140629703.jpg,
1140629704,/media/product_images/large/1140629704.jpg,/media/product_images/medium/1140629704.jpg,
1140629705,/media/product_images/large/1140629705.jpg,/media/product_images/medium/1140629705.jpg,
1140629706,/media/product_images/large/1140629706.jpg,/media/product_images/medium/1140629706.jpg,
1140629707,/media/product_images/large/1140629707.jpg,/media/product_images/medium/1140629707.jpg,
1140629708,/media/product_images/large/1140629708.jpg,/media/product_images/medium/1140629708.jpg,
1140629709,/media/product_images/large/1140629709.jpg,/media/product_images/medium/1140629709.jpg,
1140629710,/media/product_images/large/1140629710.jpg,/media/product_images/medium/1140629710.jpg,
1140629711,/media/product_images/large/1140629711.jpg,/media/product_images/medium/1140629711.jpg,
1140629712,/media/product_images/large/1140629712.jpg,/media/product_images/medium/1140629712.jpg,
1140629731,/media/product_images/large/1140629731.jpg,/media/product_images/medium/1140629731.jpg,
1140629732,/media/product_images/large/1140629732.jpg,/media/product_images/medium/1140629732.jpg,
1140629733,/media/product_images/large/1140629733.jpg,/media/product_images/medium/1140629733.jpg,
1140629737,/media/product_images/large/1140629737.jpg,/media/product_images/medium/1140629737.jpg,
1140629738,/media/product_images/large/1140629738.jpg,/media/product_images/medium/1140629738.jpg,
1140629742,/media/product_images/large/1140629742.jpg,/media/product_images/medium/1140629742.jpg,
1140629750,/media/product_images/large/1140629750.jpg,/media/product_images/medium/1140629750.jpg,
1140629751,/media/product_images/large/1140629751.jpg,/media/product_images/medium/1140629751.jpg,
1140629752,/media/product_images/large/1140629752.jpg,/media/product_images/medium/1140629752.jpg,
1140629753,/media/product_images/large/1140629753.jpg,/media/product_images/medium/1140629753.jpg,
1140629754,/media/product_images/large/1140629754.jpg,/media/product_images/medium/1140629754.jpg,
1140629756,/media/product_images/large/1140629756.jpg,/media/product_images/medium/1140629756.jpg,
1140629757,/media/product_images/large/1140629757.jpg,/media/product_images/medium/1140629757.jpg,
1140629758,/media/product_images/large/1140629758.jpg,/media/product_images/medium/1140629758.jpg,
1140629759,/media/product_images/large/1140629759.jpg,/media/product_images/medium/1140629759.jpg,
1140629760,/media/product_images/large/1140629760.jpg,/media/product_images/medium/1140629760.jpg,
1140629771,/media/product_images/large/1140629771.jpg,/media/product_images/medium/1140629771.jpg,
1140629773,/media/product_images/large/1140629773.jpg,/media/product_images/medium/1140629773.jpg,
1140629774,/media/product_images/large/1140629774.jpg,/media/product_images/medium/1140629774.jpg,
1140629775,/media/product_images/large/1140629775.jpg,/media/product_images/medium/1140629775.jpg,
1140629776,/media/product_images/large/1140629776.jpg,/media/product_images/medium/1140629776.jpg,
1140629778,/media/product_images/large/1140629778.jpg,/media/product_images/medium/1140629778.jpg,
1140629779,/media/product_images/large/1140629779.jpg,/media/product_images/medium/1140629779.jpg,
1140629780,/media/product_images/large/1140629780.jpg,/media/product_images/medium/1140629780.jpg,
1140629781,/media/product_images/large/1140629781.jpg,/media/product_images/medium/1140629781.jpg,
1140629782,/media/product_images/large/1140629782.jpg,/media/product_images/medium/1140629782.jpg,
1140629784,/media/product_images/large/1140629784.jpg,/media/product_images/medium/1140629784.jpg,
1140629785,/media/product_images/large/1140629785.jpg,/media/product_images/medium/1140629785.jpg,
1140629789,/media/product_images/large/1140629789.jpg,/media/product_images/medium/1140629789.jpg,
1140629836,/media/product_images/large/1140629836.jpg,/media/product_images/medium/1140629836.jpg,
1140629837,/media/product_images/large/1140629837.jpg,/media/product_images/medium/1140629837.jpg,
1140629838,/media/product_images/large/1140629838.jpg,/media/product_images/medium/1140629838.jpg,
1140629839,/media/product_images/large/1140629839.jpg,/media/product_images/medium/1140629839.jpg,
1140629840,/media/product_images/large/1140629840.jpg,/media/product_images/medium/1140629840.jpg,
1140629841,/media/product_images/large/1140629841.jpg,/media/product_images/medium/1140629841.jpg,
1140629842,/media/product_images/large/1140629842.jpg,/media/product_images/medium/1140629842.jpg,
1140629843,/media/product_images/large/1140629843.jpg,/media/product_images/medium/1140629843.jpg,
1140629844,/media/product_images/large/1140629844.jpg,/media/product_images/medium/1140629844.jpg,
1140629845,/media/product_images/large/1140629845.jpg,/media/product_images/medium/1140629845.jpg,
1140629846,/media/product_images/large/1140629846.jpg,/media/product_images/medium/1140629846.jpg,
1140629847,/media/product_images/large/1140629847.jpg,/media/product_images/medium/1140629847.jpg,
1140629848,/media/product_images/large/1140629848.jpg,/media/product_images/medium/1140629848.jpg,
1140629849,/media/product_images/large/1140629849.jpg,/media/product_images/medium/1140629849.jpg,
1140629850,/media/product_images/large/1140629850.jpg,/media/product_images/medium/1140629850.jpg,
1140629851,/media/product_images/large/1140629851.jpg,/media/product_images/medium/1140629851.jpg,
1140629852,/media/product_images/large/1140629852.jpg,/media/product_images/medium/1140629852.jpg,
1140629853,/media/product_images/large/1140629853.jpg,/media/product_images/medium/1140629853.jpg,
1140629854,/media/product_images/large/1140629854.jpg,/media/product_images/medium/1140629854.jpg,
1140629855,/media/product_images/large/1140629855.jpg,/media/product_images/medium/1140629855.jpg,
1140629856,/media/product_images/large/1140629856.jpg,/media/product_images/medium/1140629856.jpg,
1140629857,/media/product_images/large/1140629857.jpg,/media/product_images/medium/1140629857.jpg,
1140629858,/media/product_images/large/1140629858.jpg,/media/product_images/medium/1140629858.jpg,
1140629859,/media/product_images/large/1140629859.jpg,/media/product_images/medium/1140629859.jpg,
1140629860,/media/product_images/large/1140629860.jpg,/media/product_images/medium/1140629860.jpg,
1140629861,/media/product_images/large/1140629861.jpg,/media/product_images/medium/1140629861.jpg,
1140629862,/media/product_images/large/1140629862.jpg,/media/product_images/medium/1140629862.jpg,
1140629863,/media/product_images/large/1140629863.jpg,/media/product_images/medium/1140629863.jpg,
1140629864,/media/product_images/large/1140629864.jpg,/media/product_images/medium/1140629864.jpg,
1140629865,/media/product_images/large/1140629865.jpg,/media/product_images/medium/1140629865.jpg,
1140629866,/media/product_images/large/1140629866.jpg,/media/product_images/medium/1140629866.jpg,
1140629872,/media/product_images/large/1140629872.jpg,/media/product_images/medium/1140629872.jpg,
1140629873,/media/product_images/large/1140629873.jpg,/media/product_images/medium/1140629873.jpg,
1140629886,/media/product_images/large/1140629886.jpg,/media/product_images/medium/1140629886.jpg,
1140629887,/media/product_images/large/1140629887.jpg,/media/product_images/medium/1140629887.jpg,
1140629888,/media/product_images/large/1140629888.jpg,/media/product_images/medium/1140629888.jpg,
1140629889,/media/product_images/large/1140629889.jpg,/media/product_images/medium/1140629889.jpg,
1140629890,/media/product_images/large/1140629890.jpg,/media/product_images/medium/1140629890.jpg,
1140629893,/media/product_images/large/1140629893.jpg,/media/product_images/medium/1140629893.jpg,
1140629894,/media/product_images/large/1140629894.jpg,/media/product_images/medium/1140629894.jpg,
1140629896,/media/product_images/large/1140629896.jpg,/media/product_images/medium/1140629896.jpg,
1140629897,/media/product_images/large/1140629897.jpg,/media/product_images/medium/1140629897.jpg,
1140629898,/media/product_images/large/1140629898.jpg,/media/product_images/medium/1140629898.jpg,
1140629899,/media/product_images/large/1140629899.jpg,/media/product_images/medium/1140629899.jpg,
1140629914,/media/product_images/large/1140629914.jpg,/media/product_images/medium/1140629914.jpg,
1140629938,/media/product_images/large/1140629938.jpg,/media/product_images/medium/1140629938.jpg,
1140629939,/media/product_images/large/1140629939.jpg,/media/product_images/medium/1140629939.jpg,
1140629940,/media/product_images/large/1140629940.jpg,/media/product_images/medium/1140629940.jpg,
1140629941,/media/product_images/large/1140629941.jpg,/media/product_images/medium/1140629941.jpg,
1140629942,/media/product_images/large/1140629942.jpg,/media/product_images/medium/1140629942.jpg,
1140629943,/media/product_images/large/1140629943.jpg,/media/product_images/medium/1140629943.jpg,
1140630213,/media/product_images/large/1140630213.jpg,/media/product_images/medium/1140630213.jpg,
1140630214,/media/product_images/large/1140630214.jpg,/media/product_images/medium/1140630214.jpg,
1140630215,/media/product_images/large/1140630215.jpg,/media/product_images/medium/1140630215.jpg,
1140630216,/media/product_images/large/1140630216.jpg,/media/product_images/medium/1140630216.jpg,
1140630217,/media/product_images/large/1140630217.jpg,/media/product_images/medium/1140630217.jpg,
1140630218,/media/product_images/large/1140630218.jpg,/media/product_images/medium/1140630218.jpg,
1140630234,/media/product_images/large/1140630234.jpg,/media/product_images/medium/1140630234.jpg,
1140630235,/media/product_images/large/1140630235.jpg,/media/product_images/medium/1140630235.jpg,
1140630237,/media/product_images/large/1140630237.jpg,/media/product_images/medium/1140630237.jpg,
1140630238,/media/product_images/large/1140630238.jpg,/media/product_images/medium/1140630238.jpg,
1140630239,/media/product_images/large/1140630239.jpg,/media/product_images/medium/1140630239.jpg,
1140630240,/media/product_images/large/1140630240.jpg,/media/product_images/medium/1140630240.jpg,
1140630241,/media/product_images/large/1140630241.jpg,/media/product_images/medium/1140630241.jpg,
1140630243,/media/product_images/large/1140630243.jpg,/media/product_images/medium/1140630243.jpg,
1140630244,/media/product_images/large/1140630244.jpg,/media/product_images/medium/1140630244.jpg,
1140630245,/media/product_images/large/1140630245.jpg,/media/product_images/medium/1140630245.jpg,
1140630246,/media/product_images/large/1140630246.jpg,/media/product_images/medium/1140630246.jpg,
1140630247,/media/product_images/large/1140630247.jpg,/media/product_images/medium/1140630247.jpg,
1140630534,/media/product_images/large/1140630534.jpg,/media/product_images/medium/1140630534.jpg,
1140630535,/media/product_images/large/1140630535.jpg,/media/product_images/medium/1140630535.jpg,
1140630536,/media/product_images/large/1140630536.jpg,/media/product_images/medium/1140630536.jpg,
1140630537,/media/product_images/large/1140630537.jpg,/media/product_images/medium/1140630537.jpg,
1140630538,/media/product_images/large/1140630538.jpg,/media/product_images/medium/1140630538.jpg,
1140630539,/media/product_images/large/1140630539.jpg,/media/product_images/medium/1140630539.jpg,
1140630540,/media/product_images/large/1140630540.jpg,/media/product_images/medium/1140630540.jpg,
1140630541,/media/product_images/large/1140630541.jpg,/media/product_images/medium/1140630541.jpg,
1140630542,/media/product_images/large/1140630542.jpg,/media/product_images/medium/1140630542.jpg,
1140630543,/media/product_images/large/1140630543.jpg,/media/product_images/medium/1140630543.jpg,
1140630544,/media/product_images/large/1140630544.jpg,/media/product_images/medium/1140630544.jpg,
1140630545,/media/product_images/large/1140630545.jpg,/media/product_images/medium/1140630545.jpg,
1140630546,/media/product_images/large/1140630546.jpg,/media/product_images/medium/1140630546.jpg,
1140630547,/media/product_images/large/1140630547.jpg,/media/product_images/medium/1140630547.jpg,
1140630548,/media/product_images/large/1140630548.jpg,/media/product_images/medium/1140630548.jpg,
1140630549,/media/product_images/large/1140630549.jpg,/media/product_images/medium/1140630549.jpg,
1140630550,/media/product_images/large/1140630550.jpg,/media/product_images/medium/1140630550.jpg,
1140630551,/media/product_images/large/1140630551.jpg,/media/product_images/medium/1140630551.jpg,
1140630552,/media/product_images/large/1140630552.jpg,/media/product_images/medium/1140630552.jpg,
1140630553,/media/product_images/large/1140630553.jpg,/media/product_images/medium/1140630553.jpg,
1140630554,/media/product_images/large/1140630554.jpg,/media/product_images/medium/1140630554.jpg,
1140630556,/media/product_images/large/1140630556.jpg,/media/product_images/medium/1140630556.jpg,
1140630557,/media/product_images/large/1140630557.jpg,/media/product_images/medium/1140630557.jpg,
1140630559,/media/product_images/large/1140630559.jpg,/media/product_images/medium/1140630559.jpg,
1140630561,/media/product_images/large/1140630561.jpg,/media/product_images/medium/1140630561.jpg,
1140630562,/media/product_images/large/1140630562.jpg,/media/product_images/medium/1140630562.jpg,
1140630563,/media/product_images/large/1140630563.jpg,/media/product_images/medium/1140630563.jpg,
1140630564,/media/product_images/large/1140630564.jpg,/media/product_images/medium/1140630564.jpg,
1140630572,/media/product_images/large/1140630572.jpg,/media/product_images/medium/1140630572.jpg,
1140630573,/media/product_images/large/1140630573.jpg,/media/product_images/medium/1140630573.jpg,
1140630574,/media/product_images/large/1140630574.jpg,/media/product_images/medium/1140630574.jpg,
1140630575,/media/product_images/large/1140630575.jpg,/media/product_images/medium/1140630575.jpg,
1140630576,/media/product_images/large/1140630576.jpg,/media/product_images/medium/1140630576.jpg,
1140630577,/media/product_images/large/1140630577.jpg,/media/product_images/medium/1140630577.jpg,
1140630578,/media/product_images/large/1140630578.jpg,/media/product_images/medium/1140630578.jpg,
1140630579,/media/product_images/large/1140630579.jpg,/media/product_images/medium/1140630579.jpg,
1140630580,/media/product_images/large/1140630580.jpg,/media/product_images/medium/1140630580.jpg,
1140630581,/media/product_images/large/1140630581.jpg,/media/product_images/medium/1140630581.jpg,
1140630582,/media/product_images/large/1140630582.jpg,/media/product_images/medium/1140630582.jpg,
1140630584,/media/product_images/large/1140630584.jpg,/media/product_images/medium/1140630584.jpg,
1140630585,/media/product_images/large/1140630585.jpg,/media/product_images/medium/1140630585.jpg,
1140630587,/media/product_images/large/1140630587.jpg,/media/product_images/medium/1140630587.jpg,
1140630588,/media/product_images/large/1140630588.jpg,/media/product_images/medium/1140630588.jpg,
1140630589,/media/product_images/large/1140630589.jpg,/media/product_images/medium/1140630589.jpg,
1140630591,/media/product_images/large/1140630591.jpg,/media/product_images/medium/1140630591.jpg,
1140630593,/media/product_images/large/1140630593.jpg,/media/product_images/medium/1140630593.jpg,
1140630594,/media/product_images/large/1140630594.jpg,/media/product_images/medium/1140630594.jpg,
1140630595,/media/product_images/large/1140630595.jpg,/media/product_images/medium/1140630595.jpg,
1140630596,/media/product_images/large/1140630596.jpg,/media/product_images/medium/1140630596.jpg,
1140630679,/media/product_images/large/1140630679.jpg,/media/product_images/medium/1140630679.jpg,
1140630680,/media/product_images/large/1140630680.jpg,/media/product_images/medium/1140630680.jpg,
1140630681,/media/product_images/large/1140630681.jpg,/media/product_images/medium/1140630681.jpg,
1140630682,/media/product_images/large/1140630682.jpg,/media/product_images/medium/1140630682.jpg,
1140630683,/media/product_images/large/1140630683.jpg,/media/product_images/medium/1140630683.jpg,
1140630685,/media/product_images/large/1140630685.jpg,/media/product_images/medium/1140630685.jpg,
1140630686,/media/product_images/large/1140630686.jpg,/media/product_images/medium/1140630686.jpg,
1140630687,/media/product_images/large/1140630687.jpg,/media/product_images/medium/1140630687.jpg,
1140630688,/media/product_images/large/1140630688.jpg,/media/product_images/medium/1140630688.jpg,
1140630689,/media/product_images/large/1140630689.jpg,/media/product_images/medium/1140630689.jpg,
1140630690,/media/product_images/large/1140630690.jpg,/media/product_images/medium/1140630690.jpg,
1140630691,/media/product_images/large/1140630691.jpg,/media/product_images/medium/1140630691.jpg,
1140630692,/media/product_images/large/1140630692.jpg,/media/product_images/medium/1140630692.jpg,
1140630693,/media/product_images/large/1140630693.jpg,/media/product_images/medium/1140630693.jpg,
1140630694,/media/product_images/large/1140630694.jpg,/media/product_images/medium/1140630694.jpg,
1140630695,/media/product_images/large/1140630695.jpg,/media/product_images/medium/1140630695.jpg,
1140630696,/media/product_images/large/1140630696.jpg,/media/product_images/medium/1140630696.jpg,
1140630697,/media/product_images/large/1140630697.jpg,/media/product_images/medium/1140630697.jpg,
1140630698,/media/product_images/large/1140630698.jpg,/media/product_images/medium/1140630698.jpg,
1140630699,/media/product_images/large/1140630699.jpg,/media/product_images/medium/1140630699.jpg,
1140630700,/media/product_images/large/1140630700.jpg,/media/product_images/medium/1140630700.jpg,
1140630707,/media/product_images/large/1140630707.jpg,/media/product_images/medium/1140630707.jpg,
1140630708,/media/product_images/large/1140630708.jpg,/media/product_images/medium/1140630708.jpg,
1140630709,/media/product_images/large/1140630709.jpg,/media/product_images/medium/1140630709.jpg,
1140630710,/media/product_images/large/1140630710.jpg,/media/product_images/medium/1140630710.jpg,
1140630711,/media/product_images/large/1140630711.jpg,/media/product_images/medium/1140630711.jpg,
1140630712,/media/product_images/large/1140630712.jpg,/media/product_images/medium/1140630712.jpg,
1140630714,/media/product_images/large/1140630714.jpg,/media/product_images/medium/1140630714.jpg,
1140630715,/media/product_images/large/1140630715.jpg,/media/product_images/medium/1140630715.jpg,
1140630716,/media/product_images/large/1140630716.jpg,/media/product_images/medium/1140630716.jpg,
1140630717,/media/product_images/large/1140630717.jpg,/media/product_images/medium/1140630717.jpg,
1140630718,/media/product_images/large/1140630718.jpg,/media/product_images/medium/1140630718.jpg,
1140630719,/media/product_images/large/1140630719.jpg,/media/product_images/medium/1140630719.jpg,
1140630720,/media/product_images/large/1140630720.jpg,/media/product_images/medium/1140630720.jpg,
1140630721,/media/product_images/large/1140630721.jpg,/media/product_images/medium/1140630721.jpg,
1140630723,/media/product_images/large/1140630723.jpg,/media/product_images/medium/1140630723.jpg,
1140630765,/media/product_images/large/1140630765.jpg,/media/product_images/medium/1140630765.jpg,
1140630766,/media/product_images/large/1140630766.jpg,/media/product_images/medium/1140630766.jpg,
1140630767,/media/product_images/large/1140630767.jpg,/media/product_images/medium/1140630767.jpg,
1140630768,/media/product_images/large/1140630768.jpg,/media/product_images/medium/1140630768.jpg,
1140630769,/media/product_images/large/1140630769.jpg,/media/product_images/medium/1140630769.jpg,
1140630770,/media/product_images/large/1140630770.jpg,/media/product_images/medium/1140630770.jpg,
1140630771,/media/product_images/large/1140630771.jpg,/media/product_images/medium/1140630771.jpg,
1140630772,/media/product_images/large/1140630772.jpg,/media/product_images/medium/1140630772.jpg,
1140630773,/media/product_images/large/1140630773.jpg,/media/product_images/medium/1140630773.jpg,
1140630774,/media/product_images/large/1140630774.jpg,/media/product_images/medium/1140630774.jpg,
1140630794,/media/product_images/large/1140630794.jpg,/media/product_images/medium/1140630794.jpg,
1140630796,/media/product_images/large/1140630796.jpg,/media/product_images/medium/1140630796.jpg,
1140630799,/media/product_images/large/1140630799.jpg,/media/product_images/medium/1140630799.jpg,
1140630800,/media/product_images/large/1140630800.jpg,/media/product_images/medium/1140630800.jpg,
1140630801,/media/product_images/large/1140630801.jpg,/media/product_images/medium/1140630801.jpg,
1140630802,/media/product_images/large/1140630802.jpg,/media/product_images/medium/1140630802.jpg,
1140630803,/media/product_images/large/1140630803.jpg,/media/product_images/medium/1140630803.jpg,
1140630804,/media/product_images/large/1140630804.jpg,/media/product_images/medium/1140630804.jpg,
1140630805,/media/product_images/large/1140630805.jpg,/media/product_images/medium/1140630805.jpg,
1140630806,/media/product_images/large/1140630806.jpg,/media/product_images/medium/1140630806.jpg,
1140630807,/media/product_images/large/1140630807.jpg,/media/product_images/medium/1140630807.jpg,
1140630810,/media/product_images/large/1140630810.jpg,/media/product_images/medium/1140630810.jpg,
1140630811,/media/product_images/large/1140630811.jpg,/media/product_images/medium/1140630811.jpg,
1140630812,/media/product_images/large/1140630812.jpg,/media/product_images/medium/1140630812.jpg,
1140630813,/media/product_images/large/1140630813.jpg,/media/product_images/medium/1140630813.jpg,
1140630814,/media/product_images/large/1140630814.jpg,/media/product_images/medium/1140630814.jpg,
1140630815,/media/product_images/large/1140630815.jpg,/media/product_images/medium/1140630815.jpg,
1140630816,/media/product_images/large/1140630816.jpg,/media/product_images/medium/1140630816.jpg,
1140630817,/media/product_images/large/1140630817.jpg,/media/product_images/medium/1140630817.jpg,
1140630818,/media/product_images/large/1140630818.jpg,/media/product_images/medium/1140630818.jpg,
1140630819,/media/product_images/large/1140630819.jpg,/media/product_images/medium/1140630819.jpg,
1140630820,/media/product_images/large/1140630820.jpg,/media/product_images/medium/1140630820.jpg,
1140630821,/media/product_images/large/1140630821.jpg,/media/product_images/medium/1140630821.jpg,
1140630822,/media/product_images/large/1140630822.jpg,/media/product_images/medium/1140630822.jpg,
1140630823,/media/product_images/large/1140630823.jpg,/media/product_images/medium/1140630823.jpg,
1140630825,/media/product_images/large/1140630825.jpg,/media/product_images/medium/1140630825.jpg,
1140630826,/media/product_images/large/1140630826.jpg,/media/product_images/medium/1140630826.jpg,
1140630827,/media/product_images/large/1140630827.jpg,/media/product_images/medium/1140630827.jpg,
1140630828,/media/product_images/large/1140630828.jpg,/media/product_images/medium/1140630828.jpg,
1140630829,/media/product_images/large/1140630829.jpg,/media/product_images/medium/1140630829.jpg,
1140630830,/media/product_images/large/1140630830.jpg,/media/product_images/medium/1140630830.jpg,
1140630831,/media/product_images/large/1140630831.jpg,/media/product_images/medium/1140630831.jpg,
1140630832,/media/product_images/large/1140630832.jpg,/media/product_images/medium/1140630832.jpg,
1140630833,/media/product_images/large/1140630833.jpg,/media/product_images/medium/1140630833.jpg,
1140630834,/media/product_images/large/1140630834.jpg,/media/product_images/medium/1140630834.jpg,
1140630835,/media/product_images/large/1140630835.jpg,/media/product_images/medium/1140630835.jpg,
1140630836,/media/product_images/large/1140630836.jpg,/media/product_images/medium/1140630836.jpg,
1140630837,/media/product_images/large/1140630837.jpg,/media/product_images/medium/1140630837.jpg,
1140630838,/media/product_images/large/1140630838.jpg,/media/product_images/medium/1140630838.jpg,
1140630839,/media/product_images/large/1140630839.jpg,/media/product_images/medium/1140630839.jpg,
1140630840,/media/product_images/large/1140630840.jpg,/media/product_images/medium/1140630840.jpg,
1140630841,/media/product_images/large/1140630841.jpg,/media/product_images/medium/1140630841.jpg,
1140630842,/media/product_images/large/1140630842.jpg,/media/product_images/medium/1140630842.jpg,
1140630843,/media/product_images/large/1140630843.jpg,/media/product_images/medium/1140630843.jpg,
1140630844,/media/product_images/large/1140630844.jpg,/media/product_images/medium/1140630844.jpg,
1140630845,/media/product_images/large/1140630845.jpg,/media/product_images/medium/1140630845.jpg,
1140630846,/media/product_images/large/1140630846.jpg,/media/product_images/medium/1140630846.jpg,
1140630847,/media/product_images/large/1140630847.jpg,/media/product_images/medium/1140630847.jpg,
1140630848,/media/product_images/large/1140630848.jpg,/media/product_images/medium/1140630848.jpg,
1140630849,/media/product_images/large/1140630849.jpg,/media/product_images/medium/1140630849.jpg,
1140630850,/media/product_images/large/1140630850.jpg,/media/product_images/medium/1140630850.jpg,
1140630851,/media/product_images/large/1140630851.jpg,/media/product_images/medium/1140630851.jpg,
1140630852,/media/product_images/large/1140630852.jpg,/media/product_images/medium/1140630852.jpg,
1140630853,/media/product_images/large/1140630853.jpg,/media/product_images/medium/1140630853.jpg,
1140630854,/media/product_images/large/1140630854.jpg,/media/product_images/medium/1140630854.jpg,
1140630855,/media/product_images/large/1140630855.jpg,/media/product_images/medium/1140630855.jpg,
1140630856,/media/product_images/large/1140630856.jpg,/media/product_images/medium/1140630856.jpg,
1140630857,/media/product_images/large/1140630857.jpg,/media/product_images/medium/1140630857.jpg,
1140630858,/media/product_images/large/1140630858.jpg,/media/product_images/medium/1140630858.jpg,
1140630859,/media/product_images/large/1140630859.jpg,/media/product_images/medium/1140630859.jpg,
1140630860,/media/product_images/large/1140630860.jpg,/media/product_images/medium/1140630860.jpg,
1140630861,/media/product_images/large/1140630861.jpg,/media/product_images/medium/1140630861.jpg,
1140630862,/media/product_images/large/1140630862.jpg,/media/product_images/medium/1140630862.jpg,
1140630863,/media/product_images/large/1140630863.jpg,/media/product_images/medium/1140630863.jpg,
1140630864,/media/product_images/large/1140630864.jpg,/media/product_images/medium/1140630864.jpg,
1140630865,/media/product_images/large/1140630865.jpg,/media/product_images/medium/1140630865.jpg,
1140630866,/media/product_images/large/1140630866.jpg,/media/product_images/medium/1140630866.jpg,
1140630867,/media/product_images/large/1140630867.jpg,/media/product_images/medium/1140630867.jpg,
1140630868,/media/product_images/large/1140630868.jpg,/media/product_images/medium/1140630868.jpg,
1140630869,/media/product_images/large/1140630869.jpg,/media/product_images/medium/1140630869.jpg,
1140630870,/media/product_images/large/1140630870.jpg,/media/product_images/medium/1140630870.jpg,
1140630871,/media/product_images/large/1140630871.jpg,/media/product_images/medium/1140630871.jpg,
1140630872,/media/product_images/large/1140630872.jpg,/media/product_images/medium/1140630872.jpg,
1140630873,/media/product_images/large/1140630873.jpg,/media/product_images/medium/1140630873.jpg,
1140630874,/media/product_images/large/1140630874.jpg,/media/product_images/medium/1140630874.jpg,
1140630875,/media/product_images/large/1140630875.jpg,/media/product_images/medium/1140630875.jpg,
1140630876,/media/product_images/large/1140630876.jpg,/media/product_images/medium/1140630876.jpg,
1140630877,/media/product_images/large/1140630877.jpg,/media/product_images/medium/1140630877.jpg,
1140630878,/media/product_images/large/1140630878.jpg,/media/product_images/medium/1140630878.jpg,
1140630879,/media/product_images/large/1140630879.jpg,/media/product_images/medium/1140630879.jpg,
1140630880,/media/product_images/large/1140630880.jpg,/media/product_images/medium/1140630880.jpg,
1140630881,/media/product_images/large/1140630881.jpg,/media/product_images/medium/1140630881.jpg,
1140630882,/media/product_images/large/1140630882.jpg,/media/product_images/medium/1140630882.jpg,
1140630883,/media/product_images/large/1140630883.jpg,/media/product_images/medium/1140630883.jpg,
1140630884,/media/product_images/large/1140630884.jpg,/media/product_images/medium/1140630884.jpg,
1140630885,/media/product_images/large/1140630885.jpg,/media/product_images/medium/1140630885.jpg,
1140630886,/media/product_images/large/1140630886.jpg,/media/product_images/medium/1140630886.jpg,
1140630887,/media/product_images/large/1140630887.jpg,/media/product_images/medium/1140630887.jpg,
1140630888,/media/product_images/large/1140630888.jpg,/media/product_images/medium/1140630888.jpg,
1140630889,/media/product_images/large/1140630889.jpg,/media/product_images/medium/1140630889.jpg,
1140630893,/media/product_images/large/1140630893.jpg,/media/product_images/medium/1140630893.jpg,
1140630894,/media/product_images/large/1140630894.jpg,/media/product_images/medium/1140630894.jpg,
1140630895,/media/product_images/large/1140630895.jpg,/media/product_images/medium/1140630895.jpg,
1140630896,/media/product_images/large/1140630896.jpg,/media/product_images/medium/1140630896.jpg,
1140630897,/media/product_images/large/1140630897.jpg,/media/product_images/medium/1140630897.jpg,
1140630898,/media/product_images/large/1140630898.jpg,/media/product_images/medium/1140630898.jpg,
1140630899,/media/product_images/large/1140630899.jpg,/media/product_images/medium/1140630899.jpg,
1140630900,/media/product_images/large/1140630900.jpg,/media/product_images/medium/1140630900.jpg,
1140630901,/media/product_images/large/1140630901.jpg,/media/product_images/medium/1140630901.jpg,
1140630902,/media/product_images/large/1140630902.jpg,/media/product_images/medium/1140630902.jpg,
1140630903,/media/product_images/large/1140630903.jpg,/media/product_images/medium/1140630903.jpg,
1140630904,/media/product_images/large/1140630904.jpg,/media/product_images/medium/1140630904.jpg,
1140630905,/media/product_images/large/1140630905.jpg,/media/product_images/medium/1140630905.jpg,
1140630906,/media/product_images/large/1140630906.jpg,/media/product_images/medium/1140630906.jpg,
1140630907,/media/product_images/large/1140630907.jpg,/media/product_images/medium/1140630907.jpg,
1140630908,/media/product_images/large/1140630908.jpg,/media/product_images/medium/1140630908.jpg,
1140630909,/media/product_images/large/1140630909.jpg,/media/product_images/medium/1140630909.jpg,
1140630911,/media/product_images/large/1140630911.jpg,/media/product_images/medium/1140630911.jpg,
1140630912,/media/product_images/large/1140630912.jpg,/media/product_images/medium/1140630912.jpg,
1140630913,/media/product_images/large/1140630913.jpg,/media/product_images/medium/1140630913.jpg,
1140630914,/media/product_images/large/1140630914.jpg,/media/product_images/medium/1140630914.jpg,
1140630915,/media/product_images/large/1140630915.jpg,/media/product_images/medium/1140630915.jpg,
1140630916,/media/product_images/large/1140630916.jpg,/media/product_images/medium/1140630916.jpg,
1140630917,/media/product_images/large/1140630917.jpg,/media/product_images/medium/1140630917.jpg,
1140630918,/media/product_images/large/1140630918.jpg,/media/product_images/medium/1140630918.jpg,
1140630920,/media/product_images/large/1140630920.jpg,/media/product_images/medium/1140630920.jpg,
1140630921,/media/product_images/large/1140630921.jpg,/media/product_images/medium/1140630921.jpg,
1140630923,/media/product_images/large/1140630923.jpg,/media/product_images/medium/1140630923.jpg,
1140630924,/media/product_images/large/1140630924.jpg,/media/product_images/medium/1140630924.jpg,
1140630925,/media/product_images/large/1140630925.jpg,/media/product_images/medium/1140630925.jpg,
1140630926,/media/product_images/large/1140630926.jpg,/media/product_images/medium/1140630926.jpg,
1140630927,/media/product_images/large/1140630927.jpg,/media/product_images/medium/1140630927.jpg,
1140630928,/media/product_images/large/1140630928.jpg,/media/product_images/medium/1140630928.jpg,
1140630931,/media/product_images/large/1140630931.jpg,/media/product_images/medium/1140630931.jpg,
1140630932,/media/product_images/large/1140630932.jpg,/media/product_images/medium/1140630932.jpg,
1140630933,/media/product_images/large/1140630933.jpg,/media/product_images/medium/1140630933.jpg,
1140630935,/media/product_images/large/1140630935.jpg,/media/product_images/medium/1140630935.jpg,
1140630936,/media/product_images/large/1140630936.jpg,/media/product_images/medium/1140630936.jpg,
1140630937,/media/product_images/large/1140630937.jpg,/media/product_images/medium/1140630937.jpg,
1140630938,/media/product_images/large/1140630938.jpg,/media/product_images/medium/1140630938.jpg,
1140630939,/media/product_images/large/1140630939.jpg,/media/product_images/medium/1140630939.jpg,
1140630940,/media/product_images/large/1140630940.jpg,/media/product_images/medium/1140630940.jpg,
1140630941,/media/product_images/large/1140630941.jpg,/media/product_images/medium/1140630941.jpg,
1140630942,/media/product_images/large/1140630942.jpg,/media/product_images/medium/1140630942.jpg,
1140630956,/media/product_images/large/1140630956.jpg,/media/product_images/medium/1140630956.jpg,
1140630957,/media/product_images/large/1140630957.jpg,/media/product_images/medium/1140630957.jpg,
1140630958,/media/product_images/large/1140630958.jpg,/media/product_images/medium/1140630958.jpg,
1140630959,/media/product_images/large/1140630959.jpg,/media/product_images/medium/1140630959.jpg,
1140630962,/media/product_images/large/1140630962.jpg,/media/product_images/medium/1140630962.jpg,
1140630963,/media/product_images/large/1140630963.jpg,/media/product_images/medium/1140630963.jpg,
1140630964,/media/product_images/large/1140630964.jpg,/media/product_images/medium/1140630964.jpg,
1140630965,/media/product_images/large/1140630965.jpg,/media/product_images/medium/1140630965.jpg,
1140630966,/media/product_images/large/1140630966.jpg,/media/product_images/medium/1140630966.jpg,
1140630967,/media/product_images/large/1140630967.jpg,/media/product_images/medium/1140630967.jpg,
1140630968,/media/product_images/large/1140630968.jpg,/media/product_images/medium/1140630968.jpg,
1140630969,/media/product_images/large/1140630969.jpg,/media/product_images/medium/1140630969.jpg,
1140630970,/media/product_images/large/1140630970.jpg,/media/product_images/medium/1140630970.jpg,
1140630971,/media/product_images/large/1140630971.jpg,/media/product_images/medium/1140630971.jpg,
1140630972,/media/product_images/large/1140630972.jpg,/media/product_images/medium/1140630972.jpg,
1140630973,/media/product_images/large/1140630973.jpg,/media/product_images/medium/1140630973.jpg,
1140630974,/media/product_images/large/1140630974.jpg,/media/product_images/medium/1140630974.jpg,
1140630975,/media/product_images/large/1140630975.jpg,/media/product_images/medium/1140630975.jpg,
1140630976,/media/product_images/large/1140630976.jpg,/media/product_images/medium/1140630976.jpg,
1140630978,/media/product_images/large/1140630978.jpg,/media/product_images/medium/1140630978.jpg,
1140630982,/media/product_images/large/1140630982.jpg,/media/product_images/medium/1140630982.jpg,
1140630983,/media/product_images/large/1140630983.jpg,/media/product_images/medium/1140630983.jpg,
1140630984,/media/product_images/large/1140630984.jpg,/media/product_images/medium/1140630984.jpg,
1140630985,/media/product_images/large/1140630985.jpg,/media/product_images/medium/1140630985.jpg,
1140631000,/media/product_images/large/1140631000.jpg,/media/product_images/medium/1140631000.jpg,
1140631001,/media/product_images/large/1140631001.jpg,/media/product_images/medium/1140631001.jpg,
1140631002,/media/product_images/large/1140631002.jpg,/media/product_images/medium/1140631002.jpg,
1140631003,/media/product_images/large/1140631003.jpg,/media/product_images/medium/1140631003.jpg,
1140631004,/media/product_images/large/1140631004.jpg,/media/product_images/medium/1140631004.jpg,
1140631005,/media/product_images/large/1140631005.jpg,/media/product_images/medium/1140631005.jpg,
1140631006,/media/product_images/large/1140631006.jpg,/media/product_images/medium/1140631006.jpg,
1140631007,/media/product_images/large/1140631007.jpg,/media/product_images/medium/1140631007.jpg,
1140631008,/media/product_images/large/1140631008.jpg,/media/product_images/medium/1140631008.jpg,
1140631009,/media/product_images/large/1140631009.jpg,/media/product_images/medium/1140631009.jpg,
1140631010,/media/product_images/large/1140631010.jpg,/media/product_images/medium/1140631010.jpg,
1140631011,/media/product_images/large/1140631011.jpg,/media/product_images/medium/1140631011.jpg,
1140631012,/media/product_images/large/1140631012.jpg,/media/product_images/medium/1140631012.jpg,
1140631013,/media/product_images/large/1140631013.jpg,/media/product_images/medium/1140631013.jpg,
1140631014,/media/product_images/large/1140631014.jpg,/media/product_images/medium/1140631014.jpg,
1140631015,/media/product_images/large/1140631015.jpg,/media/product_images/medium/1140631015.jpg,
1140631016,/media/product_images/large/1140631016.jpg,/media/product_images/medium/1140631016.jpg,
1140631017,/media/product_images/large/1140631017.jpg,/media/product_images/medium/1140631017.jpg,
1140631018,/media/product_images/large/1140631018.jpg,/media/product_images/medium/1140631018.jpg,
1140631019,/media/product_images/large/1140631019.jpg,/media/product_images/medium/1140631019.jpg,
1140631020,/media/product_images/large/1140631020.jpg,/media/product_images/medium/1140631020.jpg,
1140631021,/media/product_images/large/1140631021.jpg,/media/product_images/medium/1140631021.jpg,
1140631022,/media/product_images/large/1140631022.jpg,/media/product_images/medium/1140631022.jpg,
1140631023,/media/product_images/large/1140631023.jpg,/media/product_images/medium/1140631023.jpg,
1140631027,/media/product_images/large/1140631027.jpg,/media/product_images/medium/1140631027.jpg,
1140631028,/media/product_images/large/1140631028.jpg,/media/product_images/medium/1140631028.jpg,
1140631029,/media/product_images/large/1140631029.jpg,/media/product_images/medium/1140631029.jpg,
1140631030,/media/product_images/large/1140631030.jpg,/media/product_images/medium/1140631030.jpg,
1140631031,/media/product_images/large/1140631031.jpg,/media/product_images/medium/1140631031.jpg,
1140631032,/media/product_images/large/1140631032.jpg,/media/product_images/medium/1140631032.jpg,
1140631033,/media/product_images/large/1140631033.jpg,/media/product_images/medium/1140631033.jpg,
1140631034,/media/product_images/large/1140631034.jpg,/media/product_images/medium/1140631034.jpg,
1140631035,/media/product_images/large/1140631035.jpg,/media/product_images/medium/1140631035.jpg,
1140631036,/media/product_images/large/1140631036.jpg,/media/product_images/medium/1140631036.jpg,
1140631037,/media/product_images/large/1140631037.jpg,/media/product_images/medium/1140631037.jpg,
1140631038,/media/product_images/large/1140631038.jpg,/media/product_images/medium/1140631038.jpg,
1140631039,/media/product_images/large/1140631039.jpg,/media/product_images/medium/1140631039.jpg,
1140631040,/media/product_images/large/1140631040.jpg,/media/product_images/medium/1140631040.jpg,
1140631041,/media/product_images/large/1140631041.jpg,/media/product_images/medium/1140631041.jpg,
1140631050,/media/product_images/large/1140631050.jpg,/media/product_images/medium/1140631050.jpg,
1140631051,/media/product_images/large/1140631051.jpg,/media/product_images/medium/1140631051.jpg,
1140631052,/media/product_images/large/1140631052.jpg,/media/product_images/medium/1140631052.jpg,
1140631053,/media/product_images/large/1140631053.jpg,/media/product_images/medium/1140631053.jpg,
1140631054,/media/product_images/large/1140631054.jpg,/media/product_images/medium/1140631054.jpg,
1140631055,/media/product_images/large/1140631055.jpg,/media/product_images/medium/1140631055.jpg,
1140631056,/media/product_images/large/1140631056.jpg,/media/product_images/medium/1140631056.jpg,
1140631057,/media/product_images/large/1140631057.jpg,/media/product_images/medium/1140631057.jpg,
1140631058,/media/product_images/large/1140631058.jpg,/media/product_images/medium/1140631058.jpg,
1140631059,/media/product_images/large/1140631059.jpg,/media/product_images/medium/1140631059.jpg,
1140631065,/media/product_images/large/1140631065.jpg,/media/product_images/medium/1140631065.jpg,
1140631066,/media/product_images/large/1140631066.jpg,/media/product_images/medium/1140631066.jpg,
1140631067,/media/product_images/large/1140631067.jpg,/media/product_images/medium/1140631067.jpg,
1140631068,/media/product_images/large/1140631068.jpg,/media/product_images/medium/1140631068.jpg,
1140631069,/media/product_images/large/1140631069.jpg,/media/product_images/medium/1140631069.jpg,
1140631070,/media/product_images/large/1140631070.jpg,/media/product_images/medium/1140631070.jpg,
1140631071,/media/product_images/large/1140631071.jpg,/media/product_images/medium/1140631071.jpg,
1140631072,/media/product_images/large/1140631072.jpg,/media/product_images/medium/1140631072.jpg,
1140631073,/media/product_images/large/1140631073.jpg,/media/product_images/medium/1140631073.jpg,
1140631074,/media/product_images/large/1140631074.jpg,/media/product_images/medium/1140631074.jpg,
1140631075,/media/product_images/large/1140631075.jpg,/media/product_images/medium/1140631075.jpg,
1140631076,/media/product_images/large/1140631076.jpg,/media/product_images/medium/1140631076.jpg,
1140631077,/media/product_images/large/1140631077.jpg,/media/product_images/medium/1140631077.jpg,
1140631078,/media/product_images/large/1140631078.jpg,/media/product_images/medium/1140631078.jpg,
1140631079,/media/product_images/large/1140631079.jpg,/media/product_images/medium/1140631079.jpg,
1140631080,/media/product_images/large/1140631080.jpg,/media/product_images/medium/1140631080.jpg,
1140631081,/media/product_images/large/1140631081.jpg,/media/product_images/medium/1140631081.jpg,
1140631082,/media/product_images/large/1140631082.jpg,/media/product_images/medium/1140631082.jpg,
1140631083,/media/product_images/large/1140631083.jpg,/media/product_images/medium/1140631083.jpg,
1140631084,/media/product_images/large/1140631084.jpg,/media/product_images/medium/1140631084.jpg,
1140631085,/media/product_images/large/1140631085.jpg,/media/product_images/medium/1140631085.jpg,
1140631086,/media/product_images/large/1140631086.jpg,/media/product_images/medium/1140631086.jpg,
1140631087,/media/product_images/large/1140631087.jpg,/media/product_images/medium/1140631087.jpg,
1140631088,/media/product_images/large/1140631088.jpg,/media/product_images/medium/1140631088.jpg,
1140631089,/media/product_images/large/1140631089.jpg,/media/product_images/medium/1140631089.jpg,
1140631090,/media/product_images/large/1140631090.jpg,/media/product_images/medium/1140631090.jpg,
1140631091,/media/product_images/large/1140631091.jpg,/media/product_images/medium/1140631091.jpg,
1140631113,/media/product_images/large/1140631113.jpg,/media/product_images/medium/1140631113.jpg,
1140631114,/media/product_images/large/1140631114.jpg,/media/product_images/medium/1140631114.jpg,
1140631115,/media/product_images/large/1140631115.jpg,/media/product_images/medium/1140631115.jpg,
1140631116,/media/product_images/large/1140631116.jpg,/media/product_images/medium/1140631116.jpg,
1140631117,/media/product_images/large/1140631117.jpg,/media/product_images/medium/1140631117.jpg,
1140631118,/media/product_images/large/1140631118.jpg,/media/product_images/medium/1140631118.jpg,
1140631119,/media/product_images/large/1140631119.jpg,/media/product_images/medium/1140631119.jpg,
1140631120,/media/product_images/large/1140631120.jpg,/media/product_images/medium/1140631120.jpg,
1140631121,/media/product_images/large/1140631121.jpg,/media/product_images/medium/1140631121.jpg,
1140631122,/media/product_images/large/1140631122.jpg,/media/product_images/medium/1140631122.jpg,
1140631123,/media/product_images/large/1140631123.jpg,/media/product_images/medium/1140631123.jpg,
1140631124,/media/product_images/large/1140631124.jpg,/media/product_images/medium/1140631124.jpg,
1140631125,/media/product_images/large/1140631125.jpg,/media/product_images/medium/1140631125.jpg,
1140631126,/media/product_images/large/1140631126.jpg,/media/product_images/medium/1140631126.jpg,
1140631127,/media/product_images/large/1140631127.jpg,/media/product_images/medium/1140631127.jpg,
1140631128,/media/product_images/large/1140631128.jpg,/media/product_images/medium/1140631128.jpg,
1140631129,/media/product_images/large/1140631129.jpg,/media/product_images/medium/1140631129.jpg,
1140631130,/media/product_images/large/1140631130.jpg,/media/product_images/medium/1140631130.jpg,
1140631131,/media/product_images/large/1140631131.jpg,/media/product_images/medium/1140631131.jpg,
1140631132,/media/product_images/large/1140631132.jpg,/media/product_images/medium/1140631132.jpg,
1140631133,/media/product_images/large/1140631133.jpg,/media/product_images/medium/1140631133.jpg,
1140631134,/media/product_images/large/1140631134.jpg,/media/product_images/medium/1140631134.jpg,
1140631135,/media/product_images/large/1140631135.jpg,/media/product_images/medium/1140631135.jpg,
1140631136,/media/product_images/large/1140631136.jpg,/media/product_images/medium/1140631136.jpg,
1140631137,/media/product_images/large/1140631137.jpg,/media/product_images/medium/1140631137.jpg,
1140631138,/media/product_images/large/1140631138.jpg,/media/product_images/medium/1140631138.jpg,
1140631139,/media/product_images/large/1140631139.jpg,/media/product_images/medium/1140631139.jpg,
1140631140,/media/product_images/large/1140631140.jpg,/media/product_images/medium/1140631140.jpg,
1140631141,/media/product_images/large/1140631141.jpg,/media/product_images/medium/1140631141.jpg,
1140631142,/media/product_images/large/1140631142.jpg,/media/product_images/medium/1140631142.jpg,
1140631143,/media/product_images/large/1140631143.jpg,/media/product_images/medium/1140631143.jpg,
1140631144,/media/product_images/large/1140631144.jpg,/media/product_images/medium/1140631144.jpg,
1140631145,/media/product_images/large/1140631145.jpg,/media/product_images/medium/1140631145.jpg,
1140631146,/media/product_images/large/1140631146.jpg,/media/product_images/medium/1140631146.jpg,
1140631147,/media/product_images/large/1140631147.jpg,/media/product_images/medium/1140631147.jpg,
1140631148,/media/product_images/large/1140631148.jpg,/media/product_images/medium/1140631148.jpg,
1140631149,/media/product_images/large/1140631149.jpg,/media/product_images/medium/1140631149.jpg,
1140631150,/media/product_images/large/1140631150.jpg,/media/product_images/medium/1140631150.jpg,
1140631151,/media/product_images/large/1140631151.jpg,/media/product_images/medium/1140631151.jpg,
1140631152,/media/product_images/large/1140631152.jpg,/media/product_images/medium/1140631152.jpg,
1140631153,/media/product_images/large/1140631153.jpg,/media/product_images/medium/1140631153.jpg,
1140631154,/media/product_images/large/1140631154.jpg,/media/product_images/medium/1140631154.jpg,
1140631155,/media/product_images/large/1140631155.jpg,/media/product_images/medium/1140631155.jpg,
1140631156,/media/product_images/large/1140631156.jpg,/media/product_images/medium/1140631156.jpg,
1140631157,/media/product_images/large/1140631157.jpg,/media/product_images/medium/1140631157.jpg,
1140631158,/media/product_images/large/1140631158.jpg,/media/product_images/medium/1140631158.jpg,
1140631159,/media/product_images/large/1140631159.jpg,/media/product_images/medium/1140631159.jpg,
1140631160,/media/product_images/large/1140631160.jpg,/media/product_images/medium/1140631160.jpg,
1140631161,/media/product_images/large/1140631161.jpg,/media/product_images/medium/1140631161.jpg,
1140631162,/media/product_images/large/1140631162.jpg,/media/product_images/medium/1140631162.jpg,
1140631163,/media/product_images/large/1140631163.jpg,/media/product_images/medium/1140631163.jpg,
1140631164,/media/product_images/large/1140631164.jpg,/media/product_images/medium/1140631164.jpg,
1140631178,/media/product_images/large/1140631178.jpg,/media/product_images/medium/1140631178.jpg,
1140631179,/media/product_images/large/1140631179.jpg,/media/product_images/medium/1140631179.jpg,
1140631185,/media/product_images/large/1140631185.jpg,/media/product_images/medium/1140631185.jpg,
1140631186,/media/product_images/large/1140631186.jpg,/media/product_images/medium/1140631186.jpg,
1140631187,/media/product_images/large/1140631187.jpg,/media/product_images/medium/1140631187.jpg,
1140631188,/media/product_images/large/1140631188.jpg,/media/product_images/medium/1140631188.jpg,
1140631189,/media/product_images/large/1140631189.jpg,/media/product_images/medium/1140631189.jpg,
1140631207,/media/product_images/large/1140631207.jpg,/media/product_images/medium/1140631207.jpg,
1140631212,/media/product_images/large/1140631212.jpg,/media/product_images/medium/1140631212.jpg,
1140631213,/media/product_images/large/1140631213.jpg,/media/product_images/medium/1140631213.jpg,
1140631214,/media/product_images/large/1140631214.jpg,/media/product_images/medium/1140631214.jpg,
1140631216,/media/product_images/large/1140631216.jpg,/media/product_images/medium/1140631216.jpg,
1140631217,/media/product_images/large/1140631217.jpg,/media/product_images/medium/1140631217.jpg,
1140631218,/media/product_images/large/1140631218.jpg,/media/product_images/medium/1140631218.jpg,
1140631219,/media/product_images/large/1140631219.jpg,/media/product_images/medium/1140631219.jpg,
1140631220,/media/product_images/large/1140631220.jpg,/media/product_images/medium/1140631220.jpg,
1140631221,/media/product_images/large/1140631221.jpg,/media/product_images/medium/1140631221.jpg,
1140631222,/media/product_images/large/1140631222.jpg,/media/product_images/medium/1140631222.jpg,
1140631223,/media/product_images/large/1140631223.jpg,/media/product_images/medium/1140631223.jpg,
1140631224,/media/product_images/large/1140631224.jpg,/media/product_images/medium/1140631224.jpg,
1140631225,/media/product_images/large/1140631225.jpg,/media/product_images/medium/1140631225.jpg,
1140631226,/media/product_images/large/1140631226.jpg,/media/product_images/medium/1140631226.jpg,
1140631227,/media/product_images/large/1140631227.jpg,/media/product_images/medium/1140631227.jpg,
1140631229,/media/product_images/large/1140631229.jpg,/media/product_images/medium/1140631229.jpg,
1140631230,/media/product_images/large/1140631230.jpg,/media/product_images/medium/1140631230.jpg,
1140631231,/media/product_images/large/1140631231.jpg,/media/product_images/medium/1140631231.jpg,
1140631232,/media/product_images/large/1140631232.jpg,/media/product_images/medium/1140631232.jpg,
1140631233,/media/product_images/large/1140631233.jpg,/media/product_images/medium/1140631233.jpg,
1140631234,/media/product_images/large/1140631234.jpg,/media/product_images/medium/1140631234.jpg,
1140631235,/media/product_images/large/1140631235.jpg,/media/product_images/medium/1140631235.jpg,
1140631258,/media/product_images/large/1140631258.jpg,/media/product_images/medium/1140631258.jpg,
1140631260,/media/product_images/large/1140631260.jpg,/media/product_images/medium/1140631260.jpg,
1140631261,/media/product_images/large/1140631261.jpg,/media/product_images/medium/1140631261.jpg,
1140631262,/media/product_images/large/1140631262.jpg,/media/product_images/medium/1140631262.jpg,
1140631400,/media/product_images/large/1140631400.jpg,/media/product_images/medium/1140631400.jpg,
1140631401,/media/product_images/large/1140631401.jpg,/media/product_images/medium/1140631401.jpg,
1140631402,/media/product_images/large/1140631402.jpg,/media/product_images/medium/1140631402.jpg,
1140631403,/media/product_images/large/1140631403.jpg,/media/product_images/medium/1140631403.jpg,
1140631404,/media/product_images/large/1140631404.jpg,/media/product_images/medium/1140631404.jpg,
1140631405,/media/product_images/large/1140631405.jpg,/media/product_images/medium/1140631405.jpg,
1140631406,/media/product_images/large/1140631406.jpg,/media/product_images/medium/1140631406.jpg,
1140631407,/media/product_images/large/1140631407.jpg,/media/product_images/medium/1140631407.jpg,
1140631408,/media/product_images/large/1140631408.jpg,/media/product_images/medium/1140631408.jpg,
1140631409,/media/product_images/large/1140631409.jpg,/media/product_images/medium/1140631409.jpg,
1140631430,/media/product_images/large/1140631430.jpg,/media/product_images/medium/1140631430.jpg,
1140631431,/media/product_images/large/1140631431.jpg,/media/product_images/medium/1140631431.jpg,
1140631432,/media/product_images/large/1140631432.jpg,/media/product_images/medium/1140631432.jpg,
1140631433,/media/product_images/large/1140631433.jpg,/media/product_images/medium/1140631433.jpg,
1140631434,/media/product_images/large/1140631434.jpg,/media/product_images/medium/1140631434.jpg,
1140631435,/media/product_images/large/1140631435.jpg,/media/product_images/medium/1140631435.jpg,
1140631436,/media/product_images/large/1140631436.jpg,/media/product_images/medium/1140631436.jpg,
1140631437,/media/product_images/large/1140631437.jpg,/media/product_images/medium/1140631437.jpg,
1140631438,/media/product_images/large/1140631438.jpg,/media/product_images/medium/1140631438.jpg,
1140631439,/media/product_images/large/1140631439.jpg,/media/product_images/medium/1140631439.jpg,
1140631440,/media/product_images/large/1140631440.jpg,/media/product_images/medium/1140631440.jpg,
1140631441,/media/product_images/large/1140631441.jpg,/media/product_images/medium/1140631441.jpg,
1140631442,/media/product_images/large/1140631442.jpg,/media/product_images/medium/1140631442.jpg,
1140631443,/media/product_images/large/1140631443.jpg,/media/product_images/medium/1140631443.jpg,
1140631444,/media/product_images/large/1140631444.jpg,/media/product_images/medium/1140631444.jpg,
1140631445,/media/product_images/large/1140631445.jpg,/media/product_images/medium/1140631445.jpg,
1140631446,/media/product_images/large/1140631446.jpg,/media/product_images/medium/1140631446.jpg,
1140631447,/media/product_images/large/1140631447.jpg,/media/product_images/medium/1140631447.jpg,
1140631462,/media/product_images/large/1140631462.jpg,/media/product_images/medium/1140631462.jpg,
1140631463,/media/product_images/large/1140631463.jpg,/media/product_images/medium/1140631463.jpg,
1140631464,/media/product_images/large/1140631464.jpg,/media/product_images/medium/1140631464.jpg,
1140631471,/media/product_images/large/1140631471.jpg,/media/product_images/medium/1140631471.jpg,
1140631472,/media/product_images/large/1140631472.jpg,/media/product_images/medium/1140631472.jpg,
1140631473,/media/product_images/large/1140631473.jpg,/media/product_images/medium/1140631473.jpg,
1140631474,/media/product_images/large/1140631474.jpg,/media/product_images/medium/1140631474.jpg,
1140631475,/media/product_images/large/1140631475.jpg,/media/product_images/medium/1140631475.jpg,
1140631476,/media/product_images/large/1140631476.jpg,/media/product_images/medium/1140631476.jpg,
1140631477,/media/product_images/large/1140631477.jpg,/media/product_images/medium/1140631477.jpg,
1140631478,/media/product_images/large/1140631478.jpg,/media/product_images/medium/1140631478.jpg,
1140631479,/media/product_images/large/1140631479.jpg,/media/product_images/medium/1140631479.jpg,
1140631480,/media/product_images/large/1140631480.jpg,/media/product_images/medium/1140631480.jpg,
1140631481,/media/product_images/large/1140631481.jpg,/media/product_images/medium/1140631481.jpg,
1140631483,/media/product_images/large/1140631483.jpg,/media/product_images/medium/1140631483.jpg,
1140631484,/media/product_images/large/1140631484.jpg,/media/product_images/medium/1140631484.jpg,
1140631485,/media/product_images/large/1140631485.jpg,/media/product_images/medium/1140631485.jpg,
1140631486,/media/product_images/large/1140631486.jpg,/media/product_images/medium/1140631486.jpg,
1140631487,/media/product_images/large/1140631487.jpg,/media/product_images/medium/1140631487.jpg,
1140631488,/media/product_images/large/1140631488.jpg,/media/product_images/medium/1140631488.jpg,
1140631489,/media/product_images/large/1140631489.jpg,/media/product_images/medium/1140631489.jpg,
1140631490,/media/product_images/large/1140631490.jpg,/media/product_images/medium/1140631490.jpg,
1140631491,/media/product_images/large/1140631491.jpg,/media/product_images/medium/1140631491.jpg,
1140631492,/media/product_images/large/1140631492.jpg,/media/product_images/medium/1140631492.jpg,
1140631493,/media/product_images/large/1140631493.jpg,/media/product_images/medium/1140631493.jpg,
1140631494,/media/product_images/large/1140631494.jpg,/media/product_images/medium/1140631494.jpg,
1140631495,/media/product_images/large/1140631495.jpg,/media/product_images/medium/1140631495.jpg,
1140631496,/media/product_images/large/1140631496.jpg,/media/product_images/medium/1140631496.jpg,
1140631497,/media/product_images/large/1140631497.jpg,/media/product_images/medium/1140631497.jpg,
1140631498,/media/product_images/large/1140631498.jpg,/media/product_images/medium/1140631498.jpg,
1140631499,/media/product_images/large/1140631499.jpg,/media/product_images/medium/1140631499.jpg,
1140631500,/media/product_images/large/1140631500.jpg,/media/product_images/medium/1140631500.jpg,
1140631501,/media/product_images/large/1140631501.jpg,/media/product_images/medium/1140631501.jpg,
1140631502,/media/product_images/large/1140631502.jpg,/media/product_images/medium/1140631502.jpg,
1140631503,/media/product_images/large/1140631503.jpg,/media/product_images/medium/1140631503.jpg,
1140631504,/media/product_images/large/1140631504.jpg,/media/product_images/medium/1140631504.jpg,
1140631505,/media/product_images/large/1140631505.jpg,/media/product_images/medium/1140631505.jpg,
1140631506,/media/product_images/large/1140631506.jpg,/media/product_images/medium/1140631506.jpg,
1140631507,/media/product_images/large/1140631507.jpg,/media/product_images/medium/1140631507.jpg,
1140631508,/media/product_images/large/1140631508.jpg,/media/product_images/medium/1140631508.jpg,
1140631512,/media/product_images/large/1140631512.jpg,/media/product_images/medium/1140631512.jpg,
1140631513,/media/product_images/large/1140631513.jpg,/media/product_images/medium/1140631513.jpg,
1140631514,/media/product_images/large/1140631514.jpg,/media/product_images/medium/1140631514.jpg,
1140631515,/media/product_images/large/1140631515.jpg,/media/product_images/medium/1140631515.jpg,
1140631516,/media/product_images/large/1140631516.jpg,/media/product_images/medium/1140631516.jpg,
1140631518,/media/product_images/large/1140631518.jpg,/media/product_images/medium/1140631518.jpg,
1140631519,/media/product_images/large/1140631519.jpg,/media/product_images/medium/1140631519.jpg,
1140631531,/media/product_images/large/1140631531.jpg,/media/product_images/medium/1140631531.jpg,
1140631532,/media/product_images/large/1140631532.jpg,/media/product_images/medium/1140631532.jpg,
1140631533,/media/product_images/large/1140631533.jpg,/media/product_images/medium/1140631533.jpg,
1140631534,/media/product_images/large/1140631534.jpg,/media/product_images/medium/1140631534.jpg,
1140631535,/media/product_images/large/1140631535.jpg,/media/product_images/medium/1140631535.jpg,
1140631536,/media/product_images/large/1140631536.jpg,/media/product_images/medium/1140631536.jpg,
1140631537,/media/product_images/large/1140631537.jpg,/media/product_images/medium/1140631537.jpg,
1140631538,/media/product_images/large/1140631538.jpg,/media/product_images/medium/1140631538.jpg,
1140631539,/media/product_images/large/1140631539.jpg,/media/product_images/medium/1140631539.jpg,
1140631540,/media/product_images/large/1140631540.jpg,/media/product_images/medium/1140631540.jpg,
1140631541,/media/product_images/large/1140631541.jpg,/media/product_images/medium/1140631541.jpg,
1140631542,/media/product_images/large/1140631542.jpg,/media/product_images/medium/1140631542.jpg,
1140631543,/media/product_images/large/1140631543.jpg,/media/product_images/medium/1140631543.jpg,
1140631544,/media/product_images/large/1140631544.jpg,/media/product_images/medium/1140631544.jpg,
1140631545,/media/product_images/large/1140631545.jpg,/media/product_images/medium/1140631545.jpg,
1140631546,/media/product_images/large/1140631546.jpg,/media/product_images/medium/1140631546.jpg,
1140631547,/media/product_images/large/1140631547.jpg,/media/product_images/medium/1140631547.jpg,
1140631578,/media/product_images/large/1140631578.jpg,/media/product_images/medium/1140631578.jpg,
1140631579,/media/product_images/large/1140631579.jpg,/media/product_images/medium/1140631579.jpg,
1140631580,/media/product_images/large/1140631580.jpg,/media/product_images/medium/1140631580.jpg,
1140631581,/media/product_images/large/1140631581.jpg,/media/product_images/medium/1140631581.jpg,
1140631582,/media/product_images/large/1140631582.jpg,/media/product_images/medium/1140631582.jpg,
1140631583,/media/product_images/large/1140631583.jpg,/media/product_images/medium/1140631583.jpg,
1140631584,/media/product_images/large/1140631584.jpg,/media/product_images/medium/1140631584.jpg,
1140631585,/media/product_images/large/1140631585.jpg,/media/product_images/medium/1140631585.jpg,
1140631586,/media/product_images/large/1140631586.jpg,/media/product_images/medium/1140631586.jpg,
1140631595,/media/product_images/large/1140631595.jpg,/media/product_images/medium/1140631595.jpg,
1140631596,/media/product_images/large/1140631596.jpg,/media/product_images/medium/1140631596.jpg,
1140631597,/media/product_images/large/1140631597.jpg,/media/product_images/medium/1140631597.jpg,
1140631598,/media/product_images/large/1140631598.jpg,/media/product_images/medium/1140631598.jpg,
1140631599,/media/product_images/large/1140631599.jpg,/media/product_images/medium/1140631599.jpg,
1140631600,/media/product_images/large/1140631600.jpg,/media/product_images/medium/1140631600.jpg,
1140631601,/media/product_images/large/1140631601.jpg,/media/product_images/medium/1140631601.jpg,
1140631602,/media/product_images/large/1140631602.jpg,/media/product_images/medium/1140631602.jpg,
1140631603,/media/product_images/large/1140631603.jpg,/media/product_images/medium/1140631603.jpg,
1140631604,/media/product_images/large/1140631604.jpg,/media/product_images/medium/1140631604.jpg,
1140631605,/media/product_images/large/1140631605.jpg,/media/product_images/medium/1140631605.jpg,
1140631606,/media/product_images/large/1140631606.jpg,/media/product_images/medium/1140631606.jpg,
1140631607,/media/product_images/large/1140631607.jpg,/media/product_images/medium/1140631607.jpg,
1140631608,/media/product_images/large/1140631608.jpg,/media/product_images/medium/1140631608.jpg,
1140631609,/media/product_images/large/1140631609.jpg,/media/product_images/medium/1140631609.jpg,
1140631610,/media/product_images/large/1140631610.jpg,/media/product_images/medium/1140631610.jpg,
1140631611,/media/product_images/large/1140631611.jpg,/media/product_images/medium/1140631611.jpg,
1140631612,/media/product_images/large/1140631612.jpg,/media/product_images/medium/1140631612.jpg,
1140631613,/media/product_images/large/1140631613.jpg,/media/product_images/medium/1140631613.jpg,
1140631614,/media/product_images/large/1140631614.jpg,/media/product_images/medium/1140631614.jpg,
1140631615,/media/product_images/large/1140631615.jpg,/media/product_images/medium/1140631615.jpg,
1140631616,/media/product_images/large/1140631616.jpg,/media/product_images/medium/1140631616.jpg,
1140631617,/media/product_images/large/1140631617.jpg,/media/product_images/medium/1140631617.jpg,
1140631620,/media/product_images/large/1140631620.jpg,/media/product_images/medium/1140631620.jpg,
1140631621,/media/product_images/large/1140631621.jpg,/media/product_images/medium/1140631621.jpg,
1140631622,/media/product_images/large/1140631622.jpg,/media/product_images/medium/1140631622.jpg,
1140631663,/media/product_images/large/1140631663.jpg,/media/product_images/medium/1140631663.jpg,
1140631664,/media/product_images/large/1140631664.jpg,/media/product_images/medium/1140631664.jpg,
1140631707,/media/product_images/large/1140631707.jpg,/media/product_images/medium/1140631707.jpg,
1140631715,/media/product_images/large/1140631715.jpg,/media/product_images/medium/1140631715.jpg,
1140631716,/media/product_images/large/1140631716.jpg,/media/product_images/medium/1140631716.jpg,
1140631717,/media/product_images/large/1140631717.jpg,/media/product_images/medium/1140631717.jpg,
1140631718,/media/product_images/large/1140631718.jpg,/media/product_images/medium/1140631718.jpg,
1140631719,/media/product_images/large/1140631719.jpg,/media/product_images/medium/1140631719.jpg,
1140631724,/media/product_images/large/1140631724.jpg,/media/product_images/medium/1140631724.jpg,
1140631725,/media/product_images/large/1140631725.jpg,/media/product_images/medium/1140631725.jpg,
1140631726,/media/product_images/large/1140631726.jpg,/media/product_images/medium/1140631726.jpg,
1140631728,/media/product_images/large/1140631728.jpg,/media/product_images/medium/1140631728.jpg,
1140631729,/media/product_images/large/1140631729.jpg,/media/product_images/medium/1140631729.jpg,
1140631778,/media/product_images/large/1140631778.jpg,/media/product_images/medium/1140631778.jpg,
1140631779,/media/product_images/large/1140631779.jpg,/media/product_images/medium/1140631779.jpg,
1140631780,/media/product_images/large/1140631780.jpg,/media/product_images/medium/1140631780.jpg,
1140631781,/media/product_images/large/1140631781.jpg,/media/product_images/medium/1140631781.jpg,
1140631784,/media/product_images/large/1140631784.jpg,/media/product_images/medium/1140631784.jpg,
1140631787,/media/product_images/large/1140631787.jpg,/media/product_images/medium/1140631787.jpg,
1140631789,/media/product_images/large/1140631789.jpg,/media/product_images/medium/1140631789.jpg,
1140631791,/media/product_images/large/1140631791.jpg,/media/product_images/medium/1140631791.jpg,
1140631796,/media/product_images/large/1140631796.jpg,/media/product_images/medium/1140631796.jpg,
1140631797,/media/product_images/large/1140631797.jpg,/media/product_images/medium/1140631797.jpg,
1140631798,/media/product_images/large/1140631798.jpg,/media/product_images/medium/1140631798.jpg,
1140631799,/media/product_images/large/1140631799.jpg,/media/product_images/medium/1140631799.jpg,
1140631800,/media/product_images/large/1140631800.jpg,/media/product_images/medium/1140631800.jpg,
1140631802,/media/product_images/large/1140631802.jpg,/media/product_images/medium/1140631802.jpg,
1140631803,/media/product_images/large/1140631803.jpg,/media/product_images/medium/1140631803.jpg,
1140631804,/media/product_images/large/1140631804.jpg,/media/product_images/medium/1140631804.jpg,
1140631805,/media/product_images/large/1140631805.jpg,/media/product_images/medium/1140631805.jpg,
1140631807,/media/product_images/large/1140631807.jpg,/media/product_images/medium/1140631807.jpg,
1140631808,/media/product_images/large/1140631808.jpg,/media/product_images/medium/1140631808.jpg,
1140631809,/media/product_images/large/1140631809.jpg,/media/product_images/medium/1140631809.jpg,
1140631810,/media/product_images/large/1140631810.jpg,/media/product_images/medium/1140631810.jpg,
1140631811,/media/product_images/large/1140631811.jpg,/media/product_images/medium/1140631811.jpg,
1140631813,/media/product_images/large/1140631813.jpg,/media/product_images/medium/1140631813.jpg,
1140631814,/media/product_images/large/1140631814.jpg,/media/product_images/medium/1140631814.jpg,
1140631815,/media/product_images/large/1140631815.jpg,/media/product_images/medium/1140631815.jpg,
1140631816,/media/product_images/large/1140631816.jpg,/media/product_images/medium/1140631816.jpg,
1140631824,/media/product_images/large/1140631824.jpg,/media/product_images/medium/1140631824.jpg,
1140631825,/media/product_images/large/1140631825.jpg,/media/product_images/medium/1140631825.jpg,
1140631826,/media/product_images/large/1140631826.jpg,/media/product_images/medium/1140631826.jpg,
1140631827,/media/product_images/large/1140631827.jpg,/media/product_images/medium/1140631827.jpg,
1140631828,/media/product_images/large/1140631828.jpg,/media/product_images/medium/1140631828.jpg,
1140631829,/media/product_images/large/1140631829.jpg,/media/product_images/medium/1140631829.jpg,
1140631834,/media/product_images/large/1140631834.jpg,/media/product_images/medium/1140631834.jpg,
1140631835,/media/product_images/large/1140631835.jpg,/media/product_images/medium/1140631835.jpg,
1140631836,/media/product_images/large/1140631836.jpg,/media/product_images/medium/1140631836.jpg,
1140631837,/media/product_images/large/1140631837.jpg,/media/product_images/medium/1140631837.jpg,
1140631838,/media/product_images/large/1140631838.jpg,/media/product_images/medium/1140631838.jpg,
1140631839,/media/product_images/large/1140631839.jpg,/media/product_images/medium/1140631839.jpg,
1140631840,/media/product_images/large/1140631840.jpg,/media/product_images/medium/1140631840.jpg,
1140631841,/media/product_images/large/1140631841.jpg,/media/product_images/medium/1140631841.jpg,
1140631842,/media/product_images/large/1140631842.jpg,/media/product_images/medium/1140631842.jpg,
1140631843,/media/product_images/large/1140631843.jpg,/media/product_images/medium/1140631843.jpg,
1140631844,/media/product_images/large/1140631844.jpg,/media/product_images/medium/1140631844.jpg,
1140631845,/media/product_images/large/1140631845.jpg,/media/product_images/medium/1140631845.jpg,
1140631846,/media/product_images/large/1140631846.jpg,/media/product_images/medium/1140631846.jpg,
1140631847,/media/product_images/large/1140631847.jpg,/media/product_images/medium/1140631847.jpg,
1140631848,/media/product_images/large/1140631848.jpg,/media/product_images/medium/1140631848.jpg,
1140631849,/media/product_images/large/1140631849.jpg,/media/product_images/medium/1140631849.jpg,
1140631850,/media/product_images/large/1140631850.jpg,/media/product_images/medium/1140631850.jpg,
1140631851,/media/product_images/large/1140631851.jpg,/media/product_images/medium/1140631851.jpg,
1140631852,/media/product_images/large/1140631852.jpg,/media/product_images/medium/1140631852.jpg,
1140631853,/media/product_images/large/1140631853.jpg,/media/product_images/medium/1140631853.jpg,
1140631854,/media/product_images/large/1140631854.jpg,/media/product_images/medium/1140631854.jpg,
1140631855,/media/product_images/large/1140631855.jpg,/media/product_images/medium/1140631855.jpg,
1140631856,/media/product_images/large/1140631856.jpg,/media/product_images/medium/1140631856.jpg,
1140631857,/media/product_images/large/1140631857.jpg,/media/product_images/medium/1140631857.jpg,
1140631858,/media/product_images/large/1140631858.jpg,/media/product_images/medium/1140631858.jpg,
1140631861,/media/product_images/large/1140631861.jpg,/media/product_images/medium/1140631861.jpg,
1140631862,/media/product_images/large/1140631862.jpg,/media/product_images/medium/1140631862.jpg,
1140631863,/media/product_images/large/1140631863.jpg,/media/product_images/medium/1140631863.jpg,
1140631864,/media/product_images/large/1140631864.jpg,/media/product_images/medium/1140631864.jpg,
1140631865,/media/product_images/large/1140631865.jpg,/media/product_images/medium/1140631865.jpg,
1140631866,/media/product_images/large/1140631866.jpg,/media/product_images/medium/1140631866.jpg,
1140631867,/media/product_images/large/1140631867.jpg,/media/product_images/medium/1140631867.jpg,
1140631868,/media/product_images/large/1140631868.jpg,/media/product_images/medium/1140631868.jpg,
1140631869,/media/product_images/large/1140631869.jpg,/media/product_images/medium/1140631869.jpg,
1140631870,/media/product_images/large/1140631870.jpg,/media/product_images/medium/1140631870.jpg,
1140631872,/media/product_images/large/1140631872.jpg,/media/product_images/medium/1140631872.jpg,
1140631873,/media/product_images/large/1140631873.jpg,/media/product_images/medium/1140631873.jpg,
1140631874,/media/product_images/large/1140631874.jpg,/media/product_images/medium/1140631874.jpg,
1140631876,/media/product_images/large/1140631876.jpg,/media/product_images/medium/1140631876.jpg,
1140631877,/media/product_images/large/1140631877.jpg,/media/product_images/medium/1140631877.jpg,
1140631878,/media/product_images/large/1140631878.jpg,/media/product_images/medium/1140631878.jpg,
1140631879,/media/product_images/large/1140631879.jpg,/media/product_images/medium/1140631879.jpg,
1140631880,/media/product_images/large/1140631880.jpg,/media/product_images/medium/1140631880.jpg,
1140631882,/media/product_images/large/1140631882.jpg,/media/product_images/medium/1140631882.jpg,
1140631883,/media/product_images/large/1140631883.jpg,/media/product_images/medium/1140631883.jpg,
1140631884,/media/product_images/large/1140631884.jpg,/media/product_images/medium/1140631884.jpg,
1140631885,/media/product_images/large/1140631885.jpg,/media/product_images/medium/1140631885.jpg,
1140631886,/media/product_images/large/1140631886.jpg,/media/product_images/medium/1140631886.jpg,
1140631887,/media/product_images/large/1140631887.jpg,/media/product_images/medium/1140631887.jpg,
1140631888,/media/product_images/large/1140631888.jpg,/media/product_images/medium/1140631888.jpg,
1140631891,/media/product_images/large/1140631891.jpg,/media/product_images/medium/1140631891.jpg,
1140631927,/media/product_images/large/1140631927.jpg,/media/product_images/medium/1140631927.jpg,
1140631928,/media/product_images/large/1140631928.jpg,/media/product_images/medium/1140631928.jpg,
1140631929,/media/product_images/large/1140631929.jpg,/media/product_images/medium/1140631929.jpg,
1140631930,/media/product_images/large/1140631930.jpg,/media/product_images/medium/1140631930.jpg,
1140631931,/media/product_images/large/1140631931.jpg,/media/product_images/medium/1140631931.jpg,
1140631994,/media/product_images/large/1140631994.jpg,/media/product_images/medium/1140631994.jpg,
1140631995,/media/product_images/large/1140631995.jpg,/media/product_images/medium/1140631995.jpg,
1140631996,/media/product_images/large/1140631996.jpg,/media/product_images/medium/1140631996.jpg,
1140631997,/media/product_images/large/1140631997.jpg,/media/product_images/medium/1140631997.jpg,
1140631998,/media/product_images/large/1140631998.jpg,/media/product_images/medium/1140631998.jpg,
1140631999,/media/product_images/large/1140631999.jpg,/media/product_images/medium/1140631999.jpg,
1140632000,/media/product_images/large/1140632000.jpg,/media/product_images/medium/1140632000.jpg,
1140632023,/media/product_images/large/1140632023.jpg,/media/product_images/medium/1140632023.jpg,
1140632024,/media/product_images/large/1140632024.jpg,/media/product_images/medium/1140632024.jpg,
1140632050,/media/product_images/large/1140632050.jpg,/media/product_images/medium/1140632050.jpg,
1140632056,/media/product_images/large/1140632056.jpg,/media/product_images/medium/1140632056.jpg,
1140632057,/media/product_images/large/1140632057.jpg,/media/product_images/medium/1140632057.jpg,
1140632058,/media/product_images/large/1140632058.jpg,/media/product_images/medium/1140632058.jpg,
1140632059,/media/product_images/large/1140632059.jpg,/media/product_images/medium/1140632059.jpg,
1140632061,/media/product_images/large/1140632061.jpg,/media/product_images/medium/1140632061.jpg,
1140632062,/media/product_images/large/1140632062.jpg,/media/product_images/medium/1140632062.jpg,
1140632063,/media/product_images/large/1140632063.jpg,/media/product_images/medium/1140632063.jpg,
1140632065,/media/product_images/large/1140632065.jpg,/media/product_images/medium/1140632065.jpg,
1140632066,/media/product_images/large/1140632066.jpg,/media/product_images/medium/1140632066.jpg,
1140632067,/media/product_images/large/1140632067.jpg,/media/product_images/medium/1140632067.jpg,
1140632068,/media/product_images/large/1140632068.jpg,/media/product_images/medium/1140632068.jpg,
1140632069,/media/product_images/large/1140632069.jpg,/media/product_images/medium/1140632069.jpg,
1140632070,/media/product_images/large/1140632070.jpg,/media/product_images/medium/1140632070.jpg,
1140632071,/media/product_images/large/1140632071.jpg,/media/product_images/medium/1140632071.jpg,
1140632072,/media/product_images/large/1140632072.jpg,/media/product_images/medium/1140632072.jpg,
1140632073,/media/product_images/large/1140632073.jpg,/media/product_images/medium/1140632073.jpg,
1140632074,/media/product_images/large/1140632074.jpg,/media/product_images/medium/1140632074.jpg,
1140632077,/media/product_images/large/1140632077.jpg,/media/product_images/medium/1140632077.jpg,
1140632078,/media/product_images/large/1140632078.jpg,/media/product_images/medium/1140632078.jpg,
1140632079,/media/product_images/large/1140632079.jpg,/media/product_images/medium/1140632079.jpg,
1140632080,/media/product_images/large/1140632080.jpg,/media/product_images/medium/1140632080.jpg,
1140632082,/media/product_images/large/1140632082.jpg,/media/product_images/medium/1140632082.jpg,
1140632083,/media/product_images/large/1140632083.jpg,/media/product_images/medium/1140632083.jpg,
1140632084,/media/product_images/large/1140632084.jpg,/media/product_images/medium/1140632084.jpg,
1140632085,/media/product_images/large/1140632085.jpg,/media/product_images/medium/1140632085.jpg,
1140632086,/media/product_images/large/1140632086.jpg,/media/product_images/medium/1140632086.jpg,
1140632087,/media/product_images/large/1140632087.jpg,/media/product_images/medium/1140632087.jpg,
1140632088,/media/product_images/large/1140632088.jpg,/media/product_images/medium/1140632088.jpg,
1140632089,/media/product_images/large/1140632089.jpg,/media/product_images/medium/1140632089.jpg,
1140632090,/media/product_images/large/1140632090.jpg,/media/product_images/medium/1140632090.jpg,
1140632091,/media/product_images/large/1140632091.jpg,/media/product_images/medium/1140632091.jpg,
1140632092,/media/product_images/large/1140632092.jpg,/media/product_images/medium/1140632092.jpg,
1140632093,/media/product_images/large/1140632093.jpg,/media/product_images/medium/1140632093.jpg,
1140632094,/media/product_images/large/1140632094.jpg,/media/product_images/medium/1140632094.jpg,
1140632095,/media/product_images/large/1140632095.jpg,/media/product_images/medium/1140632095.jpg,
1140632096,/media/product_images/large/1140632096.jpg,/media/product_images/medium/1140632096.jpg,
1140632097,/media/product_images/large/1140632097.jpg,/media/product_images/medium/1140632097.jpg,
1140632098,/media/product_images/large/1140632098.jpg,/media/product_images/medium/1140632098.jpg,
1140632099,/media/product_images/large/1140632099.jpg,/media/product_images/medium/1140632099.jpg,
1140632100,/media/product_images/large/1140632100.jpg,/media/product_images/medium/1140632100.jpg,
1140632101,/media/product_images/large/1140632101.jpg,/media/product_images/medium/1140632101.jpg,
1140632102,/media/product_images/large/1140632102.jpg,/media/product_images/medium/1140632102.jpg,
1140632103,/media/product_images/large/1140632103.jpg,/media/product_images/medium/1140632103.jpg,
1140632104,/media/product_images/large/1140632104.jpg,/media/product_images/medium/1140632104.jpg,
1140632105,/media/product_images/large/1140632105.jpg,/media/product_images/medium/1140632105.jpg,
1140632106,/media/product_images/large/1140632106.jpg,/media/product_images/medium/1140632106.jpg,
1140632107,/media/product_images/large/1140632107.jpg,/media/product_images/medium/1140632107.jpg,
1140632108,/media/product_images/large/1140632108.jpg,/media/product_images/medium/1140632108.jpg,
1140632109,/media/product_images/large/1140632109.jpg,/media/product_images/medium/1140632109.jpg,
1140632110,/media/product_images/large/1140632110.jpg,/media/product_images/medium/1140632110.jpg,
1140632112,/media/product_images/large/1140632112.jpg,/media/product_images/medium/1140632112.jpg,
1140632113,/media/product_images/large/1140632113.jpg,/media/product_images/medium/1140632113.jpg,
1140632114,/media/product_images/large/1140632114.jpg,/media/product_images/medium/1140632114.jpg,
1140632115,/media/product_images/large/1140632115.jpg,/media/product_images/medium/1140632115.jpg,
1140632116,/media/product_images/large/1140632116.jpg,/media/product_images/medium/1140632116.jpg,
1140632117,/media/product_images/large/1140632117.jpg,/media/product_images/medium/1140632117.jpg,
1140632118,/media/product_images/large/1140632118.jpg,/media/product_images/medium/1140632118.jpg,
1140632119,/media/product_images/large/1140632119.jpg,/media/product_images/medium/1140632119.jpg,
1140632120,/media/product_images/large/1140632120.jpg,/media/product_images/medium/1140632120.jpg,
1140632121,/media/product_images/large/1140632121.jpg,/media/product_images/medium/1140632121.jpg,
1140632122,/media/product_images/large/1140632122.jpg,/media/product_images/medium/1140632122.jpg,
1140632123,/media/product_images/large/1140632123.jpg,/media/product_images/medium/1140632123.jpg,
1140632124,/media/product_images/large/1140632124.jpg,/media/product_images/medium/1140632124.jpg,
1140632125,/media/product_images/large/1140632125.jpg,/media/product_images/medium/1140632125.jpg,
1140632126,/media/product_images/large/1140632126.jpg,/media/product_images/medium/1140632126.jpg,
1140632127,/media/product_images/large/1140632127.jpg,/media/product_images/medium/1140632127.jpg,
1140632128,/media/product_images/large/1140632128.jpg,/media/product_images/medium/1140632128.jpg,
1140632129,/media/product_images/large/1140632129.jpg,/media/product_images/medium/1140632129.jpg,
1140632130,/media/product_images/large/1140632130.jpg,/media/product_images/medium/1140632130.jpg,
1140632131,/media/product_images/large/1140632131.jpg,/media/product_images/medium/1140632131.jpg,
1140632132,/media/product_images/large/1140632132.jpg,/media/product_images/medium/1140632132.jpg,
1140632133,/media/product_images/large/1140632133.jpg,/media/product_images/medium/1140632133.jpg,
1140632134,/media/product_images/large/1140632134.jpg,/media/product_images/medium/1140632134.jpg,
1140632135,/media/product_images/large/1140632135.jpg,/media/product_images/medium/1140632135.jpg,
1140632136,/media/product_images/large/1140632136.jpg,/media/product_images/medium/1140632136.jpg,
1140632137,/media/product_images/large/1140632137.jpg,/media/product_images/medium/1140632137.jpg,
1140632138,/media/product_images/large/1140632138.jpg,/media/product_images/medium/1140632138.jpg,
1140632139,/media/product_images/large/1140632139.jpg,/media/product_images/medium/1140632139.jpg,
1140632140,/media/product_images/large/1140632140.jpg,/media/product_images/medium/1140632140.jpg,
1140632141,/media/product_images/large/1140632141.jpg,/media/product_images/medium/1140632141.jpg,
1140632142,/media/product_images/large/1140632142.jpg,/media/product_images/medium/1140632142.jpg,
1140632143,/media/product_images/large/1140632143.jpg,/media/product_images/medium/1140632143.jpg,
1140632144,/media/product_images/large/1140632144.jpg,/media/product_images/medium/1140632144.jpg,
1140632145,/media/product_images/large/1140632145.jpg,/media/product_images/medium/1140632145.jpg,
1140632146,/media/product_images/large/1140632146.jpg,/media/product_images/medium/1140632146.jpg,
1140632147,/media/product_images/large/1140632147.jpg,/media/product_images/medium/1140632147.jpg,
1140632148,/media/product_images/large/1140632148.jpg,/media/product_images/medium/1140632148.jpg,
1140632149,/media/product_images/large/1140632149.jpg,/media/product_images/medium/1140632149.jpg,
1140632150,/media/product_images/large/1140632150.jpg,/media/product_images/medium/1140632150.jpg,
1140632151,/media/product_images/large/1140632151.jpg,/media/product_images/medium/1140632151.jpg,
1140632152,/media/product_images/large/1140632152.jpg,/media/product_images/medium/1140632152.jpg,
1140632153,/media/product_images/large/1140632153.jpg,/media/product_images/medium/1140632153.jpg,
1140632154,/media/product_images/large/1140632154.jpg,/media/product_images/medium/1140632154.jpg,
1140632155,/media/product_images/large/1140632155.jpg,/media/product_images/medium/1140632155.jpg,
1140632156,/media/product_images/large/1140632156.jpg,/media/product_images/medium/1140632156.jpg,
1140632157,/media/product_images/large/1140632157.jpg,/media/product_images/medium/1140632157.jpg,
1140632158,/media/product_images/large/1140632158.jpg,/media/product_images/medium/1140632158.jpg,
1140632159,/media/product_images/large/1140632159.jpg,/media/product_images/medium/1140632159.jpg,
1140632160,/media/product_images/large/1140632160.jpg,/media/product_images/medium/1140632160.jpg,
1140632161,/media/product_images/large/1140632161.jpg,/media/product_images/medium/1140632161.jpg,
1140632162,/media/product_images/large/1140632162.jpg,/media/product_images/medium/1140632162.jpg,
1140632163,/media/product_images/large/1140632163.jpg,/media/product_images/medium/1140632163.jpg,
1140632164,/media/product_images/large/1140632164.jpg,/media/product_images/medium/1140632164.jpg,
1140632165,/media/product_images/large/1140632165.jpg,/media/product_images/medium/1140632165.jpg,
1140632166,/media/product_images/large/1140632166.jpg,/media/product_images/medium/1140632166.jpg,
1140632167,/media/product_images/large/1140632167.jpg,/media/product_images/medium/1140632167.jpg,
1140632169,/media/product_images/large/1140632169.jpg,/media/product_images/medium/1140632169.jpg,
1140632170,/media/product_images/large/1140632170.jpg,/media/product_images/medium/1140632170.jpg,
1140632171,/media/product_images/large/1140632171.jpg,/media/product_images/medium/1140632171.jpg,
1140632172,/media/product_images/large/1140632172.jpg,/media/product_images/medium/1140632172.jpg,
1140632173,/media/product_images/large/1140632173.jpg,/media/product_images/medium/1140632173.jpg,
1140632174,/media/product_images/large/1140632174.jpg,/media/product_images/medium/1140632174.jpg,
1140632175,/media/product_images/large/1140632175.jpg,/media/product_images/medium/1140632175.jpg,
1140632176,/media/product_images/large/1140632176.jpg,/media/product_images/medium/1140632176.jpg,
1140632177,/media/product_images/large/1140632177.jpg,/media/product_images/medium/1140632177.jpg,
1140632178,/media/product_images/large/1140632178.jpg,/media/product_images/medium/1140632178.jpg,
1140632179,/media/product_images/large/1140632179.jpg,/media/product_images/medium/1140632179.jpg,
1140632180,/media/product_images/large/1140632180.jpg,/media/product_images/medium/1140632180.jpg,
1140632194,/media/product_images/large/1140632194.jpg,/media/product_images/medium/1140632194.jpg,
1140632195,/media/product_images/large/1140632195.jpg,/media/product_images/medium/1140632195.jpg,
1140632196,/media/product_images/large/1140632196.jpg,/media/product_images/medium/1140632196.jpg,
1140632197,/media/product_images/large/1140632197.jpg,/media/product_images/medium/1140632197.jpg,
1140632198,/media/product_images/large/1140632198.jpg,/media/product_images/medium/1140632198.jpg,
1140632199,/media/product_images/large/1140632199.jpg,/media/product_images/medium/1140632199.jpg,
1140632200,/media/product_images/large/1140632200.jpg,/media/product_images/medium/1140632200.jpg,
1140632201,/media/product_images/large/1140632201.jpg,/media/product_images/medium/1140632201.jpg,
1140632202,/media/product_images/large/1140632202.jpg,/media/product_images/medium/1140632202.jpg,
1140632203,/media/product_images/large/1140632203.jpg,/media/product_images/medium/1140632203.jpg,
1140632204,/media/product_images/large/1140632204.jpg,/media/product_images/medium/1140632204.jpg,
1140632205,/media/product_images/large/1140632205.jpg,/media/product_images/medium/1140632205.jpg,
1140632206,/media/product_images/large/1140632206.jpg,/media/product_images/medium/1140632206.jpg,
1140632207,/media/product_images/large/1140632207.jpg,/media/product_images/medium/1140632207.jpg,
1140632208,/media/product_images/large/1140632208.jpg,/media/product_images/medium/1140632208.jpg,
1140632209,/media/product_images/large/1140632209.jpg,/media/product_images/medium/1140632209.jpg,
1140632214,/media/product_images/large/1140632214.jpg,/media/product_images/medium/1140632214.jpg,
1140632215,/media/product_images/large/1140632215.jpg,/media/product_images/medium/1140632215.jpg,
1140632216,/media/product_images/large/1140632216.jpg,/media/product_images/medium/1140632216.jpg,
1140632217,/media/product_images/large/1140632217.jpg,/media/product_images/medium/1140632217.jpg,
1140632218,/media/product_images/large/1140632218.jpg,/media/product_images/medium/1140632218.jpg,
1140632219,/media/product_images/large/1140632219.jpg,/media/product_images/medium/1140632219.jpg,
1140632220,/media/product_images/large/1140632220.jpg,/media/product_images/medium/1140632220.jpg,
1140632221,/media/product_images/large/1140632221.jpg,/media/product_images/medium/1140632221.jpg,
1140632222,/media/product_images/large/1140632222.jpg,/media/product_images/medium/1140632222.jpg,
1140632223,/media/product_images/large/1140632223.jpg,/media/product_images/medium/1140632223.jpg,
1140632224,/media/product_images/large/1140632224.jpg,/media/product_images/medium/1140632224.jpg,
1140632225,/media/product_images/large/1140632225.jpg,/media/product_images/medium/1140632225.jpg,
1140632226,/media/product_images/large/1140632226.jpg,/media/product_images/medium/1140632226.jpg,
1140632227,/media/product_images/large/1140632227.jpg,/media/product_images/medium/1140632227.jpg,
1140632228,/media/product_images/large/1140632228.jpg,/media/product_images/medium/1140632228.jpg,
1140632229,/media/product_images/large/1140632229.jpg,/media/product_images/medium/1140632229.jpg,
1140632230,/media/product_images/large/1140632230.jpg,/media/product_images/medium/1140632230.jpg,
1140632231,/media/product_images/large/1140632231.jpg,/media/product_images/medium/1140632231.jpg,
1140632232,/media/product_images/large/1140632232.jpg,/media/product_images/medium/1140632232.jpg,
1140632233,/media/product_images/large/1140632233.jpg,/media/product_images/medium/1140632233.jpg,
1140632234,/media/product_images/large/1140632234.jpg,/media/product_images/medium/1140632234.jpg,
1140632235,/media/product_images/large/1140632235.jpg,/media/product_images/medium/1140632235.jpg,
1140632236,/media/product_images/large/1140632236.jpg,/media/product_images/medium/1140632236.jpg,
1140632237,/media/product_images/large/1140632237.jpg,/media/product_images/medium/1140632237.jpg,
1140632238,/media/product_images/large/1140632238.jpg,/media/product_images/medium/1140632238.jpg,
1140632239,/media/product_images/large/1140632239.jpg,/media/product_images/medium/1140632239.jpg,
1140632240,/media/product_images/large/1140632240.jpg,/media/product_images/medium/1140632240.jpg,
1140632241,/media/product_images/large/1140632241.jpg,/media/product_images/medium/1140632241.jpg,
1140632242,/media/product_images/large/1140632242.jpg,/media/product_images/medium/1140632242.jpg,
1140632243,/media/product_images/large/1140632243.jpg,/media/product_images/medium/1140632243.jpg,
1140632244,/media/product_images/large/1140632244.jpg,/media/product_images/medium/1140632244.jpg,
1140632245,/media/product_images/large/1140632245.jpg,/media/product_images/medium/1140632245.jpg,
1140632246,/media/product_images/large/1140632246.jpg,/media/product_images/medium/1140632246.jpg,
1140632247,/media/product_images/large/1140632247.jpg,/media/product_images/medium/1140632247.jpg,
1140632248,/media/product_images/large/1140632248.jpg,/media/product_images/medium/1140632248.jpg,
1140632249,/media/product_images/large/1140632249.jpg,/media/product_images/medium/1140632249.jpg,
1140632250,/media/product_images/large/1140632250.jpg,/media/product_images/medium/1140632250.jpg,
1140632251,/media/product_images/large/1140632251.jpg,/media/product_images/medium/1140632251.jpg,
1140632252,/media/product_images/large/1140632252.jpg,/media/product_images/medium/1140632252.jpg,
1140632253,/media/product_images/large/1140632253.jpg,/media/product_images/medium/1140632253.jpg,
1140632254,/media/product_images/large/1140632254.jpg,/media/product_images/medium/1140632254.jpg,
1140632255,/media/product_images/large/1140632255.jpg,/media/product_images/medium/1140632255.jpg,
1140632256,/media/product_images/large/1140632256.jpg,/media/product_images/medium/1140632256.jpg,
1140632257,/media/product_images/large/1140632257.jpg,/media/product_images/medium/1140632257.jpg,
1140632258,/media/product_images/large/1140632258.jpg,/media/product_images/medium/1140632258.jpg,
1140632259,/media/product_images/large/1140632259.jpg,/media/product_images/medium/1140632259.jpg,
1140632260,/media/product_images/large/1140632260.jpg,/media/product_images/medium/1140632260.jpg,
1140632261,/media/product_images/large/1140632261.jpg,/media/product_images/medium/1140632261.jpg,
1140632262,/media/product_images/large/1140632262.jpg,/media/product_images/medium/1140632262.jpg,
1140632263,/media/product_images/large/1140632263.jpg,/media/product_images/medium/1140632263.jpg,
1140632264,/media/product_images/large/1140632264.jpg,/media/product_images/medium/1140632264.jpg,
1140632265,/media/product_images/large/1140632265.jpg,/media/product_images/medium/1140632265.jpg,
1140632266,/media/product_images/large/1140632266.jpg,/media/product_images/medium/1140632266.jpg,
1140632267,/media/product_images/large/1140632267.jpg,/media/product_images/medium/1140632267.jpg,
1140632268,/media/product_images/large/1140632268.jpg,/media/product_images/medium/1140632268.jpg,
1140632269,/media/product_images/large/1140632269.jpg,/media/product_images/medium/1140632269.jpg,
1140632270,/media/product_images/large/1140632270.jpg,/media/product_images/medium/1140632270.jpg,
1140632271,/media/product_images/large/1140632271.jpg,/media/product_images/medium/1140632271.jpg,
1140632272,/media/product_images/large/1140632272.jpg,/media/product_images/medium/1140632272.jpg,
1140632273,/media/product_images/large/1140632273.jpg,/media/product_images/medium/1140632273.jpg,
1140632274,/media/product_images/large/1140632274.jpg,/media/product_images/medium/1140632274.jpg,
1140632275,/media/product_images/large/1140632275.jpg,/media/product_images/medium/1140632275.jpg,
1140632276,/media/product_images/large/1140632276.jpg,/media/product_images/medium/1140632276.jpg,
1140632277,/media/product_images/large/1140632277.jpg,/media/product_images/medium/1140632277.jpg,
1140632278,/media/product_images/large/1140632278.jpg,/media/product_images/medium/1140632278.jpg,
1140632279,/media/product_images/large/1140632279.jpg,/media/product_images/medium/1140632279.jpg,
1140632280,/media/product_images/large/1140632280.jpg,/media/product_images/medium/1140632280.jpg,
1140632281,/media/product_images/large/1140632281.jpg,/media/product_images/medium/1140632281.jpg,
1140632282,/media/product_images/large/1140632282.jpg,/media/product_images/medium/1140632282.jpg,
1140632283,/media/product_images/large/1140632283.jpg,/media/product_images/medium/1140632283.jpg,
1140632284,/media/product_images/large/1140632284.jpg,/media/product_images/medium/1140632284.jpg,
1140632285,/media/product_images/large/1140632285.jpg,/media/product_images/medium/1140632285.jpg,
1140632286,/media/product_images/large/1140632286.jpg,/media/product_images/medium/1140632286.jpg,
1140632287,/media/product_images/large/1140632287.jpg,/media/product_images/medium/1140632287.jpg,
1140632288,/media/product_images/large/1140632288.jpg,/media/product_images/medium/1140632288.jpg,
1140632289,/media/product_images/large/1140632289.jpg,/media/product_images/medium/1140632289.jpg,
1140632290,/media/product_images/large/1140632290.jpg,/media/product_images/medium/1140632290.jpg,
1140632291,/media/product_images/large/1140632291.jpg,/media/product_images/medium/1140632291.jpg,
1140632292,/media/product_images/large/1140632292.jpg,/media/product_images/medium/1140632292.jpg,
1140632293,/media/product_images/large/1140632293.jpg,/media/product_images/medium/1140632293.jpg,
1140632294,/media/product_images/large/1140632294.jpg,/media/product_images/medium/1140632294.jpg,
1140632295,/media/product_images/large/1140632295.jpg,/media/product_images/medium/1140632295.jpg,
1140632296,/media/product_images/large/1140632296.jpg,/media/product_images/medium/1140632296.jpg,
1140632297,/media/product_images/large/1140632297.jpg,/media/product_images/medium/1140632297.jpg,
1140632298,/media/product_images/large/1140632298.jpg,/media/product_images/medium/1140632298.jpg,
1140632299,/media/product_images/large/1140632299.jpg,/media/product_images/medium/1140632299.jpg,
1140632300,/media/product_images/large/1140632300.jpg,/media/product_images/medium/1140632300.jpg,
1140632301,/media/product_images/large/1140632301.jpg,/media/product_images/medium/1140632301.jpg,
1140632302,/media/product_images/large/1140632302.jpg,/media/product_images/medium/1140632302.jpg,
1140632303,/media/product_images/large/1140632303.jpg,/media/product_images/medium/1140632303.jpg,
1140632304,/media/product_images/large/1140632304.jpg,/media/product_images/medium/1140632304.jpg,
1140632305,/media/product_images/large/1140632305.jpg,/media/product_images/medium/1140632305.jpg,
1140632306,/media/product_images/large/1140632306.jpg,/media/product_images/medium/1140632306.jpg,
1140632307,/media/product_images/large/1140632307.jpg,/media/product_images/medium/1140632307.jpg,
1140632308,/media/product_images/large/1140632308.jpg,/media/product_images/medium/1140632308.jpg,
1140632321,/media/product_images/large/1140632321.jpg,/media/product_images/medium/1140632321.jpg,
1140632322,/media/product_images/large/1140632322.jpg,/media/product_images/medium/1140632322.jpg,
1140632323,/media/product_images/large/1140632323.jpg,/media/product_images/medium/1140632323.jpg,
1140632324,/media/product_images/large/1140632324.jpg,/media/product_images/medium/1140632324.jpg,
1140632325,/media/product_images/large/1140632325.jpg,/media/product_images/medium/1140632325.jpg,
1140632326,/media/product_images/large/1140632326.jpg,/media/product_images/medium/1140632326.jpg,
1140632327,/media/product_images/large/1140632327.jpg,/media/product_images/medium/1140632327.jpg,
1140632328,/media/product_images/large/1140632328.jpg,/media/product_images/medium/1140632328.jpg,
1140632329,/media/product_images/large/1140632329.jpg,/media/product_images/medium/1140632329.jpg,
1140632330,/media/product_images/large/1140632330.jpg,/media/product_images/medium/1140632330.jpg,
1140632331,/media/product_images/large/1140632331.jpg,/media/product_images/medium/1140632331.jpg,
1140632332,/media/product_images/large/1140632332.jpg,/media/product_images/medium/1140632332.jpg,
1140632333,/media/product_images/large/1140632333.jpg,/media/product_images/medium/1140632333.jpg,
1140632334,/media/product_images/large/1140632334.jpg,/media/product_images/medium/1140632334.jpg,
1140632335,/media/product_images/large/1140632335.jpg,/media/product_images/medium/1140632335.jpg,
1140632336,/media/product_images/large/1140632336.jpg,/media/product_images/medium/1140632336.jpg,
1140632337,/media/product_images/large/1140632337.jpg,/media/product_images/medium/1140632337.jpg,
1140632338,/media/product_images/large/1140632338.jpg,/media/product_images/medium/1140632338.jpg,
1140632339,/media/product_images/large/1140632339.jpg,/media/product_images/medium/1140632339.jpg,
1140632346,/media/product_images/large/1140632346.jpg,/media/product_images/medium/1140632346.jpg,
1140632347,/media/product_images/large/1140632347.jpg,/media/product_images/medium/1140632347.jpg,
1140632348,/media/product_images/large/1140632348.jpg,/media/product_images/medium/1140632348.jpg,
1140632349,/media/product_images/large/1140632349.jpg,/media/product_images/medium/1140632349.jpg,
1140632350,/media/product_images/large/1140632350.jpg,/media/product_images/medium/1140632350.jpg,
1140632351,/media/product_images/large/1140632351.jpg,/media/product_images/medium/1140632351.jpg,
1140632352,/media/product_images/large/1140632352.jpg,/media/product_images/medium/1140632352.jpg,
1140632353,/media/product_images/large/1140632353.jpg,/media/product_images/medium/1140632353.jpg,
1140632354,/media/product_images/large/1140632354.jpg,/media/product_images/medium/1140632354.jpg,
1140632355,/media/product_images/large/1140632355.jpg,/media/product_images/medium/1140632355.jpg,
1140632356,/media/product_images/large/1140632356.jpg,/media/product_images/medium/1140632356.jpg,
1140632357,/media/product_images/large/1140632357.jpg,/media/product_images/medium/1140632357.jpg,
1140632358,/media/product_images/large/1140632358.jpg,/media/product_images/medium/1140632358.jpg,
1140632359,/media/product_images/large/1140632359.jpg,/media/product_images/medium/1140632359.jpg,
1140632360,/media/product_images/large/1140632360.jpg,/media/product_images/medium/1140632360.jpg,
1140632361,/media/product_images/large/1140632361.jpg,/media/product_images/medium/1140632361.jpg,
1140632362,/media/product_images/large/1140632362.jpg,/media/product_images/medium/1140632362.jpg,
1140632363,/media/product_images/large/1140632363.jpg,/media/product_images/medium/1140632363.jpg,
1140632366,/media/product_images/large/1140632366.jpg,/media/product_images/medium/1140632366.jpg,
1140632367,/media/product_images/large/1140632367.jpg,/media/product_images/medium/1140632367.jpg,
1140632368,/media/product_images/large/1140632368.jpg,/media/product_images/medium/1140632368.jpg,
1140632369,/media/product_images/large/1140632369.jpg,/media/product_images/medium/1140632369.jpg,
1140632370,/media/product_images/large/1140632370.jpg,/media/product_images/medium/1140632370.jpg,
1140632371,/media/product_images/large/1140632371.jpg,/media/product_images/medium/1140632371.jpg,
1140632372,/media/product_images/large/1140632372.jpg,/media/product_images/medium/1140632372.jpg,
1140632373,/media/product_images/large/1140632373.jpg,/media/product_images/medium/1140632373.jpg,
1140632374,/media/product_images/large/1140632374.jpg,/media/product_images/medium/1140632374.jpg,
1140632375,/media/product_images/large/1140632375.jpg,/media/product_images/medium/1140632375.jpg,
1140632376,/media/product_images/large/1140632376.jpg,/media/product_images/medium/1140632376.jpg,
1140632377,/media/product_images/large/1140632377.jpg,/media/product_images/medium/1140632377.jpg,
1140632378,/media/product_images/large/1140632378.jpg,/media/product_images/medium/1140632378.jpg,
1140632379,/media/product_images/large/1140632379.jpg,/media/product_images/medium/1140632379.jpg,
1140632380,/media/product_images/large/1140632380.jpg,/media/product_images/medium/1140632380.jpg,
1140632381,/media/product_images/large/1140632381.jpg,/media/product_images/medium/1140632381.jpg,
1140632382,/media/product_images/large/1140632382.jpg,/media/product_images/medium/1140632382.jpg,
1140632383,/media/product_images/large/1140632383.jpg,/media/product_images/medium/1140632383.jpg,
1140632384,/media/product_images/large/1140632384.jpg,/media/product_images/medium/1140632384.jpg,
1140632385,/media/product_images/large/1140632385.jpg,/media/product_images/medium/1140632385.jpg,
1140632386,/media/product_images/large/1140632386.jpg,/media/product_images/medium/1140632386.jpg,
1140632387,/media/product_images/large/1140632387.jpg,/media/product_images/medium/1140632387.jpg,
1140632388,/media/product_images/large/1140632388.jpg,/media/product_images/medium/1140632388.jpg,
1140632389,/media/product_images/large/1140632389.jpg,/media/product_images/medium/1140632389.jpg,
1140632390,/media/product_images/large/1140632390.jpg,/media/product_images/medium/1140632390.jpg,
1140632391,/media/product_images/large/1140632391.jpg,/media/product_images/medium/1140632391.jpg,
1140632392,/media/product_images/large/1140632392.jpg,/media/product_images/medium/1140632392.jpg,
1140632393,/media/product_images/large/1140632393.jpg,/media/product_images/medium/1140632393.jpg,
1140632394,/media/product_images/large/1140632394.jpg,/media/product_images/medium/1140632394.jpg,
1140632395,/media/product_images/large/1140632395.jpg,/media/product_images/medium/1140632395.jpg,
1140632396,/media/product_images/large/1140632396.jpg,/media/product_images/medium/1140632396.jpg,
1140632397,/media/product_images/large/1140632397.jpg,/media/product_images/medium/1140632397.jpg,
1140632398,/media/product_images/large/1140632398.jpg,/media/product_images/medium/1140632398.jpg,
1140632399,/media/product_images/large/1140632399.jpg,/media/product_images/medium/1140632399.jpg,
1140632400,/media/product_images/large/1140632400.jpg,/media/product_images/medium/1140632400.jpg,
1140632401,/media/product_images/large/1140632401.jpg,/media/product_images/medium/1140632401.jpg,
1140632402,/media/product_images/large/1140632402.jpg,/media/product_images/medium/1140632402.jpg,
1140632403,/media/product_images/large/1140632403.jpg,/media/product_images/medium/1140632403.jpg,
1140632404,/media/product_images/large/1140632404.jpg,/media/product_images/medium/1140632404.jpg,
1140632405,/media/product_images/large/1140632405.jpg,/media/product_images/medium/1140632405.jpg,
1140632406,/media/product_images/large/1140632406.jpg,/media/product_images/medium/1140632406.jpg,
1140632407,/media/product_images/large/1140632407.jpg,/media/product_images/medium/1140632407.jpg,
1140632408,/media/product_images/large/1140632408.jpg,/media/product_images/medium/1140632408.jpg,
1140632410,/media/product_images/large/1140632410.jpg,/media/product_images/medium/1140632410.jpg,
1140632411,/media/product_images/large/1140632411.jpg,/media/product_images/medium/1140632411.jpg,
1140632412,/media/product_images/large/1140632412.jpg,/media/product_images/medium/1140632412.jpg,
1140632413,/media/product_images/large/1140632413.jpg,/media/product_images/medium/1140632413.jpg,
1140632414,/media/product_images/large/1140632414.jpg,/media/product_images/medium/1140632414.jpg,
1140632415,/media/product_images/large/1140632415.jpg,/media/product_images/medium/1140632415.jpg,
1140632416,/media/product_images/large/1140632416.jpg,/media/product_images/medium/1140632416.jpg,
1140632417,/media/product_images/large/1140632417.jpg,/media/product_images/medium/1140632417.jpg,
1140632418,/media/product_images/large/1140632418.jpg,/media/product_images/medium/1140632418.jpg,
1140632419,/media/product_images/large/1140632419.jpg,/media/product_images/medium/1140632419.jpg,
1140632420,/media/product_images/large/1140632420.jpg,/media/product_images/medium/1140632420.jpg,
1140632421,/media/product_images/large/1140632421.jpg,/media/product_images/medium/1140632421.jpg,
1140632422,/media/product_images/large/1140632422.jpg,/media/product_images/medium/1140632422.jpg,
1140632423,/media/product_images/large/1140632423.jpg,/media/product_images/medium/1140632423.jpg,
1140632424,/media/product_images/large/1140632424.jpg,/media/product_images/medium/1140632424.jpg,
1140632425,/media/product_images/large/1140632425.jpg,/media/product_images/medium/1140632425.jpg,
1140632426,/media/product_images/large/1140632426.jpg,/media/product_images/medium/1140632426.jpg,
1140632427,/media/product_images/large/1140632427.jpg,/media/product_images/medium/1140632427.jpg,
1140632428,/media/product_images/large/1140632428.jpg,/media/product_images/medium/1140632428.jpg,
1140632429,/media/product_images/large/1140632429.jpg,/media/product_images/medium/1140632429.jpg,
1140632430,/media/product_images/large/1140632430.jpg,/media/product_images/medium/1140632430.jpg,
1140632431,/media/product_images/large/1140632431.jpg,/media/product_images/medium/1140632431.jpg,
1140632432,/media/product_images/large/1140632432.jpg,/media/product_images/medium/1140632432.jpg,
1140632433,/media/product_images/large/1140632433.jpg,/media/product_images/medium/1140632433.jpg,
1140632434,/media/product_images/large/1140632434.jpg,/media/product_images/medium/1140632434.jpg,
1140632435,/media/product_images/large/1140632435.jpg,/media/product_images/medium/1140632435.jpg,
1140632436,/media/product_images/large/1140632436.jpg,/media/product_images/medium/1140632436.jpg,
1140632437,/media/product_images/large/1140632437.jpg,/media/product_images/medium/1140632437.jpg,
1140632438,/media/product_images/large/1140632438.jpg,/media/product_images/medium/1140632438.jpg,
1140632439,/media/product_images/large/1140632439.jpg,/media/product_images/medium/1140632439.jpg,
1140632440,/media/product_images/large/1140632440.jpg,/media/product_images/medium/1140632440.jpg,
1140632441,/media/product_images/large/1140632441.jpg,/media/product_images/medium/1140632441.jpg,
1140632442,/media/product_images/large/1140632442.jpg,/media/product_images/medium/1140632442.jpg,
1140632443,/media/product_images/large/1140632443.jpg,/media/product_images/medium/1140632443.jpg,
1140632444,/media/product_images/large/1140632444.jpg,/media/product_images/medium/1140632444.jpg,
1140632445,/media/product_images/large/1140632445.jpg,/media/product_images/medium/1140632445.jpg,
1140632446,/media/product_images/large/1140632446.jpg,/media/product_images/medium/1140632446.jpg,
1140632447,/media/product_images/large/1140632447.jpg,/media/product_images/medium/1140632447.jpg,
1140632448,/media/product_images/large/1140632448.jpg,/media/product_images/medium/1140632448.jpg,
1140632449,/media/product_images/large/1140632449.jpg,/media/product_images/medium/1140632449.jpg,
1140632450,/media/product_images/large/1140632450.jpg,/media/product_images/medium/1140632450.jpg,
1140632451,/media/product_images/large/1140632451.jpg,/media/product_images/medium/1140632451.jpg,
1140632452,/media/product_images/large/1140632452.jpg,/media/product_images/medium/1140632452.jpg,
1140632453,/media/product_images/large/1140632453.jpg,/media/product_images/medium/1140632453.jpg,
1140632454,/media/product_images/large/1140632454.jpg,/media/product_images/medium/1140632454.jpg,
1140632455,/media/product_images/large/1140632455.jpg,/media/product_images/medium/1140632455.jpg,
1140632456,/media/product_images/large/1140632456.jpg,/media/product_images/medium/1140632456.jpg,
1140632457,/media/product_images/large/1140632457.jpg,/media/product_images/medium/1140632457.jpg,
1140632458,/media/product_images/large/1140632458.jpg,/media/product_images/medium/1140632458.jpg,
1140632459,/media/product_images/large/1140632459.jpg,/media/product_images/medium/1140632459.jpg,
1140632460,/media/product_images/large/1140632460.jpg,/media/product_images/medium/1140632460.jpg,
1140632461,/media/product_images/large/1140632461.jpg,/media/product_images/medium/1140632461.jpg,
1140632462,/media/product_images/large/1140632462.jpg,/media/product_images/medium/1140632462.jpg,
1140632463,/media/product_images/large/1140632463.jpg,/media/product_images/medium/1140632463.jpg,
1140632464,/media/product_images/large/1140632464.jpg,/media/product_images/medium/1140632464.jpg,
1140632465,/media/product_images/large/1140632465.jpg,/media/product_images/medium/1140632465.jpg,
1140632466,/media/product_images/large/1140632466.jpg,/media/product_images/medium/1140632466.jpg,
1140632467,/media/product_images/large/1140632467.jpg,/media/product_images/medium/1140632467.jpg,
1140632468,/media/product_images/large/1140632468.jpg,/media/product_images/medium/1140632468.jpg,
1140632469,/media/product_images/large/1140632469.jpg,/media/product_images/medium/1140632469.jpg,
1140632470,/media/product_images/large/1140632470.jpg,/media/product_images/medium/1140632470.jpg,
1140632471,/media/product_images/large/1140632471.jpg,/media/product_images/medium/1140632471.jpg,
1140632472,/media/product_images/large/1140632472.jpg,/media/product_images/medium/1140632472.jpg,
1140632473,/media/product_images/large/1140632473.jpg,/media/product_images/medium/1140632473.jpg,
1140632474,/media/product_images/large/1140632474.jpg,/media/product_images/medium/1140632474.jpg,
1140632475,/media/product_images/large/1140632475.jpg,/media/product_images/medium/1140632475.jpg,
1140632476,/media/product_images/large/1140632476.jpg,/media/product_images/medium/1140632476.jpg,
1140632477,/media/product_images/large/1140632477.jpg,/media/product_images/medium/1140632477.jpg,
1140632478,/media/product_images/large/1140632478.jpg,/media/product_images/medium/1140632478.jpg,
1140632479,/media/product_images/large/1140632479.jpg,/media/product_images/medium/1140632479.jpg,
1140632480,/media/product_images/large/1140632480.jpg,/media/product_images/medium/1140632480.jpg,
1140632481,/media/product_images/large/1140632481.jpg,/media/product_images/medium/1140632481.jpg,
1140632482,/media/product_images/large/1140632482.jpg,/media/product_images/medium/1140632482.jpg,
1140632483,/media/product_images/large/1140632483.jpg,/media/product_images/medium/1140632483.jpg,
1140632484,/media/product_images/large/1140632484.jpg,/media/product_images/medium/1140632484.jpg,
1140632485,/media/product_images/large/1140632485.jpg,/media/product_images/medium/1140632485.jpg,
1140632486,/media/product_images/large/1140632486.jpg,/media/product_images/medium/1140632486.jpg,
1140632487,/media/product_images/large/1140632487.jpg,/media/product_images/medium/1140632487.jpg,
1140632488,/media/product_images/large/1140632488.jpg,/media/product_images/medium/1140632488.jpg,
1140632489,/media/product_images/large/1140632489.jpg,/media/product_images/medium/1140632489.jpg,
1140632490,/media/product_images/large/1140632490.jpg,/media/product_images/medium/1140632490.jpg,
1140632491,/media/product_images/large/1140632491.jpg,/media/product_images/medium/1140632491.jpg,
1140632492,/media/product_images/large/1140632492.jpg,/media/product_images/medium/1140632492.jpg,
1140632493,/media/product_images/large/1140632493.jpg,/media/product_images/medium/1140632493.jpg,
1140632500,/media/product_images/large/1140632500.jpg,/media/product_images/medium/1140632500.jpg,
1140632501,/media/product_images/large/1140632501.jpg,/media/product_images/medium/1140632501.jpg,
1140632502,/media/product_images/large/1140632502.jpg,/media/product_images/medium/1140632502.jpg,
1140632503,/media/product_images/large/1140632503.jpg,/media/product_images/medium/1140632503.jpg,
1140632504,/media/product_images/large/1140632504.jpg,/media/product_images/medium/1140632504.jpg,
1140632505,/media/product_images/large/1140632505.jpg,/media/product_images/medium/1140632505.jpg,
1140632506,/media/product_images/large/1140632506.jpg,/media/product_images/medium/1140632506.jpg,
1140632507,/media/product_images/large/1140632507.jpg,/media/product_images/medium/1140632507.jpg,
1140632508,/media/product_images/large/1140632508.jpg,/media/product_images/medium/1140632508.jpg,
1140632509,/media/product_images/large/1140632509.jpg,/media/product_images/medium/1140632509.jpg,
1140632510,/media/product_images/large/1140632510.jpg,/media/product_images/medium/1140632510.jpg,
1140632511,/media/product_images/large/1140632511.jpg,/media/product_images/medium/1140632511.jpg,
1140632512,/media/product_images/large/1140632512.jpg,/media/product_images/medium/1140632512.jpg,
1140632516,/media/product_images/large/1140632516.jpg,/media/product_images/medium/1140632516.jpg,
1140632517,/media/product_images/large/1140632517.jpg,/media/product_images/medium/1140632517.jpg,
1140632518,/media/product_images/large/1140632518.jpg,/media/product_images/medium/1140632518.jpg,
1140632519,/media/product_images/large/1140632519.jpg,/media/product_images/medium/1140632519.jpg,
1140632522,/media/product_images/large/1140632522.jpg,/media/product_images/medium/1140632522.jpg,
1140632523,/media/product_images/large/1140632523.jpg,/media/product_images/medium/1140632523.jpg,
1140632524,/media/product_images/large/1140632524.jpg,/media/product_images/medium/1140632524.jpg,
1140632525,/media/product_images/large/1140632525.jpg,/media/product_images/medium/1140632525.jpg,
1140632526,/media/product_images/large/1140632526.jpg,/media/product_images/medium/1140632526.jpg,
1140632527,/media/product_images/large/1140632527.jpg,/media/product_images/medium/1140632527.jpg,
1140632528,/media/product_images/large/1140632528.jpg,/media/product_images/medium/1140632528.jpg,
1140632529,/media/product_images/large/1140632529.jpg,/media/product_images/medium/1140632529.jpg,
1140632530,/media/product_images/large/1140632530.jpg,/media/product_images/medium/1140632530.jpg,
1140632531,/media/product_images/large/1140632531.jpg,/media/product_images/medium/1140632531.jpg,
1140632532,/media/product_images/large/1140632532.jpg,/media/product_images/medium/1140632532.jpg,
1140632533,/media/product_images/large/1140632533.jpg,/media/product_images/medium/1140632533.jpg,
1140632534,/media/product_images/large/1140632534.jpg,/media/product_images/medium/1140632534.jpg,
1140632535,/media/product_images/large/1140632535.jpg,/media/product_images/medium/1140632535.jpg,
1140632536,/media/product_images/large/1140632536.jpg,/media/product_images/medium/1140632536.jpg,
1140632537,/media/product_images/large/1140632537.jpg,/media/product_images/medium/1140632537.jpg,
1140632538,/media/product_images/large/1140632538.jpg,/media/product_images/medium/1140632538.jpg,
1140632539,/media/product_images/large/1140632539.jpg,/media/product_images/medium/1140632539.jpg,
1140632540,/media/product_images/large/1140632540.jpg,/media/product_images/medium/1140632540.jpg,
1140632541,/media/product_images/large/1140632541.jpg,/media/product_images/medium/1140632541.jpg,
1140632542,/media/product_images/large/1140632542.jpg,/media/product_images/medium/1140632542.jpg,
1140632543,/media/product_images/large/1140632543.jpg,/media/product_images/medium/1140632543.jpg,
1140632544,/media/product_images/large/1140632544.jpg,/media/product_images/medium/1140632544.jpg,
1140632545,/media/product_images/large/1140632545.jpg,/media/product_images/medium/1140632545.jpg,
1140632546,/media/product_images/large/1140632546.jpg,/media/product_images/medium/1140632546.jpg,
1140632547,/media/product_images/large/1140632547.jpg,/media/product_images/medium/1140632547.jpg,
1140632548,/media/product_images/large/1140632548.jpg,/media/product_images/medium/1140632548.jpg,
1140632549,/media/product_images/large/1140632549.jpg,/media/product_images/medium/1140632549.jpg,
1140632550,/media/product_images/large/1140632550.jpg,/media/product_images/medium/1140632550.jpg,
1140632551,/media/product_images/large/1140632551.jpg,/media/product_images/medium/1140632551.jpg,
1140632552,/media/product_images/large/1140632552.jpg,/media/product_images/medium/1140632552.jpg,
1140632553,/media/product_images/large/1140632553.jpg,/media/product_images/medium/1140632553.jpg,
1140632554,/media/product_images/large/1140632554.jpg,/media/product_images/medium/1140632554.jpg,
1140632555,/media/product_images/large/1140632555.jpg,/media/product_images/medium/1140632555.jpg,
1140632556,/media/product_images/large/1140632556.jpg,/media/product_images/medium/1140632556.jpg,
1140632557,/media/product_images/large/1140632557.jpg,/media/product_images/medium/1140632557.jpg,
1140632558,/media/product_images/large/1140632558.jpg,/media/product_images/medium/1140632558.jpg,
1140632559,/media/product_images/large/1140632559.jpg,/media/product_images/medium/1140632559.jpg,
1140632560,/media/product_images/large/1140632560.jpg,/media/product_images/medium/1140632560.jpg,
1140632561,/media/product_images/large/1140632561.jpg,/media/product_images/medium/1140632561.jpg,
1140632562,/media/product_images/large/1140632562.jpg,/media/product_images/medium/1140632562.jpg,
1140632563,/media/product_images/large/1140632563.jpg,/media/product_images/medium/1140632563.jpg,
1140632564,/media/product_images/large/1140632564.jpg,/media/product_images/medium/1140632564.jpg,
1140632565,/media/product_images/large/1140632565.jpg,/media/product_images/medium/1140632565.jpg,
1140632566,/media/product_images/large/1140632566.jpg,/media/product_images/medium/1140632566.jpg,
1140632567,/media/product_images/large/1140632567.jpg,/media/product_images/medium/1140632567.jpg,
1140632568,/media/product_images/large/1140632568.jpg,/media/product_images/medium/1140632568.jpg,
1140632569,/media/product_images/large/1140632569.jpg,/media/product_images/medium/1140632569.jpg,
1140632570,/media/product_images/large/1140632570.jpg,/media/product_images/medium/1140632570.jpg,
1140632571,/media/product_images/large/1140632571.jpg,/media/product_images/medium/1140632571.jpg,
1140632572,/media/product_images/large/1140632572.jpg,/media/product_images/medium/1140632572.jpg,
1140632573,/media/product_images/large/1140632573.jpg,/media/product_images/medium/1140632573.jpg,
1140632574,/media/product_images/large/1140632574.jpg,/media/product_images/medium/1140632574.jpg,
1140632575,/media/product_images/large/1140632575.jpg,/media/product_images/medium/1140632575.jpg,
1140632576,/media/product_images/large/1140632576.jpg,/media/product_images/medium/1140632576.jpg,
1140632577,/media/product_images/large/1140632577.jpg,/media/product_images/medium/1140632577.jpg,
1140632578,/media/product_images/large/1140632578.jpg,/media/product_images/medium/1140632578.jpg,
1140632579,/media/product_images/large/1140632579.jpg,/media/product_images/medium/1140632579.jpg,
1140632580,/media/product_images/large/1140632580.jpg,/media/product_images/medium/1140632580.jpg,
1140632581,/media/product_images/large/1140632581.jpg,/media/product_images/medium/1140632581.jpg,
1140632582,/media/product_images/large/1140632582.jpg,/media/product_images/medium/1140632582.jpg,
1140632583,/media/product_images/large/1140632583.jpg,/media/product_images/medium/1140632583.jpg,
1140632585,/media/product_images/large/1140632585.jpg,/media/product_images/medium/1140632585.jpg,
1140632586,/media/product_images/large/1140632586.jpg,/media/product_images/medium/1140632586.jpg,
1140632587,/media/product_images/large/1140632587.jpg,/media/product_images/medium/1140632587.jpg,
1140632588,/media/product_images/large/1140632588.jpg,/media/product_images/medium/1140632588.jpg,
1140632589,/media/product_images/large/1140632589.jpg,/media/product_images/medium/1140632589.jpg,
1140632590,/media/product_images/large/1140632590.jpg,/media/product_images/medium/1140632590.jpg,
1140632591,/media/product_images/large/1140632591.jpg,/media/product_images/medium/1140632591.jpg,
1140632592,/media/product_images/large/1140632592.jpg,/media/product_images/medium/1140632592.jpg,
1140632593,/media/product_images/large/1140632593.jpg,/media/product_images/medium/1140632593.jpg,
1140632594,/media/product_images/large/1140632594.jpg,/media/product_images/medium/1140632594.jpg,
1140632595,/media/product_images/large/1140632595.jpg,/media/product_images/medium/1140632595.jpg,
1140632596,/media/product_images/large/1140632596.jpg,/media/product_images/medium/1140632596.jpg,
1140632597,/media/product_images/large/1140632597.jpg,/media/product_images/medium/1140632597.jpg,
1140632598,/media/product_images/large/1140632598.jpg,/media/product_images/medium/1140632598.jpg,
1140632599,/media/product_images/large/1140632599.jpg,/media/product_images/medium/1140632599.jpg,
1140632600,/media/product_images/large/1140632600.jpg,/media/product_images/medium/1140632600.jpg,
1140632601,/media/product_images/large/1140632601.jpg,/media/product_images/medium/1140632601.jpg,
1140632602,/media/product_images/large/1140632602.jpg,/media/product_images/medium/1140632602.jpg,
1140632603,/media/product_images/large/1140632603.jpg,/media/product_images/medium/1140632603.jpg,
1140632604,/media/product_images/large/1140632604.jpg,/media/product_images/medium/1140632604.jpg,
1140632605,/media/product_images/large/1140632605.jpg,/media/product_images/medium/1140632605.jpg,
1140632606,/media/product_images/large/1140632606.jpg,/media/product_images/medium/1140632606.jpg,
1140632607,/media/product_images/large/1140632607.jpg,/media/product_images/medium/1140632607.jpg,
1140632608,/media/product_images/large/1140632608.jpg,/media/product_images/medium/1140632608.jpg,
1140632609,/media/product_images/large/1140632609.jpg,/media/product_images/medium/1140632609.jpg,
1140632610,/media/product_images/large/1140632610.jpg,/media/product_images/medium/1140632610.jpg,
1140632611,/media/product_images/large/1140632611.jpg,/media/product_images/medium/1140632611.jpg,
1140632612,/media/product_images/large/1140632612.jpg,/media/product_images/medium/1140632612.jpg,
1140632613,/media/product_images/large/1140632613.jpg,/media/product_images/medium/1140632613.jpg,
1140632614,/media/product_images/large/1140632614.jpg,/media/product_images/medium/1140632614.jpg,
1140632615,/media/product_images/large/1140632615.jpg,/media/product_images/medium/1140632615.jpg,
1140632616,/media/product_images/large/1140632616.jpg,/media/product_images/medium/1140632616.jpg,
1140632617,/media/product_images/large/1140632617.jpg,/media/product_images/medium/1140632617.jpg,
1140632618,/media/product_images/large/1140632618.jpg,/media/product_images/medium/1140632618.jpg,
1140632619,/media/product_images/large/1140632619.jpg,/media/product_images/medium/1140632619.jpg,
1140632620,/media/product_images/large/1140632620.jpg,/media/product_images/medium/1140632620.jpg,
1140632621,/media/product_images/large/1140632621.jpg,/media/product_images/medium/1140632621.jpg,
1140632622,/media/product_images/large/1140632622.jpg,/media/product_images/medium/1140632622.jpg,
1140632623,/media/product_images/large/1140632623.jpg,/media/product_images/medium/1140632623.jpg,
1140632624,/media/product_images/large/1140632624.jpg,/media/product_images/medium/1140632624.jpg,
1140632625,/media/product_images/large/1140632625.jpg,/media/product_images/medium/1140632625.jpg,
1140632626,/media/product_images/large/1140632626.jpg,/media/product_images/medium/1140632626.jpg,
1140632627,/media/product_images/large/1140632627.jpg,/media/product_images/medium/1140632627.jpg,
1140632628,/media/product_images/large/1140632628.jpg,/media/product_images/medium/1140632628.jpg,
1140632629,/media/product_images/large/1140632629.jpg,/media/product_images/medium/1140632629.jpg,
1140632630,/media/product_images/large/1140632630.jpg,/media/product_images/medium/1140632630.jpg,
1140632631,/media/product_images/large/1140632631.jpg,/media/product_images/medium/1140632631.jpg,
1140632632,/media/product_images/large/1140632632.jpg,/media/product_images/medium/1140632632.jpg,
1140632633,/media/product_images/large/1140632633.jpg,/media/product_images/medium/1140632633.jpg,
1140632634,/media/product_images/large/1140632634.jpg,/media/product_images/medium/1140632634.jpg,
1140632635,/media/product_images/large/1140632635.jpg,/media/product_images/medium/1140632635.jpg,
1140632636,/media/product_images/large/1140632636.jpg,/media/product_images/medium/1140632636.jpg,
1140632637,/media/product_images/large/1140632637.jpg,/media/product_images/medium/1140632637.jpg,
1140632638,/media/product_images/large/1140632638.jpg,/media/product_images/medium/1140632638.jpg,
1140632639,/media/product_images/large/1140632639.jpg,/media/product_images/medium/1140632639.jpg,
1140632640,/media/product_images/large/1140632640.jpg,/media/product_images/medium/1140632640.jpg,
1140632641,/media/product_images/large/1140632641.jpg,/media/product_images/medium/1140632641.jpg,
1140632642,/media/product_images/large/1140632642.jpg,/media/product_images/medium/1140632642.jpg,
1140632643,/media/product_images/large/1140632643.jpg,/media/product_images/medium/1140632643.jpg,
1140632644,/media/product_images/large/1140632644.jpg,/media/product_images/medium/1140632644.jpg,
1140632645,/media/product_images/large/1140632645.jpg,/media/product_images/medium/1140632645.jpg,
1140632646,/media/product_images/large/1140632646.jpg,/media/product_images/medium/1140632646.jpg,
1140632647,/media/product_images/large/1140632647.jpg,/media/product_images/medium/1140632647.jpg,
1140632648,/media/product_images/large/1140632648.jpg,/media/product_images/medium/1140632648.jpg,
1140632649,/media/product_images/large/1140632649.jpg,/media/product_images/medium/1140632649.jpg,
1140632650,/media/product_images/large/1140632650.jpg,/media/product_images/medium/1140632650.jpg,
1140632651,/media/product_images/large/1140632651.jpg,/media/product_images/medium/1140632651.jpg,
1140632652,/media/product_images/large/1140632652.jpg,/media/product_images/medium/1140632652.jpg,
1140632656,/media/product_images/large/1140632656.jpg,/media/product_images/medium/1140632656.jpg,
1140632657,/media/product_images/large/1140632657.jpg,/media/product_images/medium/1140632657.jpg,
1140632658,/media/product_images/large/1140632658.jpg,/media/product_images/medium/1140632658.jpg,
1140632659,/media/product_images/large/1140632659.jpg,/media/product_images/medium/1140632659.jpg,
1140632660,/media/product_images/large/1140632660.jpg,/media/product_images/medium/1140632660.jpg,
1140632661,/media/product_images/large/1140632661.jpg,/media/product_images/medium/1140632661.jpg,
1140632662,/media/product_images/large/1140632662.jpg,/media/product_images/medium/1140632662.jpg,
1140632663,/media/product_images/large/1140632663.jpg,/media/product_images/medium/1140632663.jpg,
1140632664,/media/product_images/large/1140632664.jpg,/media/product_images/medium/1140632664.jpg,
1140632665,/media/product_images/large/1140632665.jpg,/media/product_images/medium/1140632665.jpg,
1140632666,/media/product_images/large/1140632666.jpg,/media/product_images/medium/1140632666.jpg,
1140632667,/media/product_images/large/1140632667.jpg,/media/product_images/medium/1140632667.jpg,
1140632668,/media/product_images/large/1140632668.jpg,/media/product_images/medium/1140632668.jpg,
1140632669,/media/product_images/large/1140632669.jpg,/media/product_images/medium/1140632669.jpg,
1140632673,/media/product_images/large/1140632673.jpg,/media/product_images/medium/1140632673.jpg,
1140632674,/media/product_images/large/1140632674.jpg,/media/product_images/medium/1140632674.jpg,
1140632675,/media/product_images/large/1140632675.jpg,/media/product_images/medium/1140632675.jpg,
1140632676,/media/product_images/large/1140632676.jpg,/media/product_images/medium/1140632676.jpg,
1140632677,/media/product_images/large/1140632677.jpg,/media/product_images/medium/1140632677.jpg,
1140632678,/media/product_images/large/1140632678.jpg,/media/product_images/medium/1140632678.jpg,
1140632681,/media/product_images/large/1140632681.jpg,/media/product_images/medium/1140632681.jpg,
1140632684,/media/product_images/large/1140632684.jpg,/media/product_images/medium/1140632684.jpg,
1140632685,/media/product_images/large/1140632685.jpg,/media/product_images/medium/1140632685.jpg,
1140632686,/media/product_images/large/1140632686.jpg,/media/product_images/medium/1140632686.jpg,
1140632687,/media/product_images/large/1140632687.jpg,/media/product_images/medium/1140632687.jpg,
1140632688,/media/product_images/large/1140632688.jpg,/media/product_images/medium/1140632688.jpg,
1140632689,/media/product_images/large/1140632689.jpg,/media/product_images/medium/1140632689.jpg,
1140632690,/media/product_images/large/1140632690.jpg,/media/product_images/medium/1140632690.jpg,
1140632691,/media/product_images/large/1140632691.jpg,/media/product_images/medium/1140632691.jpg,
1140632692,/media/product_images/large/1140632692.jpg,/media/product_images/medium/1140632692.jpg,
1140632693,/media/product_images/large/1140632693.jpg,/media/product_images/medium/1140632693.jpg,
1140632694,/media/product_images/large/1140632694.jpg,/media/product_images/medium/1140632694.jpg,
1140632700,/media/product_images/large/1140632700.jpg,/media/product_images/medium/1140632700.jpg,
1140632701,/media/product_images/large/1140632701.jpg,/media/product_images/medium/1140632701.jpg,
1140632702,/media/product_images/large/1140632702.jpg,/media/product_images/medium/1140632702.jpg,
1140632703,/media/product_images/large/1140632703.jpg,/media/product_images/medium/1140632703.jpg,
1140632704,/media/product_images/large/1140632704.jpg,/media/product_images/medium/1140632704.jpg,
1140632705,/media/product_images/large/1140632705.jpg,/media/product_images/medium/1140632705.jpg,
1140632706,/media/product_images/large/1140632706.jpg,/media/product_images/medium/1140632706.jpg,
1140632707,/media/product_images/large/1140632707.jpg,/media/product_images/medium/1140632707.jpg,
1140632708,/media/product_images/large/1140632708.jpg,/media/product_images/medium/1140632708.jpg,
1140632709,/media/product_images/large/1140632709.jpg,/media/product_images/medium/1140632709.jpg,
1140632710,/media/product_images/large/1140632710.jpg,/media/product_images/medium/1140632710.jpg,
1140632711,/media/product_images/large/1140632711.jpg,/media/product_images/medium/1140632711.jpg,
1140632712,/media/product_images/large/1140632712.jpg,/media/product_images/medium/1140632712.jpg,
1140632713,/media/product_images/large/1140632713.jpg,/media/product_images/medium/1140632713.jpg,
1140632714,/media/product_images/large/1140632714.jpg,/media/product_images/medium/1140632714.jpg,
1140632715,/media/product_images/large/1140632715.jpg,/media/product_images/medium/1140632715.jpg,
1140632716,/media/product_images/large/1140632716.jpg,/media/product_images/medium/1140632716.jpg,
1140632717,/media/product_images/large/1140632717.jpg,/media/product_images/medium/1140632717.jpg,
1140632718,/media/product_images/large/1140632718.jpg,/media/product_images/medium/1140632718.jpg,
1140632719,/media/product_images/large/1140632719.jpg,/media/product_images/medium/1140632719.jpg,
1140632720,/media/product_images/large/1140632720.jpg,/media/product_images/medium/1140632720.jpg,
1140632721,/media/product_images/large/1140632721.jpg,/media/product_images/medium/1140632721.jpg,
1140632722,/media/product_images/large/1140632722.jpg,/media/product_images/medium/1140632722.jpg,
1140632723,/media/product_images/large/1140632723.jpg,/media/product_images/medium/1140632723.jpg,
1140632724,/media/product_images/large/1140632724.jpg,/media/product_images/medium/1140632724.jpg,
1140632725,/media/product_images/large/1140632725.jpg,/media/product_images/medium/1140632725.jpg,
1140632726,/media/product_images/large/1140632726.jpg,/media/product_images/medium/1140632726.jpg,
1140632727,/media/product_images/large/1140632727.jpg,/media/product_images/medium/1140632727.jpg,
1140632728,/media/product_images/large/1140632728.jpg,/media/product_images/medium/1140632728.jpg,
1140632729,/media/product_images/large/1140632729.jpg,/media/product_images/medium/1140632729.jpg,
1140632730,/media/product_images/large/1140632730.jpg,/media/product_images/medium/1140632730.jpg,
1140632731,/media/product_images/large/1140632731.jpg,/media/product_images/medium/1140632731.jpg,
1140632732,/media/product_images/large/1140632732.jpg,/media/product_images/medium/1140632732.jpg,
1140632733,/media/product_images/large/1140632733.jpg,/media/product_images/medium/1140632733.jpg,
1140632734,/media/product_images/large/1140632734.jpg,/media/product_images/medium/1140632734.jpg,
1140632735,/media/product_images/large/1140632735.jpg,/media/product_images/medium/1140632735.jpg,
1140632736,/media/product_images/large/1140632736.jpg,/media/product_images/medium/1140632736.jpg,
1140632737,/media/product_images/large/1140632737.jpg,/media/product_images/medium/1140632737.jpg,
1140632738,/media/product_images/large/1140632738.jpg,/media/product_images/medium/1140632738.jpg,
1140632739,/media/product_images/large/1140632739.jpg,/media/product_images/medium/1140632739.jpg,
1140632740,/media/product_images/large/1140632740.jpg,/media/product_images/medium/1140632740.jpg,
1140632741,/media/product_images/large/1140632741.jpg,/media/product_images/medium/1140632741.jpg,
1140632742,/media/product_images/large/1140632742.jpg,/media/product_images/medium/1140632742.jpg,
1140632743,/media/product_images/large/1140632743.jpg,/media/product_images/medium/1140632743.jpg,
1140632744,/media/product_images/large/1140632744.jpg,/media/product_images/medium/1140632744.jpg,
1140632745,/media/product_images/large/1140632745.jpg,/media/product_images/medium/1140632745.jpg,
1140632746,/media/product_images/large/1140632746.jpg,/media/product_images/medium/1140632746.jpg,
1140632747,/media/product_images/large/1140632747.jpg,/media/product_images/medium/1140632747.jpg,
1140632748,/media/product_images/large/1140632748.jpg,/media/product_images/medium/1140632748.jpg,
1140632749,/media/product_images/large/1140632749.jpg,/media/product_images/medium/1140632749.jpg,
1140632750,/media/product_images/large/1140632750.jpg,/media/product_images/medium/1140632750.jpg,
1140632751,/media/product_images/large/1140632751.jpg,/media/product_images/medium/1140632751.jpg,
1140632752,/media/product_images/large/1140632752.jpg,/media/product_images/medium/1140632752.jpg,
1140632753,/media/product_images/large/1140632753.jpg,/media/product_images/medium/1140632753.jpg,
1140632754,/media/product_images/large/1140632754.jpg,/media/product_images/medium/1140632754.jpg,
1140632755,/media/product_images/large/1140632755.jpg,/media/product_images/medium/1140632755.jpg,
1140632756,/media/product_images/large/1140632756.jpg,/media/product_images/medium/1140632756.jpg,
1140632757,/media/product_images/large/1140632757.jpg,/media/product_images/medium/1140632757.jpg,
1140632758,/media/product_images/large/1140632758.jpg,/media/product_images/medium/1140632758.jpg,
1140632759,/media/product_images/large/1140632759.jpg,/media/product_images/medium/1140632759.jpg,
1140632760,/media/product_images/large/1140632760.jpg,/media/product_images/medium/1140632760.jpg,
1140632761,/media/product_images/large/1140632761.jpg,/media/product_images/medium/1140632761.jpg,
1140632762,/media/product_images/large/1140632762.jpg,/media/product_images/medium/1140632762.jpg,
1140632763,/media/product_images/large/1140632763.jpg,/media/product_images/medium/1140632763.jpg,
1140632764,/media/product_images/large/1140632764.jpg,/media/product_images/medium/1140632764.jpg,
1140632765,/media/product_images/large/1140632765.jpg,/media/product_images/medium/1140632765.jpg,
1140632766,/media/product_images/large/1140632766.jpg,/media/product_images/medium/1140632766.jpg,
1140632767,/media/product_images/large/1140632767.jpg,/media/product_images/medium/1140632767.jpg,
1140632768,/media/product_images/large/1140632768.jpg,/media/product_images/medium/1140632768.jpg,
1140632769,/media/product_images/large/1140632769.jpg,/media/product_images/medium/1140632769.jpg,
1140632770,/media/product_images/large/1140632770.jpg,/media/product_images/medium/1140632770.jpg,
1140632771,/media/product_images/large/1140632771.jpg,/media/product_images/medium/1140632771.jpg,
1140632772,/media/product_images/large/1140632772.jpg,/media/product_images/medium/1140632772.jpg,
1140632773,/media/product_images/large/1140632773.jpg,/media/product_images/medium/1140632773.jpg,
1140632774,/media/product_images/large/1140632774.jpg,/media/product_images/medium/1140632774.jpg,
1140632775,/media/product_images/large/1140632775.jpg,/media/product_images/medium/1140632775.jpg,
1140632776,/media/product_images/large/1140632776.jpg,/media/product_images/medium/1140632776.jpg,
1140632777,/media/product_images/large/1140632777.jpg,/media/product_images/medium/1140632777.jpg,
1140632778,/media/product_images/large/1140632778.jpg,/media/product_images/medium/1140632778.jpg,
1140632779,/media/product_images/large/1140632779.jpg,/media/product_images/medium/1140632779.jpg,
1140632780,/media/product_images/large/1140632780.jpg,/media/product_images/medium/1140632780.jpg,
1140632781,/media/product_images/large/1140632781.jpg,/media/product_images/medium/1140632781.jpg,
1140632782,/media/product_images/large/1140632782.jpg,/media/product_images/medium/1140632782.jpg,
1140632783,/media/product_images/large/1140632783.jpg,/media/product_images/medium/1140632783.jpg,
1140632784,/media/product_images/large/1140632784.jpg,/media/product_images/medium/1140632784.jpg,
1140632785,/media/product_images/large/1140632785.jpg,/media/product_images/medium/1140632785.jpg,
1140632786,/media/product_images/large/1140632786.jpg,/media/product_images/medium/1140632786.jpg,
1140632787,/media/product_images/large/1140632787.jpg,/media/product_images/medium/1140632787.jpg,
1140632788,/media/product_images/large/1140632788.jpg,/media/product_images/medium/1140632788.jpg,
1140632789,/media/product_images/large/1140632789.jpg,/media/product_images/medium/1140632789.jpg,
1140632790,/media/product_images/large/1140632790.jpg,/media/product_images/medium/1140632790.jpg,
1140632791,/media/product_images/large/1140632791.jpg,/media/product_images/medium/1140632791.jpg,
1140632792,/media/product_images/large/1140632792.jpg,/media/product_images/medium/1140632792.jpg,
1140632793,/media/product_images/large/1140632793.jpg,/media/product_images/medium/1140632793.jpg,
1140632794,/media/product_images/large/1140632794.jpg,/media/product_images/medium/1140632794.jpg,
1140632795,/media/product_images/large/1140632795.jpg,/media/product_images/medium/1140632795.jpg,
1140632796,/media/product_images/large/1140632796.jpg,/media/product_images/medium/1140632796.jpg,
1140632797,/media/product_images/large/1140632797.jpg,/media/product_images/medium/1140632797.jpg,
1140632798,/media/product_images/large/1140632798.jpg,/media/product_images/medium/1140632798.jpg,
1140632799,/media/product_images/large/1140632799.jpg,/media/product_images/medium/1140632799.jpg,
1140632800,/media/product_images/large/1140632800.jpg,/media/product_images/medium/1140632800.jpg,
1140632801,/media/product_images/large/1140632801.jpg,/media/product_images/medium/1140632801.jpg,
1140632802,/media/product_images/large/1140632802.jpg,/media/product_images/medium/1140632802.jpg,
1140632803,/media/product_images/large/1140632803.jpg,/media/product_images/medium/1140632803.jpg,
1140632805,/media/product_images/large/1140632805.jpg,/media/product_images/medium/1140632805.jpg,
1140632806,/media/product_images/large/1140632806.jpg,/media/product_images/medium/1140632806.jpg,
1140632807,/media/product_images/large/1140632807.jpg,/media/product_images/medium/1140632807.jpg,
1140632808,/media/product_images/large/1140632808.jpg,/media/product_images/medium/1140632808.jpg,
1140632809,/media/product_images/large/1140632809.jpg,/media/product_images/medium/1140632809.jpg,
1140632810,/media/product_images/large/1140632810.jpg,/media/product_images/medium/1140632810.jpg,
1140632811,/media/product_images/large/1140632811.jpg,/media/product_images/medium/1140632811.jpg,
1140632812,/media/product_images/large/1140632812.jpg,/media/product_images/medium/1140632812.jpg,
1140632813,/media/product_images/large/1140632813.jpg,/media/product_images/medium/1140632813.jpg,
1140632814,/media/product_images/large/1140632814.jpg,/media/product_images/medium/1140632814.jpg,
1140632815,/media/product_images/large/1140632815.jpg,/media/product_images/medium/1140632815.jpg,
1140632816,/media/product_images/large/1140632816.jpg,/media/product_images/medium/1140632816.jpg,
1140632817,/media/product_images/large/1140632817.jpg,/media/product_images/medium/1140632817.jpg,
1140632818,/media/product_images/large/1140632818.jpg,/media/product_images/medium/1140632818.jpg,
1140632819,/media/product_images/large/1140632819.jpg,/media/product_images/medium/1140632819.jpg,
1140632820,/media/product_images/large/1140632820.jpg,/media/product_images/medium/1140632820.jpg,
1140632821,/media/product_images/large/1140632821.jpg,/media/product_images/medium/1140632821.jpg,
1140632822,/media/product_images/large/1140632822.jpg,/media/product_images/medium/1140632822.jpg,
1140632823,/media/product_images/large/1140632823.jpg,/media/product_images/medium/1140632823.jpg,
1140632824,/media/product_images/large/1140632824.jpg,/media/product_images/medium/1140632824.jpg,
1140632825,/media/product_images/large/1140632825.jpg,/media/product_images/medium/1140632825.jpg,
1140632826,/media/product_images/large/1140632826.jpg,/media/product_images/medium/1140632826.jpg,
1140632827,/media/product_images/large/1140632827.jpg,/media/product_images/medium/1140632827.jpg,
1140632828,/media/product_images/large/1140632828.jpg,/media/product_images/medium/1140632828.jpg,
1140632829,/media/product_images/large/1140632829.jpg,/media/product_images/medium/1140632829.jpg,
1140632830,/media/product_images/large/1140632830.jpg,/media/product_images/medium/1140632830.jpg,
1140632831,/media/product_images/large/1140632831.jpg,/media/product_images/medium/1140632831.jpg,
1140632832,/media/product_images/large/1140632832.jpg,/media/product_images/medium/1140632832.jpg,
1140632833,/media/product_images/large/1140632833.jpg,/media/product_images/medium/1140632833.jpg,
1140632834,/media/product_images/large/1140632834.jpg,/media/product_images/medium/1140632834.jpg,
1140632835,/media/product_images/large/1140632835.jpg,/media/product_images/medium/1140632835.jpg,
1140632836,/media/product_images/large/1140632836.jpg,/media/product_images/medium/1140632836.jpg,
1140632837,/media/product_images/large/1140632837.jpg,/media/product_images/medium/1140632837.jpg,
1140632838,/media/product_images/large/1140632838.jpg,/media/product_images/medium/1140632838.jpg,
1140632839,/media/product_images/large/1140632839.jpg,/media/product_images/medium/1140632839.jpg,
1140632840,/media/product_images/large/1140632840.jpg,/media/product_images/medium/1140632840.jpg,
1140632841,/media/product_images/large/1140632841.jpg,/media/product_images/medium/1140632841.jpg,
1140632842,/media/product_images/large/1140632842.jpg,/media/product_images/medium/1140632842.jpg,
1140632843,/media/product_images/large/1140632843.jpg,/media/product_images/medium/1140632843.jpg,
1140632844,/media/product_images/large/1140632844.jpg,/media/product_images/medium/1140632844.jpg,
1140632845,/media/product_images/large/1140632845.jpg,/media/product_images/medium/1140632845.jpg,
1140632846,/media/product_images/large/1140632846.jpg,/media/product_images/medium/1140632846.jpg,
1140632847,/media/product_images/large/1140632847.jpg,/media/product_images/medium/1140632847.jpg,
1140632848,/media/product_images/large/1140632848.jpg,/media/product_images/medium/1140632848.jpg,
1140632849,/media/product_images/large/1140632849.jpg,/media/product_images/medium/1140632849.jpg,
1140632850,/media/product_images/large/1140632850.jpg,/media/product_images/medium/1140632850.jpg,
1140632851,/media/product_images/large/1140632851.jpg,/media/product_images/medium/1140632851.jpg,
1140632852,/media/product_images/large/1140632852.jpg,/media/product_images/medium/1140632852.jpg,
1140632853,/media/product_images/large/1140632853.jpg,/media/product_images/medium/1140632853.jpg,
1140632854,/media/product_images/large/1140632854.jpg,/media/product_images/medium/1140632854.jpg,
1140632855,/media/product_images/large/1140632855.jpg,/media/product_images/medium/1140632855.jpg,
1140632864,/media/product_images/large/1140632864.jpg,/media/product_images/medium/1140632864.jpg,
1140632865,/media/product_images/large/1140632865.jpg,/media/product_images/medium/1140632865.jpg,
1140632866,/media/product_images/large/1140632866.jpg,/media/product_images/medium/1140632866.jpg,
1140632867,/media/product_images/large/1140632867.jpg,/media/product_images/medium/1140632867.jpg,
1140632868,/media/product_images/large/1140632868.jpg,/media/product_images/medium/1140632868.jpg,
1140632869,/media/product_images/large/1140632869.jpg,/media/product_images/medium/1140632869.jpg,
1140632870,/media/product_images/large/1140632870.jpg,/media/product_images/medium/1140632870.jpg,
1140632871,/media/product_images/large/1140632871.jpg,/media/product_images/medium/1140632871.jpg,
1140632872,/media/product_images/large/1140632872.jpg,/media/product_images/medium/1140632872.jpg,
1140632873,/media/product_images/large/1140632873.jpg,/media/product_images/medium/1140632873.jpg,
1140632874,/media/product_images/large/1140632874.jpg,/media/product_images/medium/1140632874.jpg,
1140632876,/media/product_images/large/1140632876.jpg,/media/product_images/medium/1140632876.jpg,
1140632877,/media/product_images/large/1140632877.jpg,/media/product_images/medium/1140632877.jpg,
1140632878,/media/product_images/large/1140632878.jpg,/media/product_images/medium/1140632878.jpg,
1140632879,/media/product_images/large/1140632879.jpg,/media/product_images/medium/1140632879.jpg,
1140632880,/media/product_images/large/1140632880.jpg,/media/product_images/medium/1140632880.jpg,
1140632881,/media/product_images/large/1140632881.jpg,/media/product_images/medium/1140632881.jpg,
1140632882,/media/product_images/large/1140632882.jpg,/media/product_images/medium/1140632882.jpg,
1140632883,/media/product_images/large/1140632883.jpg,/media/product_images/medium/1140632883.jpg,
1140632884,/media/product_images/large/1140632884.jpg,/media/product_images/medium/1140632884.jpg,
1140632885,/media/product_images/large/1140632885.jpg,/media/product_images/medium/1140632885.jpg,
1140632886,/media/product_images/large/1140632886.jpg,/media/product_images/medium/1140632886.jpg,
1140632887,/media/product_images/large/1140632887.jpg,/media/product_images/medium/1140632887.jpg,
1140632888,/media/product_images/large/1140632888.jpg,/media/product_images/medium/1140632888.jpg,
1140632889,/media/product_images/large/1140632889.jpg,/media/product_images/medium/1140632889.jpg,
1140632890,/media/product_images/large/1140632890.jpg,/media/product_images/medium/1140632890.jpg,
1140632891,/media/product_images/large/1140632891.jpg,/media/product_images/medium/1140632891.jpg,
1140632892,/media/product_images/large/1140632892.jpg,/media/product_images/medium/1140632892.jpg,
1140632893,/media/product_images/large/1140632893.jpg,/media/product_images/medium/1140632893.jpg,
1140632894,/media/product_images/large/1140632894.jpg,/media/product_images/medium/1140632894.jpg,
1140632895,/media/product_images/large/1140632895.jpg,/media/product_images/medium/1140632895.jpg,
1140632896,/media/product_images/large/1140632896.jpg,/media/product_images/medium/1140632896.jpg,
1140632897,/media/product_images/large/1140632897.jpg,/media/product_images/medium/1140632897.jpg,
1140632898,/media/product_images/large/1140632898.jpg,/media/product_images/medium/1140632898.jpg,
1140632899,/media/product_images/large/1140632899.jpg,/media/product_images/medium/1140632899.jpg,
1140632901,/media/product_images/large/1140632901.jpg,/media/product_images/medium/1140632901.jpg,
1140632902,/media/product_images/large/1140632902.jpg,/media/product_images/medium/1140632902.jpg,
1140632903,/media/product_images/large/1140632903.jpg,/media/product_images/medium/1140632903.jpg,
1140632904,/media/product_images/large/1140632904.jpg,/media/product_images/medium/1140632904.jpg,
1140632918,/media/product_images/large/1140632918.jpg,/media/product_images/medium/1140632918.jpg,
1140632919,/media/product_images/large/1140632919.jpg,/media/product_images/medium/1140632919.jpg,
1140632920,/media/product_images/large/1140632920.jpg,/media/product_images/medium/1140632920.jpg,
1140632923,/media/product_images/large/1140632923.jpg,/media/product_images/medium/1140632923.jpg,
1140632926,/media/product_images/large/1140632926.jpg,/media/product_images/medium/1140632926.jpg,
1140632927,/media/product_images/large/1140632927.jpg,/media/product_images/medium/1140632927.jpg,
1140632928,/media/product_images/large/1140632928.jpg,/media/product_images/medium/1140632928.jpg,
1140632929,/media/product_images/large/1140632929.jpg,/media/product_images/medium/1140632929.jpg,
1140632930,/media/product_images/large/1140632930.jpg,/media/product_images/medium/1140632930.jpg,
1140632931,/media/product_images/large/1140632931.jpg,/media/product_images/medium/1140632931.jpg,
1140632932,/media/product_images/large/1140632932.jpg,/media/product_images/medium/1140632932.jpg,
1140632933,/media/product_images/large/1140632933.jpg,/media/product_images/medium/1140632933.jpg,
1140632934,/media/product_images/large/1140632934.jpg,/media/product_images/medium/1140632934.jpg,
1140632935,/media/product_images/large/1140632935.jpg,/media/product_images/medium/1140632935.jpg,
1140632954,/media/product_images/large/1140632954.jpg,/media/product_images/medium/1140632954.jpg,
1140632955,/media/product_images/large/1140632955.jpg,/media/product_images/medium/1140632955.jpg,
1140632956,/media/product_images/large/1140632956.jpg,/media/product_images/medium/1140632956.jpg,
1140632957,/media/product_images/large/1140632957.jpg,/media/product_images/medium/1140632957.jpg,
1140632958,/media/product_images/large/1140632958.jpg,/media/product_images/medium/1140632958.jpg,
1140632959,/media/product_images/large/1140632959.jpg,/media/product_images/medium/1140632959.jpg,
1140632960,/media/product_images/large/1140632960.jpg,/media/product_images/medium/1140632960.jpg,
1140632961,/media/product_images/large/1140632961.jpg,/media/product_images/medium/1140632961.jpg,
1140632962,/media/product_images/large/1140632962.jpg,/media/product_images/medium/1140632962.jpg,
1140632963,/media/product_images/large/1140632963.jpg,/media/product_images/medium/1140632963.jpg,
1140632964,/media/product_images/large/1140632964.jpg,/media/product_images/medium/1140632964.jpg,
1140632965,/media/product_images/large/1140632965.jpg,/media/product_images/medium/1140632965.jpg,
1140632966,/media/product_images/large/1140632966.jpg,/media/product_images/medium/1140632966.jpg,
1140632967,/media/product_images/large/1140632967.jpg,/media/product_images/medium/1140632967.jpg,
1140632968,/media/product_images/large/1140632968.jpg,/media/product_images/medium/1140632968.jpg,
1140632969,/media/product_images/large/1140632969.jpg,/media/product_images/medium/1140632969.jpg,
1140632970,/media/product_images/large/1140632970.jpg,/media/product_images/medium/1140632970.jpg,
1140632971,/media/product_images/large/1140632971.jpg,/media/product_images/medium/1140632971.jpg,
1140632972,/media/product_images/large/1140632972.jpg,/media/product_images/medium/1140632972.jpg,
1140632973,/media/product_images/large/1140632973.jpg,/media/product_images/medium/1140632973.jpg,
1140632974,/media/product_images/large/1140632974.jpg,/media/product_images/medium/1140632974.jpg,
1140632975,/media/product_images/large/1140632975.jpg,/media/product_images/medium/1140632975.jpg,
1140632976,/media/product_images/large/1140632976.jpg,/media/product_images/medium/1140632976.jpg,
1140632977,/media/product_images/large/1140632977.jpg,/media/product_images/medium/1140632977.jpg,
1140632978,/media/product_images/large/1140632978.jpg,/media/product_images/medium/1140632978.jpg,
1140632979,/media/product_images/large/1140632979.jpg,/media/product_images/medium/1140632979.jpg,
1140632980,/media/product_images/large/1140632980.jpg,/media/product_images/medium/1140632980.jpg,
1140632981,/media/product_images/large/1140632981.jpg,/media/product_images/medium/1140632981.jpg,
1140632982,/media/product_images/large/1140632982.jpg,/media/product_images/medium/1140632982.jpg,
1140632983,/media/product_images/large/1140632983.jpg,/media/product_images/medium/1140632983.jpg,
1140632984,/media/product_images/large/1140632984.jpg,/media/product_images/medium/1140632984.jpg,
1140632985,/media/product_images/large/1140632985.jpg,/media/product_images/medium/1140632985.jpg,
1140632986,/media/product_images/large/1140632986.jpg,/media/product_images/medium/1140632986.jpg,
1140632993,/media/product_images/large/1140632993.jpg,/media/product_images/medium/1140632993.jpg,
1140632994,/media/product_images/large/1140632994.jpg,/media/product_images/medium/1140632994.jpg,
1140632995,/media/product_images/large/1140632995.jpg,/media/product_images/medium/1140632995.jpg,
1140632996,/media/product_images/large/1140632996.jpg,/media/product_images/medium/1140632996.jpg,
1140632997,/media/product_images/large/1140632997.jpg,/media/product_images/medium/1140632997.jpg,
1140632998,/media/product_images/large/1140632998.jpg,/media/product_images/medium/1140632998.jpg,
1140632999,/media/product_images/large/1140632999.jpg,/media/product_images/medium/1140632999.jpg,
1140633000,/media/product_images/large/1140633000.jpg,/media/product_images/medium/1140633000.jpg,
1140633001,/media/product_images/large/1140633001.jpg,/media/product_images/medium/1140633001.jpg,
1140633002,/media/product_images/large/1140633002.jpg,/media/product_images/medium/1140633002.jpg,
1140633003,/media/product_images/large/1140633003.jpg,/media/product_images/medium/1140633003.jpg,
1140633004,/media/product_images/large/1140633004.jpg,/media/product_images/medium/1140633004.jpg,
1140633005,/media/product_images/large/1140633005.jpg,/media/product_images/medium/1140633005.jpg,
1140633008,/media/product_images/large/1140633008.jpg,/media/product_images/medium/1140633008.jpg,
1140633009,/media/product_images/large/1140633009.jpg,/media/product_images/medium/1140633009.jpg,
1140633010,/media/product_images/large/1140633010.jpg,/media/product_images/medium/1140633010.jpg,
1140633011,/media/product_images/large/1140633011.jpg,/media/product_images/medium/1140633011.jpg,
1140633012,/media/product_images/large/1140633012.jpg,/media/product_images/medium/1140633012.jpg,
1140633013,/media/product_images/large/1140633013.jpg,/media/product_images/medium/1140633013.jpg,
1140633014,/media/product_images/large/1140633014.jpg,/media/product_images/medium/1140633014.jpg,
1140633015,/media/product_images/large/1140633015.jpg,/media/product_images/medium/1140633015.jpg,
1140633016,/media/product_images/large/1140633016.jpg,/media/product_images/medium/1140633016.jpg,
1140633018,/media/product_images/large/1140633018.jpg,/media/product_images/medium/1140633018.jpg,
1140633019,/media/product_images/large/1140633019.jpg,/media/product_images/medium/1140633019.jpg,
1140633020,/media/product_images/large/1140633020.jpg,/media/product_images/medium/1140633020.jpg,
1140633021,/media/product_images/large/1140633021.jpg,/media/product_images/medium/1140633021.jpg,
1140633022,/media/product_images/large/1140633022.jpg,/media/product_images/medium/1140633022.jpg,
1140633023,/media/product_images/large/1140633023.jpg,/media/product_images/medium/1140633023.jpg,
1140633024,/media/product_images/large/1140633024.jpg,/media/product_images/medium/1140633024.jpg,
1140633026,/media/product_images/large/1140633026.jpg,/media/product_images/medium/1140633026.jpg,
1140633027,/media/product_images/large/1140633027.jpg,/media/product_images/medium/1140633027.jpg,
1140633028,/media/product_images/large/1140633028.jpg,/media/product_images/medium/1140633028.jpg,
1140633029,/media/product_images/large/1140633029.jpg,/media/product_images/medium/1140633029.jpg,
1140633030,/media/product_images/large/1140633030.jpg,/media/product_images/medium/1140633030.jpg,
1140633031,/media/product_images/large/1140633031.jpg,/media/product_images/medium/1140633031.jpg,
1140633032,/media/product_images/large/1140633032.jpg,/media/product_images/medium/1140633032.jpg,
1140633033,/media/product_images/large/1140633033.jpg,/media/product_images/medium/1140633033.jpg,
1140633034,/media/product_images/large/1140633034.jpg,/media/product_images/medium/1140633034.jpg,
1140633035,/media/product_images/large/1140633035.jpg,/media/product_images/medium/1140633035.jpg,
1140633036,/media/product_images/large/1140633036.jpg,/media/product_images/medium/1140633036.jpg,
1140633037,/media/product_images/large/1140633037.jpg,/media/product_images/medium/1140633037.jpg,
1140633038,/media/product_images/large/1140633038.jpg,/media/product_images/medium/1140633038.jpg,
1140633039,/media/product_images/large/1140633039.jpg,/media/product_images/medium/1140633039.jpg,
1140633040,/media/product_images/large/1140633040.jpg,/media/product_images/medium/1140633040.jpg,
1140633041,/media/product_images/large/1140633041.jpg,/media/product_images/medium/1140633041.jpg,
1140633042,/media/product_images/large/1140633042.jpg,/media/product_images/medium/1140633042.jpg,
1140633043,/media/product_images/large/1140633043.jpg,/media/product_images/medium/1140633043.jpg,
1140633044,/media/product_images/large/1140633044.jpg,/media/product_images/medium/1140633044.jpg,
1140633045,/media/product_images/large/1140633045.jpg,/media/product_images/medium/1140633045.jpg,
1140633046,/media/product_images/large/1140633046.jpg,/media/product_images/medium/1140633046.jpg,
1140633047,/media/product_images/large/1140633047.jpg,/media/product_images/medium/1140633047.jpg,
1140633051,/media/product_images/large/1140633051.jpg,/media/product_images/medium/1140633051.jpg,
1140633052,/media/product_images/large/1140633052.jpg,/media/product_images/medium/1140633052.jpg,
1140633053,/media/product_images/large/1140633053.jpg,/media/product_images/medium/1140633053.jpg,
1140633054,/media/product_images/large/1140633054.jpg,/media/product_images/medium/1140633054.jpg,
1140633055,/media/product_images/large/1140633055.jpg,/media/product_images/medium/1140633055.jpg,
1140633056,/media/product_images/large/1140633056.jpg,/media/product_images/medium/1140633056.jpg,
1140633057,/media/product_images/large/1140633057.jpg,/media/product_images/medium/1140633057.jpg,
1140633058,/media/product_images/large/1140633058.jpg,/media/product_images/medium/1140633058.jpg,
1140633059,/media/product_images/large/1140633059.jpg,/media/product_images/medium/1140633059.jpg,
1140633061,/media/product_images/large/1140633061.jpg,/media/product_images/medium/1140633061.jpg,
1140633062,/media/product_images/large/1140633062.jpg,/media/product_images/medium/1140633062.jpg,
1140633063,/media/product_images/large/1140633063.jpg,/media/product_images/medium/1140633063.jpg,
1140633064,/media/product_images/large/1140633064.jpg,/media/product_images/medium/1140633064.jpg,
1140633065,/media/product_images/large/1140633065.jpg,/media/product_images/medium/1140633065.jpg,
1140633067,/media/product_images/large/1140633067.jpg,/media/product_images/medium/1140633067.jpg,
1140633068,/media/product_images/large/1140633068.jpg,/media/product_images/medium/1140633068.jpg,
1140633069,/media/product_images/large/1140633069.jpg,/media/product_images/medium/1140633069.jpg,
1140633070,/media/product_images/large/1140633070.jpg,/media/product_images/medium/1140633070.jpg,
1140633071,/media/product_images/large/1140633071.jpg,/media/product_images/medium/1140633071.jpg,
1140633072,/media/product_images/large/1140633072.jpg,/media/product_images/medium/1140633072.jpg,
1140633073,/media/product_images/large/1140633073.jpg,/media/product_images/medium/1140633073.jpg,
1140633074,/media/product_images/large/1140633074.jpg,/media/product_images/medium/1140633074.jpg,
1140633075,/media/product_images/large/1140633075.jpg,/media/product_images/medium/1140633075.jpg,
1140633076,/media/product_images/large/1140633076.jpg,/media/product_images/medium/1140633076.jpg,
1140633077,/media/product_images/large/1140633077.jpg,/media/product_images/medium/1140633077.jpg,
1140633078,/media/product_images/large/1140633078.jpg,/media/product_images/medium/1140633078.jpg,
1140633079,/media/product_images/large/1140633079.jpg,/media/product_images/medium/1140633079.jpg,
1140633080,/media/product_images/large/1140633080.jpg,/media/product_images/medium/1140633080.jpg,
1140633081,/media/product_images/large/1140633081.jpg,/media/product_images/medium/1140633081.jpg,
1140633082,/media/product_images/large/1140633082.jpg,/media/product_images/medium/1140633082.jpg,
1140633083,/media/product_images/large/1140633083.jpg,/media/product_images/medium/1140633083.jpg,
1140633084,/media/product_images/large/1140633084.jpg,/media/product_images/medium/1140633084.jpg,
1140633085,/media/product_images/large/1140633085.jpg,/media/product_images/medium/1140633085.jpg,
1140633086,/media/product_images/large/1140633086.jpg,/media/product_images/medium/1140633086.jpg,
1140633087,/media/product_images/large/1140633087.jpg,/media/product_images/medium/1140633087.jpg,
1140633088,/media/product_images/large/1140633088.jpg,/media/product_images/medium/1140633088.jpg,
1140633089,/media/product_images/large/1140633089.jpg,/media/product_images/medium/1140633089.jpg,
1140633090,/media/product_images/large/1140633090.jpg,/media/product_images/medium/1140633090.jpg,
1140633091,/media/product_images/large/1140633091.jpg,/media/product_images/medium/1140633091.jpg,
1140633092,/media/product_images/large/1140633092.jpg,/media/product_images/medium/1140633092.jpg,
1140633093,/media/product_images/large/1140633093.jpg,/media/product_images/medium/1140633093.jpg,
1140633094,/media/product_images/large/1140633094.jpg,/media/product_images/medium/1140633094.jpg,
1140633095,/media/product_images/large/1140633095.jpg,/media/product_images/medium/1140633095.jpg,
1140633096,/media/product_images/large/1140633096.jpg,/media/product_images/medium/1140633096.jpg,
1140633097,/media/product_images/large/1140633097.jpg,/media/product_images/medium/1140633097.jpg,
1140633098,/media/product_images/large/1140633098.jpg,/media/product_images/medium/1140633098.jpg,
1140633099,/media/product_images/large/1140633099.jpg,/media/product_images/medium/1140633099.jpg,
1140633100,/media/product_images/large/1140633100.jpg,/media/product_images/medium/1140633100.jpg,
1140633101,/media/product_images/large/1140633101.jpg,/media/product_images/medium/1140633101.jpg,
1140633102,/media/product_images/large/1140633102.jpg,/media/product_images/medium/1140633102.jpg,
1140633103,/media/product_images/large/1140633103.jpg,/media/product_images/medium/1140633103.jpg,
1140633104,/media/product_images/large/1140633104.jpg,/media/product_images/medium/1140633104.jpg,
1140633105,/media/product_images/large/1140633105.jpg,/media/product_images/medium/1140633105.jpg,
1140633106,/media/product_images/large/1140633106.jpg,/media/product_images/medium/1140633106.jpg,
1140633107,/media/product_images/large/1140633107.jpg,/media/product_images/medium/1140633107.jpg,
1140633108,/media/product_images/large/1140633108.jpg,/media/product_images/medium/1140633108.jpg,
1140633109,/media/product_images/large/1140633109.jpg,/media/product_images/medium/1140633109.jpg,
1140633110,/media/product_images/large/1140633110.jpg,/media/product_images/medium/1140633110.jpg,
1140633111,/media/product_images/large/1140633111.jpg,/media/product_images/medium/1140633111.jpg,
1140633112,/media/product_images/large/1140633112.jpg,/media/product_images/medium/1140633112.jpg,
1140633113,/media/product_images/large/1140633113.jpg,/media/product_images/medium/1140633113.jpg,
1140633114,/media/product_images/large/1140633114.jpg,/media/product_images/medium/1140633114.jpg,
1140633115,/media/product_images/large/1140633115.jpg,/media/product_images/medium/1140633115.jpg,
1140633116,/media/product_images/large/1140633116.jpg,/media/product_images/medium/1140633116.jpg,
1140633117,/media/product_images/large/1140633117.jpg,/media/product_images/medium/1140633117.jpg,
1140633118,/media/product_images/large/1140633118.jpg,/media/product_images/medium/1140633118.jpg,
1140633119,/media/product_images/large/1140633119.jpg,/media/product_images/medium/1140633119.jpg,
1140633120,/media/product_images/large/1140633120.jpg,/media/product_images/medium/1140633120.jpg,
1140633124,/media/product_images/large/1140633124.jpg,/media/product_images/medium/1140633124.jpg,
1140633129,/media/product_images/large/1140633129.jpg,/media/product_images/medium/1140633129.jpg,
1140633130,/media/product_images/large/1140633130.jpg,/media/product_images/medium/1140633130.jpg,
1140633131,/media/product_images/large/1140633131.jpg,/media/product_images/medium/1140633131.jpg,
1140633132,/media/product_images/large/1140633132.jpg,/media/product_images/medium/1140633132.jpg,
1140633133,/media/product_images/large/1140633133.jpg,/media/product_images/medium/1140633133.jpg,
1140633134,/media/product_images/large/1140633134.jpg,/media/product_images/medium/1140633134.jpg,
1140633135,/media/product_images/large/1140633135.jpg,/media/product_images/medium/1140633135.jpg,
1140633136,/media/product_images/large/1140633136.jpg,/media/product_images/medium/1140633136.jpg,
1140633143,/media/product_images/large/1140633143.jpg,/media/product_images/medium/1140633143.jpg,
1140633144,/media/product_images/large/1140633144.jpg,/media/product_images/medium/1140633144.jpg,
1140633145,/media/product_images/large/1140633145.jpg,/media/product_images/medium/1140633145.jpg,
1140633146,/media/product_images/large/1140633146.jpg,/media/product_images/medium/1140633146.jpg,
1140633147,/media/product_images/large/1140633147.jpg,/media/product_images/medium/1140633147.jpg,
1140633156,/media/product_images/large/1140633156.jpg,/media/product_images/medium/1140633156.jpg,
1140633157,/media/product_images/large/1140633157.jpg,/media/product_images/medium/1140633157.jpg,
1140633158,/media/product_images/large/1140633158.jpg,/media/product_images/medium/1140633158.jpg,
1140633159,/media/product_images/large/1140633159.jpg,/media/product_images/medium/1140633159.jpg,
1140633160,/media/product_images/large/1140633160.jpg,/media/product_images/medium/1140633160.jpg,
1140633161,/media/product_images/large/1140633161.jpg,/media/product_images/medium/1140633161.jpg,
1140633162,/media/product_images/large/1140633162.jpg,/media/product_images/medium/1140633162.jpg,
1140633163,/media/product_images/large/1140633163.jpg,/media/product_images/medium/1140633163.jpg,
1140633164,/media/product_images/large/1140633164.jpg,/media/product_images/medium/1140633164.jpg,
1140633165,/media/product_images/large/1140633165.jpg,/media/product_images/medium/1140633165.jpg,
1140633166,/media/product_images/large/1140633166.jpg,/media/product_images/medium/1140633166.jpg,
1140633167,/media/product_images/large/1140633167.jpg,/media/product_images/medium/1140633167.jpg,
1140633168,/media/product_images/large/1140633168.jpg,/media/product_images/medium/1140633168.jpg,
1140633169,/media/product_images/large/1140633169.jpg,/media/product_images/medium/1140633169.jpg,
1140633170,/media/product_images/large/1140633170.jpg,/media/product_images/medium/1140633170.jpg,
1140633171,/media/product_images/large/1140633171.jpg,/media/product_images/medium/1140633171.jpg,
1140633172,/media/product_images/large/1140633172.jpg,/media/product_images/medium/1140633172.jpg,
1140633173,/media/product_images/large/1140633173.jpg,/media/product_images/medium/1140633173.jpg,
1140633174,/media/product_images/large/1140633174.jpg,/media/product_images/medium/1140633174.jpg,
1140633175,/media/product_images/large/1140633175.jpg,/media/product_images/medium/1140633175.jpg,
1140633176,/media/product_images/large/1140633176.jpg,/media/product_images/medium/1140633176.jpg,
1140633177,/media/product_images/large/1140633177.jpg,/media/product_images/medium/1140633177.jpg,
1140633178,/media/product_images/large/1140633178.jpg,/media/product_images/medium/1140633178.jpg,
1140633179,/media/product_images/large/1140633179.jpg,/media/product_images/medium/1140633179.jpg,
1140633180,/media/product_images/large/1140633180.jpg,/media/product_images/medium/1140633180.jpg,
1140633181,/media/product_images/large/1140633181.jpg,/media/product_images/medium/1140633181.jpg,
1140633182,/media/product_images/large/1140633182.jpg,/media/product_images/medium/1140633182.jpg,
1140633183,/media/product_images/large/1140633183.jpg,/media/product_images/medium/1140633183.jpg,
1140633184,/media/product_images/large/1140633184.jpg,/media/product_images/medium/1140633184.jpg,
1140633185,/media/product_images/large/1140633185.jpg,/media/product_images/medium/1140633185.jpg,
1140633186,/media/product_images/large/1140633186.jpg,/media/product_images/medium/1140633186.jpg,
1140633187,/media/product_images/large/1140633187.jpg,/media/product_images/medium/1140633187.jpg,
1140633188,/media/product_images/large/1140633188.jpg,/media/product_images/medium/1140633188.jpg,
1140633189,/media/product_images/large/1140633189.jpg,/media/product_images/medium/1140633189.jpg,
1140633190,/media/product_images/large/1140633190.jpg,/media/product_images/medium/1140633190.jpg,
1140633191,/media/product_images/large/1140633191.jpg,/media/product_images/medium/1140633191.jpg,
1140633192,/media/product_images/large/1140633192.jpg,/media/product_images/medium/1140633192.jpg,
1140633193,/media/product_images/large/1140633193.jpg,/media/product_images/medium/1140633193.jpg,
1140633194,/media/product_images/large/1140633194.jpg,/media/product_images/medium/1140633194.jpg,
1140633195,/media/product_images/large/1140633195.jpg,/media/product_images/medium/1140633195.jpg,
1140633202,/media/product_images/large/1140633202.jpg,/media/product_images/medium/1140633202.jpg,
1140633203,/media/product_images/large/1140633203.jpg,/media/product_images/medium/1140633203.jpg,
1140633204,/media/product_images/large/1140633204.jpg,/media/product_images/medium/1140633204.jpg,
1140633205,/media/product_images/large/1140633205.jpg,/media/product_images/medium/1140633205.jpg,
1140633206,/media/product_images/large/1140633206.jpg,/media/product_images/medium/1140633206.jpg,
1140633207,/media/product_images/large/1140633207.jpg,/media/product_images/medium/1140633207.jpg,
1140633208,/media/product_images/large/1140633208.jpg,/media/product_images/medium/1140633208.jpg,
1140633209,/media/product_images/large/1140633209.jpg,/media/product_images/medium/1140633209.jpg,
1140633210,/media/product_images/large/1140633210.jpg,/media/product_images/medium/1140633210.jpg,
1140633211,/media/product_images/large/1140633211.jpg,/media/product_images/medium/1140633211.jpg,
1140633217,/media/product_images/large/1140633217.jpg,/media/product_images/medium/1140633217.jpg,
1140633218,/media/product_images/large/1140633218.jpg,/media/product_images/medium/1140633218.jpg,
1140633219,/media/product_images/large/1140633219.jpg,/media/product_images/medium/1140633219.jpg,
1140633220,/media/product_images/large/1140633220.jpg,/media/product_images/medium/1140633220.jpg,
1140633251,/media/product_images/large/1140633251.jpg,/media/product_images/medium/1140633251.jpg,
1140633252,/media/product_images/large/1140633252.jpg,/media/product_images/medium/1140633252.jpg,
1140633277,/media/product_images/large/1140633277.jpg,/media/product_images/medium/1140633277.jpg,
1140633278,/media/product_images/large/1140633278.jpg,/media/product_images/medium/1140633278.jpg,
1140633279,/media/product_images/large/1140633279.jpg,/media/product_images/medium/1140633279.jpg,
1140633280,/media/product_images/large/1140633280.jpg,/media/product_images/medium/1140633280.jpg,
1140633281,/media/product_images/large/1140633281.jpg,/media/product_images/medium/1140633281.jpg,
1140633282,/media/product_images/large/1140633282.jpg,/media/product_images/medium/1140633282.jpg,
1140633283,/media/product_images/large/1140633283.jpg,/media/product_images/medium/1140633283.jpg,
1140633284,/media/product_images/large/1140633284.jpg,/media/product_images/medium/1140633284.jpg,
1140633285,/media/product_images/large/1140633285.jpg,/media/product_images/medium/1140633285.jpg,
1140633286,/media/product_images/large/1140633286.jpg,/media/product_images/medium/1140633286.jpg,
1140633287,/media/product_images/large/1140633287.jpg,/media/product_images/medium/1140633287.jpg,
1140633288,/media/product_images/large/1140633288.jpg,/media/product_images/medium/1140633288.jpg,
1140633289,/media/product_images/large/1140633289.jpg,/media/product_images/medium/1140633289.jpg,
1140633290,/media/product_images/large/1140633290.jpg,/media/product_images/medium/1140633290.jpg,
1140633291,/media/product_images/large/1140633291.jpg,/media/product_images/medium/1140633291.jpg,
1140633292,/media/product_images/large/1140633292.jpg,/media/product_images/medium/1140633292.jpg,
1140633293,/media/product_images/large/1140633293.jpg,/media/product_images/medium/1140633293.jpg,
1140633294,/media/product_images/large/1140633294.jpg,/media/product_images/medium/1140633294.jpg,
1140633295,/media/product_images/large/1140633295.jpg,/media/product_images/medium/1140633295.jpg,
1140633296,/media/product_images/large/1140633296.jpg,/media/product_images/medium/1140633296.jpg,
1140633297,/media/product_images/large/1140633297.jpg,/media/product_images/medium/1140633297.jpg,
1140633298,/media/product_images/large/1140633298.jpg,/media/product_images/medium/1140633298.jpg,
1140633299,/media/product_images/large/1140633299.jpg,/media/product_images/medium/1140633299.jpg,
1140633314,/media/product_images/large/1140633314.jpg,/media/product_images/medium/1140633314.jpg,
1140633315,/media/product_images/large/1140633315.jpg,/media/product_images/medium/1140633315.jpg,
1140633316,/media/product_images/large/1140633316.jpg,/media/product_images/medium/1140633316.jpg,
1140633317,/media/product_images/large/1140633317.jpg,/media/product_images/medium/1140633317.jpg,
1140633318,/media/product_images/large/1140633318.jpg,/media/product_images/medium/1140633318.jpg,
1140633319,/media/product_images/large/1140633319.jpg,/media/product_images/medium/1140633319.jpg,
1140633320,/media/product_images/large/1140633320.jpg,/media/product_images/medium/1140633320.jpg,
1140633321,/media/product_images/large/1140633321.jpg,/media/product_images/medium/1140633321.jpg,
1140633322,/media/product_images/large/1140633322.jpg,/media/product_images/medium/1140633322.jpg,
1140633338,/media/product_images/large/1140633338.jpg,/media/product_images/medium/1140633338.jpg,
1140633339,/media/product_images/large/1140633339.jpg,/media/product_images/medium/1140633339.jpg,
1140633340,/media/product_images/large/1140633340.jpg,/media/product_images/medium/1140633340.jpg,
1140633341,/media/product_images/large/1140633341.jpg,/media/product_images/medium/1140633341.jpg,
1140633342,/media/product_images/large/1140633342.jpg,/media/product_images/medium/1140633342.jpg,
1140633343,/media/product_images/large/1140633343.jpg,/media/product_images/medium/1140633343.jpg,
1140633344,/media/product_images/large/1140633344.jpg,/media/product_images/medium/1140633344.jpg,
1140633345,/media/product_images/large/1140633345.jpg,/media/product_images/medium/1140633345.jpg,
1140633346,/media/product_images/large/1140633346.jpg,/media/product_images/medium/1140633346.jpg,
1140633347,/media/product_images/large/1140633347.jpg,/media/product_images/medium/1140633347.jpg,
1140633348,/media/product_images/large/1140633348.jpg,/media/product_images/medium/1140633348.jpg,
1140633349,/media/product_images/large/1140633349.jpg,/media/product_images/medium/1140633349.jpg,
1140633350,/media/product_images/large/1140633350.jpg,/media/product_images/medium/1140633350.jpg,
1140633351,/media/product_images/large/1140633351.jpg,/media/product_images/medium/1140633351.jpg,
1140633352,/media/product_images/large/1140633352.jpg,/media/product_images/medium/1140633352.jpg,
1140633353,/media/product_images/large/1140633353.jpg,/media/product_images/medium/1140633353.jpg,
1140633354,/media/product_images/large/1140633354.jpg,/media/product_images/medium/1140633354.jpg,
1140633355,/media/product_images/large/1140633355.jpg,/media/product_images/medium/1140633355.jpg,
1140633356,/media/product_images/large/1140633356.jpg,/media/product_images/medium/1140633356.jpg,
1140633357,/media/product_images/large/1140633357.jpg,/media/product_images/medium/1140633357.jpg,
1140633358,/media/product_images/large/1140633358.jpg,/media/product_images/medium/1140633358.jpg,
1140633359,/media/product_images/large/1140633359.jpg,/media/product_images/medium/1140633359.jpg,
1140633360,/media/product_images/large/1140633360.jpg,/media/product_images/medium/1140633360.jpg,
1140633361,/media/product_images/large/1140633361.jpg,/media/product_images/medium/1140633361.jpg,
1140633362,/media/product_images/large/1140633362.jpg,/media/product_images/medium/1140633362.jpg,
1140633363,/media/product_images/large/1140633363.jpg,/media/product_images/medium/1140633363.jpg,
1140633364,/media/product_images/large/1140633364.jpg,/media/product_images/medium/1140633364.jpg,
1140633365,/media/product_images/large/1140633365.jpg,/media/product_images/medium/1140633365.jpg,
1140633366,/media/product_images/large/1140633366.jpg,/media/product_images/medium/1140633366.jpg,
1140633367,/media/product_images/large/1140633367.jpg,/media/product_images/medium/1140633367.jpg,
1140633368,/media/product_images/large/1140633368.jpg,/media/product_images/medium/1140633368.jpg,
1140633369,/media/product_images/large/1140633369.jpg,/media/product_images/medium/1140633369.jpg,
1140633370,/media/product_images/large/1140633370.jpg,/media/product_images/medium/1140633370.jpg,
1140633371,/media/product_images/large/1140633371.jpg,/media/product_images/medium/1140633371.jpg,
1140633372,/media/product_images/large/1140633372.jpg,/media/product_images/medium/1140633372.jpg,
1140633373,/media/product_images/large/1140633373.jpg,/media/product_images/medium/1140633373.jpg,
1140633374,/media/product_images/large/1140633374.jpg,/media/product_images/medium/1140633374.jpg,
1140633375,/media/product_images/large/1140633375.jpg,/media/product_images/medium/1140633375.jpg,
1140633376,/media/product_images/large/1140633376.jpg,/media/product_images/medium/1140633376.jpg,
1140633377,/media/product_images/large/1140633377.jpg,/media/product_images/medium/1140633377.jpg,
1140633378,/media/product_images/large/1140633378.jpg,/media/product_images/medium/1140633378.jpg,
1140633379,/media/product_images/large/1140633379.jpg,/media/product_images/medium/1140633379.jpg,
1140633380,/media/product_images/large/1140633380.jpg,/media/product_images/medium/1140633380.jpg,
1140633381,/media/product_images/large/1140633381.jpg,/media/product_images/medium/1140633381.jpg,
1140633382,/media/product_images/large/1140633382.jpg,/media/product_images/medium/1140633382.jpg,
1140633383,/media/product_images/large/1140633383.jpg,/media/product_images/medium/1140633383.jpg,
1140633384,/media/product_images/large/1140633384.jpg,/media/product_images/medium/1140633384.jpg,
1140633385,/media/product_images/large/1140633385.jpg,/media/product_images/medium/1140633385.jpg,
1140633386,/media/product_images/large/1140633386.jpg,/media/product_images/medium/1140633386.jpg,
1140633387,/media/product_images/large/1140633387.jpg,/media/product_images/medium/1140633387.jpg,
1140633388,/media/product_images/large/1140633388.jpg,/media/product_images/medium/1140633388.jpg,
1140633389,/media/product_images/large/1140633389.jpg,/media/product_images/medium/1140633389.jpg,
1140633390,/media/product_images/large/1140633390.jpg,/media/product_images/medium/1140633390.jpg,
1140633391,/media/product_images/large/1140633391.jpg,/media/product_images/medium/1140633391.jpg,
1140633392,/media/product_images/large/1140633392.jpg,/media/product_images/medium/1140633392.jpg,
1140633393,/media/product_images/large/1140633393.jpg,/media/product_images/medium/1140633393.jpg,
1140633394,/media/product_images/large/1140633394.jpg,/media/product_images/medium/1140633394.jpg,
1140633395,/media/product_images/large/1140633395.jpg,/media/product_images/medium/1140633395.jpg,
1140633396,/media/product_images/large/1140633396.jpg,/media/product_images/medium/1140633396.jpg,
1140633397,/media/product_images/large/1140633397.jpg,/media/product_images/medium/1140633397.jpg,
1140633398,/media/product_images/large/1140633398.jpg,/media/product_images/medium/1140633398.jpg,
1140633399,/media/product_images/large/1140633399.jpg,/media/product_images/medium/1140633399.jpg,
1140633400,/media/product_images/large/1140633400.jpg,/media/product_images/medium/1140633400.jpg,
1140633401,/media/product_images/large/1140633401.jpg,/media/product_images/medium/1140633401.jpg,
1140633402,/media/product_images/large/1140633402.jpg,/media/product_images/medium/1140633402.jpg,
1140633403,/media/product_images/large/1140633403.jpg,/media/product_images/medium/1140633403.jpg,
1140633404,/media/product_images/large/1140633404.jpg,/media/product_images/medium/1140633404.jpg,
1140633405,/media/product_images/large/1140633405.jpg,/media/product_images/medium/1140633405.jpg,
1140633406,/media/product_images/large/1140633406.jpg,/media/product_images/medium/1140633406.jpg,
1140633407,/media/product_images/large/1140633407.jpg,/media/product_images/medium/1140633407.jpg,
1140633408,/media/product_images/large/1140633408.jpg,/media/product_images/medium/1140633408.jpg,
1140633409,/media/product_images/large/1140633409.jpg,/media/product_images/medium/1140633409.jpg,
1140633410,/media/product_images/large/1140633410.jpg,/media/product_images/medium/1140633410.jpg,
1140633411,/media/product_images/large/1140633411.jpg,/media/product_images/medium/1140633411.jpg,
1140633412,/media/product_images/large/1140633412.jpg,/media/product_images/medium/1140633412.jpg,
1140633413,/media/product_images/large/1140633413.jpg,/media/product_images/medium/1140633413.jpg,
1140633414,/media/product_images/large/1140633414.jpg,/media/product_images/medium/1140633414.jpg,
1140633415,/media/product_images/large/1140633415.jpg,/media/product_images/medium/1140633415.jpg,
1140633416,/media/product_images/large/1140633416.jpg,/media/product_images/medium/1140633416.jpg,
1140633417,/media/product_images/large/1140633417.jpg,/media/product_images/medium/1140633417.jpg,
1140633418,/media/product_images/large/1140633418.jpg,/media/product_images/medium/1140633418.jpg,
1140633419,/media/product_images/large/1140633419.jpg,/media/product_images/medium/1140633419.jpg,
1140633420,/media/product_images/large/1140633420.jpg,/media/product_images/medium/1140633420.jpg,
1140633421,/media/product_images/large/1140633421.jpg,/media/product_images/medium/1140633421.jpg,
1140633422,/media/product_images/large/1140633422.jpg,/media/product_images/medium/1140633422.jpg,
1140633428,/media/product_images/large/1140633428.jpg,/media/product_images/medium/1140633428.jpg,
1140633429,/media/product_images/large/1140633429.jpg,/media/product_images/medium/1140633429.jpg,
1140633430,/media/product_images/large/1140633430.jpg,/media/product_images/medium/1140633430.jpg,
1140633431,/media/product_images/large/1140633431.jpg,/media/product_images/medium/1140633431.jpg,
1140633432,/media/product_images/large/1140633432.jpg,/media/product_images/medium/1140633432.jpg,
1140633433,/media/product_images/large/1140633433.jpg,/media/product_images/medium/1140633433.jpg,
1140633435,/media/product_images/large/1140633435.jpg,/media/product_images/medium/1140633435.jpg,
1140633436,/media/product_images/large/1140633436.jpg,/media/product_images/medium/1140633436.jpg,
1140633437,/media/product_images/large/1140633437.jpg,/media/product_images/medium/1140633437.jpg,
1140633438,/media/product_images/large/1140633438.jpg,/media/product_images/medium/1140633438.jpg,
1140633439,/media/product_images/large/1140633439.jpg,/media/product_images/medium/1140633439.jpg,
1140633441,/media/product_images/large/1140633441.jpg,/media/product_images/medium/1140633441.jpg,
1140633442,/media/product_images/large/1140633442.jpg,/media/product_images/medium/1140633442.jpg,
1140633443,/media/product_images/large/1140633443.jpg,/media/product_images/medium/1140633443.jpg,
1140633444,/media/product_images/large/1140633444.jpg,/media/product_images/medium/1140633444.jpg,
1140633448,/media/product_images/large/1140633448.jpg,/media/product_images/medium/1140633448.jpg,
1140633449,/media/product_images/large/1140633449.jpg,/media/product_images/medium/1140633449.jpg,
1140633450,/media/product_images/large/1140633450.jpg,/media/product_images/medium/1140633450.jpg,
1140633451,/media/product_images/large/1140633451.jpg,/media/product_images/medium/1140633451.jpg,
1140633452,/media/product_images/large/1140633452.jpg,/media/product_images/medium/1140633452.jpg,
1140633453,/media/product_images/large/1140633453.jpg,/media/product_images/medium/1140633453.jpg,
1140633454,/media/product_images/large/1140633454.jpg,/media/product_images/medium/1140633454.jpg,
1140633455,/media/product_images/large/1140633455.jpg,/media/product_images/medium/1140633455.jpg,
1140633456,/media/product_images/large/1140633456.jpg,/media/product_images/medium/1140633456.jpg,
1140633457,/media/product_images/large/1140633457.jpg,/media/product_images/medium/1140633457.jpg,
1140633462,/media/product_images/large/1140633462.jpg,/media/product_images/medium/1140633462.jpg,
1140633463,/media/product_images/large/1140633463.jpg,/media/product_images/medium/1140633463.jpg,
1140633464,/media/product_images/large/1140633464.jpg,/media/product_images/medium/1140633464.jpg,
1140633465,/media/product_images/large/1140633465.jpg,/media/product_images/medium/1140633465.jpg,
1140633466,/media/product_images/large/1140633466.jpg,/media/product_images/medium/1140633466.jpg,
1140633470,/media/product_images/large/1140633470.jpg,/media/product_images/medium/1140633470.jpg,
1140633471,/media/product_images/large/1140633471.jpg,/media/product_images/medium/1140633471.jpg,
1140633472,/media/product_images/large/1140633472.jpg,/media/product_images/medium/1140633472.jpg,
1140633473,/media/product_images/large/1140633473.jpg,/media/product_images/medium/1140633473.jpg,
1140633474,/media/product_images/large/1140633474.jpg,/media/product_images/medium/1140633474.jpg,
1140633475,/media/product_images/large/1140633475.jpg,/media/product_images/medium/1140633475.jpg,
1140633476,/media/product_images/large/1140633476.jpg,/media/product_images/medium/1140633476.jpg,
1140633498,/media/product_images/large/1140633498.jpg,/media/product_images/medium/1140633498.jpg,
1140633499,/media/product_images/large/1140633499.jpg,/media/product_images/medium/1140633499.jpg,
1140633500,/media/product_images/large/1140633500.jpg,/media/product_images/medium/1140633500.jpg,
1140633501,/media/product_images/large/1140633501.jpg,/media/product_images/medium/1140633501.jpg,
1140633502,/media/product_images/large/1140633502.jpg,/media/product_images/medium/1140633502.jpg,
1140633503,/media/product_images/large/1140633503.jpg,/media/product_images/medium/1140633503.jpg,
1140633504,/media/product_images/large/1140633504.jpg,/media/product_images/medium/1140633504.jpg,
1140633505,/media/product_images/large/1140633505.jpg,/media/product_images/medium/1140633505.jpg,
1140633509,/media/product_images/large/1140633509.jpg,/media/product_images/medium/1140633509.jpg,
1140633510,/media/product_images/large/1140633510.jpg,/media/product_images/medium/1140633510.jpg,
1140633511,/media/product_images/large/1140633511.jpg,/media/product_images/medium/1140633511.jpg,
1140633525,/media/product_images/large/1140633525.jpg,/media/product_images/medium/1140633525.jpg,
1140633526,/media/product_images/large/1140633526.jpg,/media/product_images/medium/1140633526.jpg,
1140633527,/media/product_images/large/1140633527.jpg,/media/product_images/medium/1140633527.jpg,
1140633528,/media/product_images/large/1140633528.jpg,/media/product_images/medium/1140633528.jpg,
1140633529,/media/product_images/large/1140633529.jpg,/media/product_images/medium/1140633529.jpg,
1140633531,/media/product_images/large/1140633531.jpg,/media/product_images/medium/1140633531.jpg,
1140633543,/media/product_images/large/1140633543.jpg,/media/product_images/medium/1140633543.jpg,
1140633544,/media/product_images/large/1140633544.jpg,/media/product_images/medium/1140633544.jpg,
1140633545,/media/product_images/large/1140633545.jpg,/media/product_images/medium/1140633545.jpg,
1140633546,/media/product_images/large/1140633546.jpg,/media/product_images/medium/1140633546.jpg,
1140633547,/media/product_images/large/1140633547.jpg,/media/product_images/medium/1140633547.jpg,
1140633548,/media/product_images/large/1140633548.jpg,/media/product_images/medium/1140633548.jpg,
1140633549,/media/product_images/large/1140633549.jpg,/media/product_images/medium/1140633549.jpg,
1140633550,/media/product_images/large/1140633550.jpg,/media/product_images/medium/1140633550.jpg,
1140633551,/media/product_images/large/1140633551.jpg,/media/product_images/medium/1140633551.jpg,
1140633552,/media/product_images/large/1140633552.jpg,/media/product_images/medium/1140633552.jpg,
1140633555,/media/product_images/large/1140633555.jpg,/media/product_images/medium/1140633555.jpg,
1140633556,/media/product_images/large/1140633556.jpg,/media/product_images/medium/1140633556.jpg,
1140633557,/media/product_images/large/1140633557.jpg,/media/product_images/medium/1140633557.jpg,
1140633558,/media/product_images/large/1140633558.jpg,/media/product_images/medium/1140633558.jpg,
1140633560,/media/product_images/large/1140633560.jpg,/media/product_images/medium/1140633560.jpg,
1140633561,/media/product_images/large/1140633561.jpg,/media/product_images/medium/1140633561.jpg,
1140633562,/media/product_images/large/1140633562.jpg,/media/product_images/medium/1140633562.jpg,
1140633563,/media/product_images/large/1140633563.jpg,/media/product_images/medium/1140633563.jpg,
1140633564,/media/product_images/large/1140633564.jpg,/media/product_images/medium/1140633564.jpg,
1140633565,/media/product_images/large/1140633565.jpg,/media/product_images/medium/1140633565.jpg,
1140633566,/media/product_images/large/1140633566.jpg,/media/product_images/medium/1140633566.jpg,
1140633567,/media/product_images/large/1140633567.jpg,/media/product_images/medium/1140633567.jpg,
1140633568,/media/product_images/large/1140633568.jpg,/media/product_images/medium/1140633568.jpg,
1140633570,/media/product_images/large/1140633570.jpg,/media/product_images/medium/1140633570.jpg,
1140633571,/media/product_images/large/1140633571.jpg,/media/product_images/medium/1140633571.jpg,
1140633572,/media/product_images/large/1140633572.jpg,/media/product_images/medium/1140633572.jpg,
1140633573,/media/product_images/large/1140633573.jpg,/media/product_images/medium/1140633573.jpg,
1140633574,/media/product_images/large/1140633574.jpg,/media/product_images/medium/1140633574.jpg,
1140633575,/media/product_images/large/1140633575.jpg,/media/product_images/medium/1140633575.jpg,
1140633576,/media/product_images/large/1140633576.jpg,/media/product_images/medium/1140633576.jpg,
1140633577,/media/product_images/large/1140633577.jpg,/media/product_images/medium/1140633577.jpg,
1140633578,/media/product_images/large/1140633578.jpg,/media/product_images/medium/1140633578.jpg,
1140633579,/media/product_images/large/1140633579.jpg,/media/product_images/medium/1140633579.jpg,
1140633580,/media/product_images/large/1140633580.jpg,/media/product_images/medium/1140633580.jpg,
1140633581,/media/product_images/large/1140633581.jpg,/media/product_images/medium/1140633581.jpg,
1140633582,/media/product_images/large/1140633582.jpg,/media/product_images/medium/1140633582.jpg,
1140633583,/media/product_images/large/1140633583.jpg,/media/product_images/medium/1140633583.jpg,
1140633584,/media/product_images/large/1140633584.jpg,/media/product_images/medium/1140633584.jpg,
1140633585,/media/product_images/large/1140633585.jpg,/media/product_images/medium/1140633585.jpg,
1140633586,/media/product_images/large/1140633586.jpg,/media/product_images/medium/1140633586.jpg,
1140633587,/media/product_images/large/1140633587.jpg,/media/product_images/medium/1140633587.jpg,
1140633590,/media/product_images/large/1140633590.jpg,/media/product_images/medium/1140633590.jpg,
1140633591,/media/product_images/large/1140633591.jpg,/media/product_images/medium/1140633591.jpg,
1140633592,/media/product_images/large/1140633592.jpg,/media/product_images/medium/1140633592.jpg,
1140633593,/media/product_images/large/1140633593.jpg,/media/product_images/medium/1140633593.jpg,
1140633594,/media/product_images/large/1140633594.jpg,/media/product_images/medium/1140633594.jpg,
1140633595,/media/product_images/large/1140633595.jpg,/media/product_images/medium/1140633595.jpg,
1140633596,/media/product_images/large/1140633596.jpg,/media/product_images/medium/1140633596.jpg,
1140633600,/media/product_images/large/1140633600.jpg,/media/product_images/medium/1140633600.jpg,
1140633601,/media/product_images/large/1140633601.jpg,/media/product_images/medium/1140633601.jpg,
1140633602,/media/product_images/large/1140633602.jpg,/media/product_images/medium/1140633602.jpg,
1140633605,/media/product_images/large/1140633605.jpg,/media/product_images/medium/1140633605.jpg,
1140633606,/media/product_images/large/1140633606.jpg,/media/product_images/medium/1140633606.jpg,
1140633607,/media/product_images/large/1140633607.jpg,/media/product_images/medium/1140633607.jpg,
1140633608,/media/product_images/large/1140633608.jpg,/media/product_images/medium/1140633608.jpg,
1140633609,/media/product_images/large/1140633609.jpg,/media/product_images/medium/1140633609.jpg,
1140633610,/media/product_images/large/1140633610.jpg,/media/product_images/medium/1140633610.jpg,
1140633611,/media/product_images/large/1140633611.jpg,/media/product_images/medium/1140633611.jpg,
1140633612,/media/product_images/large/1140633612.jpg,/media/product_images/medium/1140633612.jpg,
1140633613,/media/product_images/large/1140633613.jpg,/media/product_images/medium/1140633613.jpg,
1140633614,/media/product_images/large/1140633614.jpg,/media/product_images/medium/1140633614.jpg,
1140633620,/media/product_images/large/1140633620.jpg,/media/product_images/medium/1140633620.jpg,
1140633621,/media/product_images/large/1140633621.jpg,/media/product_images/medium/1140633621.jpg,
1140633622,/media/product_images/large/1140633622.jpg,/media/product_images/medium/1140633622.jpg,
1140633623,/media/product_images/large/1140633623.jpg,/media/product_images/medium/1140633623.jpg,
1140633624,/media/product_images/large/1140633624.jpg,/media/product_images/medium/1140633624.jpg,
1140633625,/media/product_images/large/1140633625.jpg,/media/product_images/medium/1140633625.jpg,
1140633626,/media/product_images/large/1140633626.jpg,/media/product_images/medium/1140633626.jpg,
1140633627,/media/product_images/large/1140633627.jpg,/media/product_images/medium/1140633627.jpg,
1140633628,/media/product_images/large/1140633628.jpg,/media/product_images/medium/1140633628.jpg,
1140633629,/media/product_images/large/1140633629.jpg,/media/product_images/medium/1140633629.jpg,
1140633630,/media/product_images/large/1140633630.jpg,/media/product_images/medium/1140633630.jpg,
1140633631,/media/product_images/large/1140633631.jpg,/media/product_images/medium/1140633631.jpg,
1140633632,/media/product_images/large/1140633632.jpg,/media/product_images/medium/1140633632.jpg,
1140633633,/media/product_images/large/1140633633.jpg,/media/product_images/medium/1140633633.jpg,
1140633634,/media/product_images/large/1140633634.jpg,/media/product_images/medium/1140633634.jpg,
1140633635,/media/product_images/large/1140633635.jpg,/media/product_images/medium/1140633635.jpg,
1140633636,/media/product_images/large/1140633636.jpg,/media/product_images/medium/1140633636.jpg,
1140633637,/media/product_images/large/1140633637.jpg,/media/product_images/medium/1140633637.jpg,
1140633638,/media/product_images/large/1140633638.jpg,/media/product_images/medium/1140633638.jpg,
1140633639,/media/product_images/large/1140633639.jpg,/media/product_images/medium/1140633639.jpg,
1140633640,/media/product_images/large/1140633640.jpg,/media/product_images/medium/1140633640.jpg,
1140633641,/media/product_images/large/1140633641.jpg,/media/product_images/medium/1140633641.jpg,
1140633648,/media/product_images/large/1140633648.jpg,/media/product_images/medium/1140633648.jpg,
1140633649,/media/product_images/large/1140633649.jpg,/media/product_images/medium/1140633649.jpg,
1140633650,/media/product_images/large/1140633650.jpg,/media/product_images/medium/1140633650.jpg,
1140633651,/media/product_images/large/1140633651.jpg,/media/product_images/medium/1140633651.jpg,
1140633652,/media/product_images/large/1140633652.jpg,/media/product_images/medium/1140633652.jpg,
1140633653,/media/product_images/large/1140633653.jpg,/media/product_images/medium/1140633653.jpg,
1140633663,/media/product_images/large/1140633663.jpg,/media/product_images/medium/1140633663.jpg,
1140633664,/media/product_images/large/1140633664.jpg,/media/product_images/medium/1140633664.jpg,
1140633665,/media/product_images/large/1140633665.jpg,/media/product_images/medium/1140633665.jpg,
1140633666,/media/product_images/large/1140633666.jpg,/media/product_images/medium/1140633666.jpg,
1140633667,/media/product_images/large/1140633667.jpg,/media/product_images/medium/1140633667.jpg,
1140633668,/media/product_images/large/1140633668.jpg,/media/product_images/medium/1140633668.jpg,
1140633669,/media/product_images/large/1140633669.jpg,/media/product_images/medium/1140633669.jpg,
1140633670,/media/product_images/large/1140633670.jpg,/media/product_images/medium/1140633670.jpg,
1140633671,/media/product_images/large/1140633671.jpg,/media/product_images/medium/1140633671.jpg,
1140633672,/media/product_images/large/1140633672.jpg,/media/product_images/medium/1140633672.jpg,
1140633673,/media/product_images/large/1140633673.jpg,/media/product_images/medium/1140633673.jpg,
1140633732,/media/product_images/large/1140633732.jpg,/media/product_images/medium/1140633732.jpg,
1140633733,/media/product_images/large/1140633733.jpg,/media/product_images/medium/1140633733.jpg,
1140633734,/media/product_images/large/1140633734.jpg,/media/product_images/medium/1140633734.jpg,
1140633735,/media/product_images/large/1140633735.jpg,/media/product_images/medium/1140633735.jpg,
1140633736,/media/product_images/large/1140633736.jpg,/media/product_images/medium/1140633736.jpg,
1140633737,/media/product_images/large/1140633737.jpg,/media/product_images/medium/1140633737.jpg,
1140633738,/media/product_images/large/1140633738.jpg,/media/product_images/medium/1140633738.jpg,
1140633739,/media/product_images/large/1140633739.jpg,/media/product_images/medium/1140633739.jpg,
1140633740,/media/product_images/large/1140633740.jpg,/media/product_images/medium/1140633740.jpg,
1140633741,/media/product_images/large/1140633741.jpg,/media/product_images/medium/1140633741.jpg,
1140633742,/media/product_images/large/1140633742.jpg,/media/product_images/medium/1140633742.jpg,
1140633743,/media/product_images/large/1140633743.jpg,/media/product_images/medium/1140633743.jpg,
1140633744,/media/product_images/large/1140633744.jpg,/media/product_images/medium/1140633744.jpg,
1140633745,/media/product_images/large/1140633745.jpg,/media/product_images/medium/1140633745.jpg,
1140633746,/media/product_images/large/1140633746.jpg,/media/product_images/medium/1140633746.jpg,
1140633747,/media/product_images/large/1140633747.jpg,/media/product_images/medium/1140633747.jpg,
1140633749,/media/product_images/large/1140633749.jpg,/media/product_images/medium/1140633749.jpg,
1140633750,/media/product_images/large/1140633750.jpg,/media/product_images/medium/1140633750.jpg,
1140633751,/media/product_images/large/1140633751.jpg,/media/product_images/medium/1140633751.jpg,
1140633752,/media/product_images/large/1140633752.jpg,/media/product_images/medium/1140633752.jpg,
1140633753,/media/product_images/large/1140633753.jpg,/media/product_images/medium/1140633753.jpg,
1140633754,/media/product_images/large/1140633754.jpg,/media/product_images/medium/1140633754.jpg,
1140633755,/media/product_images/large/1140633755.jpg,/media/product_images/medium/1140633755.jpg,
1140633756,/media/product_images/large/1140633756.jpg,/media/product_images/medium/1140633756.jpg,
1140633757,/media/product_images/large/1140633757.jpg,/media/product_images/medium/1140633757.jpg,
1140633758,/media/product_images/large/1140633758.jpg,/media/product_images/medium/1140633758.jpg,
1140633759,/media/product_images/large/1140633759.jpg,/media/product_images/medium/1140633759.jpg,
1140633762,/media/product_images/large/1140633762.jpg,/media/product_images/medium/1140633762.jpg,
1140633763,/media/product_images/large/1140633763.jpg,/media/product_images/medium/1140633763.jpg,
1140633764,/media/product_images/large/1140633764.jpg,/media/product_images/medium/1140633764.jpg,
1140633765,/media/product_images/large/1140633765.jpg,/media/product_images/medium/1140633765.jpg,
1140633766,/media/product_images/large/1140633766.jpg,/media/product_images/medium/1140633766.jpg,
1140633767,/media/product_images/large/1140633767.jpg,/media/product_images/medium/1140633767.jpg,
1140633768,/media/product_images/large/1140633768.jpg,/media/product_images/medium/1140633768.jpg,
1140633769,/media/product_images/large/1140633769.jpg,/media/product_images/medium/1140633769.jpg,
1140633770,/media/product_images/large/1140633770.jpg,/media/product_images/medium/1140633770.jpg,
1140633771,/media/product_images/large/1140633771.jpg,/media/product_images/medium/1140633771.jpg,
1140633772,/media/product_images/large/1140633772.jpg,/media/product_images/medium/1140633772.jpg,
1140633773,/media/product_images/large/1140633773.jpg,/media/product_images/medium/1140633773.jpg,
1140633774,/media/product_images/large/1140633774.jpg,/media/product_images/medium/1140633774.jpg,
1140633775,/media/product_images/large/1140633775.jpg,/media/product_images/medium/1140633775.jpg,
1140633776,/media/product_images/large/1140633776.jpg,/media/product_images/medium/1140633776.jpg,
1140633777,/media/product_images/large/1140633777.jpg,/media/product_images/medium/1140633777.jpg,
1140633778,/media/product_images/large/1140633778.jpg,/media/product_images/medium/1140633778.jpg,
1140633779,/media/product_images/large/1140633779.jpg,/media/product_images/medium/1140633779.jpg,
1140633780,/media/product_images/large/1140633780.jpg,/media/product_images/medium/1140633780.jpg,
1140633781,/media/product_images/large/1140633781.jpg,/media/product_images/medium/1140633781.jpg,
1140633782,/media/product_images/large/1140633782.jpg,/media/product_images/medium/1140633782.jpg,
1140633783,/media/product_images/large/1140633783.jpg,/media/product_images/medium/1140633783.jpg,
1140633784,/media/product_images/large/1140633784.jpg,/media/product_images/medium/1140633784.jpg,
1140633786,/media/product_images/large/1140633786.jpg,/media/product_images/medium/1140633786.jpg,
1140633787,/media/product_images/large/1140633787.jpg,/media/product_images/medium/1140633787.jpg,
1140633788,/media/product_images/large/1140633788.jpg,/media/product_images/medium/1140633788.jpg,
1140633789,/media/product_images/large/1140633789.jpg,/media/product_images/medium/1140633789.jpg,
1140633790,/media/product_images/large/1140633790.jpg,/media/product_images/medium/1140633790.jpg,
1140633791,/media/product_images/large/1140633791.jpg,/media/product_images/medium/1140633791.jpg,
1140633792,/media/product_images/large/1140633792.jpg,/media/product_images/medium/1140633792.jpg,
1140633793,/media/product_images/large/1140633793.jpg,/media/product_images/medium/1140633793.jpg,
1140633794,/media/product_images/large/1140633794.jpg,/media/product_images/medium/1140633794.jpg,
1140633795,/media/product_images/large/1140633795.jpg,/media/product_images/medium/1140633795.jpg,
1140633797,/media/product_images/large/1140633797.jpg,/media/product_images/medium/1140633797.jpg,
1140633798,/media/product_images/large/1140633798.jpg,/media/product_images/medium/1140633798.jpg,
1140633802,/media/product_images/large/1140633802.jpg,/media/product_images/medium/1140633802.jpg,
1140633804,/media/product_images/large/1140633804.jpg,/media/product_images/medium/1140633804.jpg,
1140633811,/media/product_images/large/1140633811.jpg,/media/product_images/medium/1140633811.jpg,
1140633815,/media/product_images/large/1140633815.jpg,/media/product_images/medium/1140633815.jpg,
1140633816,/media/product_images/large/1140633816.jpg,/media/product_images/medium/1140633816.jpg,
1140633817,/media/product_images/large/1140633817.jpg,/media/product_images/medium/1140633817.jpg,
1140633818,/media/product_images/large/1140633818.jpg,/media/product_images/medium/1140633818.jpg,
1140633819,/media/product_images/large/1140633819.jpg,/media/product_images/medium/1140633819.jpg,
1140633820,/media/product_images/large/1140633820.jpg,/media/product_images/medium/1140633820.jpg,
1140633821,/media/product_images/large/1140633821.jpg,/media/product_images/medium/1140633821.jpg,
1140633834,/media/product_images/large/1140633834.jpg,/media/product_images/medium/1140633834.jpg,
1140633835,/media/product_images/large/1140633835.jpg,/media/product_images/medium/1140633835.jpg,
1140633836,/media/product_images/large/1140633836.jpg,/media/product_images/medium/1140633836.jpg,
1140633837,/media/product_images/large/1140633837.jpg,/media/product_images/medium/1140633837.jpg,
1140633838,/media/product_images/large/1140633838.jpg,/media/product_images/medium/1140633838.jpg,
1140633839,/media/product_images/large/1140633839.jpg,/media/product_images/medium/1140633839.jpg,
1140633847,/media/product_images/large/1140633847.jpg,/media/product_images/medium/1140633847.jpg,
1140633849,/media/product_images/large/1140633849.jpg,/media/product_images/medium/1140633849.jpg,
1140633850,/media/product_images/large/1140633850.jpg,/media/product_images/medium/1140633850.jpg,
1140633935,/media/product_images/large/1140633935.jpg,/media/product_images/medium/1140633935.jpg,
1140633960,/media/product_images/large/1140633960.jpg,/media/product_images/medium/1140633960.jpg,
1140633961,/media/product_images/large/1140633961.jpg,/media/product_images/medium/1140633961.jpg,
1140633962,/media/product_images/large/1140633962.jpg,/media/product_images/medium/1140633962.jpg,
1140633963,/media/product_images/large/1140633963.jpg,/media/product_images/medium/1140633963.jpg,
1140633964,/media/product_images/large/1140633964.jpg,/media/product_images/medium/1140633964.jpg,
1140633965,/media/product_images/large/1140633965.jpg,/media/product_images/medium/1140633965.jpg,
1140633966,/media/product_images/large/1140633966.jpg,/media/product_images/medium/1140633966.jpg,
1140633967,/media/product_images/large/1140633967.jpg,/media/product_images/medium/1140633967.jpg,
1140633968,/media/product_images/large/1140633968.jpg,/media/product_images/medium/1140633968.jpg,
1140633969,/media/product_images/large/1140633969.jpg,/media/product_images/medium/1140633969.jpg,
1140633970,/media/product_images/large/1140633970.jpg,/media/product_images/medium/1140633970.jpg,
1140633983,/media/product_images/large/1140633983.jpg,/media/product_images/medium/1140633983.jpg,
1140633984,/media/product_images/large/1140633984.jpg,/media/product_images/medium/1140633984.jpg,
1140633985,/media/product_images/large/1140633985.jpg,/media/product_images/medium/1140633985.jpg,
1140633986,/media/product_images/large/1140633986.jpg,/media/product_images/medium/1140633986.jpg,
1140633989,/media/product_images/large/1140633989.jpg,/media/product_images/medium/1140633989.jpg,
1140634054,/media/product_images/large/1140634054.jpg,/media/product_images/medium/1140634054.jpg,
1140634055,/media/product_images/large/1140634055.jpg,/media/product_images/medium/1140634055.jpg,
1140634056,/media/product_images/large/1140634056.jpg,/media/product_images/medium/1140634056.jpg,
1140634057,/media/product_images/large/1140634057.jpg,/media/product_images/medium/1140634057.jpg,
1140634058,/media/product_images/large/1140634058.jpg,/media/product_images/medium/1140634058.jpg,
1140634059,/media/product_images/large/1140634059.jpg,/media/product_images/medium/1140634059.jpg,
1140634060,/media/product_images/large/1140634060.jpg,/media/product_images/medium/1140634060.jpg,
1140634061,/media/product_images/large/1140634061.jpg,/media/product_images/medium/1140634061.jpg,
1140634062,/media/product_images/large/1140634062.jpg,/media/product_images/medium/1140634062.jpg,
1140634063,/media/product_images/large/1140634063.jpg,/media/product_images/medium/1140634063.jpg,
1140634064,/media/product_images/large/1140634064.jpg,/media/product_images/medium/1140634064.jpg,
1140634065,/media/product_images/large/1140634065.jpg,/media/product_images/medium/1140634065.jpg,
1140634066,/media/product_images/large/1140634066.jpg,/media/product_images/medium/1140634066.jpg,
1140634067,/media/product_images/large/1140634067.jpg,/media/product_images/medium/1140634067.jpg,
1140634068,/media/product_images/large/1140634068.jpg,/media/product_images/medium/1140634068.jpg,
1140634069,/media/product_images/large/1140634069.jpg,/media/product_images/medium/1140634069.jpg,
1140634070,/media/product_images/large/1140634070.jpg,/media/product_images/medium/1140634070.jpg,
1140634071,/media/product_images/large/1140634071.jpg,/media/product_images/medium/1140634071.jpg,
1140634072,/media/product_images/large/1140634072.jpg,/media/product_images/medium/1140634072.jpg,
1140634073,/media/product_images/large/1140634073.jpg,/media/product_images/medium/1140634073.jpg,
1140634074,/media/product_images/large/1140634074.jpg,/media/product_images/medium/1140634074.jpg,
1140634075,/media/product_images/large/1140634075.jpg,/media/product_images/medium/1140634075.jpg,
1140634076,/media/product_images/large/1140634076.jpg,/media/product_images/medium/1140634076.jpg,
1140634077,/media/product_images/large/1140634077.jpg,/media/product_images/medium/1140634077.jpg,
1140634078,/media/product_images/large/1140634078.jpg,/media/product_images/medium/1140634078.jpg,
1140634079,/media/product_images/large/1140634079.jpg,/media/product_images/medium/1140634079.jpg,
1140634080,/media/product_images/large/1140634080.jpg,/media/product_images/medium/1140634080.jpg,
1140634081,/media/product_images/large/1140634081.jpg,/media/product_images/medium/1140634081.jpg,
1140634082,/media/product_images/large/1140634082.jpg,/media/product_images/medium/1140634082.jpg,
1140634083,/media/product_images/large/1140634083.jpg,/media/product_images/medium/1140634083.jpg,
1140634084,/media/product_images/large/1140634084.jpg,/media/product_images/medium/1140634084.jpg,
1140634085,/media/product_images/large/1140634085.jpg,/media/product_images/medium/1140634085.jpg,
1140634086,/media/product_images/large/1140634086.jpg,/media/product_images/medium/1140634086.jpg,
1140634087,/media/product_images/large/1140634087.jpg,/media/product_images/medium/1140634087.jpg,
1140634088,/media/product_images/large/1140634088.jpg,/media/product_images/medium/1140634088.jpg,
1140634089,/media/product_images/large/1140634089.jpg,/media/product_images/medium/1140634089.jpg,
1140634090,/media/product_images/large/1140634090.jpg,/media/product_images/medium/1140634090.jpg,
1140634091,/media/product_images/large/1140634091.jpg,/media/product_images/medium/1140634091.jpg,
1140634092,/media/product_images/large/1140634092.jpg,/media/product_images/medium/1140634092.jpg,
1140634291,/media/product_images/large/1140634291.jpg,/media/product_images/medium/1140634291.jpg,
1140634293,/media/product_images/large/1140634293.jpg,/media/product_images/medium/1140634293.jpg,
1140634294,/media/product_images/large/1140634294.jpg,/media/product_images/medium/1140634294.jpg,
1140634295,/media/product_images/large/1140634295.jpg,/media/product_images/medium/1140634295.jpg,
1140634296,/media/product_images/large/1140634296.jpg,/media/product_images/medium/1140634296.jpg,
1140634297,/media/product_images/large/1140634297.jpg,/media/product_images/medium/1140634297.jpg,
1140634298,/media/product_images/large/1140634298.jpg,/media/product_images/medium/1140634298.jpg,
1140634299,/media/product_images/large/1140634299.jpg,/media/product_images/medium/1140634299.jpg,
1140634300,/media/product_images/large/1140634300.jpg,/media/product_images/medium/1140634300.jpg,
1140634301,/media/product_images/large/1140634301.jpg,/media/product_images/medium/1140634301.jpg,
1140634304,/media/product_images/large/1140634304.jpg,/media/product_images/medium/1140634304.jpg,
1140634305,/media/product_images/large/1140634305.jpg,/media/product_images/medium/1140634305.jpg,
1140634306,/media/product_images/large/1140634306.jpg,/media/product_images/medium/1140634306.jpg,
1140634307,/media/product_images/large/1140634307.jpg,/media/product_images/medium/1140634307.jpg,
1140634308,/media/product_images/large/1140634308.jpg,/media/product_images/medium/1140634308.jpg,
1140634309,/media/product_images/large/1140634309.jpg,/media/product_images/medium/1140634309.jpg,
1140634320,/media/product_images/large/1140634320.jpg,/media/product_images/medium/1140634320.jpg,
1140634321,/media/product_images/large/1140634321.jpg,/media/product_images/medium/1140634321.jpg,
1140634322,/media/product_images/large/1140634322.jpg,/media/product_images/medium/1140634322.jpg,
1140634324,/media/product_images/large/1140634324.jpg,/media/product_images/medium/1140634324.jpg,
1140634325,/media/product_images/large/1140634325.jpg,/media/product_images/medium/1140634325.jpg,
1140634326,/media/product_images/large/1140634326.jpg,/media/product_images/medium/1140634326.jpg,
1140634327,/media/product_images/large/1140634327.jpg,/media/product_images/medium/1140634327.jpg,
1140634328,/media/product_images/large/1140634328.jpg,/media/product_images/medium/1140634328.jpg,
1140634329,/media/product_images/large/1140634329.jpg,/media/product_images/medium/1140634329.jpg,
1140634330,/media/product_images/large/1140634330.jpg,/media/product_images/medium/1140634330.jpg,
1140634331,/media/product_images/large/1140634331.jpg,/media/product_images/medium/1140634331.jpg,
1140634332,/media/product_images/large/1140634332.jpg,/media/product_images/medium/1140634332.jpg,
1140634336,/media/product_images/large/1140634336.jpg,/media/product_images/medium/1140634336.jpg,
1140634337,/media/product_images/large/1140634337.jpg,/media/product_images/medium/1140634337.jpg,
1140634338,/media/product_images/large/1140634338.jpg,/media/product_images/medium/1140634338.jpg,
1140634339,/media/product_images/large/1140634339.jpg,/media/product_images/medium/1140634339.jpg,
1140634340,/media/product_images/large/1140634340.jpg,/media/product_images/medium/1140634340.jpg,
1140634341,/media/product_images/large/1140634341.jpg,/media/product_images/medium/1140634341.jpg,
1140634342,/media/product_images/large/1140634342.jpg,/media/product_images/medium/1140634342.jpg,
1140634343,/media/product_images/large/1140634343.jpg,/media/product_images/medium/1140634343.jpg,
1140634344,/media/product_images/large/1140634344.jpg,/media/product_images/medium/1140634344.jpg,
1140634345,/media/product_images/large/1140634345.jpg,/media/product_images/medium/1140634345.jpg,
1140634348,/media/product_images/large/1140634348.jpg,/media/product_images/medium/1140634348.jpg,
1140634349,/media/product_images/large/1140634349.jpg,/media/product_images/medium/1140634349.jpg,
1140634350,/media/product_images/large/1140634350.jpg,/media/product_images/medium/1140634350.jpg,
1140634351,/media/product_images/large/1140634351.jpg,/media/product_images/medium/1140634351.jpg,
1140634352,/media/product_images/large/1140634352.jpg,/media/product_images/medium/1140634352.jpg,
1140634353,/media/product_images/large/1140634353.jpg,/media/product_images/medium/1140634353.jpg,
1140634354,/media/product_images/large/1140634354.jpg,/media/product_images/medium/1140634354.jpg,
1140634355,/media/product_images/large/1140634355.jpg,/media/product_images/medium/1140634355.jpg,
1140634356,/media/product_images/large/1140634356.jpg,/media/product_images/medium/1140634356.jpg,
1140634357,/media/product_images/large/1140634357.jpg,/media/product_images/medium/1140634357.jpg,
1140634358,/media/product_images/large/1140634358.jpg,/media/product_images/medium/1140634358.jpg,
1140634359,/media/product_images/large/1140634359.jpg,/media/product_images/medium/1140634359.jpg,
1140634360,/media/product_images/large/1140634360.jpg,/media/product_images/medium/1140634360.jpg,
1140634361,/media/product_images/large/1140634361.jpg,/media/product_images/medium/1140634361.jpg,
1140634362,/media/product_images/large/1140634362.jpg,/media/product_images/medium/1140634362.jpg,
1140634363,/media/product_images/large/1140634363.jpg,/media/product_images/medium/1140634363.jpg,
1140634364,/media/product_images/large/1140634364.jpg,/media/product_images/medium/1140634364.jpg,
1140634365,/media/product_images/large/1140634365.jpg,/media/product_images/medium/1140634365.jpg,
1140634366,/media/product_images/large/1140634366.jpg,/media/product_images/medium/1140634366.jpg,
1140634367,/media/product_images/large/1140634367.jpg,/media/product_images/medium/1140634367.jpg,
1140634368,/media/product_images/large/1140634368.jpg,/media/product_images/medium/1140634368.jpg,
1140634369,/media/product_images/large/1140634369.jpg,/media/product_images/medium/1140634369.jpg,
1140634370,/media/product_images/large/1140634370.jpg,/media/product_images/medium/1140634370.jpg,
1140634378,/media/product_images/large/1140634378.jpg,/media/product_images/medium/1140634378.jpg,
1140634379,/media/product_images/large/1140634379.jpg,/media/product_images/medium/1140634379.jpg,
1140634380,/media/product_images/large/1140634380.jpg,/media/product_images/medium/1140634380.jpg,
1140634381,/media/product_images/large/1140634381.jpg,/media/product_images/medium/1140634381.jpg,
1140634382,/media/product_images/large/1140634382.jpg,/media/product_images/medium/1140634382.jpg,
1140634383,/media/product_images/large/1140634383.jpg,/media/product_images/medium/1140634383.jpg,
1140634385,/media/product_images/large/1140634385.jpg,/media/product_images/medium/1140634385.jpg,
1140634386,/media/product_images/large/1140634386.jpg,/media/product_images/medium/1140634386.jpg,
1140634387,/media/product_images/large/1140634387.jpg,/media/product_images/medium/1140634387.jpg,
1140634388,/media/product_images/large/1140634388.jpg,/media/product_images/medium/1140634388.jpg,
1140634389,/media/product_images/large/1140634389.jpg,/media/product_images/medium/1140634389.jpg,
1140634390,/media/product_images/large/1140634390.jpg,/media/product_images/medium/1140634390.jpg,
1140634391,/media/product_images/large/1140634391.jpg,/media/product_images/medium/1140634391.jpg,
1140634392,/media/product_images/large/1140634392.jpg,/media/product_images/medium/1140634392.jpg,
1140634393,/media/product_images/large/1140634393.jpg,/media/product_images/medium/1140634393.jpg,
1140634394,/media/product_images/large/1140634394.jpg,/media/product_images/medium/1140634394.jpg,
1140634395,/media/product_images/large/1140634395.jpg,/media/product_images/medium/1140634395.jpg,
1140634396,/media/product_images/large/1140634396.jpg,/media/product_images/medium/1140634396.jpg,
1140634397,/media/product_images/large/1140634397.jpg,/media/product_images/medium/1140634397.jpg,
1140634398,/media/product_images/large/1140634398.jpg,/media/product_images/medium/1140634398.jpg,
1140634399,/media/product_images/large/1140634399.jpg,/media/product_images/medium/1140634399.jpg,
1140634400,/media/product_images/large/1140634400.jpg,/media/product_images/medium/1140634400.jpg,
1140634401,/media/product_images/large/1140634401.jpg,/media/product_images/medium/1140634401.jpg,
1140634402,/media/product_images/large/1140634402.jpg,/media/product_images/medium/1140634402.jpg,
1140634403,/media/product_images/large/1140634403.jpg,/media/product_images/medium/1140634403.jpg,
1140634404,/media/product_images/large/1140634404.jpg,/media/product_images/medium/1140634404.jpg,
1140634409,/media/product_images/large/1140634409.jpg,/media/product_images/medium/1140634409.jpg,
1140634410,/media/product_images/large/1140634410.jpg,/media/product_images/medium/1140634410.jpg,
1140634411,/media/product_images/large/1140634411.jpg,/media/product_images/medium/1140634411.jpg,
1140634412,/media/product_images/large/1140634412.jpg,/media/product_images/medium/1140634412.jpg,
1140634413,/media/product_images/large/1140634413.jpg,/media/product_images/medium/1140634413.jpg,
1140634414,/media/product_images/large/1140634414.jpg,/media/product_images/medium/1140634414.jpg,
1140634416,/media/product_images/large/1140634416.jpg,/media/product_images/medium/1140634416.jpg,
1140634417,/media/product_images/large/1140634417.jpg,/media/product_images/medium/1140634417.jpg,
1140634418,/media/product_images/large/1140634418.jpg,/media/product_images/medium/1140634418.jpg,
1140634419,/media/product_images/large/1140634419.jpg,/media/product_images/medium/1140634419.jpg,
1140634420,/media/product_images/large/1140634420.jpg,/media/product_images/medium/1140634420.jpg,
1140634421,/media/product_images/large/1140634421.jpg,/media/product_images/medium/1140634421.jpg,
1140634422,/media/product_images/large/1140634422.jpg,/media/product_images/medium/1140634422.jpg,
1140634423,/media/product_images/large/1140634423.jpg,/media/product_images/medium/1140634423.jpg,
1140634424,/media/product_images/large/1140634424.jpg,/media/product_images/medium/1140634424.jpg,
1140634425,/media/product_images/large/1140634425.jpg,/media/product_images/medium/1140634425.jpg,
1140634426,/media/product_images/large/1140634426.jpg,/media/product_images/medium/1140634426.jpg,
1140634427,/media/product_images/large/1140634427.jpg,/media/product_images/medium/1140634427.jpg,
1140634428,/media/product_images/large/1140634428.jpg,/media/product_images/medium/1140634428.jpg,
1140634429,/media/product_images/large/1140634429.jpg,/media/product_images/medium/1140634429.jpg,
1140634430,/media/product_images/large/1140634430.jpg,/media/product_images/medium/1140634430.jpg,
1140634431,/media/product_images/large/1140634431.jpg,/media/product_images/medium/1140634431.jpg,
1140634432,/media/product_images/large/1140634432.jpg,/media/product_images/medium/1140634432.jpg,
1140634433,/media/product_images/large/1140634433.jpg,/media/product_images/medium/1140634433.jpg,
1140634434,/media/product_images/large/1140634434.jpg,/media/product_images/medium/1140634434.jpg,
1140634435,/media/product_images/large/1140634435.jpg,/media/product_images/medium/1140634435.jpg,
1140634436,/media/product_images/large/1140634436.jpg,/media/product_images/medium/1140634436.jpg,
1140634437,/media/product_images/large/1140634437.jpg,/media/product_images/medium/1140634437.jpg,
1140634438,/media/product_images/large/1140634438.jpg,/media/product_images/medium/1140634438.jpg,
1140634439,/media/product_images/large/1140634439.jpg,/media/product_images/medium/1140634439.jpg,
1140634440,/media/product_images/large/1140634440.jpg,/media/product_images/medium/1140634440.jpg,
1140634441,/media/product_images/large/1140634441.jpg,/media/product_images/medium/1140634441.jpg,
1140634442,/media/product_images/large/1140634442.jpg,/media/product_images/medium/1140634442.jpg,
1140634443,/media/product_images/large/1140634443.jpg,/media/product_images/medium/1140634443.jpg,
1140634444,/media/product_images/large/1140634444.jpg,/media/product_images/medium/1140634444.jpg,
1140634445,/media/product_images/large/1140634445.jpg,/media/product_images/medium/1140634445.jpg,
1140634446,/media/product_images/large/1140634446.jpg,/media/product_images/medium/1140634446.jpg,
1140634467,/media/product_images/large/1140634467.jpg,/media/product_images/medium/1140634467.jpg,
1140634468,/media/product_images/large/1140634468.jpg,/media/product_images/medium/1140634468.jpg,
1140634472,/media/product_images/large/1140634472.jpg,/media/product_images/medium/1140634472.jpg,
1140634473,/media/product_images/large/1140634473.jpg,/media/product_images/medium/1140634473.jpg,
1140634474,/media/product_images/large/1140634474.jpg,/media/product_images/medium/1140634474.jpg,
1140634475,/media/product_images/large/1140634475.jpg,/media/product_images/medium/1140634475.jpg,
1140634476,/media/product_images/large/1140634476.jpg,/media/product_images/medium/1140634476.jpg,
1140634480,/media/product_images/large/1140634480.jpg,/media/product_images/medium/1140634480.jpg,
1140634493,/media/product_images/large/1140634493.jpg,/media/product_images/medium/1140634493.jpg,
1140634494,/media/product_images/large/1140634494.jpg,/media/product_images/medium/1140634494.jpg,
1140634495,/media/product_images/large/1140634495.jpg,/media/product_images/medium/1140634495.jpg,
1140634496,/media/product_images/large/1140634496.jpg,/media/product_images/medium/1140634496.jpg,
1140634497,/media/product_images/large/1140634497.jpg,/media/product_images/medium/1140634497.jpg,
1140634498,/media/product_images/large/1140634498.jpg,/media/product_images/medium/1140634498.jpg,
1140634499,/media/product_images/large/1140634499.jpg,/media/product_images/medium/1140634499.jpg,
1140634500,/media/product_images/large/1140634500.jpg,/media/product_images/medium/1140634500.jpg,
1140634501,/media/product_images/large/1140634501.jpg,/media/product_images/medium/1140634501.jpg,
1140634502,/media/product_images/large/1140634502.jpg,/media/product_images/medium/1140634502.jpg,
1140634503,/media/product_images/large/1140634503.jpg,/media/product_images/medium/1140634503.jpg,
1140634504,/media/product_images/large/1140634504.jpg,/media/product_images/medium/1140634504.jpg,
1140634505,/media/product_images/large/1140634505.jpg,/media/product_images/medium/1140634505.jpg,
1140634568,/media/product_images/large/1140634568.jpg,/media/product_images/medium/1140634568.jpg,
1140634569,/media/product_images/large/1140634569.jpg,/media/product_images/medium/1140634569.jpg,
1140634570,/media/product_images/large/1140634570.jpg,/media/product_images/medium/1140634570.jpg,
1140634571,/media/product_images/large/1140634571.jpg,/media/product_images/medium/1140634571.jpg,
1140634574,/media/product_images/large/1140634574.jpg,/media/product_images/medium/1140634574.jpg,
1140634575,/media/product_images/large/1140634575.jpg,/media/product_images/medium/1140634575.jpg,
1140634576,/media/product_images/large/1140634576.jpg,/media/product_images/medium/1140634576.jpg,
1140634577,/media/product_images/large/1140634577.jpg,/media/product_images/medium/1140634577.jpg,
1140634578,/media/product_images/large/1140634578.jpg,/media/product_images/medium/1140634578.jpg,
1140634579,/media/product_images/large/1140634579.jpg,/media/product_images/medium/1140634579.jpg,
1140634580,/media/product_images/large/1140634580.jpg,/media/product_images/medium/1140634580.jpg,
1140634581,/media/product_images/large/1140634581.jpg,/media/product_images/medium/1140634581.jpg,
1140634582,/media/product_images/large/1140634582.jpg,/media/product_images/medium/1140634582.jpg,
1140634583,/media/product_images/large/1140634583.jpg,/media/product_images/medium/1140634583.jpg,
1140634584,/media/product_images/large/1140634584.jpg,/media/product_images/medium/1140634584.jpg,
1140634585,/media/product_images/large/1140634585.jpg,/media/product_images/medium/1140634585.jpg,
1140634586,/media/product_images/large/1140634586.jpg,/media/product_images/medium/1140634586.jpg,
1140634587,/media/product_images/large/1140634587.jpg,/media/product_images/medium/1140634587.jpg,
1140634588,/media/product_images/large/1140634588.jpg,/media/product_images/medium/1140634588.jpg,
1140634589,/media/product_images/large/1140634589.jpg,/media/product_images/medium/1140634589.jpg,
1140634590,/media/product_images/large/1140634590.jpg,/media/product_images/medium/1140634590.jpg,
1140634712,/media/product_images/large/1140634712.jpg,/media/product_images/medium/1140634712.jpg,
1140634713,/media/product_images/large/1140634713.jpg,/media/product_images/medium/1140634713.jpg,
1140634714,/media/product_images/large/1140634714.jpg,/media/product_images/medium/1140634714.jpg,
1140634715,/media/product_images/large/1140634715.jpg,/media/product_images/medium/1140634715.jpg,
1140634863,/media/product_images/large/1140634863.jpg,/media/product_images/medium/1140634863.jpg,
1140634994,/media/product_images/large/1140634994.jpg,/media/product_images/medium/1140634994.jpg,
1140634995,/media/product_images/large/1140634995.jpg,/media/product_images/medium/1140634995.jpg,
1140634996,/media/product_images/large/1140634996.jpg,/media/product_images/medium/1140634996.jpg,
1140634997,/media/product_images/large/1140634997.jpg,/media/product_images/medium/1140634997.jpg,
1140634998,/media/product_images/large/1140634998.jpg,/media/product_images/medium/1140634998.jpg,
1140635011,/media/product_images/large/1140635011.jpg,/media/product_images/medium/1140635011.jpg,
1140635012,/media/product_images/large/1140635012.jpg,/media/product_images/medium/1140635012.jpg,
1140635013,/media/product_images/large/1140635013.jpg,/media/product_images/medium/1140635013.jpg,
1140635014,/media/product_images/large/1140635014.jpg,/media/product_images/medium/1140635014.jpg,
1140635260,/media/product_images/large/1140635260.jpg,/media/product_images/medium/1140635260.jpg,
1140635261,/media/product_images/large/1140635261.jpg,/media/product_images/medium/1140635261.jpg,
1140635262,/media/product_images/large/1140635262.jpg,/media/product_images/medium/1140635262.jpg,
1140635263,/media/product_images/large/1140635263.jpg,/media/product_images/medium/1140635263.jpg,
1140635264,/media/product_images/large/1140635264.jpg,/media/product_images/medium/1140635264.jpg,
1140635265,/media/product_images/large/1140635265.jpg,/media/product_images/medium/1140635265.jpg,
1140635266,/media/product_images/large/1140635266.jpg,/media/product_images/medium/1140635266.jpg,
1140635370,/media/product_images/large/1140635370.jpg,/media/product_images/medium/1140635370.jpg,
1140635794,/media/product_images/large/1140635794.jpg,/media/product_images/medium/1140635794.jpg,
1140636064,/media/product_images/large/1140636064.jpg,/media/product_images/medium/1140636064.jpg,
1140636720,/media/product_images/large/1140636720.jpg,/media/product_images/medium/1140636720.jpg,
1140636721,/media/product_images/large/1140636721.jpg,/media/product_images/medium/1140636721.jpg,
1140636722,/media/product_images/large/1140636722.jpg,/media/product_images/medium/1140636722.jpg,
1140636723,/media/product_images/large/1140636723.jpg,/media/product_images/medium/1140636723.jpg,
1140636724,/media/product_images/large/1140636724.jpg,/media/product_images/medium/1140636724.jpg,
1140636725,/media/product_images/large/1140636725.jpg,/media/product_images/medium/1140636725.jpg,
1140636726,/media/product_images/large/1140636726.jpg,/media/product_images/medium/1140636726.jpg,
1140636727,/media/product_images/large/1140636727.jpg,/media/product_images/medium/1140636727.jpg,
1140636728,/media/product_images/large/1140636728.jpg,/media/product_images/medium/1140636728.jpg,
1140636729,/media/product_images/large/1140636729.jpg,/media/product_images/medium/1140636729.jpg,
1140636730,/media/product_images/large/1140636730.jpg,/media/product_images/medium/1140636730.jpg,
1140636731,/media/product_images/large/1140636731.jpg,/media/product_images/medium/1140636731.jpg,
1140636793,/media/product_images/large/1140636793.jpg,/media/product_images/medium/1140636793.jpg,
1140636794,/media/product_images/large/1140636794.jpg,/media/product_images/medium/1140636794.jpg,
1140636795,/media/product_images/large/1140636795.jpg,/media/product_images/medium/1140636795.jpg,
1140636796,/media/product_images/large/1140636796.jpg,/media/product_images/medium/1140636796.jpg,
1140636797,/media/product_images/large/1140636797.jpg,/media/product_images/medium/1140636797.jpg,
1140636798,/media/product_images/large/1140636798.jpg,/media/product_images/medium/1140636798.jpg,
1140636799,/media/product_images/large/1140636799.jpg,/media/product_images/medium/1140636799.jpg,
1140636800,/media/product_images/large/1140636800.jpg,/media/product_images/medium/1140636800.jpg,
1140636801,/media/product_images/large/1140636801.jpg,/media/product_images/medium/1140636801.jpg,
1140636802,/media/product_images/large/1140636802.jpg,/media/product_images/medium/1140636802.jpg,
1140636803,/media/product_images/large/1140636803.jpg,/media/product_images/medium/1140636803.jpg,
1140636804,/media/product_images/large/1140636804.jpg,/media/product_images/medium/1140636804.jpg,
1140636805,/media/product_images/large/1140636805.jpg,/media/product_images/medium/1140636805.jpg,
1140636806,/media/product_images/large/1140636806.jpg,/media/product_images/medium/1140636806.jpg,
1140636807,/media/product_images/large/1140636807.jpg,/media/product_images/medium/1140636807.jpg,
1140636808,/media/product_images/large/1140636808.jpg,/media/product_images/medium/1140636808.jpg,
1140636809,/media/product_images/large/1140636809.jpg,/media/product_images/medium/1140636809.jpg,
1140636810,/media/product_images/large/1140636810.jpg,/media/product_images/medium/1140636810.jpg,
1140637269,/media/product_images/large/1140637269.jpg,/media/product_images/medium/1140637269.jpg,
1140637270,/media/product_images/large/1140637270.jpg,/media/product_images/medium/1140637270.jpg,
1140637272,/media/product_images/large/1140637272.jpg,/media/product_images/medium/1140637272.jpg,
1140637273,/media/product_images/large/1140637273.jpg,/media/product_images/medium/1140637273.jpg,
1140637274,/media/product_images/large/1140637274.jpg,/media/product_images/medium/1140637274.jpg,
1140637275,/media/product_images/large/1140637275.jpg,/media/product_images/medium/1140637275.jpg,
1140637276,/media/product_images/large/1140637276.jpg,/media/product_images/medium/1140637276.jpg,
1140637277,/media/product_images/large/1140637277.jpg,/media/product_images/medium/1140637277.jpg,
1140637279,/media/product_images/large/1140637279.jpg,/media/product_images/medium/1140637279.jpg,
1140637280,/media/product_images/large/1140637280.jpg,/media/product_images/medium/1140637280.jpg,
1140637281,/media/product_images/large/1140637281.jpg,/media/product_images/medium/1140637281.jpg,
1140637282,/media/product_images/large/1140637282.jpg,/media/product_images/medium/1140637282.jpg,
1140637283,/media/product_images/large/1140637283.jpg,/media/product_images/medium/1140637283.jpg,
1140637284,/media/product_images/large/1140637284.jpg,/media/product_images/medium/1140637284.jpg,
1140637285,/media/product_images/large/1140637285.jpg,/media/product_images/medium/1140637285.jpg,
1140637286,/media/product_images/large/1140637286.jpg,/media/product_images/medium/1140637286.jpg,
1140637287,/media/product_images/large/1140637287.jpg,/media/product_images/medium/1140637287.jpg,
1140637407,/media/product_images/large/1140637407.jpg,/media/product_images/medium/1140637407.jpg,
1140637408,/media/product_images/large/1140637408.jpg,/media/product_images/medium/1140637408.jpg,
1140637409,/media/product_images/large/1140637409.jpg,/media/product_images/medium/1140637409.jpg,
1140637410,/media/product_images/large/1140637410.jpg,/media/product_images/medium/1140637410.jpg,
1140637411,/media/product_images/large/1140637411.jpg,/media/product_images/medium/1140637411.jpg,
1140637412,/media/product_images/large/1140637412.jpg,/media/product_images/medium/1140637412.jpg,
1140637413,/media/product_images/large/1140637413.jpg,/media/product_images/medium/1140637413.jpg,
1140637414,/media/product_images/large/1140637414.jpg,/media/product_images/medium/1140637414.jpg,
1140637415,/media/product_images/large/1140637415.jpg,/media/product_images/medium/1140637415.jpg,
1140637416,/media/product_images/large/1140637416.jpg,/media/product_images/medium/1140637416.jpg,
1140637417,/media/product_images/large/1140637417.jpg,/media/product_images/medium/1140637417.jpg,
1140637418,/media/product_images/large/1140637418.jpg,/media/product_images/medium/1140637418.jpg,
1140637419,/media/product_images/large/1140637419.jpg,/media/product_images/medium/1140637419.jpg,
1140637420,/media/product_images/large/1140637420.jpg,/media/product_images/medium/1140637420.jpg,
1140637421,/media/product_images/large/1140637421.jpg,/media/product_images/medium/1140637421.jpg,
1140637422,/media/product_images/large/1140637422.jpg,/media/product_images/medium/1140637422.jpg,
1140637423,/media/product_images/large/1140637423.jpg,/media/product_images/medium/1140637423.jpg,
1140637424,/media/product_images/large/1140637424.jpg,/media/product_images/medium/1140637424.jpg,
1140637425,/media/product_images/large/1140637425.jpg,/media/product_images/medium/1140637425.jpg,
1140637427,/media/product_images/large/1140637427.jpg,/media/product_images/medium/1140637427.jpg,
1140637428,/media/product_images/large/1140637428.jpg,/media/product_images/medium/1140637428.jpg,
1140637429,/media/product_images/large/1140637429.jpg,/media/product_images/medium/1140637429.jpg,
1140637430,/media/product_images/large/1140637430.jpg,/media/product_images/medium/1140637430.jpg,
1140637431,/media/product_images/large/1140637431.jpg,/media/product_images/medium/1140637431.jpg,
1140637432,/media/product_images/large/1140637432.jpg,/media/product_images/medium/1140637432.jpg,
1140637433,/media/product_images/large/1140637433.jpg,/media/product_images/medium/1140637433.jpg,
1140637434,/media/product_images/large/1140637434.jpg,/media/product_images/medium/1140637434.jpg,
1140637435,/media/product_images/large/1140637435.jpg,/media/product_images/medium/1140637435.jpg,
1140637436,/media/product_images/large/1140637436.jpg,/media/product_images/medium/1140637436.jpg,
1140637437,/media/product_images/large/1140637437.jpg,/media/product_images/medium/1140637437.jpg,
1140637438,/media/product_images/large/1140637438.jpg,/media/product_images/medium/1140637438.jpg,
1140637439,/media/product_images/large/1140637439.jpg,/media/product_images/medium/1140637439.jpg,
1140637440,/media/product_images/large/1140637440.jpg,/media/product_images/medium/1140637440.jpg,
1140637441,/media/product_images/large/1140637441.jpg,/media/product_images/medium/1140637441.jpg,
1140637442,/media/product_images/large/1140637442.jpg,/media/product_images/medium/1140637442.jpg,
1140637443,/media/product_images/large/1140637443.jpg,/media/product_images/medium/1140637443.jpg,
1140637444,/media/product_images/large/1140637444.jpg,/media/product_images/medium/1140637444.jpg,
1140637445,/media/product_images/large/1140637445.jpg,/media/product_images/medium/1140637445.jpg,
1140637446,/media/product_images/large/1140637446.jpg,/media/product_images/medium/1140637446.jpg,
1140637447,/media/product_images/large/1140637447.jpg,/media/product_images/medium/1140637447.jpg,
1140637448,/media/product_images/large/1140637448.jpg,/media/product_images/medium/1140637448.jpg,
1140637449,/media/product_images/large/1140637449.jpg,/media/product_images/medium/1140637449.jpg,
1140637450,/media/product_images/large/1140637450.jpg,/media/product_images/medium/1140637450.jpg,
1140637451,/media/product_images/large/1140637451.jpg,/media/product_images/medium/1140637451.jpg,
1140637452,/media/product_images/large/1140637452.jpg,/media/product_images/medium/1140637452.jpg,
1140637453,/media/product_images/large/1140637453.jpg,/media/product_images/medium/1140637453.jpg,
1140637454,/media/product_images/large/1140637454.jpg,/media/product_images/medium/1140637454.jpg,
1140637455,/media/product_images/large/1140637455.jpg,/media/product_images/medium/1140637455.jpg,
1140637456,/media/product_images/large/1140637456.jpg,/media/product_images/medium/1140637456.jpg,
1140637457,/media/product_images/large/1140637457.jpg,/media/product_images/medium/1140637457.jpg,
1140637459,/media/product_images/large/1140637459.jpg,/media/product_images/medium/1140637459.jpg,
1140637460,/media/product_images/large/1140637460.jpg,/media/product_images/medium/1140637460.jpg,
1140637461,/media/product_images/large/1140637461.jpg,/media/product_images/medium/1140637461.jpg,
1140637462,/media/product_images/large/1140637462.jpg,/media/product_images/medium/1140637462.jpg,
1140637463,/media/product_images/large/1140637463.jpg,/media/product_images/medium/1140637463.jpg,
1140637464,/media/product_images/large/1140637464.jpg,/media/product_images/medium/1140637464.jpg,
1140637465,/media/product_images/large/1140637465.jpg,/media/product_images/medium/1140637465.jpg,
1140637466,/media/product_images/large/1140637466.jpg,/media/product_images/medium/1140637466.jpg,
1140637467,/media/product_images/large/1140637467.jpg,/media/product_images/medium/1140637467.jpg,
1140637468,/media/product_images/large/1140637468.jpg,/media/product_images/medium/1140637468.jpg,
1140637469,/media/product_images/large/1140637469.jpg,/media/product_images/medium/1140637469.jpg,
1140637470,/media/product_images/large/1140637470.jpg,/media/product_images/medium/1140637470.jpg,
1140637471,/media/product_images/large/1140637471.jpg,/media/product_images/medium/1140637471.jpg,
1140637472,/media/product_images/large/1140637472.jpg,/media/product_images/medium/1140637472.jpg,
1140637473,/media/product_images/large/1140637473.jpg,/media/product_images/medium/1140637473.jpg,
1140637474,/media/product_images/large/1140637474.jpg,/media/product_images/medium/1140637474.jpg,
1140637475,/media/product_images/large/1140637475.jpg,/media/product_images/medium/1140637475.jpg,
1140637476,/media/product_images/large/1140637476.jpg,/media/product_images/medium/1140637476.jpg,
1140637477,/media/product_images/large/1140637477.jpg,/media/product_images/medium/1140637477.jpg,
1140637478,/media/product_images/large/1140637478.jpg,/media/product_images/medium/1140637478.jpg,
1140637479,/media/product_images/large/1140637479.jpg,/media/product_images/medium/1140637479.jpg,
1140637480,/media/product_images/large/1140637480.jpg,/media/product_images/medium/1140637480.jpg,
1140637481,/media/product_images/large/1140637481.jpg,/media/product_images/medium/1140637481.jpg,
1140637482,/media/product_images/large/1140637482.jpg,/media/product_images/medium/1140637482.jpg,
1140637483,/media/product_images/large/1140637483.jpg,/media/product_images/medium/1140637483.jpg,
1140637484,/media/product_images/large/1140637484.jpg,/media/product_images/medium/1140637484.jpg,
1140637485,/media/product_images/large/1140637485.jpg,/media/product_images/medium/1140637485.jpg,
1140637486,/media/product_images/large/1140637486.jpg,/media/product_images/medium/1140637486.jpg,
1140637487,/media/product_images/large/1140637487.jpg,/media/product_images/medium/1140637487.jpg,
1140637488,/media/product_images/large/1140637488.jpg,/media/product_images/medium/1140637488.jpg,
1140637489,/media/product_images/large/1140637489.jpg,/media/product_images/medium/1140637489.jpg,
1140637490,/media/product_images/large/1140637490.jpg,/media/product_images/medium/1140637490.jpg,
1140637491,/media/product_images/large/1140637491.jpg,/media/product_images/medium/1140637491.jpg,
1140637492,/media/product_images/large/1140637492.jpg,/media/product_images/medium/1140637492.jpg,
1140637493,/media/product_images/large/1140637493.jpg,/media/product_images/medium/1140637493.jpg,
1140637494,/media/product_images/large/1140637494.jpg,/media/product_images/medium/1140637494.jpg,
1140637495,/media/product_images/large/1140637495.jpg,/media/product_images/medium/1140637495.jpg,
1140637496,/media/product_images/large/1140637496.jpg,/media/product_images/medium/1140637496.jpg,
1140637497,/media/product_images/large/1140637497.jpg,/media/product_images/medium/1140637497.jpg,
1140637498,/media/product_images/large/1140637498.jpg,/media/product_images/medium/1140637498.jpg,
1140637499,/media/product_images/large/1140637499.jpg,/media/product_images/medium/1140637499.jpg,
1140637500,/media/product_images/large/1140637500.jpg,/media/product_images/medium/1140637500.jpg,
1140637501,/media/product_images/large/1140637501.jpg,/media/product_images/medium/1140637501.jpg,
1140637502,/media/product_images/large/1140637502.jpg,/media/product_images/medium/1140637502.jpg,
1140637503,/media/product_images/large/1140637503.jpg,/media/product_images/medium/1140637503.jpg,
1140637504,/media/product_images/large/1140637504.jpg,/media/product_images/medium/1140637504.jpg,
1140637505,/media/product_images/large/1140637505.jpg,/media/product_images/medium/1140637505.jpg,
1140637506,/media/product_images/large/1140637506.jpg,/media/product_images/medium/1140637506.jpg,
1140637507,/media/product_images/large/1140637507.jpg,/media/product_images/medium/1140637507.jpg,
1140637508,/media/product_images/large/1140637508.jpg,/media/product_images/medium/1140637508.jpg,
1140637509,/media/product_images/large/1140637509.jpg,/media/product_images/medium/1140637509.jpg,
1140637510,/media/product_images/large/1140637510.jpg,/media/product_images/medium/1140637510.jpg,
1140637511,/media/product_images/large/1140637511.jpg,/media/product_images/medium/1140637511.jpg,
1140637512,/media/product_images/large/1140637512.jpg,/media/product_images/medium/1140637512.jpg,
1140637513,/media/product_images/large/1140637513.jpg,/media/product_images/medium/1140637513.jpg,
1140637514,/media/product_images/large/1140637514.jpg,/media/product_images/medium/1140637514.jpg,
1140637515,/media/product_images/large/1140637515.jpg,/media/product_images/medium/1140637515.jpg,
1140637516,/media/product_images/large/1140637516.jpg,/media/product_images/medium/1140637516.jpg,
1140637517,/media/product_images/large/1140637517.jpg,/media/product_images/medium/1140637517.jpg,
1140637527,/media/product_images/large/1140637527.jpg,/media/product_images/medium/1140637527.jpg,
1140637528,/media/product_images/large/1140637528.jpg,/media/product_images/medium/1140637528.jpg,
1140637529,/media/product_images/large/1140637529.jpg,/media/product_images/medium/1140637529.jpg,
1140637530,/media/product_images/large/1140637530.jpg,/media/product_images/medium/1140637530.jpg,
1140637548,/media/product_images/large/1140637548.jpg,/media/product_images/medium/1140637548.jpg,
1140637686,/media/product_images/large/1140637686.jpg,/media/product_images/medium/1140637686.jpg,
1140637687,/media/product_images/large/1140637687.jpg,/media/product_images/medium/1140637687.jpg,
1140637688,/media/product_images/large/1140637688.jpg,/media/product_images/medium/1140637688.jpg,
1140637689,/media/product_images/large/1140637689.jpg,/media/product_images/medium/1140637689.jpg,
1140637690,/media/product_images/large/1140637690.jpg,/media/product_images/medium/1140637690.jpg,
1140637691,/media/product_images/large/1140637691.jpg,/media/product_images/medium/1140637691.jpg,
1140637692,/media/product_images/large/1140637692.jpg,/media/product_images/medium/1140637692.jpg,
1140637693,/media/product_images/large/1140637693.jpg,/media/product_images/medium/1140637693.jpg,
1140637694,/media/product_images/large/1140637694.jpg,/media/product_images/medium/1140637694.jpg,
1140637695,/media/product_images/large/1140637695.jpg,/media/product_images/medium/1140637695.jpg,
1140637696,/media/product_images/large/1140637696.jpg,/media/product_images/medium/1140637696.jpg,
1140637697,/media/product_images/large/1140637697.jpg,/media/product_images/medium/1140637697.jpg,
1140637699,/media/product_images/large/1140637699.jpg,/media/product_images/medium/1140637699.jpg,
1140637998,/media/product_images/large/1140637998.jpg,/media/product_images/medium/1140637998.jpg,
1140638092,/media/product_images/large/1140638092.jpg,/media/product_images/medium/1140638092.jpg,
1140638093,/media/product_images/large/1140638093.jpg,/media/product_images/medium/1140638093.jpg,
1140638094,/media/product_images/large/1140638094.jpg,/media/product_images/medium/1140638094.jpg,
1140638095,/media/product_images/large/1140638095.jpg,/media/product_images/medium/1140638095.jpg,
1140638096,/media/product_images/large/1140638096.jpg,/media/product_images/medium/1140638096.jpg,
1140638097,/media/product_images/large/1140638097.jpg,/media/product_images/medium/1140638097.jpg,
1140638099,/media/product_images/large/1140638099.jpg,/media/product_images/medium/1140638099.jpg,
1140638100,/media/product_images/large/1140638100.jpg,/media/product_images/medium/1140638100.jpg,
1140638101,/media/product_images/large/1140638101.jpg,/media/product_images/medium/1140638101.jpg,
1140638102,/media/product_images/large/1140638102.jpg,/media/product_images/medium/1140638102.jpg,
1140638103,/media/product_images/large/1140638103.jpg,/media/product_images/medium/1140638103.jpg,
1140638104,/media/product_images/large/1140638104.jpg,/media/product_images/medium/1140638104.jpg,
1140638105,/media/product_images/large/1140638105.jpg,/media/product_images/medium/1140638105.jpg,
1140638106,/media/product_images/large/1140638106.jpg,/media/product_images/medium/1140638106.jpg,
1140638107,/media/product_images/large/1140638107.jpg,/media/product_images/medium/1140638107.jpg,
1140638108,/media/product_images/large/1140638108.jpg,/media/product_images/medium/1140638108.jpg,
1140638109,/media/product_images/large/1140638109.jpg,/media/product_images/medium/1140638109.jpg,
1140638110,/media/product_images/large/1140638110.jpg,/media/product_images/medium/1140638110.jpg,
1140638111,/media/product_images/large/1140638111.jpg,/media/product_images/medium/1140638111.jpg,
1140638112,/media/product_images/large/1140638112.jpg,/media/product_images/medium/1140638112.jpg,
1140638113,/media/product_images/large/1140638113.jpg,/media/product_images/medium/1140638113.jpg,
1140638114,/media/product_images/large/1140638114.jpg,/media/product_images/medium/1140638114.jpg,
1140638115,/media/product_images/large/1140638115.jpg,/media/product_images/medium/1140638115.jpg,
1140638116,/media/product_images/large/1140638116.jpg,/media/product_images/medium/1140638116.jpg,
1140638117,/media/product_images/large/1140638117.jpg,/media/product_images/medium/1140638117.jpg,
1140638118,/media/product_images/large/1140638118.jpg,/media/product_images/medium/1140638118.jpg,
1140638128,/media/product_images/large/1140638128.jpg,/media/product_images/medium/1140638128.jpg,
1140638129,/media/product_images/large/1140638129.jpg,/media/product_images/medium/1140638129.jpg,
1140638130,/media/product_images/large/1140638130.jpg,/media/product_images/medium/1140638130.jpg,
1140638131,/media/product_images/large/1140638131.jpg,/media/product_images/medium/1140638131.jpg,
1140638132,/media/product_images/large/1140638132.jpg,/media/product_images/medium/1140638132.jpg,
1140638133,/media/product_images/large/1140638133.jpg,/media/product_images/medium/1140638133.jpg,
1140638134,/media/product_images/large/1140638134.jpg,/media/product_images/medium/1140638134.jpg,
1140638135,/media/product_images/large/1140638135.jpg,/media/product_images/medium/1140638135.jpg,
1140638136,/media/product_images/large/1140638136.jpg,/media/product_images/medium/1140638136.jpg,
1140638137,/media/product_images/large/1140638137.jpg,/media/product_images/medium/1140638137.jpg,
1140638138,/media/product_images/large/1140638138.jpg,/media/product_images/medium/1140638138.jpg,
1140638139,/media/product_images/large/1140638139.jpg,/media/product_images/medium/1140638139.jpg,
1140638140,/media/product_images/large/1140638140.jpg,/media/product_images/medium/1140638140.jpg,
1140638141,/media/product_images/large/1140638141.jpg,/media/product_images/medium/1140638141.jpg,
1140638142,/media/product_images/large/1140638142.jpg,/media/product_images/medium/1140638142.jpg,
1140638143,/media/product_images/large/1140638143.jpg,/media/product_images/medium/1140638143.jpg,
1140638144,/media/product_images/large/1140638144.jpg,/media/product_images/medium/1140638144.jpg,
1140638145,/media/product_images/large/1140638145.jpg,/media/product_images/medium/1140638145.jpg,
1140638146,/media/product_images/large/1140638146.jpg,/media/product_images/medium/1140638146.jpg,
1140638147,/media/product_images/large/1140638147.jpg,/media/product_images/medium/1140638147.jpg,
1140638148,/media/product_images/large/1140638148.jpg,/media/product_images/medium/1140638148.jpg,
1140638149,/media/product_images/large/1140638149.jpg,/media/product_images/medium/1140638149.jpg,
1140638150,/media/product_images/large/1140638150.jpg,/media/product_images/medium/1140638150.jpg,
1140638151,/media/product_images/large/1140638151.jpg,/media/product_images/medium/1140638151.jpg,
1140638152,/media/product_images/large/1140638152.jpg,/media/product_images/medium/1140638152.jpg,
1140638153,/media/product_images/large/1140638153.jpg,/media/product_images/medium/1140638153.jpg,
1140638154,/media/product_images/large/1140638154.jpg,/media/product_images/medium/1140638154.jpg,
1140638155,/media/product_images/large/1140638155.jpg,/media/product_images/medium/1140638155.jpg,
1140638156,/media/product_images/large/1140638156.jpg,/media/product_images/medium/1140638156.jpg,
1140638157,/media/product_images/large/1140638157.jpg,/media/product_images/medium/1140638157.jpg,
1140638158,/media/product_images/large/1140638158.jpg,/media/product_images/medium/1140638158.jpg,
1140638159,/media/product_images/large/1140638159.jpg,/media/product_images/medium/1140638159.jpg,
1140638165,/media/product_images/large/1140638165.jpg,/media/product_images/medium/1140638165.jpg,
1140638166,/media/product_images/large/1140638166.jpg,/media/product_images/medium/1140638166.jpg,
1140638167,/media/product_images/large/1140638167.jpg,/media/product_images/medium/1140638167.jpg,
1140638168,/media/product_images/large/1140638168.jpg,/media/product_images/medium/1140638168.jpg,
1140638169,/media/product_images/large/1140638169.jpg,/media/product_images/medium/1140638169.jpg,
1140638170,/media/product_images/large/1140638170.jpg,/media/product_images/medium/1140638170.jpg,
1140638171,/media/product_images/large/1140638171.jpg,/media/product_images/medium/1140638171.jpg,
1140638172,/media/product_images/large/1140638172.jpg,/media/product_images/medium/1140638172.jpg,
1140638173,/media/product_images/large/1140638173.jpg,/media/product_images/medium/1140638173.jpg,
1140638174,/media/product_images/large/1140638174.jpg,/media/product_images/medium/1140638174.jpg,
1140638175,/media/product_images/large/1140638175.jpg,/media/product_images/medium/1140638175.jpg,
1140638176,/media/product_images/large/1140638176.jpg,/media/product_images/medium/1140638176.jpg,
1140638177,/media/product_images/large/1140638177.jpg,/media/product_images/medium/1140638177.jpg,
1140638178,/media/product_images/large/1140638178.jpg,/media/product_images/medium/1140638178.jpg,
1140638179,/media/product_images/large/1140638179.jpg,/media/product_images/medium/1140638179.jpg,
1140638180,/media/product_images/large/1140638180.jpg,/media/product_images/medium/1140638180.jpg,
1140638181,/media/product_images/large/1140638181.jpg,/media/product_images/medium/1140638181.jpg,
1140638186,/media/product_images/large/1140638186.jpg,/media/product_images/medium/1140638186.jpg,
1140638193,/media/product_images/large/1140638193.jpg,/media/product_images/medium/1140638193.jpg,
1140638194,/media/product_images/large/1140638194.jpg,/media/product_images/medium/1140638194.jpg,
1140638197,/media/product_images/large/1140638197.jpg,/media/product_images/medium/1140638197.jpg,
1140638198,/media/product_images/large/1140638198.jpg,/media/product_images/medium/1140638198.jpg,
1140638199,/media/product_images/large/1140638199.jpg,/media/product_images/medium/1140638199.jpg,
1140638200,/media/product_images/large/1140638200.jpg,/media/product_images/medium/1140638200.jpg,
1140638201,/media/product_images/large/1140638201.jpg,/media/product_images/medium/1140638201.jpg,
1140638202,/media/product_images/large/1140638202.jpg,/media/product_images/medium/1140638202.jpg,
1140638203,/media/product_images/large/1140638203.jpg,/media/product_images/medium/1140638203.jpg,
1140638204,/media/product_images/large/1140638204.jpg,/media/product_images/medium/1140638204.jpg,
1140638205,/media/product_images/large/1140638205.jpg,/media/product_images/medium/1140638205.jpg,
1140638206,/media/product_images/large/1140638206.jpg,/media/product_images/medium/1140638206.jpg,
1140638207,/media/product_images/large/1140638207.jpg,/media/product_images/medium/1140638207.jpg,
1140638208,/media/product_images/large/1140638208.jpg,/media/product_images/medium/1140638208.jpg,
1140638209,/media/product_images/large/1140638209.jpg,/media/product_images/medium/1140638209.jpg,
1140638210,/media/product_images/large/1140638210.jpg,/media/product_images/medium/1140638210.jpg,
1140638211,/media/product_images/large/1140638211.jpg,/media/product_images/medium/1140638211.jpg,
1140638212,/media/product_images/large/1140638212.jpg,/media/product_images/medium/1140638212.jpg,
1140638213,/media/product_images/large/1140638213.jpg,/media/product_images/medium/1140638213.jpg,
1140638214,/media/product_images/large/1140638214.jpg,/media/product_images/medium/1140638214.jpg,
1140638215,/media/product_images/large/1140638215.jpg,/media/product_images/medium/1140638215.jpg,
1140638216,/media/product_images/large/1140638216.jpg,/media/product_images/medium/1140638216.jpg,
1140638217,/media/product_images/large/1140638217.jpg,/media/product_images/medium/1140638217.jpg,
1140638218,/media/product_images/large/1140638218.jpg,/media/product_images/medium/1140638218.jpg,
1140638219,/media/product_images/large/1140638219.jpg,/media/product_images/medium/1140638219.jpg,
1140638220,/media/product_images/large/1140638220.jpg,/media/product_images/medium/1140638220.jpg,
1140638221,/media/product_images/large/1140638221.jpg,/media/product_images/medium/1140638221.jpg,
1140638222,/media/product_images/large/1140638222.jpg,/media/product_images/medium/1140638222.jpg,
1140638223,/media/product_images/large/1140638223.jpg,/media/product_images/medium/1140638223.jpg,
1140638224,/media/product_images/large/1140638224.jpg,/media/product_images/medium/1140638224.jpg,
1140638225,/media/product_images/large/1140638225.jpg,/media/product_images/medium/1140638225.jpg,
1140638226,/media/product_images/large/1140638226.jpg,/media/product_images/medium/1140638226.jpg,
1140638227,/media/product_images/large/1140638227.jpg,/media/product_images/medium/1140638227.jpg,
1140638228,/media/product_images/large/1140638228.jpg,/media/product_images/medium/1140638228.jpg,
1140638229,/media/product_images/large/1140638229.jpg,/media/product_images/medium/1140638229.jpg,
1140638316,/media/product_images/large/1140638316.jpg,/media/product_images/medium/1140638316.jpg,
1140638317,/media/product_images/large/1140638317.jpg,/media/product_images/medium/1140638317.jpg,
1140638318,/media/product_images/large/1140638318.jpg,/media/product_images/medium/1140638318.jpg,
1140638319,/media/product_images/large/1140638319.jpg,/media/product_images/medium/1140638319.jpg,
1140638320,/media/product_images/large/1140638320.jpg,/media/product_images/medium/1140638320.jpg,
1140638321,/media/product_images/large/1140638321.jpg,/media/product_images/medium/1140638321.jpg,
1140638322,/media/product_images/large/1140638322.jpg,/media/product_images/medium/1140638322.jpg,
1140638323,/media/product_images/large/1140638323.jpg,/media/product_images/medium/1140638323.jpg,
1140638324,/media/product_images/large/1140638324.jpg,/media/product_images/medium/1140638324.jpg,
1140638325,/media/product_images/large/1140638325.jpg,/media/product_images/medium/1140638325.jpg,
1140638410,/media/product_images/large/1140638410.jpg,/media/product_images/medium/1140638410.jpg,
1140638411,/media/product_images/large/1140638411.jpg,/media/product_images/medium/1140638411.jpg,
1140638412,/media/product_images/large/1140638412.jpg,/media/product_images/medium/1140638412.jpg,
1140638413,/media/product_images/large/1140638413.jpg,/media/product_images/medium/1140638413.jpg,
1140638493,/media/product_images/large/1140638493.jpg,/media/product_images/medium/1140638493.jpg,
1140638494,/media/product_images/large/1140638494.jpg,/media/product_images/medium/1140638494.jpg,
1140638495,/media/product_images/large/1140638495.jpg,/media/product_images/medium/1140638495.jpg,
1140638496,/media/product_images/large/1140638496.jpg,/media/product_images/medium/1140638496.jpg,
1140638497,/media/product_images/large/1140638497.jpg,/media/product_images/medium/1140638497.jpg,
1140638498,/media/product_images/large/1140638498.jpg,/media/product_images/medium/1140638498.jpg,
1140638499,/media/product_images/large/1140638499.jpg,/media/product_images/medium/1140638499.jpg,
1140638500,/media/product_images/large/1140638500.jpg,/media/product_images/medium/1140638500.jpg,
1140638560,/media/product_images/large/1140638560.jpg,/media/product_images/medium/1140638560.jpg,
1140638561,/media/product_images/large/1140638561.jpg,/media/product_images/medium/1140638561.jpg,
1140638562,/media/product_images/large/1140638562.jpg,/media/product_images/medium/1140638562.jpg,
1140638563,/media/product_images/large/1140638563.jpg,/media/product_images/medium/1140638563.jpg,
1140638564,/media/product_images/large/1140638564.jpg,/media/product_images/medium/1140638564.jpg,
1140638566,/media/product_images/large/1140638566.jpg,/media/product_images/medium/1140638566.jpg,
1140638567,/media/product_images/large/1140638567.jpg,/media/product_images/medium/1140638567.jpg,
1140638568,/media/product_images/large/1140638568.jpg,/media/product_images/medium/1140638568.jpg,
1140638569,/media/product_images/large/1140638569.jpg,/media/product_images/medium/1140638569.jpg,
1140638570,/media/product_images/large/1140638570.jpg,/media/product_images/medium/1140638570.jpg,
1140638571,/media/product_images/large/1140638571.jpg,/media/product_images/medium/1140638571.jpg,
1140638572,/media/product_images/large/1140638572.jpg,/media/product_images/medium/1140638572.jpg,
1140638573,/media/product_images/large/1140638573.jpg,/media/product_images/medium/1140638573.jpg,
1140638574,/media/product_images/large/1140638574.jpg,/media/product_images/medium/1140638574.jpg,
1140638575,/media/product_images/large/1140638575.jpg,/media/product_images/medium/1140638575.jpg,
1140638591,/media/product_images/large/1140638591.jpg,/media/product_images/medium/1140638591.jpg,
1140638592,/media/product_images/large/1140638592.jpg,/media/product_images/medium/1140638592.jpg,
1140638593,/media/product_images/large/1140638593.jpg,/media/product_images/medium/1140638593.jpg,
1140638594,/media/product_images/large/1140638594.jpg,/media/product_images/medium/1140638594.jpg,
1140638595,/media/product_images/large/1140638595.jpg,/media/product_images/medium/1140638595.jpg,
1140638596,/media/product_images/large/1140638596.jpg,/media/product_images/medium/1140638596.jpg,
1140638597,/media/product_images/large/1140638597.jpg,/media/product_images/medium/1140638597.jpg,
1140638598,/media/product_images/large/1140638598.jpg,/media/product_images/medium/1140638598.jpg,
1140638599,/media/product_images/large/1140638599.jpg,/media/product_images/medium/1140638599.jpg,
1140638600,/media/product_images/large/1140638600.jpg,/media/product_images/medium/1140638600.jpg,
1140638601,/media/product_images/large/1140638601.jpg,/media/product_images/medium/1140638601.jpg,
1140638602,/media/product_images/large/1140638602.jpg,/media/product_images/medium/1140638602.jpg,
1140638603,/media/product_images/large/1140638603.jpg,/media/product_images/medium/1140638603.jpg,
1140638648,/media/product_images/large/1140638648.jpg,/media/product_images/medium/1140638648.jpg,
1140638649,/media/product_images/large/1140638649.jpg,/media/product_images/medium/1140638649.jpg,
1140638651,/media/product_images/large/1140638651.jpg,/media/product_images/medium/1140638651.jpg,
1140638652,/media/product_images/large/1140638652.jpg,/media/product_images/medium/1140638652.jpg,
1140638654,/media/product_images/large/1140638654.jpg,/media/product_images/medium/1140638654.jpg,
1140638655,/media/product_images/large/1140638655.jpg,/media/product_images/medium/1140638655.jpg,
1140638803,/media/product_images/large/1140638803.jpg,/media/product_images/medium/1140638803.jpg,
1140638804,/media/product_images/large/1140638804.jpg,/media/product_images/medium/1140638804.jpg,
1140638805,/media/product_images/large/1140638805.jpg,/media/product_images/medium/1140638805.jpg,
1140638810,/media/product_images/large/1140638810.jpg,/media/product_images/medium/1140638810.jpg,
1140638811,/media/product_images/large/1140638811.jpg,/media/product_images/medium/1140638811.jpg,
1140638812,/media/product_images/large/1140638812.jpg,/media/product_images/medium/1140638812.jpg,
1140638813,/media/product_images/large/1140638813.jpg,/media/product_images/medium/1140638813.jpg,
1140639209,/media/product_images/large/1140639209.jpg,/media/product_images/medium/1140639209.jpg,
1140639272,/media/product_images/large/1140639272.jpg,/media/product_images/medium/1140639272.jpg,
1140639273,/media/product_images/large/1140639273.jpg,/media/product_images/medium/1140639273.jpg,
1140639274,/media/product_images/large/1140639274.jpg,/media/product_images/medium/1140639274.jpg,
1140639275,/media/product_images/large/1140639275.jpg,/media/product_images/medium/1140639275.jpg,
1140639625,/media/product_images/large/1140639625.jpg,/media/product_images/medium/1140639625.jpg,
1140639626,/media/product_images/large/1140639626.jpg,/media/product_images/medium/1140639626.jpg,
1140639627,/media/product_images/large/1140639627.jpg,/media/product_images/medium/1140639627.jpg,
1140639628,/media/product_images/large/1140639628.jpg,/media/product_images/medium/1140639628.jpg,
1140639629,/media/product_images/large/1140639629.jpg,/media/product_images/medium/1140639629.jpg,
1140639635,/media/product_images/large/1140639635.jpg,/media/product_images/medium/1140639635.jpg,
1140639641,/media/product_images/large/1140639641.jpg,/media/product_images/medium/1140639641.jpg,
1140639642,/media/product_images/large/1140639642.jpg,/media/product_images/medium/1140639642.jpg,
1140639643,/media/product_images/large/1140639643.jpg,/media/product_images/medium/1140639643.jpg,
1140639644,/media/product_images/large/1140639644.jpg,/media/product_images/medium/1140639644.jpg,
1140639645,/media/product_images/large/1140639645.jpg,/media/product_images/medium/1140639645.jpg,
1140639646,/media/product_images/large/1140639646.jpg,/media/product_images/medium/1140639646.jpg,
1140639647,/media/product_images/large/1140639647.jpg,/media/product_images/medium/1140639647.jpg,
1140639648,/media/product_images/large/1140639648.jpg,/media/product_images/medium/1140639648.jpg,
1140639649,/media/product_images/large/1140639649.jpg,/media/product_images/medium/1140639649.jpg,
1140639787,/media/product_images/large/1140639787.jpg,/media/product_images/medium/1140639787.jpg,
1140640138,/media/product_images/large/1140640138.jpg,/media/product_images/medium/1140640138.jpg,
1140640221,/media/product_images/large/1140640221.jpg,/media/product_images/medium/1140640221.jpg,
1140640222,/media/product_images/large/1140640222.jpg,/media/product_images/medium/1140640222.jpg,
1140640223,/media/product_images/large/1140640223.jpg,/media/product_images/medium/1140640223.jpg,
1140640224,/media/product_images/large/1140640224.jpg,/media/product_images/medium/1140640224.jpg,
1140640225,/media/product_images/large/1140640225.jpg,/media/product_images/medium/1140640225.jpg,
1140640226,/media/product_images/large/1140640226.jpg,/media/product_images/medium/1140640226.jpg,
1140640227,/media/product_images/large/1140640227.jpg,/media/product_images/medium/1140640227.jpg,
1140640228,/media/product_images/large/1140640228.jpg,/media/product_images/medium/1140640228.jpg,
1140640229,/media/product_images/large/1140640229.jpg,/media/product_images/medium/1140640229.jpg,
1140640230,/media/product_images/large/1140640230.jpg,/media/product_images/medium/1140640230.jpg,
1140640271,/media/product_images/large/1140640271.jpg,/media/product_images/medium/1140640271.jpg,
1140640272,/media/product_images/large/1140640272.jpg,/media/product_images/medium/1140640272.jpg,
1140640273,/media/product_images/large/1140640273.jpg,/media/product_images/medium/1140640273.jpg,
1140640274,/media/product_images/large/1140640274.jpg,/media/product_images/medium/1140640274.jpg,
1140640275,/media/product_images/large/1140640275.jpg,/media/product_images/medium/1140640275.jpg,
1140640293,/media/product_images/large/1140640293.jpg,/media/product_images/medium/1140640293.jpg,
1140640294,/media/product_images/large/1140640294.jpg,/media/product_images/medium/1140640294.jpg,
1140640448,/media/product_images/large/1140640448.jpg,/media/product_images/medium/1140640448.jpg,
1140640449,/media/product_images/large/1140640449.jpg,/media/product_images/medium/1140640449.jpg,
1140640450,/media/product_images/large/1140640450.jpg,/media/product_images/medium/1140640450.jpg,
1140640451,/media/product_images/large/1140640451.jpg,/media/product_images/medium/1140640451.jpg,
1140640517,/media/product_images/large/1140640517.jpg,/media/product_images/medium/1140640517.jpg,
1140640530,/media/product_images/large/1140640530.jpg,/media/product_images/medium/1140640530.jpg,
1140640531,/media/product_images/large/1140640531.jpg,/media/product_images/medium/1140640531.jpg,
1140640532,/media/product_images/large/1140640532.jpg,/media/product_images/medium/1140640532.jpg,
1140640533,/media/product_images/large/1140640533.jpg,/media/product_images/medium/1140640533.jpg,
1140640534,/media/product_images/large/1140640534.jpg,/media/product_images/medium/1140640534.jpg,
1140640535,/media/product_images/large/1140640535.jpg,/media/product_images/medium/1140640535.jpg,
1140640536,/media/product_images/large/1140640536.jpg,/media/product_images/medium/1140640536.jpg,
1140640537,/media/product_images/large/1140640537.jpg,/media/product_images/medium/1140640537.jpg,
1140640538,/media/product_images/large/1140640538.jpg,/media/product_images/medium/1140640538.jpg,
1140640539,/media/product_images/large/1140640539.jpg,/media/product_images/medium/1140640539.jpg,
1140640540,/media/product_images/large/1140640540.jpg,/media/product_images/medium/1140640540.jpg,
1140640541,/media/product_images/large/1140640541.jpg,/media/product_images/medium/1140640541.jpg,
1140640542,/media/product_images/large/1140640542.jpg,/media/product_images/medium/1140640542.jpg,
1140640543,/media/product_images/large/1140640543.jpg,/media/product_images/medium/1140640543.jpg,
1140640544,/media/product_images/large/1140640544.jpg,/media/product_images/medium/1140640544.jpg,
1140640545,/media/product_images/large/1140640545.jpg,/media/product_images/medium/1140640545.jpg,
1140640546,/media/product_images/large/1140640546.jpg,/media/product_images/medium/1140640546.jpg,
1140640547,/media/product_images/large/1140640547.jpg,/media/product_images/medium/1140640547.jpg,
1140640548,/media/product_images/large/1140640548.jpg,/media/product_images/medium/1140640548.jpg,
1140640549,/media/product_images/large/1140640549.jpg,/media/product_images/medium/1140640549.jpg,
1140640550,/media/product_images/large/1140640550.jpg,/media/product_images/medium/1140640550.jpg,
1140640551,/media/product_images/large/1140640551.jpg,/media/product_images/medium/1140640551.jpg,
1140640559,/media/product_images/large/1140640559.jpg,/media/product_images/medium/1140640559.jpg,
1140640562,/media/product_images/large/1140640562.jpg,/media/product_images/medium/1140640562.jpg,
1140640564,/media/product_images/large/1140640564.jpg,/media/product_images/medium/1140640564.jpg,
1140640565,/media/product_images/large/1140640565.jpg,/media/product_images/medium/1140640565.jpg,
1140640566,/media/product_images/large/1140640566.jpg,/media/product_images/medium/1140640566.jpg,
1140640567,/media/product_images/large/1140640567.jpg,/media/product_images/medium/1140640567.jpg,
1140640568,/media/product_images/large/1140640568.jpg,/media/product_images/medium/1140640568.jpg,
1140640574,/media/product_images/large/1140640574.jpg,/media/product_images/medium/1140640574.jpg,
1140640575,/media/product_images/large/1140640575.jpg,/media/product_images/medium/1140640575.jpg,
1140640576,/media/product_images/large/1140640576.jpg,/media/product_images/medium/1140640576.jpg,
1140640577,/media/product_images/large/1140640577.jpg,/media/product_images/medium/1140640577.jpg,
1140640578,/media/product_images/large/1140640578.jpg,/media/product_images/medium/1140640578.jpg,
1140640580,/media/product_images/large/1140640580.jpg,/media/product_images/medium/1140640580.jpg,
1140640581,/media/product_images/large/1140640581.jpg,/media/product_images/medium/1140640581.jpg,
1140640582,/media/product_images/large/1140640582.jpg,/media/product_images/medium/1140640582.jpg,
1140640585,/media/product_images/large/1140640585.jpg,/media/product_images/medium/1140640585.jpg,
1140640586,/media/product_images/large/1140640586.jpg,/media/product_images/medium/1140640586.jpg,
1140640587,/media/product_images/large/1140640587.jpg,/media/product_images/medium/1140640587.jpg,
1140640588,/media/product_images/large/1140640588.jpg,/media/product_images/medium/1140640588.jpg,
1140640589,/media/product_images/large/1140640589.jpg,/media/product_images/medium/1140640589.jpg,
1140640591,/media/product_images/large/1140640591.jpg,/media/product_images/medium/1140640591.jpg,
1140640592,/media/product_images/large/1140640592.jpg,/media/product_images/medium/1140640592.jpg,
1140640607,/media/product_images/large/1140640607.jpg,/media/product_images/medium/1140640607.jpg,
1140640608,/media/product_images/large/1140640608.jpg,/media/product_images/medium/1140640608.jpg,
1140640610,/media/product_images/large/1140640610.jpg,/media/product_images/medium/1140640610.jpg,
1140640611,/media/product_images/large/1140640611.jpg,/media/product_images/medium/1140640611.jpg,
1140640612,/media/product_images/large/1140640612.jpg,/media/product_images/medium/1140640612.jpg,
1140640613,/media/product_images/large/1140640613.jpg,/media/product_images/medium/1140640613.jpg,
1140640614,/media/product_images/large/1140640614.jpg,/media/product_images/medium/1140640614.jpg,
1140640615,/media/product_images/large/1140640615.jpg,/media/product_images/medium/1140640615.jpg,
1140640616,/media/product_images/large/1140640616.jpg,/media/product_images/medium/1140640616.jpg,
1140640617,/media/product_images/large/1140640617.jpg,/media/product_images/medium/1140640617.jpg,
1140640629,/media/product_images/large/1140640629.jpg,/media/product_images/medium/1140640629.jpg,
1140640631,/media/product_images/large/1140640631.jpg,/media/product_images/medium/1140640631.jpg,
1140640636,/media/product_images/large/1140640636.jpg,/media/product_images/medium/1140640636.jpg,
1140640637,/media/product_images/large/1140640637.jpg,/media/product_images/medium/1140640637.jpg,
1140640638,/media/product_images/large/1140640638.jpg,/media/product_images/medium/1140640638.jpg,
1140640639,/media/product_images/large/1140640639.jpg,/media/product_images/medium/1140640639.jpg,
1140640640,/media/product_images/large/1140640640.jpg,/media/product_images/medium/1140640640.jpg,
1140640641,/media/product_images/large/1140640641.jpg,/media/product_images/medium/1140640641.jpg,
1140640650,/media/product_images/large/1140640650.jpg,/media/product_images/medium/1140640650.jpg,
1140640651,/media/product_images/large/1140640651.jpg,/media/product_images/medium/1140640651.jpg,
1140640652,/media/product_images/large/1140640652.jpg,/media/product_images/medium/1140640652.jpg,
1140640653,/media/product_images/large/1140640653.jpg,/media/product_images/medium/1140640653.jpg,
1140640654,/media/product_images/large/1140640654.jpg,/media/product_images/medium/1140640654.jpg,
1140640655,/media/product_images/large/1140640655.jpg,/media/product_images/medium/1140640655.jpg,
1140640656,/media/product_images/large/1140640656.jpg,/media/product_images/medium/1140640656.jpg,
1140640657,/media/product_images/large/1140640657.jpg,/media/product_images/medium/1140640657.jpg,
1140640658,/media/product_images/large/1140640658.jpg,/media/product_images/medium/1140640658.jpg,
1140640659,/media/product_images/large/1140640659.jpg,/media/product_images/medium/1140640659.jpg,
1140640660,/media/product_images/large/1140640660.jpg,/media/product_images/medium/1140640660.jpg,
1140640661,/media/product_images/large/1140640661.jpg,/media/product_images/medium/1140640661.jpg,
1140640662,/media/product_images/large/1140640662.jpg,/media/product_images/medium/1140640662.jpg,
1140640666,/media/product_images/large/1140640666.jpg,/media/product_images/medium/1140640666.jpg,
1140640667,/media/product_images/large/1140640667.jpg,/media/product_images/medium/1140640667.jpg,
1140640668,/media/product_images/large/1140640668.jpg,/media/product_images/medium/1140640668.jpg,
1140640669,/media/product_images/large/1140640669.jpg,/media/product_images/medium/1140640669.jpg,
1140640671,/media/product_images/large/1140640671.jpg,/media/product_images/medium/1140640671.jpg,
1140640672,/media/product_images/large/1140640672.jpg,/media/product_images/medium/1140640672.jpg,
1140640673,/media/product_images/large/1140640673.jpg,/media/product_images/medium/1140640673.jpg,
1140640674,/media/product_images/large/1140640674.jpg,/media/product_images/medium/1140640674.jpg,
1140640676,/media/product_images/large/1140640676.jpg,/media/product_images/medium/1140640676.jpg,
1140640677,/media/product_images/large/1140640677.jpg,/media/product_images/medium/1140640677.jpg,
1140640678,/media/product_images/large/1140640678.jpg,/media/product_images/medium/1140640678.jpg,
1140640679,/media/product_images/large/1140640679.jpg,/media/product_images/medium/1140640679.jpg,
1140640687,/media/product_images/large/1140640687.jpg,/media/product_images/medium/1140640687.jpg,
1140640688,/media/product_images/large/1140640688.jpg,/media/product_images/medium/1140640688.jpg,
1140640689,/media/product_images/large/1140640689.jpg,/media/product_images/medium/1140640689.jpg,
1140640690,/media/product_images/large/1140640690.jpg,/media/product_images/medium/1140640690.jpg,
1140640691,/media/product_images/large/1140640691.jpg,/media/product_images/medium/1140640691.jpg,
1140640692,/media/product_images/large/1140640692.jpg,/media/product_images/medium/1140640692.jpg,
1140640693,/media/product_images/large/1140640693.jpg,/media/product_images/medium/1140640693.jpg,
1140640694,/media/product_images/large/1140640694.jpg,/media/product_images/medium/1140640694.jpg,
1140640695,/media/product_images/large/1140640695.jpg,/media/product_images/medium/1140640695.jpg,
1140640696,/media/product_images/large/1140640696.jpg,/media/product_images/medium/1140640696.jpg,
1140640697,/media/product_images/large/1140640697.jpg,/media/product_images/medium/1140640697.jpg,
1140640698,/media/product_images/large/1140640698.jpg,/media/product_images/medium/1140640698.jpg,
1140640700,/media/product_images/large/1140640700.jpg,/media/product_images/medium/1140640700.jpg,
1140640701,/media/product_images/large/1140640701.jpg,/media/product_images/medium/1140640701.jpg,
1140640702,/media/product_images/large/1140640702.jpg,/media/product_images/medium/1140640702.jpg,
1140640703,/media/product_images/large/1140640703.jpg,/media/product_images/medium/1140640703.jpg,
1140640707,/media/product_images/large/1140640707.jpg,/media/product_images/medium/1140640707.jpg,
1140640708,/media/product_images/large/1140640708.jpg,/media/product_images/medium/1140640708.jpg,
1140640709,/media/product_images/large/1140640709.jpg,/media/product_images/medium/1140640709.jpg,
1140640710,/media/product_images/large/1140640710.jpg,/media/product_images/medium/1140640710.jpg,
1140640711,/media/product_images/large/1140640711.jpg,/media/product_images/medium/1140640711.jpg,
1140640712,/media/product_images/large/1140640712.jpg,/media/product_images/medium/1140640712.jpg,
1140640713,/media/product_images/large/1140640713.jpg,/media/product_images/medium/1140640713.jpg,
1140640714,/media/product_images/large/1140640714.jpg,/media/product_images/medium/1140640714.jpg,
1140640715,/media/product_images/large/1140640715.jpg,/media/product_images/medium/1140640715.jpg,
1140640716,/media/product_images/large/1140640716.jpg,/media/product_images/medium/1140640716.jpg,
1140640717,/media/product_images/large/1140640717.jpg,/media/product_images/medium/1140640717.jpg,
1140640718,/media/product_images/large/1140640718.jpg,/media/product_images/medium/1140640718.jpg,
1140640719,/media/product_images/large/1140640719.jpg,/media/product_images/medium/1140640719.jpg,
1140640721,/media/product_images/large/1140640721.jpg,/media/product_images/medium/1140640721.jpg,
1140640722,/media/product_images/large/1140640722.jpg,/media/product_images/medium/1140640722.jpg,
1140640725,/media/product_images/large/1140640725.jpg,/media/product_images/medium/1140640725.jpg,
1140640726,/media/product_images/large/1140640726.jpg,/media/product_images/medium/1140640726.jpg,
1140640731,/media/product_images/large/1140640731.jpg,/media/product_images/medium/1140640731.jpg,
1140640732,/media/product_images/large/1140640732.jpg,/media/product_images/medium/1140640732.jpg,
1140640733,/media/product_images/large/1140640733.jpg,/media/product_images/medium/1140640733.jpg,
1140640734,/media/product_images/large/1140640734.jpg,/media/product_images/medium/1140640734.jpg,
1140640735,/media/product_images/large/1140640735.jpg,/media/product_images/medium/1140640735.jpg,
1140640736,/media/product_images/large/1140640736.jpg,/media/product_images/medium/1140640736.jpg,
1140640737,/media/product_images/large/1140640737.jpg,/media/product_images/medium/1140640737.jpg,
1140640738,/media/product_images/large/1140640738.jpg,/media/product_images/medium/1140640738.jpg,
1140640739,/media/product_images/large/1140640739.jpg,/media/product_images/medium/1140640739.jpg,
1140640745,/media/product_images/large/1140640745.jpg,/media/product_images/medium/1140640745.jpg,
1140640746,/media/product_images/large/1140640746.jpg,/media/product_images/medium/1140640746.jpg,
1140640747,/media/product_images/large/1140640747.jpg,/media/product_images/medium/1140640747.jpg,
1140640748,/media/product_images/large/1140640748.jpg,/media/product_images/medium/1140640748.jpg,
1140640765,/media/product_images/large/1140640765.jpg,/media/product_images/medium/1140640765.jpg,
1140640766,/media/product_images/large/1140640766.jpg,/media/product_images/medium/1140640766.jpg,
1140640767,/media/product_images/large/1140640767.jpg,/media/product_images/medium/1140640767.jpg,
1140640781,/media/product_images/large/1140640781.jpg,/media/product_images/medium/1140640781.jpg,
1140640782,/media/product_images/large/1140640782.jpg,/media/product_images/medium/1140640782.jpg,
1140640783,/media/product_images/large/1140640783.jpg,/media/product_images/medium/1140640783.jpg,
1140640788,/media/product_images/large/1140640788.jpg,/media/product_images/medium/1140640788.jpg,
1140640789,/media/product_images/large/1140640789.jpg,/media/product_images/medium/1140640789.jpg,
1140640791,/media/product_images/large/1140640791.jpg,/media/product_images/medium/1140640791.jpg,
1140640792,/media/product_images/large/1140640792.jpg,/media/product_images/medium/1140640792.jpg,
1140640793,/media/product_images/large/1140640793.jpg,/media/product_images/medium/1140640793.jpg,
1140640795,/media/product_images/large/1140640795.jpg,/media/product_images/medium/1140640795.jpg,
1140640796,/media/product_images/large/1140640796.jpg,/media/product_images/medium/1140640796.jpg,
1140640797,/media/product_images/large/1140640797.jpg,/media/product_images/medium/1140640797.jpg,
1140640798,/media/product_images/large/1140640798.jpg,/media/product_images/medium/1140640798.jpg,
1140640799,/media/product_images/large/1140640799.jpg,/media/product_images/medium/1140640799.jpg,
1140640800,/media/product_images/large/1140640800.jpg,/media/product_images/medium/1140640800.jpg,
1140640801,/media/product_images/large/1140640801.jpg,/media/product_images/medium/1140640801.jpg,
1140640802,/media/product_images/large/1140640802.jpg,/media/product_images/medium/1140640802.jpg,
1140640803,/media/product_images/large/1140640803.jpg,/media/product_images/medium/1140640803.jpg,
1140640804,/media/product_images/large/1140640804.jpg,/media/product_images/medium/1140640804.jpg,
1140640813,/media/product_images/large/1140640813.jpg,/media/product_images/medium/1140640813.jpg,
1140640820,/media/product_images/large/1140640820.jpg,/media/product_images/medium/1140640820.jpg,
1140640821,/media/product_images/large/1140640821.jpg,/media/product_images/medium/1140640821.jpg,
1140640822,/media/product_images/large/1140640822.jpg,/media/product_images/medium/1140640822.jpg,
1140640823,/media/product_images/large/1140640823.jpg,/media/product_images/medium/1140640823.jpg,
1140640824,/media/product_images/large/1140640824.jpg,/media/product_images/medium/1140640824.jpg,
1140640825,/media/product_images/large/1140640825.jpg,/media/product_images/medium/1140640825.jpg,
1140640826,/media/product_images/large/1140640826.jpg,/media/product_images/medium/1140640826.jpg,
1140640827,/media/product_images/large/1140640827.jpg,/media/product_images/medium/1140640827.jpg,
1140640828,/media/product_images/large/1140640828.jpg,/media/product_images/medium/1140640828.jpg,
1140640829,/media/product_images/large/1140640829.jpg,/media/product_images/medium/1140640829.jpg,
1140640830,/media/product_images/large/1140640830.jpg,/media/product_images/medium/1140640830.jpg,
1140640831,/media/product_images/large/1140640831.jpg,/media/product_images/medium/1140640831.jpg,
1140640832,/media/product_images/large/1140640832.jpg,/media/product_images/medium/1140640832.jpg,
1140640833,/media/product_images/large/1140640833.jpg,/media/product_images/medium/1140640833.jpg,
1140640856,/media/product_images/large/1140640856.jpg,/media/product_images/medium/1140640856.jpg,
1140640857,/media/product_images/large/1140640857.jpg,/media/product_images/medium/1140640857.jpg,
1140640858,/media/product_images/large/1140640858.jpg,/media/product_images/medium/1140640858.jpg,
1140641010,/media/product_images/large/1140641010.jpg,/media/product_images/medium/1140641010.jpg,
1140641011,/media/product_images/large/1140641011.jpg,/media/product_images/medium/1140641011.jpg,
1140641012,/media/product_images/large/1140641012.jpg,/media/product_images/medium/1140641012.jpg,
1140641013,/media/product_images/large/1140641013.jpg,/media/product_images/medium/1140641013.jpg,
1140641014,/media/product_images/large/1140641014.jpg,/media/product_images/medium/1140641014.jpg,
1140641015,/media/product_images/large/1140641015.jpg,/media/product_images/medium/1140641015.jpg,
1140641039,/media/product_images/large/1140641039.jpg,/media/product_images/medium/1140641039.jpg,
1140641516,/media/product_images/large/1140641516.jpg,/media/product_images/medium/1140641516.jpg,
1140641608,/media/product_images/large/1140641608.jpg,/media/product_images/medium/1140641608.jpg,
1140641609,/media/product_images/large/1140641609.jpg,/media/product_images/medium/1140641609.jpg,
1140641610,/media/product_images/large/1140641610.jpg,/media/product_images/medium/1140641610.jpg,
1140641611,/media/product_images/large/1140641611.jpg,/media/product_images/medium/1140641611.jpg,
1140641612,/media/product_images/large/1140641612.jpg,/media/product_images/medium/1140641612.jpg,
1140641613,/media/product_images/large/1140641613.jpg,/media/product_images/medium/1140641613.jpg,
1140641614,/media/product_images/large/1140641614.jpg,/media/product_images/medium/1140641614.jpg,
1140641615,/media/product_images/large/1140641615.jpg,/media/product_images/medium/1140641615.jpg,
1140641616,/media/product_images/large/1140641616.jpg,/media/product_images/medium/1140641616.jpg,
1140641617,/media/product_images/large/1140641617.jpg,/media/product_images/medium/1140641617.jpg,
1140641674,/media/product_images/large/1140641674.jpg,/media/product_images/medium/1140641674.jpg,
1140641675,/media/product_images/large/1140641675.jpg,/media/product_images/medium/1140641675.jpg,
1140641679,/media/product_images/large/1140641679.jpg,/media/product_images/medium/1140641679.jpg,
1140641680,/media/product_images/large/1140641680.jpg,/media/product_images/medium/1140641680.jpg,
1140641706,/media/product_images/large/1140641706.jpg,/media/product_images/medium/1140641706.jpg,
1140641707,/media/product_images/large/1140641707.jpg,/media/product_images/medium/1140641707.jpg,
1140641708,/media/product_images/large/1140641708.jpg,/media/product_images/medium/1140641708.jpg,
1140641709,/media/product_images/large/1140641709.jpg,/media/product_images/medium/1140641709.jpg,
1140641723,/media/product_images/large/1140641723.jpg,/media/product_images/medium/1140641723.jpg,
1140641724,/media/product_images/large/1140641724.jpg,/media/product_images/medium/1140641724.jpg,
1140641744,/media/product_images/large/1140641744.jpg,/media/product_images/medium/1140641744.jpg,
1140641776,/media/product_images/large/1140641776.jpg,/media/product_images/medium/1140641776.jpg,
1140641777,/media/product_images/large/1140641777.jpg,/media/product_images/medium/1140641777.jpg,
1140641807,/media/product_images/large/1140641807.jpg,/media/product_images/medium/1140641807.jpg,
1140641838,/media/product_images/large/1140641838.jpg,/media/product_images/medium/1140641838.jpg,
1140642047,/media/product_images/large/1140642047.jpg,/media/product_images/medium/1140642047.jpg,
1140642048,/media/product_images/large/1140642048.jpg,/media/product_images/medium/1140642048.jpg,
1140642049,/media/product_images/large/1140642049.jpg,/media/product_images/medium/1140642049.jpg,
1140642050,/media/product_images/large/1140642050.jpg,/media/product_images/medium/1140642050.jpg,
1140642051,/media/product_images/large/1140642051.jpg,/media/product_images/medium/1140642051.jpg,
1140642052,/media/product_images/large/1140642052.jpg,/media/product_images/medium/1140642052.jpg,
1140642053,/media/product_images/large/1140642053.jpg,/media/product_images/medium/1140642053.jpg,
1140642054,/media/product_images/large/1140642054.jpg,/media/product_images/medium/1140642054.jpg,
1140642058,/media/product_images/large/1140642058.jpg,/media/product_images/medium/1140642058.jpg,
1140642059,/media/product_images/large/1140642059.jpg,/media/product_images/medium/1140642059.jpg,
1140642071,/media/product_images/large/1140642071.jpg,/media/product_images/medium/1140642071.jpg,
1140642072,/media/product_images/large/1140642072.jpg,/media/product_images/medium/1140642072.jpg,
1140642073,/media/product_images/large/1140642073.jpg,/media/product_images/medium/1140642073.jpg,
1140642074,/media/product_images/large/1140642074.jpg,/media/product_images/medium/1140642074.jpg,
1140642075,/media/product_images/large/1140642075.jpg,/media/product_images/medium/1140642075.jpg,
1140642076,/media/product_images/large/1140642076.jpg,/media/product_images/medium/1140642076.jpg,
1140642077,/media/product_images/large/1140642077.jpg,/media/product_images/medium/1140642077.jpg,
1140642078,/media/product_images/large/1140642078.jpg,/media/product_images/medium/1140642078.jpg,
1140642079,/media/product_images/large/1140642079.jpg,/media/product_images/medium/1140642079.jpg,
1140642080,/media/product_images/large/1140642080.jpg,/media/product_images/medium/1140642080.jpg,
1140642081,/media/product_images/large/1140642081.jpg,/media/product_images/medium/1140642081.jpg,
1140642082,/media/product_images/large/1140642082.jpg,/media/product_images/medium/1140642082.jpg,
1140642083,/media/product_images/large/1140642083.jpg,/media/product_images/medium/1140642083.jpg,
1140642084,/media/product_images/large/1140642084.jpg,/media/product_images/medium/1140642084.jpg,
1140642085,/media/product_images/large/1140642085.jpg,/media/product_images/medium/1140642085.jpg,
1140642086,/media/product_images/large/1140642086.jpg,/media/product_images/medium/1140642086.jpg,
1140642087,/media/product_images/large/1140642087.jpg,/media/product_images/medium/1140642087.jpg,
1140642089,/media/product_images/large/1140642089.jpg,/media/product_images/medium/1140642089.jpg,
1140642090,/media/product_images/large/1140642090.jpg,/media/product_images/medium/1140642090.jpg,
1140642091,/media/product_images/large/1140642091.jpg,/media/product_images/medium/1140642091.jpg,
1140642092,/media/product_images/large/1140642092.jpg,/media/product_images/medium/1140642092.jpg,
1140642093,/media/product_images/large/1140642093.jpg,/media/product_images/medium/1140642093.jpg,
1140642094,/media/product_images/large/1140642094.jpg,/media/product_images/medium/1140642094.jpg,
1140642095,/media/product_images/large/1140642095.jpg,/media/product_images/medium/1140642095.jpg,
1140642096,/media/product_images/large/1140642096.jpg,/media/product_images/medium/1140642096.jpg,
1140642097,/media/product_images/large/1140642097.jpg,/media/product_images/medium/1140642097.jpg,
1140642098,/media/product_images/large/1140642098.jpg,/media/product_images/medium/1140642098.jpg,
1140642099,/media/product_images/large/1140642099.jpg,/media/product_images/medium/1140642099.jpg,
1140642100,/media/product_images/large/1140642100.jpg,/media/product_images/medium/1140642100.jpg,
1140642101,/media/product_images/large/1140642101.jpg,/media/product_images/medium/1140642101.jpg,
1140642102,/media/product_images/large/1140642102.jpg,/media/product_images/medium/1140642102.jpg,
1140642103,/media/product_images/large/1140642103.jpg,/media/product_images/medium/1140642103.jpg,
1140642105,/media/product_images/large/1140642105.jpg,/media/product_images/medium/1140642105.jpg,
1140642106,/media/product_images/large/1140642106.jpg,/media/product_images/medium/1140642106.jpg,
1140642107,/media/product_images/large/1140642107.jpg,/media/product_images/medium/1140642107.jpg,
1140642108,/media/product_images/large/1140642108.jpg,/media/product_images/medium/1140642108.jpg,
1140642109,/media/product_images/large/1140642109.jpg,/media/product_images/medium/1140642109.jpg,
1140642110,/media/product_images/large/1140642110.jpg,/media/product_images/medium/1140642110.jpg,
1140642111,/media/product_images/large/1140642111.jpg,/media/product_images/medium/1140642111.jpg,
1140642112,/media/product_images/large/1140642112.jpg,/media/product_images/medium/1140642112.jpg,
1140642113,/media/product_images/large/1140642113.jpg,/media/product_images/medium/1140642113.jpg,
1140642119,/media/product_images/large/1140642119.jpg,/media/product_images/medium/1140642119.jpg,
1140642120,/media/product_images/large/1140642120.jpg,/media/product_images/medium/1140642120.jpg,
1140642121,/media/product_images/large/1140642121.jpg,/media/product_images/medium/1140642121.jpg,
1140642122,/media/product_images/large/1140642122.jpg,/media/product_images/medium/1140642122.jpg,
1140642123,/media/product_images/large/1140642123.jpg,/media/product_images/medium/1140642123.jpg,
1140642124,/media/product_images/large/1140642124.jpg,/media/product_images/medium/1140642124.jpg,
1140642125,/media/product_images/large/1140642125.jpg,/media/product_images/medium/1140642125.jpg,
1140642126,/media/product_images/large/1140642126.jpg,/media/product_images/medium/1140642126.jpg,
1140642128,/media/product_images/large/1140642128.jpg,/media/product_images/medium/1140642128.jpg,
1140642129,/media/product_images/large/1140642129.jpg,/media/product_images/medium/1140642129.jpg,
1140642130,/media/product_images/large/1140642130.jpg,/media/product_images/medium/1140642130.jpg,
1140642131,/media/product_images/large/1140642131.jpg,/media/product_images/medium/1140642131.jpg,
1140642132,/media/product_images/large/1140642132.jpg,/media/product_images/medium/1140642132.jpg,
1140642133,/media/product_images/large/1140642133.jpg,/media/product_images/medium/1140642133.jpg,
1140642134,/media/product_images/large/1140642134.jpg,/media/product_images/medium/1140642134.jpg,
1140642135,/media/product_images/large/1140642135.jpg,/media/product_images/medium/1140642135.jpg,
1140642136,/media/product_images/large/1140642136.jpg,/media/product_images/medium/1140642136.jpg,
1140642137,/media/product_images/large/1140642137.jpg,/media/product_images/medium/1140642137.jpg,
1140642138,/media/product_images/large/1140642138.jpg,/media/product_images/medium/1140642138.jpg,
1140642140,/media/product_images/large/1140642140.jpg,/media/product_images/medium/1140642140.jpg,
1140642149,/media/product_images/large/1140642149.jpg,/media/product_images/medium/1140642149.jpg,
1140642150,/media/product_images/large/1140642150.jpg,/media/product_images/medium/1140642150.jpg,
1140642151,/media/product_images/large/1140642151.jpg,/media/product_images/medium/1140642151.jpg,
1140642152,/media/product_images/large/1140642152.jpg,/media/product_images/medium/1140642152.jpg,
1140642153,/media/product_images/large/1140642153.jpg,/media/product_images/medium/1140642153.jpg,
1140642154,/media/product_images/large/1140642154.jpg,/media/product_images/medium/1140642154.jpg,
1140642155,/media/product_images/large/1140642155.jpg,/media/product_images/medium/1140642155.jpg,
1140642156,/media/product_images/large/1140642156.jpg,/media/product_images/medium/1140642156.jpg,
1140642157,/media/product_images/large/1140642157.jpg,/media/product_images/medium/1140642157.jpg,
1140642158,/media/product_images/large/1140642158.jpg,/media/product_images/medium/1140642158.jpg,
1140642159,/media/product_images/large/1140642159.jpg,/media/product_images/medium/1140642159.jpg,
1140642160,/media/product_images/large/1140642160.jpg,/media/product_images/medium/1140642160.jpg,
1140642161,/media/product_images/large/1140642161.jpg,/media/product_images/medium/1140642161.jpg,
1140642162,/media/product_images/large/1140642162.jpg,/media/product_images/medium/1140642162.jpg,
1140642163,/media/product_images/large/1140642163.jpg,/media/product_images/medium/1140642163.jpg,
1140642164,/media/product_images/large/1140642164.jpg,/media/product_images/medium/1140642164.jpg,
1140642165,/media/product_images/large/1140642165.jpg,/media/product_images/medium/1140642165.jpg,
1140642348,/media/product_images/large/1140642348.jpg,/media/product_images/medium/1140642348.jpg,
1140642382,/media/product_images/large/1140642382.jpg,/media/product_images/medium/1140642382.jpg,
1140642385,/media/product_images/large/1140642385.jpg,/media/product_images/medium/1140642385.jpg,
1140642400,/media/product_images/large/1140642400.jpg,/media/product_images/medium/1140642400.jpg,
1140642405,/media/product_images/large/1140642405.jpg,/media/product_images/medium/1140642405.jpg,
1140642422,/media/product_images/large/1140642422.jpg,/media/product_images/medium/1140642422.jpg,
1140642423,/media/product_images/large/1140642423.jpg,/media/product_images/medium/1140642423.jpg,
1140642424,/media/product_images/large/1140642424.jpg,/media/product_images/medium/1140642424.jpg,
1140642425,/media/product_images/large/1140642425.jpg,/media/product_images/medium/1140642425.jpg,
1140642656,/media/product_images/large/1140642656.jpg,/media/product_images/medium/1140642656.jpg,
1140642657,/media/product_images/large/1140642657.jpg,/media/product_images/medium/1140642657.jpg,
1140642659,/media/product_images/large/1140642659.jpg,/media/product_images/medium/1140642659.jpg,
1140643675,/media/product_images/large/1140643675.jpg,/media/product_images/medium/1140643675.jpg,
1140643676,/media/product_images/large/1140643676.jpg,/media/product_images/medium/1140643676.jpg,
1140643677,/media/product_images/large/1140643677.jpg,/media/product_images/medium/1140643677.jpg,
1140643678,/media/product_images/large/1140643678.jpg,/media/product_images/medium/1140643678.jpg,
1140643679,/media/product_images/large/1140643679.jpg,/media/product_images/medium/1140643679.jpg,
1140643680,/media/product_images/large/1140643680.jpg,/media/product_images/medium/1140643680.jpg,
1140643841,/media/product_images/large/1140643841.jpg,/media/product_images/medium/1140643841.jpg,
1140643842,/media/product_images/large/1140643842.jpg,/media/product_images/medium/1140643842.jpg,
1140643843,/media/product_images/large/1140643843.jpg,/media/product_images/medium/1140643843.jpg,
1140643905,/media/product_images/large/1140643905.jpg,/media/product_images/medium/1140643905.jpg,
1140643906,/media/product_images/large/1140643906.jpg,/media/product_images/medium/1140643906.jpg,
1140643907,/media/product_images/large/1140643907.jpg,/media/product_images/medium/1140643907.jpg,
1140643912,/media/product_images/large/1140643912.jpg,/media/product_images/medium/1140643912.jpg,
1140643913,/media/product_images/large/1140643913.jpg,/media/product_images/medium/1140643913.jpg,
1140644733,/media/product_images/large/1140644733.jpg,/media/product_images/medium/1140644733.jpg,
1140644734,/media/product_images/large/1140644734.jpg,/media/product_images/medium/1140644734.jpg,
1140644735,/media/product_images/large/1140644735.jpg,/media/product_images/medium/1140644735.jpg,
1140644736,/media/product_images/large/1140644736.jpg,/media/product_images/medium/1140644736.jpg,
1140644737,/media/product_images/large/1140644737.jpg,/media/product_images/medium/1140644737.jpg,
1140644738,/media/product_images/large/1140644738.jpg,/media/product_images/medium/1140644738.jpg,
1140644739,/media/product_images/large/1140644739.jpg,/media/product_images/medium/1140644739.jpg,
1140644740,/media/product_images/large/1140644740.jpg,/media/product_images/medium/1140644740.jpg,
1140644741,/media/product_images/large/1140644741.jpg,/media/product_images/medium/1140644741.jpg,
1140644743,/media/product_images/large/1140644743.jpg,/media/product_images/medium/1140644743.jpg,
1140644744,/media/product_images/large/1140644744.jpg,/media/product_images/medium/1140644744.jpg,
1140645921,/media/product_images/large/1140645921.jpg,/media/product_images/medium/1140645921.jpg,
1140645922,/media/product_images/large/1140645922.jpg,/media/product_images/medium/1140645922.jpg,
1140646006,/media/product_images/large/1140646006.jpg,/media/product_images/medium/1140646006.jpg,
1140646007,/media/product_images/large/1140646007.jpg,/media/product_images/medium/1140646007.jpg,
1140646008,/media/product_images/large/1140646008.jpg,/media/product_images/medium/1140646008.jpg,
1140646009,/media/product_images/large/1140646009.jpg,/media/product_images/medium/1140646009.jpg,
1140646010,/media/product_images/large/1140646010.jpg,/media/product_images/medium/1140646010.jpg,
1140646021,/media/product_images/large/1140646021.jpg,/media/product_images/medium/1140646021.jpg,
1140646025,/media/product_images/large/1140646025.jpg,/media/product_images/medium/1140646025.jpg,
1140646026,/media/product_images/large/1140646026.jpg,/media/product_images/medium/1140646026.jpg,
1140646027,/media/product_images/large/1140646027.jpg,/media/product_images/medium/1140646027.jpg,
1140646393,/media/product_images/large/1140646393.jpg,/media/product_images/medium/1140646393.jpg,
1140646394,/media/product_images/large/1140646394.jpg,/media/product_images/medium/1140646394.jpg,
1140646395,/media/product_images/large/1140646395.jpg,/media/product_images/medium/1140646395.jpg,
1140646396,/media/product_images/large/1140646396.jpg,/media/product_images/medium/1140646396.jpg,
1140646397,/media/product_images/large/1140646397.jpg,/media/product_images/medium/1140646397.jpg,
1140646398,/media/product_images/large/1140646398.jpg,/media/product_images/medium/1140646398.jpg,
1140646399,/media/product_images/large/1140646399.jpg,/media/product_images/medium/1140646399.jpg,
1140646400,/media/product_images/large/1140646400.jpg,/media/product_images/medium/1140646400.jpg,
1140646401,/media/product_images/large/1140646401.jpg,/media/product_images/medium/1140646401.jpg,
1140646763,/media/product_images/large/1140646763.jpg,/media/product_images/medium/1140646763.jpg,
1140646764,/media/product_images/large/1140646764.jpg,/media/product_images/medium/1140646764.jpg,
1140646765,/media/product_images/large/1140646765.jpg,/media/product_images/medium/1140646765.jpg,
1140646766,/media/product_images/large/1140646766.jpg,/media/product_images/medium/1140646766.jpg,
1140646767,/media/product_images/large/1140646767.jpg,/media/product_images/medium/1140646767.jpg,
1140646768,/media/product_images/large/1140646768.jpg,/media/product_images/medium/1140646768.jpg,
1140646769,/media/product_images/large/1140646769.jpg,/media/product_images/medium/1140646769.jpg,
1140646770,/media/product_images/large/1140646770.jpg,/media/product_images/medium/1140646770.jpg,
1140646771,/media/product_images/large/1140646771.jpg,/media/product_images/medium/1140646771.jpg,
1140646772,/media/product_images/large/1140646772.jpg,/media/product_images/medium/1140646772.jpg,
1140646773,/media/product_images/large/1140646773.jpg,/media/product_images/medium/1140646773.jpg,
1140646774,/media/product_images/large/1140646774.jpg,/media/product_images/medium/1140646774.jpg,
1140646775,/media/product_images/large/1140646775.jpg,/media/product_images/medium/1140646775.jpg,
1140646776,/media/product_images/large/1140646776.jpg,/media/product_images/medium/1140646776.jpg,
1140646777,/media/product_images/large/1140646777.jpg,/media/product_images/medium/1140646777.jpg,
1140646778,/media/product_images/large/1140646778.jpg,/media/product_images/medium/1140646778.jpg,
1140646779,/media/product_images/large/1140646779.jpg,/media/product_images/medium/1140646779.jpg,
1140646780,/media/product_images/large/1140646780.jpg,/media/product_images/medium/1140646780.jpg,
1140646781,/media/product_images/large/1140646781.jpg,/media/product_images/medium/1140646781.jpg,
1140646782,/media/product_images/large/1140646782.jpg,/media/product_images/medium/1140646782.jpg,
1140646783,/media/product_images/large/1140646783.jpg,/media/product_images/medium/1140646783.jpg,
1140646784,/media/product_images/large/1140646784.jpg,/media/product_images/medium/1140646784.jpg,
1140646785,/media/product_images/large/1140646785.jpg,/media/product_images/medium/1140646785.jpg,
1140646786,/media/product_images/large/1140646786.jpg,/media/product_images/medium/1140646786.jpg,
1140646787,/media/product_images/large/1140646787.jpg,/media/product_images/medium/1140646787.jpg,
1140646788,/media/product_images/large/1140646788.jpg,/media/product_images/medium/1140646788.jpg,
1140646789,/media/product_images/large/1140646789.jpg,/media/product_images/medium/1140646789.jpg,
1140646794,/media/product_images/large/1140646794.jpg,/media/product_images/medium/1140646794.jpg,
1140646797,/media/product_images/large/1140646797.jpg,/media/product_images/medium/1140646797.jpg,
1140646798,/media/product_images/large/1140646798.jpg,/media/product_images/medium/1140646798.jpg,
1140646799,/media/product_images/large/1140646799.jpg,/media/product_images/medium/1140646799.jpg,
1140646800,/media/product_images/large/1140646800.jpg,/media/product_images/medium/1140646800.jpg,
1140646801,/media/product_images/large/1140646801.jpg,/media/product_images/medium/1140646801.jpg,
1140646802,/media/product_images/large/1140646802.jpg,/media/product_images/medium/1140646802.jpg,
1140646803,/media/product_images/large/1140646803.jpg,/media/product_images/medium/1140646803.jpg,
1140646804,/media/product_images/large/1140646804.jpg,/media/product_images/medium/1140646804.jpg,
1140646805,/media/product_images/large/1140646805.jpg,/media/product_images/medium/1140646805.jpg,
1140646806,/media/product_images/large/1140646806.jpg,/media/product_images/medium/1140646806.jpg,
1140646807,/media/product_images/large/1140646807.jpg,/media/product_images/medium/1140646807.jpg,
1140646808,/media/product_images/large/1140646808.jpg,/media/product_images/medium/1140646808.jpg,
1140646810,/media/product_images/large/1140646810.jpg,/media/product_images/medium/1140646810.jpg,
1140646811,/media/product_images/large/1140646811.jpg,/media/product_images/medium/1140646811.jpg,
1140646812,/media/product_images/large/1140646812.jpg,/media/product_images/medium/1140646812.jpg,
1140646813,/media/product_images/large/1140646813.jpg,/media/product_images/medium/1140646813.jpg,
1140646814,/media/product_images/large/1140646814.jpg,/media/product_images/medium/1140646814.jpg,
1140646816,/media/product_images/large/1140646816.jpg,/media/product_images/medium/1140646816.jpg,
1140646817,/media/product_images/large/1140646817.jpg,/media/product_images/medium/1140646817.jpg,
1140646818,/media/product_images/large/1140646818.jpg,/media/product_images/medium/1140646818.jpg,
1140646820,/media/product_images/large/1140646820.jpg,/media/product_images/medium/1140646820.jpg,
1140646821,/media/product_images/large/1140646821.jpg,/media/product_images/medium/1140646821.jpg,
1140646822,/media/product_images/large/1140646822.jpg,/media/product_images/medium/1140646822.jpg,
1140646823,/media/product_images/large/1140646823.jpg,/media/product_images/medium/1140646823.jpg,
1140646824,/media/product_images/large/1140646824.jpg,/media/product_images/medium/1140646824.jpg,
1140646825,/media/product_images/large/1140646825.jpg,/media/product_images/medium/1140646825.jpg,
1140646826,/media/product_images/large/1140646826.jpg,/media/product_images/medium/1140646826.jpg,
1140646828,/media/product_images/large/1140646828.jpg,/media/product_images/medium/1140646828.jpg,
1140647433,/media/product_images/large/1140647433.jpg,/media/product_images/medium/1140647433.jpg,
1140647434,/media/product_images/large/1140647434.jpg,/media/product_images/medium/1140647434.jpg,
1140647435,/media/product_images/large/1140647435.jpg,/media/product_images/medium/1140647435.jpg,
1140647436,/media/product_images/large/1140647436.jpg,/media/product_images/medium/1140647436.jpg,
1140647437,/media/product_images/large/1140647437.jpg,/media/product_images/medium/1140647437.jpg,
1140647438,/media/product_images/large/1140647438.jpg,/media/product_images/medium/1140647438.jpg,
1140647439,/media/product_images/large/1140647439.jpg,/media/product_images/medium/1140647439.jpg,
1140647440,/media/product_images/large/1140647440.jpg,/media/product_images/medium/1140647440.jpg,
1140647441,/media/product_images/large/1140647441.jpg,/media/product_images/medium/1140647441.jpg,
1140647442,/media/product_images/large/1140647442.jpg,/media/product_images/medium/1140647442.jpg,
1140647443,/media/product_images/large/1140647443.jpg,/media/product_images/medium/1140647443.jpg,
1140647444,/media/product_images/large/1140647444.jpg,/media/product_images/medium/1140647444.jpg,
1140647445,/media/product_images/large/1140647445.jpg,/media/product_images/medium/1140647445.jpg,
1140647446,/media/product_images/large/1140647446.jpg,/media/product_images/medium/1140647446.jpg,
1140647447,/media/product_images/large/1140647447.jpg,/media/product_images/medium/1140647447.jpg,
1140647448,/media/product_images/large/1140647448.jpg,/media/product_images/medium/1140647448.jpg,
1140647452,/media/product_images/large/1140647452.jpg,/media/product_images/medium/1140647452.jpg,
1140647453,/media/product_images/large/1140647453.jpg,/media/product_images/medium/1140647453.jpg,
1140647454,/media/product_images/large/1140647454.jpg,/media/product_images/medium/1140647454.jpg,
1140647455,/media/product_images/large/1140647455.jpg,/media/product_images/medium/1140647455.jpg,
1140647456,/media/product_images/large/1140647456.jpg,/media/product_images/medium/1140647456.jpg,
1140647457,/media/product_images/large/1140647457.jpg,/media/product_images/medium/1140647457.jpg,
1140647458,/media/product_images/large/1140647458.jpg,/media/product_images/medium/1140647458.jpg,
1140647459,/media/product_images/large/1140647459.jpg,/media/product_images/medium/1140647459.jpg,
1140647460,/media/product_images/large/1140647460.jpg,/media/product_images/medium/1140647460.jpg,
1140647461,/media/product_images/large/1140647461.jpg,/media/product_images/medium/1140647461.jpg,
1140647462,/media/product_images/large/1140647462.jpg,/media/product_images/medium/1140647462.jpg,
1140647463,/media/product_images/large/1140647463.jpg,/media/product_images/medium/1140647463.jpg,
1140647471,/media/product_images/large/1140647471.jpg,/media/product_images/medium/1140647471.jpg,
1140647472,/media/product_images/large/1140647472.jpg,/media/product_images/medium/1140647472.jpg,
1140647473,/media/product_images/large/1140647473.jpg,/media/product_images/medium/1140647473.jpg,
1140647474,/media/product_images/large/1140647474.jpg,/media/product_images/medium/1140647474.jpg,
1140647475,/media/product_images/large/1140647475.jpg,/media/product_images/medium/1140647475.jpg,
1140647476,/media/product_images/large/1140647476.jpg,/media/product_images/medium/1140647476.jpg,
1140647477,/media/product_images/large/1140647477.jpg,/media/product_images/medium/1140647477.jpg,
1140647478,/media/product_images/large/1140647478.jpg,/media/product_images/medium/1140647478.jpg,
1140647479,/media/product_images/large/1140647479.jpg,/media/product_images/medium/1140647479.jpg,
1140647480,/media/product_images/large/1140647480.jpg,/media/product_images/medium/1140647480.jpg,
1140647481,/media/product_images/large/1140647481.jpg,/media/product_images/medium/1140647481.jpg,
1140647482,/media/product_images/large/1140647482.jpg,/media/product_images/medium/1140647482.jpg,
1140647483,/media/product_images/large/1140647483.jpg,/media/product_images/medium/1140647483.jpg,
1140647484,/media/product_images/large/1140647484.jpg,/media/product_images/medium/1140647484.jpg,
1140647485,/media/product_images/large/1140647485.jpg,/media/product_images/medium/1140647485.jpg,
1140647486,/media/product_images/large/1140647486.jpg,/media/product_images/medium/1140647486.jpg,
1140647487,/media/product_images/large/1140647487.jpg,/media/product_images/medium/1140647487.jpg,
1140647488,/media/product_images/large/1140647488.jpg,/media/product_images/medium/1140647488.jpg,
1140647489,/media/product_images/large/1140647489.jpg,/media/product_images/medium/1140647489.jpg,
1140647490,/media/product_images/large/1140647490.jpg,/media/product_images/medium/1140647490.jpg,
1140647491,/media/product_images/large/1140647491.jpg,/media/product_images/medium/1140647491.jpg,
1140647492,/media/product_images/large/1140647492.jpg,/media/product_images/medium/1140647492.jpg,
1140647493,/media/product_images/large/1140647493.jpg,/media/product_images/medium/1140647493.jpg,
1140647494,/media/product_images/large/1140647494.jpg,/media/product_images/medium/1140647494.jpg,
1140647495,/media/product_images/large/1140647495.jpg,/media/product_images/medium/1140647495.jpg,
1140647496,/media/product_images/large/1140647496.jpg,/media/product_images/medium/1140647496.jpg,
1140647497,/media/product_images/large/1140647497.jpg,/media/product_images/medium/1140647497.jpg,
1140647498,/media/product_images/large/1140647498.jpg,/media/product_images/medium/1140647498.jpg,
1140647499,/media/product_images/large/1140647499.jpg,/media/product_images/medium/1140647499.jpg,
1140647500,/media/product_images/large/1140647500.jpg,/media/product_images/medium/1140647500.jpg,
1140647501,/media/product_images/large/1140647501.jpg,/media/product_images/medium/1140647501.jpg,
1140647561,/media/product_images/large/1140647561.jpg,/media/product_images/medium/1140647561.jpg,
1140647562,/media/product_images/large/1140647562.jpg,/media/product_images/medium/1140647562.jpg,
1140647563,/media/product_images/large/1140647563.jpg,/media/product_images/medium/1140647563.jpg,
1140647564,/media/product_images/large/1140647564.jpg,/media/product_images/medium/1140647564.jpg,
1140647565,/media/product_images/large/1140647565.jpg,/media/product_images/medium/1140647565.jpg,
1140647566,/media/product_images/large/1140647566.jpg,/media/product_images/medium/1140647566.jpg,
1140647567,/media/product_images/large/1140647567.jpg,/media/product_images/medium/1140647567.jpg,
1140647568,/media/product_images/large/1140647568.jpg,/media/product_images/medium/1140647568.jpg,
1140647569,/media/product_images/large/1140647569.jpg,/media/product_images/medium/1140647569.jpg,
1140647598,/media/product_images/large/1140647598.jpg,/media/product_images/medium/1140647598.jpg,
1140647599,/media/product_images/large/1140647599.jpg,/media/product_images/medium/1140647599.jpg,
1140647731,/media/product_images/large/1140647731.jpg,/media/product_images/medium/1140647731.jpg,
1140647732,/media/product_images/large/1140647732.jpg,/media/product_images/medium/1140647732.jpg,
1140647733,/media/product_images/large/1140647733.jpg,/media/product_images/medium/1140647733.jpg,
1140647734,/media/product_images/large/1140647734.jpg,/media/product_images/medium/1140647734.jpg,
1140647735,/media/product_images/large/1140647735.jpg,/media/product_images/medium/1140647735.jpg,
1140647736,/media/product_images/large/1140647736.jpg,/media/product_images/medium/1140647736.jpg,
1140647943,/media/product_images/large/1140647943.jpg,/media/product_images/medium/1140647943.jpg,
1140647944,/media/product_images/large/1140647944.jpg,/media/product_images/medium/1140647944.jpg,
1140647945,/media/product_images/large/1140647945.jpg,/media/product_images/medium/1140647945.jpg,
1140647946,/media/product_images/large/1140647946.jpg,/media/product_images/medium/1140647946.jpg,
1140647947,/media/product_images/large/1140647947.jpg,/media/product_images/medium/1140647947.jpg,
1140647948,/media/product_images/large/1140647948.jpg,/media/product_images/medium/1140647948.jpg,
1140647949,/media/product_images/large/1140647949.jpg,/media/product_images/medium/1140647949.jpg,
1140647950,/media/product_images/large/1140647950.jpg,/media/product_images/medium/1140647950.jpg,
1140647951,/media/product_images/large/1140647951.jpg,/media/product_images/medium/1140647951.jpg,
1140647952,/media/product_images/large/1140647952.jpg,/media/product_images/medium/1140647952.jpg,
1140647953,/media/product_images/large/1140647953.jpg,/media/product_images/medium/1140647953.jpg,
1140647954,/media/product_images/large/1140647954.jpg,/media/product_images/medium/1140647954.jpg,
1140648306,/media/product_images/large/1140648306.jpg,/media/product_images/medium/1140648306.jpg,
1140648307,/media/product_images/large/1140648307.jpg,/media/product_images/medium/1140648307.jpg,
1140648308,/media/product_images/large/1140648308.jpg,/media/product_images/medium/1140648308.jpg,
1140648309,/media/product_images/large/1140648309.jpg,/media/product_images/medium/1140648309.jpg,
1140648310,/media/product_images/large/1140648310.jpg,/media/product_images/medium/1140648310.jpg,
1140648311,/media/product_images/large/1140648311.jpg,/media/product_images/medium/1140648311.jpg,
1140648312,/media/product_images/large/1140648312.jpg,/media/product_images/medium/1140648312.jpg,
1140648314,/media/product_images/large/1140648314.jpg,/media/product_images/medium/1140648314.jpg,
1140648315,/media/product_images/large/1140648315.jpg,/media/product_images/medium/1140648315.jpg,
1140648347,/media/product_images/large/1140648347.jpg,/media/product_images/medium/1140648347.jpg,
1140648348,/media/product_images/large/1140648348.jpg,/media/product_images/medium/1140648348.jpg,
1140648349,/media/product_images/large/1140648349.jpg,/media/product_images/medium/1140648349.jpg,
1140648350,/media/product_images/large/1140648350.jpg,/media/product_images/medium/1140648350.jpg,
1140648357,/media/product_images/large/1140648357.jpg,/media/product_images/medium/1140648357.jpg,
1140648358,/media/product_images/large/1140648358.jpg,/media/product_images/medium/1140648358.jpg,
1140648359,/media/product_images/large/1140648359.jpg,/media/product_images/medium/1140648359.jpg,
1140648361,/media/product_images/large/1140648361.jpg,/media/product_images/medium/1140648361.jpg,
1140648368,/media/product_images/large/1140648368.jpg,/media/product_images/medium/1140648368.jpg,
1140648845,/media/product_images/large/1140648845.jpg,/media/product_images/medium/1140648845.jpg,
1140648846,/media/product_images/large/1140648846.jpg,/media/product_images/medium/1140648846.jpg,
1140648847,/media/product_images/large/1140648847.jpg,/media/product_images/medium/1140648847.jpg,
1140648904,/media/product_images/large/1140648904.jpg,/media/product_images/medium/1140648904.jpg,
1140648905,/media/product_images/large/1140648905.jpg,/media/product_images/medium/1140648905.jpg,
1140648906,/media/product_images/large/1140648906.jpg,/media/product_images/medium/1140648906.jpg,
1140648907,/media/product_images/large/1140648907.jpg,/media/product_images/medium/1140648907.jpg,
1140648908,/media/product_images/large/1140648908.jpg,/media/product_images/medium/1140648908.jpg,
1140648909,/media/product_images/large/1140648909.jpg,/media/product_images/medium/1140648909.jpg,
1140648910,/media/product_images/large/1140648910.jpg,/media/product_images/medium/1140648910.jpg,
1140648911,/media/product_images/large/1140648911.jpg,/media/product_images/medium/1140648911.jpg,
1140648912,/media/product_images/large/1140648912.jpg,/media/product_images/medium/1140648912.jpg,
1140648913,/media/product_images/large/1140648913.jpg,/media/product_images/medium/1140648913.jpg,
1140648914,/media/product_images/large/1140648914.jpg,/media/product_images/medium/1140648914.jpg,
1140648915,/media/product_images/large/1140648915.jpg,/media/product_images/medium/1140648915.jpg,
1140648916,/media/product_images/large/1140648916.jpg,/media/product_images/medium/1140648916.jpg,
1140648917,/media/product_images/large/1140648917.jpg,/media/product_images/medium/1140648917.jpg,
1140648926,/media/product_images/large/1140648926.jpg,/media/product_images/medium/1140648926.jpg,
1140648927,/media/product_images/large/1140648927.jpg,/media/product_images/medium/1140648927.jpg,
1140648928,/media/product_images/large/1140648928.jpg,/media/product_images/medium/1140648928.jpg,
1140648929,/media/product_images/large/1140648929.jpg,/media/product_images/medium/1140648929.jpg,
1140648931,/media/product_images/large/1140648931.jpg,/media/product_images/medium/1140648931.jpg,
1140648932,/media/product_images/large/1140648932.jpg,/media/product_images/medium/1140648932.jpg,
1140648934,/media/product_images/large/1140648934.jpg,/media/product_images/medium/1140648934.jpg,
1140648935,/media/product_images/large/1140648935.jpg,/media/product_images/medium/1140648935.jpg,
1140648937,/media/product_images/large/1140648937.jpg,/media/product_images/medium/1140648937.jpg,
1140648938,/media/product_images/large/1140648938.jpg,/media/product_images/medium/1140648938.jpg,
1140648939,/media/product_images/large/1140648939.jpg,/media/product_images/medium/1140648939.jpg,
1140648940,/media/product_images/large/1140648940.jpg,/media/product_images/medium/1140648940.jpg,
1140648941,/media/product_images/large/1140648941.jpg,/media/product_images/medium/1140648941.jpg,
1140648942,/media/product_images/large/1140648942.jpg,/media/product_images/medium/1140648942.jpg,
1140648943,/media/product_images/large/1140648943.jpg,/media/product_images/medium/1140648943.jpg,
1140649023,/media/product_images/large/1140649023.jpg,/media/product_images/medium/1140649023.jpg,
1140649129,/media/product_images/large/1140649129.jpg,/media/product_images/medium/1140649129.jpg,
1140649130,/media/product_images/large/1140649130.jpg,/media/product_images/medium/1140649130.jpg,
1140649131,/media/product_images/large/1140649131.jpg,/media/product_images/medium/1140649131.jpg,
1140649132,/media/product_images/large/1140649132.jpg,/media/product_images/medium/1140649132.jpg,
1140649133,/media/product_images/large/1140649133.jpg,/media/product_images/medium/1140649133.jpg,
1140649134,/media/product_images/large/1140649134.jpg,/media/product_images/medium/1140649134.jpg,
1140649135,/media/product_images/large/1140649135.jpg,/media/product_images/medium/1140649135.jpg,
1140649136,/media/product_images/large/1140649136.jpg,/media/product_images/medium/1140649136.jpg,
1140649137,/media/product_images/large/1140649137.jpg,/media/product_images/medium/1140649137.jpg,
1140649138,/media/product_images/large/1140649138.jpg,/media/product_images/medium/1140649138.jpg,
1140649139,/media/product_images/large/1140649139.jpg,/media/product_images/medium/1140649139.jpg,
1140649140,/media/product_images/large/1140649140.jpg,/media/product_images/medium/1140649140.jpg,
1140649141,/media/product_images/large/1140649141.jpg,/media/product_images/medium/1140649141.jpg,
1140649142,/media/product_images/large/1140649142.jpg,/media/product_images/medium/1140649142.jpg,
1140649143,/media/product_images/large/1140649143.jpg,/media/product_images/medium/1140649143.jpg,
1140649144,/media/product_images/large/1140649144.jpg,/media/product_images/medium/1140649144.jpg,
1140649145,/media/product_images/large/1140649145.jpg,/media/product_images/medium/1140649145.jpg,
1140649146,/media/product_images/large/1140649146.jpg,/media/product_images/medium/1140649146.jpg,
1140649147,/media/product_images/large/1140649147.jpg,/media/product_images/medium/1140649147.jpg,
1140649148,/media/product_images/large/1140649148.jpg,/media/product_images/medium/1140649148.jpg,
1140649149,/media/product_images/large/1140649149.jpg,/media/product_images/medium/1140649149.jpg,
1140649150,/media/product_images/large/1140649150.jpg,/media/product_images/medium/1140649150.jpg,
1140649218,/media/product_images/large/1140649218.jpg,/media/product_images/medium/1140649218.jpg,
1140649410,/media/product_images/large/1140649410.jpg,/media/product_images/medium/1140649410.jpg,
1140649411,/media/product_images/large/1140649411.jpg,/media/product_images/medium/1140649411.jpg,
1140649677,/media/product_images/large/1140649677.jpg,/media/product_images/medium/1140649677.jpg,
1140651129,/media/product_images/large/1140651129.jpg,/media/product_images/medium/1140651129.jpg,
1140651130,/media/product_images/large/1140651130.jpg,/media/product_images/medium/1140651130.jpg,
1140651131,/media/product_images/large/1140651131.jpg,/media/product_images/medium/1140651131.jpg,
1140651132,/media/product_images/large/1140651132.jpg,/media/product_images/medium/1140651132.jpg,
1140651133,/media/product_images/large/1140651133.jpg,/media/product_images/medium/1140651133.jpg,
1140651134,/media/product_images/large/1140651134.jpg,/media/product_images/medium/1140651134.jpg,
1140651135,/media/product_images/large/1140651135.jpg,/media/product_images/medium/1140651135.jpg,
1140651136,/media/product_images/large/1140651136.jpg,/media/product_images/medium/1140651136.jpg,
1140651137,/media/product_images/large/1140651137.jpg,/media/product_images/medium/1140651137.jpg,
1140651138,/media/product_images/large/1140651138.jpg,/media/product_images/medium/1140651138.jpg,
1140651141,/media/product_images/large/1140651141.jpg,/media/product_images/medium/1140651141.jpg,
1140651142,/media/product_images/large/1140651142.jpg,/media/product_images/medium/1140651142.jpg,
1140651143,/media/product_images/large/1140651143.jpg,/media/product_images/medium/1140651143.jpg,
1140651149,/media/product_images/large/1140651149.jpg,/media/product_images/medium/1140651149.jpg,
1140651153,/media/product_images/large/1140651153.jpg,/media/product_images/medium/1140651153.jpg,
1140651154,/media/product_images/large/1140651154.jpg,/media/product_images/medium/1140651154.jpg,
1140651157,/media/product_images/large/1140651157.jpg,/media/product_images/medium/1140651157.jpg,
1140651158,/media/product_images/large/1140651158.jpg,/media/product_images/medium/1140651158.jpg,
1140651161,/media/product_images/large/1140651161.jpg,/media/product_images/medium/1140651161.jpg,
1140651164,/media/product_images/large/1140651164.jpg,/media/product_images/medium/1140651164.jpg,
1140651165,/media/product_images/large/1140651165.jpg,/media/product_images/medium/1140651165.jpg,
1140651167,/media/product_images/large/1140651167.jpg,/media/product_images/medium/1140651167.jpg,
1140651168,/media/product_images/large/1140651168.jpg,/media/product_images/medium/1140651168.jpg,
1140651323,/media/product_images/large/1140651323.jpg,/media/product_images/medium/1140651323.jpg,
1140651324,/media/product_images/large/1140651324.jpg,/media/product_images/medium/1140651324.jpg,
1140651325,/media/product_images/large/1140651325.jpg,/media/product_images/medium/1140651325.jpg,
1140651326,/media/product_images/large/1140651326.jpg,/media/product_images/medium/1140651326.jpg,
1140651327,/media/product_images/large/1140651327.jpg,/media/product_images/medium/1140651327.jpg,
1140651328,/media/product_images/large/1140651328.jpg,/media/product_images/medium/1140651328.jpg,
1140651329,/media/product_images/large/1140651329.jpg,/media/product_images/medium/1140651329.jpg,
1140651330,/media/product_images/large/1140651330.jpg,/media/product_images/medium/1140651330.jpg,
1140651337,/media/product_images/large/1140651337.jpg,/media/product_images/medium/1140651337.jpg,
1140651338,/media/product_images/large/1140651338.jpg,/media/product_images/medium/1140651338.jpg,
1140651767,/media/product_images/large/1140651767.jpg,/media/product_images/medium/1140651767.jpg,
1140651768,/media/product_images/large/1140651768.jpg,/media/product_images/medium/1140651768.jpg,
1140651769,/media/product_images/large/1140651769.jpg,/media/product_images/medium/1140651769.jpg,
1140651770,/media/product_images/large/1140651770.jpg,/media/product_images/medium/1140651770.jpg,
1140651771,/media/product_images/large/1140651771.jpg,/media/product_images/medium/1140651771.jpg,
1140651791,/media/product_images/large/1140651791.jpg,/media/product_images/medium/1140651791.jpg,
1140651821,/media/product_images/large/1140651821.jpg,/media/product_images/medium/1140651821.jpg,
1140651822,/media/product_images/large/1140651822.jpg,/media/product_images/medium/1140651822.jpg,
1140651823,/media/product_images/large/1140651823.jpg,/media/product_images/medium/1140651823.jpg,
1140651824,/media/product_images/large/1140651824.jpg,/media/product_images/medium/1140651824.jpg,
1140651825,/media/product_images/large/1140651825.jpg,/media/product_images/medium/1140651825.jpg,
1140651826,/media/product_images/large/1140651826.jpg,/media/product_images/medium/1140651826.jpg,
1140651827,/media/product_images/large/1140651827.jpg,/media/product_images/medium/1140651827.jpg,
1140651828,/media/product_images/large/1140651828.jpg,/media/product_images/medium/1140651828.jpg,
1140651829,/media/product_images/large/1140651829.jpg,/media/product_images/medium/1140651829.jpg,
1140651830,/media/product_images/large/1140651830.jpg,/media/product_images/medium/1140651830.jpg,
1140651913,/media/product_images/large/1140651913.jpg,/media/product_images/medium/1140651913.jpg,
1140651914,/media/product_images/large/1140651914.jpg,/media/product_images/medium/1140651914.jpg,
1140651915,/media/product_images/large/1140651915.jpg,/media/product_images/medium/1140651915.jpg,
1140654662,/media/product_images/large/1140654662.jpg,/media/product_images/medium/1140654662.jpg,
1140654663,/media/product_images/large/1140654663.jpg,/media/product_images/medium/1140654663.jpg,
1140654664,/media/product_images/large/1140654664.jpg,/media/product_images/medium/1140654664.jpg,
1140654667,/media/product_images/large/1140654667.jpg,/media/product_images/medium/1140654667.jpg,
1140654668,/media/product_images/large/1140654668.jpg,/media/product_images/medium/1140654668.jpg,
1140654856,/media/product_images/large/1140654856.jpg,/media/product_images/medium/1140654856.jpg,
1140654857,/media/product_images/large/1140654857.jpg,/media/product_images/medium/1140654857.jpg,
1140654860,/media/product_images/large/1140654860.jpg,/media/product_images/medium/1140654860.jpg,
1140654861,/media/product_images/large/1140654861.jpg,/media/product_images/medium/1140654861.jpg,
1140654862,/media/product_images/large/1140654862.jpg,/media/product_images/medium/1140654862.jpg,
1140656069,/media/product_images/large/1140656069.jpg,/media/product_images/medium/1140656069.jpg,
1140656081,/media/product_images/large/1140656081.jpg,/media/product_images/medium/1140656081.jpg,
1140656082,/media/product_images/large/1140656082.jpg,/media/product_images/medium/1140656082.jpg,
1140656083,/media/product_images/large/1140656083.jpg,/media/product_images/medium/1140656083.jpg,
1140656812,/media/product_images/large/1140656812.jpg,/media/product_images/medium/1140656812.jpg,
1140656813,/media/product_images/large/1140656813.jpg,/media/product_images/medium/1140656813.jpg,
1140656814,/media/product_images/large/1140656814.jpg,/media/product_images/medium/1140656814.jpg,
1140656815,/media/product_images/large/1140656815.jpg,/media/product_images/medium/1140656815.jpg,
1140656816,/media/product_images/large/1140656816.jpg,/media/product_images/medium/1140656816.jpg,
1140656818,/media/product_images/large/1140656818.jpg,/media/product_images/medium/1140656818.jpg,
1140656819,/media/product_images/large/1140656819.jpg,/media/product_images/medium/1140656819.jpg,
1140656830,/media/product_images/large/1140656830.jpg,/media/product_images/medium/1140656830.jpg,
1140656831,/media/product_images/large/1140656831.jpg,/media/product_images/medium/1140656831.jpg,
1140656832,/media/product_images/large/1140656832.jpg,/media/product_images/medium/1140656832.jpg,
1140656833,/media/product_images/large/1140656833.jpg,/media/product_images/medium/1140656833.jpg,
1140656834,/media/product_images/large/1140656834.jpg,/media/product_images/medium/1140656834.jpg,
1140656835,/media/product_images/large/1140656835.jpg,/media/product_images/medium/1140656835.jpg,
1140656836,/media/product_images/large/1140656836.jpg,/media/product_images/medium/1140656836.jpg,
1140656839,/media/product_images/large/1140656839.jpg,/media/product_images/medium/1140656839.jpg,
1140656841,/media/product_images/large/1140656841.jpg,/media/product_images/medium/1140656841.jpg,
1140656842,/media/product_images/large/1140656842.jpg,/media/product_images/medium/1140656842.jpg,
1140656843,/media/product_images/large/1140656843.jpg,/media/product_images/medium/1140656843.jpg,
1140656844,/media/product_images/large/1140656844.jpg,/media/product_images/medium/1140656844.jpg,
1140656845,/media/product_images/large/1140656845.jpg,/media/product_images/medium/1140656845.jpg,
1140656846,/media/product_images/large/1140656846.jpg,/media/product_images/medium/1140656846.jpg,
1140656903,/media/product_images/large/1140656903.jpg,/media/product_images/medium/1140656903.jpg,
1140656982,/media/product_images/large/1140656982.jpg,/media/product_images/medium/1140656982.jpg,
1140656983,/media/product_images/large/1140656983.jpg,/media/product_images/medium/1140656983.jpg,
1140656984,/media/product_images/large/1140656984.jpg,/media/product_images/medium/1140656984.jpg,
1140656985,/media/product_images/large/1140656985.jpg,/media/product_images/medium/1140656985.jpg,
1140656986,/media/product_images/large/1140656986.jpg,/media/product_images/medium/1140656986.jpg,
1140656987,/media/product_images/large/1140656987.jpg,/media/product_images/medium/1140656987.jpg,
1140656988,/media/product_images/large/1140656988.jpg,/media/product_images/medium/1140656988.jpg,
1140656989,/media/product_images/large/1140656989.jpg,/media/product_images/medium/1140656989.jpg,
1140656990,/media/product_images/large/1140656990.jpg,/media/product_images/medium/1140656990.jpg,
1140656991,/media/product_images/large/1140656991.jpg,/media/product_images/medium/1140656991.jpg,
1140656992,/media/product_images/large/1140656992.jpg,/media/product_images/medium/1140656992.jpg,
1140656996,/media/product_images/large/1140656996.jpg,/media/product_images/medium/1140656996.jpg,
1140656997,/media/product_images/large/1140656997.jpg,/media/product_images/medium/1140656997.jpg,
1140656998,/media/product_images/large/1140656998.jpg,/media/product_images/medium/1140656998.jpg,
1140657000,/media/product_images/large/1140657000.jpg,/media/product_images/medium/1140657000.jpg,
1140657001,/media/product_images/large/1140657001.jpg,/media/product_images/medium/1140657001.jpg,
1140657003,/media/product_images/large/1140657003.jpg,/media/product_images/medium/1140657003.jpg,
1140657006,/media/product_images/large/1140657006.jpg,/media/product_images/medium/1140657006.jpg,
1140657071,/media/product_images/large/1140657071.jpg,/media/product_images/medium/1140657071.jpg,
1140657072,/media/product_images/large/1140657072.jpg,/media/product_images/medium/1140657072.jpg,
1140657073,/media/product_images/large/1140657073.jpg,/media/product_images/medium/1140657073.jpg,
1140657074,/media/product_images/large/1140657074.jpg,/media/product_images/medium/1140657074.jpg,
1140657075,/media/product_images/large/1140657075.jpg,/media/product_images/medium/1140657075.jpg,
1140657076,/media/product_images/large/1140657076.jpg,/media/product_images/medium/1140657076.jpg,
1140657077,/media/product_images/large/1140657077.jpg,/media/product_images/medium/1140657077.jpg,
1140657078,/media/product_images/large/1140657078.jpg,/media/product_images/medium/1140657078.jpg,
1140657079,/media/product_images/large/1140657079.jpg,/media/product_images/medium/1140657079.jpg,
1140657080,/media/product_images/large/1140657080.jpg,/media/product_images/medium/1140657080.jpg,
1140657081,/media/product_images/large/1140657081.jpg,/media/product_images/medium/1140657081.jpg,
1140657082,/media/product_images/large/1140657082.jpg,/media/product_images/medium/1140657082.jpg,
1140657085,/media/product_images/large/1140657085.jpg,/media/product_images/medium/1140657085.jpg,
1140657086,/media/product_images/large/1140657086.jpg,/media/product_images/medium/1140657086.jpg,
1140657087,/media/product_images/large/1140657087.jpg,/media/product_images/medium/1140657087.jpg,
1140657095,/media/product_images/large/1140657095.jpg,/media/product_images/medium/1140657095.jpg,
1140657096,/media/product_images/large/1140657096.jpg,/media/product_images/medium/1140657096.jpg,
1140657097,/media/product_images/large/1140657097.jpg,/media/product_images/medium/1140657097.jpg,
1140657098,/media/product_images/large/1140657098.jpg,/media/product_images/medium/1140657098.jpg,
1140657113,/media/product_images/large/1140657113.jpg,/media/product_images/medium/1140657113.jpg,
1140657114,/media/product_images/large/1140657114.jpg,/media/product_images/medium/1140657114.jpg,
1140657115,/media/product_images/large/1140657115.jpg,/media/product_images/medium/1140657115.jpg,
1140657116,/media/product_images/large/1140657116.jpg,/media/product_images/medium/1140657116.jpg,
1140657117,/media/product_images/large/1140657117.jpg,/media/product_images/medium/1140657117.jpg,
1140657118,/media/product_images/large/1140657118.jpg,/media/product_images/medium/1140657118.jpg,
1140657119,/media/product_images/large/1140657119.jpg,/media/product_images/medium/1140657119.jpg,
1140657120,/media/product_images/large/1140657120.jpg,/media/product_images/medium/1140657120.jpg,
1140657121,/media/product_images/large/1140657121.jpg,/media/product_images/medium/1140657121.jpg,
1140657122,/media/product_images/large/1140657122.jpg,/media/product_images/medium/1140657122.jpg,
1140657123,/media/product_images/large/1140657123.jpg,/media/product_images/medium/1140657123.jpg,
1140657265,/media/product_images/large/1140657265.jpg,/media/product_images/medium/1140657265.jpg,
1140657266,/media/product_images/large/1140657266.jpg,/media/product_images/medium/1140657266.jpg,
1140657267,/media/product_images/large/1140657267.jpg,/media/product_images/medium/1140657267.jpg,
1140657268,/media/product_images/large/1140657268.jpg,/media/product_images/medium/1140657268.jpg,
1140657269,/media/product_images/large/1140657269.jpg,/media/product_images/medium/1140657269.jpg,
1140657270,/media/product_images/large/1140657270.jpg,/media/product_images/medium/1140657270.jpg,
1140657271,/media/product_images/large/1140657271.jpg,/media/product_images/medium/1140657271.jpg,
1140657272,/media/product_images/large/1140657272.jpg,/media/product_images/medium/1140657272.jpg,
1140657273,/media/product_images/large/1140657273.jpg,/media/product_images/medium/1140657273.jpg,
1140657274,/media/product_images/large/1140657274.jpg,/media/product_images/medium/1140657274.jpg,
1140657275,/media/product_images/large/1140657275.jpg,/media/product_images/medium/1140657275.jpg,
1140657276,/media/product_images/large/1140657276.jpg,/media/product_images/medium/1140657276.jpg,
1140657277,/media/product_images/large/1140657277.jpg,/media/product_images/medium/1140657277.jpg,
1140657278,/media/product_images/large/1140657278.jpg,/media/product_images/medium/1140657278.jpg,
1140657279,/media/product_images/large/1140657279.jpg,/media/product_images/medium/1140657279.jpg,
1140657280,/media/product_images/large/1140657280.jpg,/media/product_images/medium/1140657280.jpg,
1140657281,/media/product_images/large/1140657281.jpg,/media/product_images/medium/1140657281.jpg,
1140657285,/media/product_images/large/1140657285.jpg,/media/product_images/medium/1140657285.jpg,
1140657286,/media/product_images/large/1140657286.jpg,/media/product_images/medium/1140657286.jpg,
1140657287,/media/product_images/large/1140657287.jpg,/media/product_images/medium/1140657287.jpg,
1140657288,/media/product_images/large/1140657288.jpg,/media/product_images/medium/1140657288.jpg,
1140657289,/media/product_images/large/1140657289.jpg,/media/product_images/medium/1140657289.jpg,
1140657292,/media/product_images/large/1140657292.jpg,/media/product_images/medium/1140657292.jpg,
1140657295,/media/product_images/large/1140657295.jpg,/media/product_images/medium/1140657295.jpg,
1140657296,/media/product_images/large/1140657296.jpg,/media/product_images/medium/1140657296.jpg,
1140657297,/media/product_images/large/1140657297.jpg,/media/product_images/medium/1140657297.jpg,
1140657368,/media/product_images/large/1140657368.jpg,/media/product_images/medium/1140657368.jpg,
1140657372,/media/product_images/large/1140657372.jpg,/media/product_images/medium/1140657372.jpg,
1140657373,/media/product_images/large/1140657373.jpg,/media/product_images/medium/1140657373.jpg,
1140657374,/media/product_images/large/1140657374.jpg,/media/product_images/medium/1140657374.jpg,
1140657375,/media/product_images/large/1140657375.jpg,/media/product_images/medium/1140657375.jpg,
1140657376,/media/product_images/large/1140657376.jpg,/media/product_images/medium/1140657376.jpg,
1140657868,/media/product_images/large/1140657868.jpg,/media/product_images/medium/1140657868.jpg,
1140657869,/media/product_images/large/1140657869.jpg,/media/product_images/medium/1140657869.jpg,
1140657870,/media/product_images/large/1140657870.jpg,/media/product_images/medium/1140657870.jpg,
1140657871,/media/product_images/large/1140657871.jpg,/media/product_images/medium/1140657871.jpg,
1140657873,/media/product_images/large/1140657873.jpg,/media/product_images/medium/1140657873.jpg,
1140657874,/media/product_images/large/1140657874.jpg,/media/product_images/medium/1140657874.jpg,
1140657876,/media/product_images/large/1140657876.jpg,/media/product_images/medium/1140657876.jpg,
1140657880,/media/product_images/large/1140657880.jpg,/media/product_images/medium/1140657880.jpg,
1140658024,/media/product_images/large/1140658024.jpg,/media/product_images/medium/1140658024.jpg,
1140658027,/media/product_images/large/1140658027.jpg,/media/product_images/medium/1140658027.jpg,
1140658047,/media/product_images/large/1140658047.jpg,/media/product_images/medium/1140658047.jpg,
1140658054,/media/product_images/large/1140658054.jpg,/media/product_images/medium/1140658054.jpg,
1140658097,/media/product_images/large/1140658097.jpg,/media/product_images/medium/1140658097.jpg,
1140658141,/media/product_images/large/1140658141.jpg,/media/product_images/medium/1140658141.jpg,
1140658142,/media/product_images/large/1140658142.jpg,/media/product_images/medium/1140658142.jpg,
1140658143,/media/product_images/large/1140658143.jpg,/media/product_images/medium/1140658143.jpg,
1140658144,/media/product_images/large/1140658144.jpg,/media/product_images/medium/1140658144.jpg,
1140658145,/media/product_images/large/1140658145.jpg,/media/product_images/medium/1140658145.jpg,
1140658146,/media/product_images/large/1140658146.jpg,/media/product_images/medium/1140658146.jpg,
1140658147,/media/product_images/large/1140658147.jpg,/media/product_images/medium/1140658147.jpg,
1140658151,/media/product_images/large/1140658151.jpg,/media/product_images/medium/1140658151.jpg,
1140658155,/media/product_images/large/1140658155.jpg,/media/product_images/medium/1140658155.jpg,
1140658167,/media/product_images/large/1140658167.jpg,/media/product_images/medium/1140658167.jpg,
1140658168,/media/product_images/large/1140658168.jpg,/media/product_images/medium/1140658168.jpg,
1140658169,/media/product_images/large/1140658169.jpg,/media/product_images/medium/1140658169.jpg,
1140658170,/media/product_images/large/1140658170.jpg,/media/product_images/medium/1140658170.jpg,
1140658172,/media/product_images/large/1140658172.jpg,/media/product_images/medium/1140658172.jpg,
1140658173,/media/product_images/large/1140658173.jpg,/media/product_images/medium/1140658173.jpg,
1140658393,/media/product_images/large/1140658393.jpg,/media/product_images/medium/1140658393.jpg,
1140658394,/media/product_images/large/1140658394.jpg,/media/product_images/medium/1140658394.jpg,
1140658395,/media/product_images/large/1140658395.jpg,/media/product_images/medium/1140658395.jpg,
1140658396,/media/product_images/large/1140658396.jpg,/media/product_images/medium/1140658396.jpg,
1140658397,/media/product_images/large/1140658397.jpg,/media/product_images/medium/1140658397.jpg,
1140658398,/media/product_images/large/1140658398.jpg,/media/product_images/medium/1140658398.jpg,
1140658399,/media/product_images/large/1140658399.jpg,/media/product_images/medium/1140658399.jpg,
1140658400,/media/product_images/large/1140658400.jpg,/media/product_images/medium/1140658400.jpg,
1140658401,/media/product_images/large/1140658401.jpg,/media/product_images/medium/1140658401.jpg,
1140658403,/media/product_images/large/1140658403.jpg,/media/product_images/medium/1140658403.jpg,
1140658404,/media/product_images/large/1140658404.jpg,/media/product_images/medium/1140658404.jpg,
1140658405,/media/product_images/large/1140658405.jpg,/media/product_images/medium/1140658405.jpg,
1140658406,/media/product_images/large/1140658406.jpg,/media/product_images/medium/1140658406.jpg,
1140658407,/media/product_images/large/1140658407.jpg,/media/product_images/medium/1140658407.jpg,
1140658408,/media/product_images/large/1140658408.jpg,/media/product_images/medium/1140658408.jpg,
1140658506,/media/product_images/large/1140658506.jpg,/media/product_images/medium/1140658506.jpg,
1140658507,/media/product_images/large/1140658507.jpg,/media/product_images/medium/1140658507.jpg,
1140658508,/media/product_images/large/1140658508.jpg,/media/product_images/medium/1140658508.jpg,
1140658509,/media/product_images/large/1140658509.jpg,/media/product_images/medium/1140658509.jpg,
1140658510,/media/product_images/large/1140658510.jpg,/media/product_images/medium/1140658510.jpg,
1140658787,/media/product_images/large/1140658787.jpg,/media/product_images/medium/1140658787.jpg,
1140658821,/media/product_images/large/1140658821.jpg,/media/product_images/medium/1140658821.jpg,
1140658822,/media/product_images/large/1140658822.jpg,/media/product_images/medium/1140658822.jpg,
1140658823,/media/product_images/large/1140658823.jpg,/media/product_images/medium/1140658823.jpg,
1140658824,/media/product_images/large/1140658824.jpg,/media/product_images/medium/1140658824.jpg,
1140658825,/media/product_images/large/1140658825.jpg,/media/product_images/medium/1140658825.jpg,
1140658826,/media/product_images/large/1140658826.jpg,/media/product_images/medium/1140658826.jpg,
1140658833,/media/product_images/large/1140658833.jpg,/media/product_images/medium/1140658833.jpg,
1140658839,/media/product_images/large/1140658839.jpg,/media/product_images/medium/1140658839.jpg,
1140658840,/media/product_images/large/1140658840.jpg,/media/product_images/medium/1140658840.jpg,
1140658841,/media/product_images/large/1140658841.jpg,/media/product_images/medium/1140658841.jpg,
1140658850,/media/product_images/large/1140658850.jpg,/media/product_images/medium/1140658850.jpg,
1140658851,/media/product_images/large/1140658851.jpg,/media/product_images/medium/1140658851.jpg,
1140658852,/media/product_images/large/1140658852.jpg,/media/product_images/medium/1140658852.jpg,
1140658853,/media/product_images/large/1140658853.jpg,/media/product_images/medium/1140658853.jpg,
1140658854,/media/product_images/large/1140658854.jpg,/media/product_images/medium/1140658854.jpg,
1140658855,/media/product_images/large/1140658855.jpg,/media/product_images/medium/1140658855.jpg,
1140658929,/media/product_images/large/1140658929.jpg,/media/product_images/medium/1140658929.jpg,
1140658982,/media/product_images/large/1140658982.jpg,/media/product_images/medium/1140658982.jpg,
1140658983,/media/product_images/large/1140658983.jpg,/media/product_images/medium/1140658983.jpg,
1140658984,/media/product_images/large/1140658984.jpg,/media/product_images/medium/1140658984.jpg,
1140658985,/media/product_images/large/1140658985.jpg,/media/product_images/medium/1140658985.jpg,
1140659096,/media/product_images/large/1140659096.jpg,/media/product_images/medium/1140659096.jpg,
1140659097,/media/product_images/large/1140659097.jpg,/media/product_images/medium/1140659097.jpg,
1140659098,/media/product_images/large/1140659098.jpg,/media/product_images/medium/1140659098.jpg,
1140659100,/media/product_images/large/1140659100.jpg,/media/product_images/medium/1140659100.jpg,
1140659101,/media/product_images/large/1140659101.jpg,/media/product_images/medium/1140659101.jpg,
1140659102,/media/product_images/large/1140659102.jpg,/media/product_images/medium/1140659102.jpg,
1140659103,/media/product_images/large/1140659103.jpg,/media/product_images/medium/1140659103.jpg,
1140659104,/media/product_images/large/1140659104.jpg,/media/product_images/medium/1140659104.jpg,
1140659105,/media/product_images/large/1140659105.jpg,/media/product_images/medium/1140659105.jpg,
1140659112,/media/product_images/large/1140659112.jpg,/media/product_images/medium/1140659112.jpg,
1140659416,/media/product_images/large/1140659416.jpg,/media/product_images/medium/1140659416.jpg,
1140659420,/media/product_images/large/1140659420.jpg,/media/product_images/medium/1140659420.jpg,
1140659421,/media/product_images/large/1140659421.jpg,/media/product_images/medium/1140659421.jpg,
1140659577,/media/product_images/large/1140659577.jpg,/media/product_images/medium/1140659577.jpg,
1140659578,/media/product_images/large/1140659578.jpg,/media/product_images/medium/1140659578.jpg,
1140659579,/media/product_images/large/1140659579.jpg,/media/product_images/medium/1140659579.jpg,
1140659580,/media/product_images/large/1140659580.jpg,/media/product_images/medium/1140659580.jpg,
1140659581,/media/product_images/large/1140659581.jpg,/media/product_images/medium/1140659581.jpg,
1140659587,/media/product_images/large/1140659587.jpg,/media/product_images/medium/1140659587.jpg,
1140659591,/media/product_images/large/1140659591.jpg,/media/product_images/medium/1140659591.jpg,
1140659592,/media/product_images/large/1140659592.jpg,/media/product_images/medium/1140659592.jpg,
1140659593,/media/product_images/large/1140659593.jpg,/media/product_images/medium/1140659593.jpg,
1140659594,/media/product_images/large/1140659594.jpg,/media/product_images/medium/1140659594.jpg,
1140659595,/media/product_images/large/1140659595.jpg,/media/product_images/medium/1140659595.jpg,
1140659599,/media/product_images/large/1140659599.jpg,/media/product_images/medium/1140659599.jpg,
1140659600,/media/product_images/large/1140659600.jpg,/media/product_images/medium/1140659600.jpg,
1140659601,/media/product_images/large/1140659601.jpg,/media/product_images/medium/1140659601.jpg,
1140659602,/media/product_images/large/1140659602.jpg,/media/product_images/medium/1140659602.jpg,
1140659603,/media/product_images/large/1140659603.jpg,/media/product_images/medium/1140659603.jpg,
1140659604,/media/product_images/large/1140659604.jpg,/media/product_images/medium/1140659604.jpg,
1140659605,/media/product_images/large/1140659605.jpg,/media/product_images/medium/1140659605.jpg,
1140659606,/media/product_images/large/1140659606.jpg,/media/product_images/medium/1140659606.jpg,
1140659607,/media/product_images/large/1140659607.jpg,/media/product_images/medium/1140659607.jpg,
1140659608,/media/product_images/large/1140659608.jpg,/media/product_images/medium/1140659608.jpg,
1140659609,/media/product_images/large/1140659609.jpg,/media/product_images/medium/1140659609.jpg,
1140659610,/media/product_images/large/1140659610.jpg,/media/product_images/medium/1140659610.jpg,
1140659611,/media/product_images/large/1140659611.jpg,/media/product_images/medium/1140659611.jpg,
1140659612,/media/product_images/large/1140659612.jpg,/media/product_images/medium/1140659612.jpg,
1140659614,/media/product_images/large/1140659614.jpg,/media/product_images/medium/1140659614.jpg,
1140659615,/media/product_images/large/1140659615.jpg,/media/product_images/medium/1140659615.jpg,
1140659616,/media/product_images/large/1140659616.jpg,/media/product_images/medium/1140659616.jpg,
1140659617,/media/product_images/large/1140659617.jpg,/media/product_images/medium/1140659617.jpg,
1140659622,/media/product_images/large/1140659622.jpg,/media/product_images/medium/1140659622.jpg,
1140659629,/media/product_images/large/1140659629.jpg,/media/product_images/medium/1140659629.jpg,
1140659631,/media/product_images/large/1140659631.jpg,/media/product_images/medium/1140659631.jpg,
1140659632,/media/product_images/large/1140659632.jpg,/media/product_images/medium/1140659632.jpg,
1140659633,/media/product_images/large/1140659633.jpg,/media/product_images/medium/1140659633.jpg,
1140659636,/media/product_images/large/1140659636.jpg,/media/product_images/medium/1140659636.jpg,
1140659641,/media/product_images/large/1140659641.jpg,/media/product_images/medium/1140659641.jpg,
1140659645,/media/product_images/large/1140659645.jpg,/media/product_images/medium/1140659645.jpg,
1140659646,/media/product_images/large/1140659646.jpg,/media/product_images/medium/1140659646.jpg,
1140659647,/media/product_images/large/1140659647.jpg,/media/product_images/medium/1140659647.jpg,
1140659648,/media/product_images/large/1140659648.jpg,/media/product_images/medium/1140659648.jpg,
1140659649,/media/product_images/large/1140659649.jpg,/media/product_images/medium/1140659649.jpg,
1140659650,/media/product_images/large/1140659650.jpg,/media/product_images/medium/1140659650.jpg,
1140659651,/media/product_images/large/1140659651.jpg,/media/product_images/medium/1140659651.jpg,
1140659652,/media/product_images/large/1140659652.jpg,/media/product_images/medium/1140659652.jpg,
1140659653,/media/product_images/large/1140659653.jpg,/media/product_images/medium/1140659653.jpg,
1140659654,/media/product_images/large/1140659654.jpg,/media/product_images/medium/1140659654.jpg,
1140659655,/media/product_images/large/1140659655.jpg,/media/product_images/medium/1140659655.jpg,
1140659656,/media/product_images/large/1140659656.jpg,/media/product_images/medium/1140659656.jpg,
1140659657,/media/product_images/large/1140659657.jpg,/media/product_images/medium/1140659657.jpg,
1140659658,/media/product_images/large/1140659658.jpg,/media/product_images/medium/1140659658.jpg,
1140659659,/media/product_images/large/1140659659.jpg,/media/product_images/medium/1140659659.jpg,
1140659660,/media/product_images/large/1140659660.jpg,/media/product_images/medium/1140659660.jpg,
1140659661,/media/product_images/large/1140659661.jpg,/media/product_images/medium/1140659661.jpg,
1140659662,/media/product_images/large/1140659662.jpg,/media/product_images/medium/1140659662.jpg,
1140659663,/media/product_images/large/1140659663.jpg,/media/product_images/medium/1140659663.jpg,
1140659664,/media/product_images/large/1140659664.jpg,/media/product_images/medium/1140659664.jpg,
1140659665,/media/product_images/large/1140659665.jpg,/media/product_images/medium/1140659665.jpg,
1140659666,/media/product_images/large/1140659666.jpg,/media/product_images/medium/1140659666.jpg,
1140659667,/media/product_images/large/1140659667.jpg,/media/product_images/medium/1140659667.jpg,
1140659668,/media/product_images/large/1140659668.jpg,/media/product_images/medium/1140659668.jpg,
1140659669,/media/product_images/large/1140659669.jpg,/media/product_images/medium/1140659669.jpg,
1140659670,/media/product_images/large/1140659670.jpg,/media/product_images/medium/1140659670.jpg,
1140659671,/media/product_images/large/1140659671.jpg,/media/product_images/medium/1140659671.jpg,
1140659672,/media/product_images/large/1140659672.jpg,/media/product_images/medium/1140659672.jpg,
1140659673,/media/product_images/large/1140659673.jpg,/media/product_images/medium/1140659673.jpg,
1140659674,/media/product_images/large/1140659674.jpg,/media/product_images/medium/1140659674.jpg,
1140659675,/media/product_images/large/1140659675.jpg,/media/product_images/medium/1140659675.jpg,
1140659676,/media/product_images/large/1140659676.jpg,/media/product_images/medium/1140659676.jpg,
1140659677,/media/product_images/large/1140659677.jpg,/media/product_images/medium/1140659677.jpg,
1140659678,/media/product_images/large/1140659678.jpg,/media/product_images/medium/1140659678.jpg,
1140659679,/media/product_images/large/1140659679.jpg,/media/product_images/medium/1140659679.jpg,
1140659680,/media/product_images/large/1140659680.jpg,/media/product_images/medium/1140659680.jpg,
1140659681,/media/product_images/large/1140659681.jpg,/media/product_images/medium/1140659681.jpg,
1140659682,/media/product_images/large/1140659682.jpg,/media/product_images/medium/1140659682.jpg,
1140659683,/media/product_images/large/1140659683.jpg,/media/product_images/medium/1140659683.jpg,
1140659684,/media/product_images/large/1140659684.jpg,/media/product_images/medium/1140659684.jpg,
1140659685,/media/product_images/large/1140659685.jpg,/media/product_images/medium/1140659685.jpg,
1140659686,/media/product_images/large/1140659686.jpg,/media/product_images/medium/1140659686.jpg,
1140659687,/media/product_images/large/1140659687.jpg,/media/product_images/medium/1140659687.jpg,
1140659688,/media/product_images/large/1140659688.jpg,/media/product_images/medium/1140659688.jpg,
1140659689,/media/product_images/large/1140659689.jpg,/media/product_images/medium/1140659689.jpg,
1140659690,/media/product_images/large/1140659690.jpg,/media/product_images/medium/1140659690.jpg,
1140659691,/media/product_images/large/1140659691.jpg,/media/product_images/medium/1140659691.jpg,
1140659692,/media/product_images/large/1140659692.jpg,/media/product_images/medium/1140659692.jpg,
1140659693,/media/product_images/large/1140659693.jpg,/media/product_images/medium/1140659693.jpg,
1140659694,/media/product_images/large/1140659694.jpg,/media/product_images/medium/1140659694.jpg,
1140659695,/media/product_images/large/1140659695.jpg,/media/product_images/medium/1140659695.jpg,
1140659696,/media/product_images/large/1140659696.jpg,/media/product_images/medium/1140659696.jpg,
1140659697,/media/product_images/large/1140659697.jpg,/media/product_images/medium/1140659697.jpg,
1140659698,/media/product_images/large/1140659698.jpg,/media/product_images/medium/1140659698.jpg,
1140659699,/media/product_images/large/1140659699.jpg,/media/product_images/medium/1140659699.jpg,
1140659700,/media/product_images/large/1140659700.jpg,/media/product_images/medium/1140659700.jpg,
1140659701,/media/product_images/large/1140659701.jpg,/media/product_images/medium/1140659701.jpg,
1140659702,/media/product_images/large/1140659702.jpg,/media/product_images/medium/1140659702.jpg,
1140659703,/media/product_images/large/1140659703.jpg,/media/product_images/medium/1140659703.jpg,
1140659704,/media/product_images/large/1140659704.jpg,/media/product_images/medium/1140659704.jpg,
1140659705,/media/product_images/large/1140659705.jpg,/media/product_images/medium/1140659705.jpg,
1140659706,/media/product_images/large/1140659706.jpg,/media/product_images/medium/1140659706.jpg,
1140659707,/media/product_images/large/1140659707.jpg,/media/product_images/medium/1140659707.jpg,
1140659708,/media/product_images/large/1140659708.jpg,/media/product_images/medium/1140659708.jpg,
1140659709,/media/product_images/large/1140659709.jpg,/media/product_images/medium/1140659709.jpg,
1140659717,/media/product_images/large/1140659717.jpg,/media/product_images/medium/1140659717.jpg,
1140659718,/media/product_images/large/1140659718.jpg,/media/product_images/medium/1140659718.jpg,
1140659719,/media/product_images/large/1140659719.jpg,/media/product_images/medium/1140659719.jpg,
1140659720,/media/product_images/large/1140659720.jpg,/media/product_images/medium/1140659720.jpg,
1140659721,/media/product_images/large/1140659721.jpg,/media/product_images/medium/1140659721.jpg,
1140659722,/media/product_images/large/1140659722.jpg,/media/product_images/medium/1140659722.jpg,
1140659724,/media/product_images/large/1140659724.jpg,/media/product_images/medium/1140659724.jpg,
1140659725,/media/product_images/large/1140659725.jpg,/media/product_images/medium/1140659725.jpg,
1140659726,/media/product_images/large/1140659726.jpg,/media/product_images/medium/1140659726.jpg,
1140659727,/media/product_images/large/1140659727.jpg,/media/product_images/medium/1140659727.jpg,
1140659728,/media/product_images/large/1140659728.jpg,/media/product_images/medium/1140659728.jpg,
1140659729,/media/product_images/large/1140659729.jpg,/media/product_images/medium/1140659729.jpg,
1140659730,/media/product_images/large/1140659730.jpg,/media/product_images/medium/1140659730.jpg,
1140659731,/media/product_images/large/1140659731.jpg,/media/product_images/medium/1140659731.jpg,
1140659732,/media/product_images/large/1140659732.jpg,/media/product_images/medium/1140659732.jpg,
1140659733,/media/product_images/large/1140659733.jpg,/media/product_images/medium/1140659733.jpg,
1140659734,/media/product_images/large/1140659734.jpg,/media/product_images/medium/1140659734.jpg,
1140659735,/media/product_images/large/1140659735.jpg,/media/product_images/medium/1140659735.jpg,
1140659736,/media/product_images/large/1140659736.jpg,/media/product_images/medium/1140659736.jpg,
1140659737,/media/product_images/large/1140659737.jpg,/media/product_images/medium/1140659737.jpg,
1140659738,/media/product_images/large/1140659738.jpg,/media/product_images/medium/1140659738.jpg,
1140659739,/media/product_images/large/1140659739.jpg,/media/product_images/medium/1140659739.jpg,
1140659740,/media/product_images/large/1140659740.jpg,/media/product_images/medium/1140659740.jpg,
1140659741,/media/product_images/large/1140659741.jpg,/media/product_images/medium/1140659741.jpg,
1140659742,/media/product_images/large/1140659742.jpg,/media/product_images/medium/1140659742.jpg,
1140659743,/media/product_images/large/1140659743.jpg,/media/product_images/medium/1140659743.jpg,
1140659744,/media/product_images/large/1140659744.jpg,/media/product_images/medium/1140659744.jpg,
1140659745,/media/product_images/large/1140659745.jpg,/media/product_images/medium/1140659745.jpg,
1140659746,/media/product_images/large/1140659746.jpg,/media/product_images/medium/1140659746.jpg,
1140659747,/media/product_images/large/1140659747.jpg,/media/product_images/medium/1140659747.jpg,
1140659749,/media/product_images/large/1140659749.jpg,/media/product_images/medium/1140659749.jpg,
1140659750,/media/product_images/large/1140659750.jpg,/media/product_images/medium/1140659750.jpg,
1140659751,/media/product_images/large/1140659751.jpg,/media/product_images/medium/1140659751.jpg,
1140659752,/media/product_images/large/1140659752.jpg,/media/product_images/medium/1140659752.jpg,
1140659753,/media/product_images/large/1140659753.jpg,/media/product_images/medium/1140659753.jpg,
1140659754,/media/product_images/large/1140659754.jpg,/media/product_images/medium/1140659754.jpg,
1140659755,/media/product_images/large/1140659755.jpg,/media/product_images/medium/1140659755.jpg,
1140659756,/media/product_images/large/1140659756.jpg,/media/product_images/medium/1140659756.jpg,
1140659757,/media/product_images/large/1140659757.jpg,/media/product_images/medium/1140659757.jpg,
1140659760,/media/product_images/large/1140659760.jpg,/media/product_images/medium/1140659760.jpg,
1140659761,/media/product_images/large/1140659761.jpg,/media/product_images/medium/1140659761.jpg,
1140659762,/media/product_images/large/1140659762.jpg,/media/product_images/medium/1140659762.jpg,
1140659769,/media/product_images/large/1140659769.jpg,/media/product_images/medium/1140659769.jpg,
1140659770,/media/product_images/large/1140659770.jpg,/media/product_images/medium/1140659770.jpg,
1140659771,/media/product_images/large/1140659771.jpg,/media/product_images/medium/1140659771.jpg,
1140659772,/media/product_images/large/1140659772.jpg,/media/product_images/medium/1140659772.jpg,
1140659773,/media/product_images/large/1140659773.jpg,/media/product_images/medium/1140659773.jpg,
1140659774,/media/product_images/large/1140659774.jpg,/media/product_images/medium/1140659774.jpg,
1140659775,/media/product_images/large/1140659775.jpg,/media/product_images/medium/1140659775.jpg,
1140659776,/media/product_images/large/1140659776.jpg,/media/product_images/medium/1140659776.jpg,
1140659777,/media/product_images/large/1140659777.jpg,/media/product_images/medium/1140659777.jpg,
1140659778,/media/product_images/large/1140659778.jpg,/media/product_images/medium/1140659778.jpg,
1140659779,/media/product_images/large/1140659779.jpg,/media/product_images/medium/1140659779.jpg,
1140659780,/media/product_images/large/1140659780.jpg,/media/product_images/medium/1140659780.jpg,
1140659781,/media/product_images/large/1140659781.jpg,/media/product_images/medium/1140659781.jpg,
1140659782,/media/product_images/large/1140659782.jpg,/media/product_images/medium/1140659782.jpg,
1140659783,/media/product_images/large/1140659783.jpg,/media/product_images/medium/1140659783.jpg,
1140659784,/media/product_images/large/1140659784.jpg,/media/product_images/medium/1140659784.jpg,
1140659786,/media/product_images/large/1140659786.jpg,/media/product_images/medium/1140659786.jpg,
1140659787,/media/product_images/large/1140659787.jpg,/media/product_images/medium/1140659787.jpg,
1140659788,/media/product_images/large/1140659788.jpg,/media/product_images/medium/1140659788.jpg,
1140659789,/media/product_images/large/1140659789.jpg,/media/product_images/medium/1140659789.jpg,
1140659790,/media/product_images/large/1140659790.jpg,/media/product_images/medium/1140659790.jpg,
1140659791,/media/product_images/large/1140659791.jpg,/media/product_images/medium/1140659791.jpg,
1140659792,/media/product_images/large/1140659792.jpg,/media/product_images/medium/1140659792.jpg,
1140659794,/media/product_images/large/1140659794.jpg,/media/product_images/medium/1140659794.jpg,
1140659798,/media/product_images/large/1140659798.jpg,/media/product_images/medium/1140659798.jpg,
1140659799,/media/product_images/large/1140659799.jpg,/media/product_images/medium/1140659799.jpg,
1140659800,/media/product_images/large/1140659800.jpg,/media/product_images/medium/1140659800.jpg,
1140659801,/media/product_images/large/1140659801.jpg,/media/product_images/medium/1140659801.jpg,
1140659804,/media/product_images/large/1140659804.jpg,/media/product_images/medium/1140659804.jpg,
1140659807,/media/product_images/large/1140659807.jpg,/media/product_images/medium/1140659807.jpg,
1140659812,/media/product_images/large/1140659812.jpg,/media/product_images/medium/1140659812.jpg,
1140659813,/media/product_images/large/1140659813.jpg,/media/product_images/medium/1140659813.jpg,
1140659814,/media/product_images/large/1140659814.jpg,/media/product_images/medium/1140659814.jpg,
1140659815,/media/product_images/large/1140659815.jpg,/media/product_images/medium/1140659815.jpg,
1140659816,/media/product_images/large/1140659816.jpg,/media/product_images/medium/1140659816.jpg,
1140659818,/media/product_images/large/1140659818.jpg,/media/product_images/medium/1140659818.jpg,
1140659819,/media/product_images/large/1140659819.jpg,/media/product_images/medium/1140659819.jpg,
1140659820,/media/product_images/large/1140659820.jpg,/media/product_images/medium/1140659820.jpg,
1140659826,/media/product_images/large/1140659826.jpg,/media/product_images/medium/1140659826.jpg,
1140659827,/media/product_images/large/1140659827.jpg,/media/product_images/medium/1140659827.jpg,
1140659828,/media/product_images/large/1140659828.jpg,/media/product_images/medium/1140659828.jpg,
1140659830,/media/product_images/large/1140659830.jpg,/media/product_images/medium/1140659830.jpg,
1140659831,/media/product_images/large/1140659831.jpg,/media/product_images/medium/1140659831.jpg,
1140659832,/media/product_images/large/1140659832.jpg,/media/product_images/medium/1140659832.jpg,
1140659833,/media/product_images/large/1140659833.jpg,/media/product_images/medium/1140659833.jpg,
1140659834,/media/product_images/large/1140659834.jpg,/media/product_images/medium/1140659834.jpg,
1140659835,/media/product_images/large/1140659835.jpg,/media/product_images/medium/1140659835.jpg,
1140659836,/media/product_images/large/1140659836.jpg,/media/product_images/medium/1140659836.jpg,
1140659837,/media/product_images/large/1140659837.jpg,/media/product_images/medium/1140659837.jpg,
1140659838,/media/product_images/large/1140659838.jpg,/media/product_images/medium/1140659838.jpg,
1140659839,/media/product_images/large/1140659839.jpg,/media/product_images/medium/1140659839.jpg,
1140659840,/media/product_images/large/1140659840.jpg,/media/product_images/medium/1140659840.jpg,
1140659841,/media/product_images/large/1140659841.jpg,/media/product_images/medium/1140659841.jpg,
1140659842,/media/product_images/large/1140659842.jpg,/media/product_images/medium/1140659842.jpg,
1140659843,/media/product_images/large/1140659843.jpg,/media/product_images/medium/1140659843.jpg,
1140659845,/media/product_images/large/1140659845.jpg,/media/product_images/medium/1140659845.jpg,
1140659846,/media/product_images/large/1140659846.jpg,/media/product_images/medium/1140659846.jpg,
1140659847,/media/product_images/large/1140659847.jpg,/media/product_images/medium/1140659847.jpg,
1140659848,/media/product_images/large/1140659848.jpg,/media/product_images/medium/1140659848.jpg,
1140659854,/media/product_images/large/1140659854.jpg,/media/product_images/medium/1140659854.jpg,
1140659856,/media/product_images/large/1140659856.jpg,/media/product_images/medium/1140659856.jpg,
1140659857,/media/product_images/large/1140659857.jpg,/media/product_images/medium/1140659857.jpg,
1140659859,/media/product_images/large/1140659859.jpg,/media/product_images/medium/1140659859.jpg,
1140659860,/media/product_images/large/1140659860.jpg,/media/product_images/medium/1140659860.jpg,
1140659861,/media/product_images/large/1140659861.jpg,/media/product_images/medium/1140659861.jpg,
1140659862,/media/product_images/large/1140659862.jpg,/media/product_images/medium/1140659862.jpg,
1140659863,/media/product_images/large/1140659863.jpg,/media/product_images/medium/1140659863.jpg,
1140659864,/media/product_images/large/1140659864.jpg,/media/product_images/medium/1140659864.jpg,
1140659865,/media/product_images/large/1140659865.jpg,/media/product_images/medium/1140659865.jpg,
1140659866,/media/product_images/large/1140659866.jpg,/media/product_images/medium/1140659866.jpg,
1140659867,/media/product_images/large/1140659867.jpg,/media/product_images/medium/1140659867.jpg,
1140659868,/media/product_images/large/1140659868.jpg,/media/product_images/medium/1140659868.jpg,
1140659869,/media/product_images/large/1140659869.jpg,/media/product_images/medium/1140659869.jpg,
1140659870,/media/product_images/large/1140659870.jpg,/media/product_images/medium/1140659870.jpg,
1140659871,/media/product_images/large/1140659871.jpg,/media/product_images/medium/1140659871.jpg,
1140659872,/media/product_images/large/1140659872.jpg,/media/product_images/medium/1140659872.jpg,
1140659873,/media/product_images/large/1140659873.jpg,/media/product_images/medium/1140659873.jpg,
1140659876,/media/product_images/large/1140659876.jpg,/media/product_images/medium/1140659876.jpg,
1140659877,/media/product_images/large/1140659877.jpg,/media/product_images/medium/1140659877.jpg,
1140659878,/media/product_images/large/1140659878.jpg,/media/product_images/medium/1140659878.jpg,
1140659879,/media/product_images/large/1140659879.jpg,/media/product_images/medium/1140659879.jpg,
1140659880,/media/product_images/large/1140659880.jpg,/media/product_images/medium/1140659880.jpg,
1140659881,/media/product_images/large/1140659881.jpg,/media/product_images/medium/1140659881.jpg,
1140659882,/media/product_images/large/1140659882.jpg,/media/product_images/medium/1140659882.jpg,
1140659883,/media/product_images/large/1140659883.jpg,/media/product_images/medium/1140659883.jpg,
1140659884,/media/product_images/large/1140659884.jpg,/media/product_images/medium/1140659884.jpg,
1140659885,/media/product_images/large/1140659885.jpg,/media/product_images/medium/1140659885.jpg,
1140659886,/media/product_images/large/1140659886.jpg,/media/product_images/medium/1140659886.jpg,
1140659887,/media/product_images/large/1140659887.jpg,/media/product_images/medium/1140659887.jpg,
1140659888,/media/product_images/large/1140659888.jpg,/media/product_images/medium/1140659888.jpg,
1140659889,/media/product_images/large/1140659889.jpg,/media/product_images/medium/1140659889.jpg,
1140659890,/media/product_images/large/1140659890.jpg,/media/product_images/medium/1140659890.jpg,
1140659891,/media/product_images/large/1140659891.jpg,/media/product_images/medium/1140659891.jpg,
1140659892,/media/product_images/large/1140659892.jpg,/media/product_images/medium/1140659892.jpg,
1140659893,/media/product_images/large/1140659893.jpg,/media/product_images/medium/1140659893.jpg,
1140659894,/media/product_images/large/1140659894.jpg,/media/product_images/medium/1140659894.jpg,
1140659895,/media/product_images/large/1140659895.jpg,/media/product_images/medium/1140659895.jpg,
1140659971,/media/product_images/large/1140659971.jpg,/media/product_images/medium/1140659971.jpg,
1140660004,/media/product_images/large/1140660004.jpg,/media/product_images/medium/1140660004.jpg,
1140660038,/media/product_images/large/1140660038.jpg,/media/product_images/medium/1140660038.jpg,
1140660039,/media/product_images/large/1140660039.jpg,/media/product_images/medium/1140660039.jpg,
1140660040,/media/product_images/large/1140660040.jpg,/media/product_images/medium/1140660040.jpg,
1140660054,/media/product_images/large/1140660054.jpg,/media/product_images/medium/1140660054.jpg,
1140660055,/media/product_images/large/1140660055.jpg,/media/product_images/medium/1140660055.jpg,
1140660066,/media/product_images/large/1140660066.jpg,/media/product_images/medium/1140660066.jpg,
1140660069,/media/product_images/large/1140660069.jpg,/media/product_images/medium/1140660069.jpg,
1140660070,/media/product_images/large/1140660070.jpg,/media/product_images/medium/1140660070.jpg,
1140660073,/media/product_images/large/1140660073.jpg,/media/product_images/medium/1140660073.jpg,
1140660080,/media/product_images/large/1140660080.jpg,/media/product_images/medium/1140660080.jpg,
1140660084,/media/product_images/large/1140660084.jpg,/media/product_images/medium/1140660084.jpg,
1140660094,/media/product_images/large/1140660094.jpg,/media/product_images/medium/1140660094.jpg,
1140660097,/media/product_images/large/1140660097.jpg,/media/product_images/medium/1140660097.jpg,
1140660098,/media/product_images/large/1140660098.jpg,/media/product_images/medium/1140660098.jpg,
1140660099,/media/product_images/large/1140660099.jpg,/media/product_images/medium/1140660099.jpg,
1140660100,/media/product_images/large/1140660100.jpg,/media/product_images/medium/1140660100.jpg,
1140660130,/media/product_images/large/1140660130.jpg,/media/product_images/medium/1140660130.jpg,
1140660131,/media/product_images/large/1140660131.jpg,/media/product_images/medium/1140660131.jpg,
1140660146,/media/product_images/large/1140660146.jpg,/media/product_images/medium/1140660146.jpg,
1140660147,/media/product_images/large/1140660147.jpg,/media/product_images/medium/1140660147.jpg,
1140660148,/media/product_images/large/1140660148.jpg,/media/product_images/medium/1140660148.jpg,
1140660149,/media/product_images/large/1140660149.jpg,/media/product_images/medium/1140660149.jpg,
1140660150,/media/product_images/large/1140660150.jpg,/media/product_images/medium/1140660150.jpg,
1140660151,/media/product_images/large/1140660151.jpg,/media/product_images/medium/1140660151.jpg,
1140660152,/media/product_images/large/1140660152.jpg,/media/product_images/medium/1140660152.jpg,
1140660153,/media/product_images/large/1140660153.jpg,/media/product_images/medium/1140660153.jpg,
1140660154,/media/product_images/large/1140660154.jpg,/media/product_images/medium/1140660154.jpg,
1140660155,/media/product_images/large/1140660155.jpg,/media/product_images/medium/1140660155.jpg,
1140660156,/media/product_images/large/1140660156.jpg,/media/product_images/medium/1140660156.jpg,
1140660157,/media/product_images/large/1140660157.jpg,/media/product_images/medium/1140660157.jpg,
1140660259,/media/product_images/large/1140660259.jpg,/media/product_images/medium/1140660259.jpg,
1140660260,/media/product_images/large/1140660260.jpg,/media/product_images/medium/1140660260.jpg,
1140660262,/media/product_images/large/1140660262.jpg,/media/product_images/medium/1140660262.jpg,
1140660263,/media/product_images/large/1140660263.jpg,/media/product_images/medium/1140660263.jpg,
1140660264,/media/product_images/large/1140660264.jpg,/media/product_images/medium/1140660264.jpg,
1140660265,/media/product_images/large/1140660265.jpg,/media/product_images/medium/1140660265.jpg,
1140660266,/media/product_images/large/1140660266.jpg,/media/product_images/medium/1140660266.jpg,
1140660267,/media/product_images/large/1140660267.jpg,/media/product_images/medium/1140660267.jpg,
1140660268,/media/product_images/large/1140660268.jpg,/media/product_images/medium/1140660268.jpg,
1140660269,/media/product_images/large/1140660269.jpg,/media/product_images/medium/1140660269.jpg,
1140660270,/media/product_images/large/1140660270.jpg,/media/product_images/medium/1140660270.jpg,
1140660271,/media/product_images/large/1140660271.jpg,/media/product_images/medium/1140660271.jpg,
1140660278,/media/product_images/large/1140660278.jpg,/media/product_images/medium/1140660278.jpg,
1140660279,/media/product_images/large/1140660279.jpg,/media/product_images/medium/1140660279.jpg,
1140660280,/media/product_images/large/1140660280.jpg,/media/product_images/medium/1140660280.jpg,
1140660281,/media/product_images/large/1140660281.jpg,/media/product_images/medium/1140660281.jpg,
1140660282,/media/product_images/large/1140660282.jpg,/media/product_images/medium/1140660282.jpg,
1140660287,/media/product_images/large/1140660287.jpg,/media/product_images/medium/1140660287.jpg,
1140660288,/media/product_images/large/1140660288.jpg,/media/product_images/medium/1140660288.jpg,
1140660289,/media/product_images/large/1140660289.jpg,/media/product_images/medium/1140660289.jpg,
1140660290,/media/product_images/large/1140660290.jpg,/media/product_images/medium/1140660290.jpg,
1140660291,/media/product_images/large/1140660291.jpg,/media/product_images/medium/1140660291.jpg,
1140660292,/media/product_images/large/1140660292.jpg,/media/product_images/medium/1140660292.jpg,
1140660293,/media/product_images/large/1140660293.jpg,/media/product_images/medium/1140660293.jpg,
1140660294,/media/product_images/large/1140660294.jpg,/media/product_images/medium/1140660294.jpg,
1140660295,/media/product_images/large/1140660295.jpg,/media/product_images/medium/1140660295.jpg,
1140660296,/media/product_images/large/1140660296.jpg,/media/product_images/medium/1140660296.jpg,
1140660297,/media/product_images/large/1140660297.jpg,/media/product_images/medium/1140660297.jpg,
1140660298,/media/product_images/large/1140660298.jpg,/media/product_images/medium/1140660298.jpg,
1140660299,/media/product_images/large/1140660299.jpg,/media/product_images/medium/1140660299.jpg,
1140660300,/media/product_images/large/1140660300.jpg,/media/product_images/medium/1140660300.jpg,
1140660301,/media/product_images/large/1140660301.jpg,/media/product_images/medium/1140660301.jpg,
1140660302,/media/product_images/large/1140660302.jpg,/media/product_images/medium/1140660302.jpg,
1140660303,/media/product_images/large/1140660303.jpg,/media/product_images/medium/1140660303.jpg,
1140660304,/media/product_images/large/1140660304.jpg,/media/product_images/medium/1140660304.jpg,
1140660305,/media/product_images/large/1140660305.jpg,/media/product_images/medium/1140660305.jpg,
1140660307,/media/product_images/large/1140660307.jpg,/media/product_images/medium/1140660307.jpg,
1140660308,/media/product_images/large/1140660308.jpg,/media/product_images/medium/1140660308.jpg,
1140660309,/media/product_images/large/1140660309.jpg,/media/product_images/medium/1140660309.jpg,
1140660310,/media/product_images/large/1140660310.jpg,/media/product_images/medium/1140660310.jpg,
1140660311,/media/product_images/large/1140660311.jpg,/media/product_images/medium/1140660311.jpg,
1140660312,/media/product_images/large/1140660312.jpg,/media/product_images/medium/1140660312.jpg,
1140660313,/media/product_images/large/1140660313.jpg,/media/product_images/medium/1140660313.jpg,
1140660314,/media/product_images/large/1140660314.jpg,/media/product_images/medium/1140660314.jpg,
1140660315,/media/product_images/large/1140660315.jpg,/media/product_images/medium/1140660315.jpg,
1140660316,/media/product_images/large/1140660316.jpg,/media/product_images/medium/1140660316.jpg,
1140660317,/media/product_images/large/1140660317.jpg,/media/product_images/medium/1140660317.jpg,
1140660318,/media/product_images/large/1140660318.jpg,/media/product_images/medium/1140660318.jpg,
1140660319,/media/product_images/large/1140660319.jpg,/media/product_images/medium/1140660319.jpg,
1140660320,/media/product_images/large/1140660320.jpg,/media/product_images/medium/1140660320.jpg,
1140660331,/media/product_images/large/1140660331.jpg,/media/product_images/medium/1140660331.jpg,
1140660332,/media/product_images/large/1140660332.jpg,/media/product_images/medium/1140660332.jpg,
1140660333,/media/product_images/large/1140660333.jpg,/media/product_images/medium/1140660333.jpg,
1140660334,/media/product_images/large/1140660334.jpg,/media/product_images/medium/1140660334.jpg,
1140660335,/media/product_images/large/1140660335.jpg,/media/product_images/medium/1140660335.jpg,
1140660336,/media/product_images/large/1140660336.jpg,/media/product_images/medium/1140660336.jpg,
1140660337,/media/product_images/large/1140660337.jpg,/media/product_images/medium/1140660337.jpg,
1140660395,/media/product_images/large/1140660395.jpg,/media/product_images/medium/1140660395.jpg,
1140660396,/media/product_images/large/1140660396.jpg,/media/product_images/medium/1140660396.jpg,
1140660397,/media/product_images/large/1140660397.jpg,/media/product_images/medium/1140660397.jpg,
1140660398,/media/product_images/large/1140660398.jpg,/media/product_images/medium/1140660398.jpg,
1140660399,/media/product_images/large/1140660399.jpg,/media/product_images/medium/1140660399.jpg,
1140660411,/media/product_images/large/1140660411.jpg,/media/product_images/medium/1140660411.jpg,
1140660417,/media/product_images/large/1140660417.jpg,/media/product_images/medium/1140660417.jpg,
1140660418,/media/product_images/large/1140660418.jpg,/media/product_images/medium/1140660418.jpg,
1140660419,/media/product_images/large/1140660419.jpg,/media/product_images/medium/1140660419.jpg,
1140660420,/media/product_images/large/1140660420.jpg,/media/product_images/medium/1140660420.jpg,
1140660429,/media/product_images/large/1140660429.jpg,/media/product_images/medium/1140660429.jpg,
1140660430,/media/product_images/large/1140660430.jpg,/media/product_images/medium/1140660430.jpg,
1140660431,/media/product_images/large/1140660431.jpg,/media/product_images/medium/1140660431.jpg,
1140660432,/media/product_images/large/1140660432.jpg,/media/product_images/medium/1140660432.jpg,
1140660433,/media/product_images/large/1140660433.jpg,/media/product_images/medium/1140660433.jpg,
1140660434,/media/product_images/large/1140660434.jpg,/media/product_images/medium/1140660434.jpg,
1140660435,/media/product_images/large/1140660435.jpg,/media/product_images/medium/1140660435.jpg,
1140660436,/media/product_images/large/1140660436.jpg,/media/product_images/medium/1140660436.jpg,
1140660437,/media/product_images/large/1140660437.jpg,/media/product_images/medium/1140660437.jpg,
1140660438,/media/product_images/large/1140660438.jpg,/media/product_images/medium/1140660438.jpg,
1140660462,/media/product_images/large/1140660462.jpg,/media/product_images/medium/1140660462.jpg,
1140660463,/media/product_images/large/1140660463.jpg,/media/product_images/medium/1140660463.jpg,
1140660464,/media/product_images/large/1140660464.jpg,/media/product_images/medium/1140660464.jpg,
1140660465,/media/product_images/large/1140660465.jpg,/media/product_images/medium/1140660465.jpg,
1140660466,/media/product_images/large/1140660466.jpg,/media/product_images/medium/1140660466.jpg,
1140660467,/media/product_images/large/1140660467.jpg,/media/product_images/medium/1140660467.jpg,
1140660468,/media/product_images/large/1140660468.jpg,/media/product_images/medium/1140660468.jpg,
1140660469,/media/product_images/large/1140660469.jpg,/media/product_images/medium/1140660469.jpg,
1140660470,/media/product_images/large/1140660470.jpg,/media/product_images/medium/1140660470.jpg,
1140660471,/media/product_images/large/1140660471.jpg,/media/product_images/medium/1140660471.jpg,
1140660472,/media/product_images/large/1140660472.jpg,/media/product_images/medium/1140660472.jpg,
1140660473,/media/product_images/large/1140660473.jpg,/media/product_images/medium/1140660473.jpg,
1140660474,/media/product_images/large/1140660474.jpg,/media/product_images/medium/1140660474.jpg,
1140660475,/media/product_images/large/1140660475.jpg,/media/product_images/medium/1140660475.jpg,
1140660476,/media/product_images/large/1140660476.jpg,/media/product_images/medium/1140660476.jpg,
1140660477,/media/product_images/large/1140660477.jpg,/media/product_images/medium/1140660477.jpg,
1140660478,/media/product_images/large/1140660478.jpg,/media/product_images/medium/1140660478.jpg,
1140660479,/media/product_images/large/1140660479.jpg,/media/product_images/medium/1140660479.jpg,
1140660480,/media/product_images/large/1140660480.jpg,/media/product_images/medium/1140660480.jpg,
1140660481,/media/product_images/large/1140660481.jpg,/media/product_images/medium/1140660481.jpg,
1140660482,/media/product_images/large/1140660482.jpg,/media/product_images/medium/1140660482.jpg,
1140660483,/media/product_images/large/1140660483.jpg,/media/product_images/medium/1140660483.jpg,
1140660484,/media/product_images/large/1140660484.jpg,/media/product_images/medium/1140660484.jpg,
1140660485,/media/product_images/large/1140660485.jpg,/media/product_images/medium/1140660485.jpg,
1140660486,/media/product_images/large/1140660486.jpg,/media/product_images/medium/1140660486.jpg,
1140660487,/media/product_images/large/1140660487.jpg,/media/product_images/medium/1140660487.jpg,
1140660488,/media/product_images/large/1140660488.jpg,/media/product_images/medium/1140660488.jpg,
1140660497,/media/product_images/large/1140660497.jpg,/media/product_images/medium/1140660497.jpg,
1140660498,/media/product_images/large/1140660498.jpg,/media/product_images/medium/1140660498.jpg,
1140660499,/media/product_images/large/1140660499.jpg,/media/product_images/medium/1140660499.jpg,
1140660500,/media/product_images/large/1140660500.jpg,/media/product_images/medium/1140660500.jpg,
1140660501,/media/product_images/large/1140660501.jpg,/media/product_images/medium/1140660501.jpg,
1140660502,/media/product_images/large/1140660502.jpg,/media/product_images/medium/1140660502.jpg,
1140660503,/media/product_images/large/1140660503.jpg,/media/product_images/medium/1140660503.jpg,
1140660504,/media/product_images/large/1140660504.jpg,/media/product_images/medium/1140660504.jpg,
1140660505,/media/product_images/large/1140660505.jpg,/media/product_images/medium/1140660505.jpg,
1140660594,/media/product_images/large/1140660594.jpg,/media/product_images/medium/1140660594.jpg,
1140660595,/media/product_images/large/1140660595.jpg,/media/product_images/medium/1140660595.jpg,
1140660596,/media/product_images/large/1140660596.jpg,/media/product_images/medium/1140660596.jpg,
1140660597,/media/product_images/large/1140660597.jpg,/media/product_images/medium/1140660597.jpg,
1140660623,/media/product_images/large/1140660623.jpg,/media/product_images/medium/1140660623.jpg,
1140660624,/media/product_images/large/1140660624.jpg,/media/product_images/medium/1140660624.jpg,
1140660625,/media/product_images/large/1140660625.jpg,/media/product_images/medium/1140660625.jpg,
1140660630,/media/product_images/large/1140660630.jpg,/media/product_images/medium/1140660630.jpg,
1140660631,/media/product_images/large/1140660631.jpg,/media/product_images/medium/1140660631.jpg,
1140660632,/media/product_images/large/1140660632.jpg,/media/product_images/medium/1140660632.jpg,
1140660633,/media/product_images/large/1140660633.jpg,/media/product_images/medium/1140660633.jpg,
1140660634,/media/product_images/large/1140660634.jpg,/media/product_images/medium/1140660634.jpg,
1140660635,/media/product_images/large/1140660635.jpg,/media/product_images/medium/1140660635.jpg,
1140660636,/media/product_images/large/1140660636.jpg,/media/product_images/medium/1140660636.jpg,
1140660652,/media/product_images/large/1140660652.jpg,/media/product_images/medium/1140660652.jpg,
1140660653,/media/product_images/large/1140660653.jpg,/media/product_images/medium/1140660653.jpg,
1140660654,/media/product_images/large/1140660654.jpg,/media/product_images/medium/1140660654.jpg,
1140660655,/media/product_images/large/1140660655.jpg,/media/product_images/medium/1140660655.jpg,
1140660656,/media/product_images/large/1140660656.jpg,/media/product_images/medium/1140660656.jpg,
1140660657,/media/product_images/large/1140660657.jpg,/media/product_images/medium/1140660657.jpg,
1140660658,/media/product_images/large/1140660658.jpg,/media/product_images/medium/1140660658.jpg,
1140660659,/media/product_images/large/1140660659.jpg,/media/product_images/medium/1140660659.jpg,
1140660661,/media/product_images/large/1140660661.jpg,/media/product_images/medium/1140660661.jpg,
1140660662,/media/product_images/large/1140660662.jpg,/media/product_images/medium/1140660662.jpg,
1140660663,/media/product_images/large/1140660663.jpg,/media/product_images/medium/1140660663.jpg,
1140660664,/media/product_images/large/1140660664.jpg,/media/product_images/medium/1140660664.jpg,
1140660665,/media/product_images/large/1140660665.jpg,/media/product_images/medium/1140660665.jpg,
1140660666,/media/product_images/large/1140660666.jpg,/media/product_images/medium/1140660666.jpg,
1140660667,/media/product_images/large/1140660667.jpg,/media/product_images/medium/1140660667.jpg,
1140660668,/media/product_images/large/1140660668.jpg,/media/product_images/medium/1140660668.jpg,
1140660669,/media/product_images/large/1140660669.jpg,/media/product_images/medium/1140660669.jpg,
1140660670,/media/product_images/large/1140660670.jpg,/media/product_images/medium/1140660670.jpg,
1140660671,/media/product_images/large/1140660671.jpg,/media/product_images/medium/1140660671.jpg,
1140660672,/media/product_images/large/1140660672.jpg,/media/product_images/medium/1140660672.jpg,
1140660673,/media/product_images/large/1140660673.jpg,/media/product_images/medium/1140660673.jpg,
1140660674,/media/product_images/large/1140660674.jpg,/media/product_images/medium/1140660674.jpg,
1140660675,/media/product_images/large/1140660675.jpg,/media/product_images/medium/1140660675.jpg,
1140660676,/media/product_images/large/1140660676.jpg,/media/product_images/medium/1140660676.jpg,
1140660677,/media/product_images/large/1140660677.jpg,/media/product_images/medium/1140660677.jpg,
1140660678,/media/product_images/large/1140660678.jpg,/media/product_images/medium/1140660678.jpg,
1140660679,/media/product_images/large/1140660679.jpg,/media/product_images/medium/1140660679.jpg,
1140660680,/media/product_images/large/1140660680.jpg,/media/product_images/medium/1140660680.jpg,
1140660681,/media/product_images/large/1140660681.jpg,/media/product_images/medium/1140660681.jpg,
1140660682,/media/product_images/large/1140660682.jpg,/media/product_images/medium/1140660682.jpg,
1140660692,/media/product_images/large/1140660692.jpg,/media/product_images/medium/1140660692.jpg,
1140660693,/media/product_images/large/1140660693.jpg,/media/product_images/medium/1140660693.jpg,
1140660694,/media/product_images/large/1140660694.jpg,/media/product_images/medium/1140660694.jpg,
1140660695,/media/product_images/large/1140660695.jpg,/media/product_images/medium/1140660695.jpg,
1140660696,/media/product_images/large/1140660696.jpg,/media/product_images/medium/1140660696.jpg,
1140660697,/media/product_images/large/1140660697.jpg,/media/product_images/medium/1140660697.jpg,
1140660698,/media/product_images/large/1140660698.jpg,/media/product_images/medium/1140660698.jpg,
1140660699,/media/product_images/large/1140660699.jpg,/media/product_images/medium/1140660699.jpg,
1140660700,/media/product_images/large/1140660700.jpg,/media/product_images/medium/1140660700.jpg,
1140660701,/media/product_images/large/1140660701.jpg,/media/product_images/medium/1140660701.jpg,
1140660702,/media/product_images/large/1140660702.jpg,/media/product_images/medium/1140660702.jpg,
1140660703,/media/product_images/large/1140660703.jpg,/media/product_images/medium/1140660703.jpg,
1140660704,/media/product_images/large/1140660704.jpg,/media/product_images/medium/1140660704.jpg,
1140660705,/media/product_images/large/1140660705.jpg,/media/product_images/medium/1140660705.jpg,
1140660706,/media/product_images/large/1140660706.jpg,/media/product_images/medium/1140660706.jpg,
1140660707,/media/product_images/large/1140660707.jpg,/media/product_images/medium/1140660707.jpg,
1140660708,/media/product_images/large/1140660708.jpg,/media/product_images/medium/1140660708.jpg,
1140660709,/media/product_images/large/1140660709.jpg,/media/product_images/medium/1140660709.jpg,
1140660710,/media/product_images/large/1140660710.jpg,/media/product_images/medium/1140660710.jpg,
1140660711,/media/product_images/large/1140660711.jpg,/media/product_images/medium/1140660711.jpg,
1140660712,/media/product_images/large/1140660712.jpg,/media/product_images/medium/1140660712.jpg,
1140660713,/media/product_images/large/1140660713.jpg,/media/product_images/medium/1140660713.jpg,
1140660714,/media/product_images/large/1140660714.jpg,/media/product_images/medium/1140660714.jpg,
1140660715,/media/product_images/large/1140660715.jpg,/media/product_images/medium/1140660715.jpg,
1140660716,/media/product_images/large/1140660716.jpg,/media/product_images/medium/1140660716.jpg,
1140660717,/media/product_images/large/1140660717.jpg,/media/product_images/medium/1140660717.jpg,
1140660718,/media/product_images/large/1140660718.jpg,/media/product_images/medium/1140660718.jpg,
1140660719,/media/product_images/large/1140660719.jpg,/media/product_images/medium/1140660719.jpg,
1140660720,/media/product_images/large/1140660720.jpg,/media/product_images/medium/1140660720.jpg,
1140660721,/media/product_images/large/1140660721.jpg,/media/product_images/medium/1140660721.jpg,
1140660722,/media/product_images/large/1140660722.jpg,/media/product_images/medium/1140660722.jpg,
1140660723,/media/product_images/large/1140660723.jpg,/media/product_images/medium/1140660723.jpg,
1140660724,/media/product_images/large/1140660724.jpg,/media/product_images/medium/1140660724.jpg,
1140660725,/media/product_images/large/1140660725.jpg,/media/product_images/medium/1140660725.jpg,
1140660726,/media/product_images/large/1140660726.jpg,/media/product_images/medium/1140660726.jpg,
1140660727,/media/product_images/large/1140660727.jpg,/media/product_images/medium/1140660727.jpg,
1140660728,/media/product_images/large/1140660728.jpg,/media/product_images/medium/1140660728.jpg,
1140660729,/media/product_images/large/1140660729.jpg,/media/product_images/medium/1140660729.jpg,
1140660730,/media/product_images/large/1140660730.jpg,/media/product_images/medium/1140660730.jpg,
1140660731,/media/product_images/large/1140660731.jpg,/media/product_images/medium/1140660731.jpg,
1140660732,/media/product_images/large/1140660732.jpg,/media/product_images/medium/1140660732.jpg,
1140660734,/media/product_images/large/1140660734.jpg,/media/product_images/medium/1140660734.jpg,
1140660735,/media/product_images/large/1140660735.jpg,/media/product_images/medium/1140660735.jpg,
1140660736,/media/product_images/large/1140660736.jpg,/media/product_images/medium/1140660736.jpg,
1140660737,/media/product_images/large/1140660737.jpg,/media/product_images/medium/1140660737.jpg,
1140660738,/media/product_images/large/1140660738.jpg,/media/product_images/medium/1140660738.jpg,
1140660739,/media/product_images/large/1140660739.jpg,/media/product_images/medium/1140660739.jpg,
1140660740,/media/product_images/large/1140660740.jpg,/media/product_images/medium/1140660740.jpg,
1140660741,/media/product_images/large/1140660741.jpg,/media/product_images/medium/1140660741.jpg,
1140660742,/media/product_images/large/1140660742.jpg,/media/product_images/medium/1140660742.jpg,
1140660743,/media/product_images/large/1140660743.jpg,/media/product_images/medium/1140660743.jpg,
1140660744,/media/product_images/large/1140660744.jpg,/media/product_images/medium/1140660744.jpg,
1140660747,/media/product_images/large/1140660747.jpg,/media/product_images/medium/1140660747.jpg,
1140660748,/media/product_images/large/1140660748.jpg,/media/product_images/medium/1140660748.jpg,
1140660749,/media/product_images/large/1140660749.jpg,/media/product_images/medium/1140660749.jpg,
1140660752,/media/product_images/large/1140660752.jpg,/media/product_images/medium/1140660752.jpg,
1140660753,/media/product_images/large/1140660753.jpg,/media/product_images/medium/1140660753.jpg,
1140660754,/media/product_images/large/1140660754.jpg,/media/product_images/medium/1140660754.jpg,
1140660755,/media/product_images/large/1140660755.jpg,/media/product_images/medium/1140660755.jpg,
1140660756,/media/product_images/large/1140660756.jpg,/media/product_images/medium/1140660756.jpg,
1140660757,/media/product_images/large/1140660757.jpg,/media/product_images/medium/1140660757.jpg,
1140660758,/media/product_images/large/1140660758.jpg,/media/product_images/medium/1140660758.jpg,
1140660759,/media/product_images/large/1140660759.jpg,/media/product_images/medium/1140660759.jpg,
1140660760,/media/product_images/large/1140660760.jpg,/media/product_images/medium/1140660760.jpg,
1140660761,/media/product_images/large/1140660761.jpg,/media/product_images/medium/1140660761.jpg,
1140660762,/media/product_images/large/1140660762.jpg,/media/product_images/medium/1140660762.jpg,
1140660763,/media/product_images/large/1140660763.jpg,/media/product_images/medium/1140660763.jpg,
1140660764,/media/product_images/large/1140660764.jpg,/media/product_images/medium/1140660764.jpg,
1140660819,/media/product_images/large/1140660819.jpg,/media/product_images/medium/1140660819.jpg,
1140660820,/media/product_images/large/1140660820.jpg,/media/product_images/medium/1140660820.jpg,
1140660821,/media/product_images/large/1140660821.jpg,/media/product_images/medium/1140660821.jpg,
1140660822,/media/product_images/large/1140660822.jpg,/media/product_images/medium/1140660822.jpg,
1140660823,/media/product_images/large/1140660823.jpg,/media/product_images/medium/1140660823.jpg,
1140660824,/media/product_images/large/1140660824.jpg,/media/product_images/medium/1140660824.jpg,
1140660825,/media/product_images/large/1140660825.jpg,/media/product_images/medium/1140660825.jpg,
1140660826,/media/product_images/large/1140660826.jpg,/media/product_images/medium/1140660826.jpg,
1140660827,/media/product_images/large/1140660827.jpg,/media/product_images/medium/1140660827.jpg,
1140660828,/media/product_images/large/1140660828.jpg,/media/product_images/medium/1140660828.jpg,
1140660829,/media/product_images/large/1140660829.jpg,/media/product_images/medium/1140660829.jpg,
1140660830,/media/product_images/large/1140660830.jpg,/media/product_images/medium/1140660830.jpg,
1140660831,/media/product_images/large/1140660831.jpg,/media/product_images/medium/1140660831.jpg,
1140660832,/media/product_images/large/1140660832.jpg,/media/product_images/medium/1140660832.jpg,
1140660833,/media/product_images/large/1140660833.jpg,/media/product_images/medium/1140660833.jpg,
1140660834,/media/product_images/large/1140660834.jpg,/media/product_images/medium/1140660834.jpg,
1140660835,/media/product_images/large/1140660835.jpg,/media/product_images/medium/1140660835.jpg,
1140660836,/media/product_images/large/1140660836.jpg,/media/product_images/medium/1140660836.jpg,
1140660837,/media/product_images/large/1140660837.jpg,/media/product_images/medium/1140660837.jpg,
1140660838,/media/product_images/large/1140660838.jpg,/media/product_images/medium/1140660838.jpg,
1140660839,/media/product_images/large/1140660839.jpg,/media/product_images/medium/1140660839.jpg,
1140660840,/media/product_images/large/1140660840.jpg,/media/product_images/medium/1140660840.jpg,
1140660841,/media/product_images/large/1140660841.jpg,/media/product_images/medium/1140660841.jpg,
1140660842,/media/product_images/large/1140660842.jpg,/media/product_images/medium/1140660842.jpg,
1140660843,/media/product_images/large/1140660843.jpg,/media/product_images/medium/1140660843.jpg,
1140660844,/media/product_images/large/1140660844.jpg,/media/product_images/medium/1140660844.jpg,
1140660845,/media/product_images/large/1140660845.jpg,/media/product_images/medium/1140660845.jpg,
1140660846,/media/product_images/large/1140660846.jpg,/media/product_images/medium/1140660846.jpg,
1140660847,/media/product_images/large/1140660847.jpg,/media/product_images/medium/1140660847.jpg,
1140660848,/media/product_images/large/1140660848.jpg,/media/product_images/medium/1140660848.jpg,
1140660849,/media/product_images/large/1140660849.jpg,/media/product_images/medium/1140660849.jpg,
1140660850,/media/product_images/large/1140660850.jpg,/media/product_images/medium/1140660850.jpg,
1140660851,/media/product_images/large/1140660851.jpg,/media/product_images/medium/1140660851.jpg,
1140660852,/media/product_images/large/1140660852.jpg,/media/product_images/medium/1140660852.jpg,
1140660853,/media/product_images/large/1140660853.jpg,/media/product_images/medium/1140660853.jpg,
1140660854,/media/product_images/large/1140660854.jpg,/media/product_images/medium/1140660854.jpg,
1140660855,/media/product_images/large/1140660855.jpg,/media/product_images/medium/1140660855.jpg,
1140660856,/media/product_images/large/1140660856.jpg,/media/product_images/medium/1140660856.jpg,
1140660888,/media/product_images/large/1140660888.jpg,/media/product_images/medium/1140660888.jpg,
1140660889,/media/product_images/large/1140660889.jpg,/media/product_images/medium/1140660889.jpg,
1140660890,/media/product_images/large/1140660890.jpg,/media/product_images/medium/1140660890.jpg,
1140660891,/media/product_images/large/1140660891.jpg,/media/product_images/medium/1140660891.jpg,
1140660892,/media/product_images/large/1140660892.jpg,/media/product_images/medium/1140660892.jpg,
1140660893,/media/product_images/large/1140660893.jpg,/media/product_images/medium/1140660893.jpg,
1140660894,/media/product_images/large/1140660894.jpg,/media/product_images/medium/1140660894.jpg,
1140660895,/media/product_images/large/1140660895.jpg,/media/product_images/medium/1140660895.jpg,
1140660896,/media/product_images/large/1140660896.jpg,/media/product_images/medium/1140660896.jpg,
1140660897,/media/product_images/large/1140660897.jpg,/media/product_images/medium/1140660897.jpg,
1140660898,/media/product_images/large/1140660898.jpg,/media/product_images/medium/1140660898.jpg,
1140660899,/media/product_images/large/1140660899.jpg,/media/product_images/medium/1140660899.jpg,
1140660900,/media/product_images/large/1140660900.jpg,/media/product_images/medium/1140660900.jpg,
1140660901,/media/product_images/large/1140660901.jpg,/media/product_images/medium/1140660901.jpg,
1140660902,/media/product_images/large/1140660902.jpg,/media/product_images/medium/1140660902.jpg,
1140660903,/media/product_images/large/1140660903.jpg,/media/product_images/medium/1140660903.jpg,
1140660904,/media/product_images/large/1140660904.jpg,/media/product_images/medium/1140660904.jpg,
1140660905,/media/product_images/large/1140660905.jpg,/media/product_images/medium/1140660905.jpg,
1140660906,/media/product_images/large/1140660906.jpg,/media/product_images/medium/1140660906.jpg,
1140660907,/media/product_images/large/1140660907.jpg,/media/product_images/medium/1140660907.jpg,
1140660908,/media/product_images/large/1140660908.jpg,/media/product_images/medium/1140660908.jpg,
1140660909,/media/product_images/large/1140660909.jpg,/media/product_images/medium/1140660909.jpg,
1140660910,/media/product_images/large/1140660910.jpg,/media/product_images/medium/1140660910.jpg,
1140660911,/media/product_images/large/1140660911.jpg,/media/product_images/medium/1140660911.jpg,
1140660912,/media/product_images/large/1140660912.jpg,/media/product_images/medium/1140660912.jpg,
1140660913,/media/product_images/large/1140660913.jpg,/media/product_images/medium/1140660913.jpg,
1140660914,/media/product_images/large/1140660914.jpg,/media/product_images/medium/1140660914.jpg,
1140660915,/media/product_images/large/1140660915.jpg,/media/product_images/medium/1140660915.jpg,
1140660916,/media/product_images/large/1140660916.jpg,/media/product_images/medium/1140660916.jpg,
1140660917,/media/product_images/large/1140660917.jpg,/media/product_images/medium/1140660917.jpg,
1140660918,/media/product_images/large/1140660918.jpg,/media/product_images/medium/1140660918.jpg,
1140660919,/media/product_images/large/1140660919.jpg,/media/product_images/medium/1140660919.jpg,
1140660920,/media/product_images/large/1140660920.jpg,/media/product_images/medium/1140660920.jpg,
1140660921,/media/product_images/large/1140660921.jpg,/media/product_images/medium/1140660921.jpg,
1140660922,/media/product_images/large/1140660922.jpg,/media/product_images/medium/1140660922.jpg,
1140660923,/media/product_images/large/1140660923.jpg,/media/product_images/medium/1140660923.jpg,
1140660924,/media/product_images/large/1140660924.jpg,/media/product_images/medium/1140660924.jpg,
1140660925,/media/product_images/large/1140660925.jpg,/media/product_images/medium/1140660925.jpg,
1140660926,/media/product_images/large/1140660926.jpg,/media/product_images/medium/1140660926.jpg,
1140660927,/media/product_images/large/1140660927.jpg,/media/product_images/medium/1140660927.jpg,
1140660928,/media/product_images/large/1140660928.jpg,/media/product_images/medium/1140660928.jpg,
1140660929,/media/product_images/large/1140660929.jpg,/media/product_images/medium/1140660929.jpg,
1140660930,/media/product_images/large/1140660930.jpg,/media/product_images/medium/1140660930.jpg,
1140660931,/media/product_images/large/1140660931.jpg,/media/product_images/medium/1140660931.jpg,
1140660932,/media/product_images/large/1140660932.jpg,/media/product_images/medium/1140660932.jpg,
1140660933,/media/product_images/large/1140660933.jpg,/media/product_images/medium/1140660933.jpg,
1140660934,/media/product_images/large/1140660934.jpg,/media/product_images/medium/1140660934.jpg,
1140660935,/media/product_images/large/1140660935.jpg,/media/product_images/medium/1140660935.jpg,
1140660936,/media/product_images/large/1140660936.jpg,/media/product_images/medium/1140660936.jpg,
1140660937,/media/product_images/large/1140660937.jpg,/media/product_images/medium/1140660937.jpg,
1140660938,/media/product_images/large/1140660938.jpg,/media/product_images/medium/1140660938.jpg,
1140660939,/media/product_images/large/1140660939.jpg,/media/product_images/medium/1140660939.jpg,
1140660940,/media/product_images/large/1140660940.jpg,/media/product_images/medium/1140660940.jpg,
1140660941,/media/product_images/large/1140660941.jpg,/media/product_images/medium/1140660941.jpg,
1140660942,/media/product_images/large/1140660942.jpg,/media/product_images/medium/1140660942.jpg,
1140660943,/media/product_images/large/1140660943.jpg,/media/product_images/medium/1140660943.jpg,
1140660944,/media/product_images/large/1140660944.jpg,/media/product_images/medium/1140660944.jpg,
1140660945,/media/product_images/large/1140660945.jpg,/media/product_images/medium/1140660945.jpg,
1140660946,/media/product_images/large/1140660946.jpg,/media/product_images/medium/1140660946.jpg,
1140660952,/media/product_images/large/1140660952.jpg,/media/product_images/medium/1140660952.jpg,
1140660953,/media/product_images/large/1140660953.jpg,/media/product_images/medium/1140660953.jpg,
1140660954,/media/product_images/large/1140660954.jpg,/media/product_images/medium/1140660954.jpg,
1140660956,/media/product_images/large/1140660956.jpg,/media/product_images/medium/1140660956.jpg,
1140661010,/media/product_images/large/1140661010.jpg,/media/product_images/medium/1140661010.jpg,
1140661241,/media/product_images/large/1140661241.jpg,/media/product_images/medium/1140661241.jpg,
1140661242,/media/product_images/large/1140661242.jpg,/media/product_images/medium/1140661242.jpg,
1140661243,/media/product_images/large/1140661243.jpg,/media/product_images/medium/1140661243.jpg,
1140661245,/media/product_images/large/1140661245.jpg,/media/product_images/medium/1140661245.jpg,
1140661251,/media/product_images/large/1140661251.jpg,/media/product_images/medium/1140661251.jpg,
1140661252,/media/product_images/large/1140661252.jpg,/media/product_images/medium/1140661252.jpg,
1140661253,/media/product_images/large/1140661253.jpg,/media/product_images/medium/1140661253.jpg,
1140661254,/media/product_images/large/1140661254.jpg,/media/product_images/medium/1140661254.jpg,
1140661255,/media/product_images/large/1140661255.jpg,/media/product_images/medium/1140661255.jpg,
1140661256,/media/product_images/large/1140661256.jpg,/media/product_images/medium/1140661256.jpg,
1140661257,/media/product_images/large/1140661257.jpg,/media/product_images/medium/1140661257.jpg,
1140661264,/media/product_images/large/1140661264.jpg,/media/product_images/medium/1140661264.jpg,
1140661265,/media/product_images/large/1140661265.jpg,/media/product_images/medium/1140661265.jpg,
1140661350,/media/product_images/large/1140661350.jpg,/media/product_images/medium/1140661350.jpg,
1140661351,/media/product_images/large/1140661351.jpg,/media/product_images/medium/1140661351.jpg,
1140661352,/media/product_images/large/1140661352.jpg,/media/product_images/medium/1140661352.jpg,
1140661353,/media/product_images/large/1140661353.jpg,/media/product_images/medium/1140661353.jpg,
1140661354,/media/product_images/large/1140661354.jpg,/media/product_images/medium/1140661354.jpg,
1140661355,/media/product_images/large/1140661355.jpg,/media/product_images/medium/1140661355.jpg,
1140661356,/media/product_images/large/1140661356.jpg,/media/product_images/medium/1140661356.jpg,
1140661357,/media/product_images/large/1140661357.jpg,/media/product_images/medium/1140661357.jpg,
1140661358,/media/product_images/large/1140661358.jpg,/media/product_images/medium/1140661358.jpg,
1140661359,/media/product_images/large/1140661359.jpg,/media/product_images/medium/1140661359.jpg,
1140661360,/media/product_images/large/1140661360.jpg,/media/product_images/medium/1140661360.jpg,
1140661361,/media/product_images/large/1140661361.jpg,/media/product_images/medium/1140661361.jpg,
1140661362,/media/product_images/large/1140661362.jpg,/media/product_images/medium/1140661362.jpg,
1140661363,/media/product_images/large/1140661363.jpg,/media/product_images/medium/1140661363.jpg,
1140661364,/media/product_images/large/1140661364.jpg,/media/product_images/medium/1140661364.jpg,
1140661365,/media/product_images/large/1140661365.jpg,/media/product_images/medium/1140661365.jpg,
1140661366,/media/product_images/large/1140661366.jpg,/media/product_images/medium/1140661366.jpg,
1140661496,/media/product_images/large/1140661496.jpg,/media/product_images/medium/1140661496.jpg,
1140661498,/media/product_images/large/1140661498.jpg,/media/product_images/medium/1140661498.jpg,
1140661510,/media/product_images/large/1140661510.jpg,/media/product_images/medium/1140661510.jpg,
1140661513,/media/product_images/large/1140661513.jpg,/media/product_images/medium/1140661513.jpg,
1140661514,/media/product_images/large/1140661514.jpg,/media/product_images/medium/1140661514.jpg,
1140661515,/media/product_images/large/1140661515.jpg,/media/product_images/medium/1140661515.jpg,
1140661532,/media/product_images/large/1140661532.jpg,/media/product_images/medium/1140661532.jpg,
1140661533,/media/product_images/large/1140661533.jpg,/media/product_images/medium/1140661533.jpg,
1140661534,/media/product_images/large/1140661534.jpg,/media/product_images/medium/1140661534.jpg,
1140661535,/media/product_images/large/1140661535.jpg,/media/product_images/medium/1140661535.jpg,
1140661537,/media/product_images/large/1140661537.jpg,/media/product_images/medium/1140661537.jpg,
1140661538,/media/product_images/large/1140661538.jpg,/media/product_images/medium/1140661538.jpg,
1140661539,/media/product_images/large/1140661539.jpg,/media/product_images/medium/1140661539.jpg,
1140661540,/media/product_images/large/1140661540.jpg,/media/product_images/medium/1140661540.jpg,
1140661542,/media/product_images/large/1140661542.jpg,/media/product_images/medium/1140661542.jpg,
1140661543,/media/product_images/large/1140661543.jpg,/media/product_images/medium/1140661543.jpg,
1140661554,/media/product_images/large/1140661554.jpg,/media/product_images/medium/1140661554.jpg,
1140661555,/media/product_images/large/1140661555.jpg,/media/product_images/medium/1140661555.jpg,
1140661556,/media/product_images/large/1140661556.jpg,/media/product_images/medium/1140661556.jpg,
1140661557,/media/product_images/large/1140661557.jpg,/media/product_images/medium/1140661557.jpg,
1140661558,/media/product_images/large/1140661558.jpg,/media/product_images/medium/1140661558.jpg,
1140661560,/media/product_images/large/1140661560.jpg,/media/product_images/medium/1140661560.jpg,
1140661561,/media/product_images/large/1140661561.jpg,/media/product_images/medium/1140661561.jpg,
1140661562,/media/product_images/large/1140661562.jpg,/media/product_images/medium/1140661562.jpg,
1140661563,/media/product_images/large/1140661563.jpg,/media/product_images/medium/1140661563.jpg,
1140661581,/media/product_images/large/1140661581.jpg,/media/product_images/medium/1140661581.jpg,
1140661660,/media/product_images/large/1140661660.jpg,/media/product_images/medium/1140661660.jpg,
1140661677,/media/product_images/large/1140661677.jpg,/media/product_images/medium/1140661677.jpg,
1140661820,/media/product_images/large/1140661820.jpg,/media/product_images/medium/1140661820.jpg,
1140661821,/media/product_images/large/1140661821.jpg,/media/product_images/medium/1140661821.jpg,
1140661901,/media/product_images/large/1140661901.jpg,/media/product_images/medium/1140661901.jpg,
1140661903,/media/product_images/large/1140661903.jpg,/media/product_images/medium/1140661903.jpg,
1140661905,/media/product_images/large/1140661905.jpg,/media/product_images/medium/1140661905.jpg,
1140661906,/media/product_images/large/1140661906.jpg,/media/product_images/medium/1140661906.jpg,
1140661907,/media/product_images/large/1140661907.jpg,/media/product_images/medium/1140661907.jpg,
1140661924,/media/product_images/large/1140661924.jpg,/media/product_images/medium/1140661924.jpg,
1140661925,/media/product_images/large/1140661925.jpg,/media/product_images/medium/1140661925.jpg,
1140661926,/media/product_images/large/1140661926.jpg,/media/product_images/medium/1140661926.jpg,
1140662177,/media/product_images/large/1140662177.jpg,/media/product_images/medium/1140662177.jpg,
1140662178,/media/product_images/large/1140662178.jpg,/media/product_images/medium/1140662178.jpg,
1140662179,/media/product_images/large/1140662179.jpg,/media/product_images/medium/1140662179.jpg,
1140662180,/media/product_images/large/1140662180.jpg,/media/product_images/medium/1140662180.jpg,
1140662181,/media/product_images/large/1140662181.jpg,/media/product_images/medium/1140662181.jpg,
1140662182,/media/product_images/large/1140662182.jpg,/media/product_images/medium/1140662182.jpg,
1140662184,/media/product_images/large/1140662184.jpg,/media/product_images/medium/1140662184.jpg,
1140662185,/media/product_images/large/1140662185.jpg,/media/product_images/medium/1140662185.jpg,
1140662186,/media/product_images/large/1140662186.jpg,/media/product_images/medium/1140662186.jpg,
1140662187,/media/product_images/large/1140662187.jpg,/media/product_images/medium/1140662187.jpg,
1140662188,/media/product_images/large/1140662188.jpg,/media/product_images/medium/1140662188.jpg,
1140662189,/media/product_images/large/1140662189.jpg,/media/product_images/medium/1140662189.jpg,
1140662190,/media/product_images/large/1140662190.jpg,/media/product_images/medium/1140662190.jpg,
1140662191,/media/product_images/large/1140662191.jpg,/media/product_images/medium/1140662191.jpg,
1140662192,/media/product_images/large/1140662192.jpg,/media/product_images/medium/1140662192.jpg,
1140662193,/media/product_images/large/1140662193.jpg,/media/product_images/medium/1140662193.jpg,
1140662194,/media/product_images/large/1140662194.jpg,/media/product_images/medium/1140662194.jpg,
1140662195,/media/product_images/large/1140662195.jpg,/media/product_images/medium/1140662195.jpg,
1140662196,/media/product_images/large/1140662196.jpg,/media/product_images/medium/1140662196.jpg,
1140662197,/media/product_images/large/1140662197.jpg,/media/product_images/medium/1140662197.jpg,
1140662198,/media/product_images/large/1140662198.jpg,/media/product_images/medium/1140662198.jpg,
1140662199,/media/product_images/large/1140662199.jpg,/media/product_images/medium/1140662199.jpg,
1140662200,/media/product_images/large/1140662200.jpg,/media/product_images/medium/1140662200.jpg,
1140662201,/media/product_images/large/1140662201.jpg,/media/product_images/medium/1140662201.jpg,
1140662202,/media/product_images/large/1140662202.jpg,/media/product_images/medium/1140662202.jpg,
1140662399,/media/product_images/large/1140662399.jpg,/media/product_images/medium/1140662399.jpg,
1140662400,/media/product_images/large/1140662400.jpg,/media/product_images/medium/1140662400.jpg,
1140662401,/media/product_images/large/1140662401.jpg,/media/product_images/medium/1140662401.jpg,
1140662406,/media/product_images/large/1140662406.jpg,/media/product_images/medium/1140662406.jpg,
1140662407,/media/product_images/large/1140662407.jpg,/media/product_images/medium/1140662407.jpg,
1140662408,/media/product_images/large/1140662408.jpg,/media/product_images/medium/1140662408.jpg,
1140662409,/media/product_images/large/1140662409.jpg,/media/product_images/medium/1140662409.jpg,
1140662410,/media/product_images/large/1140662410.jpg,/media/product_images/medium/1140662410.jpg,
1140662411,/media/product_images/large/1140662411.jpg,/media/product_images/medium/1140662411.jpg,
1140662412,/media/product_images/large/1140662412.jpg,/media/product_images/medium/1140662412.jpg,
1140662413,/media/product_images/large/1140662413.jpg,/media/product_images/medium/1140662413.jpg,
1140662414,/media/product_images/large/1140662414.jpg,/media/product_images/medium/1140662414.jpg,
1140662415,/media/product_images/large/1140662415.jpg,/media/product_images/medium/1140662415.jpg,
1140662416,/media/product_images/large/1140662416.jpg,/media/product_images/medium/1140662416.jpg,
1140662417,/media/product_images/large/1140662417.jpg,/media/product_images/medium/1140662417.jpg,
1140662418,/media/product_images/large/1140662418.jpg,/media/product_images/medium/1140662418.jpg,
1140662419,/media/product_images/large/1140662419.jpg,/media/product_images/medium/1140662419.jpg,
1140662420,/media/product_images/large/1140662420.jpg,/media/product_images/medium/1140662420.jpg,
1140662421,/media/product_images/large/1140662421.jpg,/media/product_images/medium/1140662421.jpg,
1140662422,/media/product_images/large/1140662422.jpg,/media/product_images/medium/1140662422.jpg,
1140662423,/media/product_images/large/1140662423.jpg,/media/product_images/medium/1140662423.jpg,
1140662424,/media/product_images/large/1140662424.jpg,/media/product_images/medium/1140662424.jpg,
1140662425,/media/product_images/large/1140662425.jpg,/media/product_images/medium/1140662425.jpg,
1140662426,/media/product_images/large/1140662426.jpg,/media/product_images/medium/1140662426.jpg,
1140662427,/media/product_images/large/1140662427.jpg,/media/product_images/medium/1140662427.jpg,
1140662428,/media/product_images/large/1140662428.jpg,/media/product_images/medium/1140662428.jpg,
1140663678,/media/product_images/large/1140663678.jpg,/media/product_images/medium/1140663678.jpg,
1140663679,/media/product_images/large/1140663679.jpg,/media/product_images/medium/1140663679.jpg,
1140663680,/media/product_images/large/1140663680.jpg,/media/product_images/medium/1140663680.jpg,
1140663681,/media/product_images/large/1140663681.jpg,/media/product_images/medium/1140663681.jpg,
1140663682,/media/product_images/large/1140663682.jpg,/media/product_images/medium/1140663682.jpg,
1140663683,/media/product_images/large/1140663683.jpg,/media/product_images/medium/1140663683.jpg,
1140663684,/media/product_images/large/1140663684.jpg,/media/product_images/medium/1140663684.jpg,
1140663685,/media/product_images/large/1140663685.jpg,/media/product_images/medium/1140663685.jpg,
1140663686,/media/product_images/large/1140663686.jpg,/media/product_images/medium/1140663686.jpg,
1140663687,/media/product_images/large/1140663687.jpg,/media/product_images/medium/1140663687.jpg,
1140663688,/media/product_images/large/1140663688.jpg,/media/product_images/medium/1140663688.jpg,
1140663689,/media/product_images/large/1140663689.jpg,/media/product_images/medium/1140663689.jpg,
1140663690,/media/product_images/large/1140663690.jpg,/media/product_images/medium/1140663690.jpg,
1140663691,/media/product_images/large/1140663691.jpg,/media/product_images/medium/1140663691.jpg,
1140663692,/media/product_images/large/1140663692.jpg,/media/product_images/medium/1140663692.jpg,
1140663693,/media/product_images/large/1140663693.jpg,/media/product_images/medium/1140663693.jpg,
1140663694,/media/product_images/large/1140663694.jpg,/media/product_images/medium/1140663694.jpg,
1140663695,/media/product_images/large/1140663695.jpg,/media/product_images/medium/1140663695.jpg,
1140663696,/media/product_images/large/1140663696.jpg,/media/product_images/medium/1140663696.jpg,
1140663703,/media/product_images/large/1140663703.jpg,/media/product_images/medium/1140663703.jpg,
1140663705,/media/product_images/large/1140663705.jpg,/media/product_images/medium/1140663705.jpg,
1140663706,/media/product_images/large/1140663706.jpg,/media/product_images/medium/1140663706.jpg,
1140663708,/media/product_images/large/1140663708.jpg,/media/product_images/medium/1140663708.jpg,
1140663709,/media/product_images/large/1140663709.jpg,/media/product_images/medium/1140663709.jpg,
1140663710,/media/product_images/large/1140663710.jpg,/media/product_images/medium/1140663710.jpg,
1140663711,/media/product_images/large/1140663711.jpg,/media/product_images/medium/1140663711.jpg,
1140663712,/media/product_images/large/1140663712.jpg,/media/product_images/medium/1140663712.jpg,
1140663713,/media/product_images/large/1140663713.jpg,/media/product_images/medium/1140663713.jpg,
1140663714,/media/product_images/large/1140663714.jpg,/media/product_images/medium/1140663714.jpg,
1140663715,/media/product_images/large/1140663715.jpg,/media/product_images/medium/1140663715.jpg,
1140663716,/media/product_images/large/1140663716.jpg,/media/product_images/medium/1140663716.jpg,
1140663721,/media/product_images/large/1140663721.jpg,/media/product_images/medium/1140663721.jpg,
1140663723,/media/product_images/large/1140663723.jpg,/media/product_images/medium/1140663723.jpg,
1140663724,/media/product_images/large/1140663724.jpg,/media/product_images/medium/1140663724.jpg,
1140663726,/media/product_images/large/1140663726.jpg,/media/product_images/medium/1140663726.jpg,
1140663727,/media/product_images/large/1140663727.jpg,/media/product_images/medium/1140663727.jpg,
1140663728,/media/product_images/large/1140663728.jpg,/media/product_images/medium/1140663728.jpg,
1140663729,/media/product_images/large/1140663729.jpg,/media/product_images/medium/1140663729.jpg,
1140663730,/media/product_images/large/1140663730.jpg,/media/product_images/medium/1140663730.jpg,
1140663731,/media/product_images/large/1140663731.jpg,/media/product_images/medium/1140663731.jpg,
1140663732,/media/product_images/large/1140663732.jpg,/media/product_images/medium/1140663732.jpg,
1140663735,/media/product_images/large/1140663735.jpg,/media/product_images/medium/1140663735.jpg,
1140663736,/media/product_images/large/1140663736.jpg,/media/product_images/medium/1140663736.jpg,
1140663737,/media/product_images/large/1140663737.jpg,/media/product_images/medium/1140663737.jpg,
1140663738,/media/product_images/large/1140663738.jpg,/media/product_images/medium/1140663738.jpg,
1140663739,/media/product_images/large/1140663739.jpg,/media/product_images/medium/1140663739.jpg,
1140663740,/media/product_images/large/1140663740.jpg,/media/product_images/medium/1140663740.jpg,
1140663741,/media/product_images/large/1140663741.jpg,/media/product_images/medium/1140663741.jpg,
1140663742,/media/product_images/large/1140663742.jpg,/media/product_images/medium/1140663742.jpg,
1140663743,/media/product_images/large/1140663743.jpg,/media/product_images/medium/1140663743.jpg,
1140663744,/media/product_images/large/1140663744.jpg,/media/product_images/medium/1140663744.jpg,
1140663745,/media/product_images/large/1140663745.jpg,/media/product_images/medium/1140663745.jpg,
1140663746,/media/product_images/large/1140663746.jpg,/media/product_images/medium/1140663746.jpg,
1140665419,/media/product_images/large/1140665419.jpg,/media/product_images/medium/1140665419.jpg,
1140665420,/media/product_images/large/1140665420.jpg,/media/product_images/medium/1140665420.jpg,
1140665421,/media/product_images/large/1140665421.jpg,/media/product_images/medium/1140665421.jpg,
1140665422,/media/product_images/large/1140665422.jpg,/media/product_images/medium/1140665422.jpg,
1140665939,/media/product_images/large/1140665939.jpg,/media/product_images/medium/1140665939.jpg,
1140665940,/media/product_images/large/1140665940.jpg,/media/product_images/medium/1140665940.jpg,
1140665941,/media/product_images/large/1140665941.jpg,/media/product_images/medium/1140665941.jpg,
1140665942,/media/product_images/large/1140665942.jpg,/media/product_images/medium/1140665942.jpg,
1140665943,/media/product_images/large/1140665943.jpg,/media/product_images/medium/1140665943.jpg,
1140666042,/media/product_images/large/1140666042.jpg,/media/product_images/medium/1140666042.jpg,
1140666042-1,/media/product_images/large/1140666042-1.jpg,/media/product_images/medium/1140666042-1.jpg,
1140666043,/media/product_images/large/1140666043.jpg,/media/product_images/medium/1140666043.jpg,
1140666044,/media/product_images/large/1140666044.jpg,/media/product_images/medium/1140666044.jpg,
1140669191,/media/product_images/large/1140669191.jpg,/media/product_images/medium/1140669191.jpg,
1140669192,/media/product_images/large/1140669192.jpg,/media/product_images/medium/1140669192.jpg,
1140669193,/media/product_images/large/1140669193.jpg,/media/product_images/medium/1140669193.jpg,
1140669197,/media/product_images/large/1140669197.jpg,/media/product_images/medium/1140669197.jpg,
1140669198,/media/product_images/large/1140669198.jpg,/media/product_images/medium/1140669198.jpg,
1140669199,/media/product_images/large/1140669199.jpg,/media/product_images/medium/1140669199.jpg,
1140669200,/media/product_images/large/1140669200.jpg,/media/product_images/medium/1140669200.jpg,
1140669201,/media/product_images/large/1140669201.jpg,/media/product_images/medium/1140669201.jpg,
1140669202,/media/product_images/large/1140669202.jpg,/media/product_images/medium/1140669202.jpg,
1140669203,/media/product_images/large/1140669203.jpg,/media/product_images/medium/1140669203.jpg,
1140669204,/media/product_images/large/1140669204.jpg,/media/product_images/medium/1140669204.jpg,
1140669205,/media/product_images/large/1140669205.jpg,/media/product_images/medium/1140669205.jpg,
1140669206,/media/product_images/large/1140669206.jpg,/media/product_images/medium/1140669206.jpg,
1140669207,/media/product_images/large/1140669207.jpg,/media/product_images/medium/1140669207.jpg,
1140669208,/media/product_images/large/1140669208.jpg,/media/product_images/medium/1140669208.jpg,
1140669209,/media/product_images/large/1140669209.jpg,/media/product_images/medium/1140669209.jpg,
1140669210,/media/product_images/large/1140669210.jpg,/media/product_images/medium/1140669210.jpg,
1140669211,/media/product_images/large/1140669211.jpg,/media/product_images/medium/1140669211.jpg,
1140669212,/media/product_images/large/1140669212.jpg,/media/product_images/medium/1140669212.jpg,
1140669213,/media/product_images/large/1140669213.jpg,/media/product_images/medium/1140669213.jpg,
1140669214,/media/product_images/large/1140669214.jpg,/media/product_images/medium/1140669214.jpg,
1140669215,/media/product_images/large/1140669215.jpg,/media/product_images/medium/1140669215.jpg,
1140669216,/media/product_images/large/1140669216.jpg,/media/product_images/medium/1140669216.jpg,
1140669217,/media/product_images/large/1140669217.jpg,/media/product_images/medium/1140669217.jpg,
1140669218,/media/product_images/large/1140669218.jpg,/media/product_images/medium/1140669218.jpg,
1140669219,/media/product_images/large/1140669219.jpg,/media/product_images/medium/1140669219.jpg,
1140669220,/media/product_images/large/1140669220.jpg,/media/product_images/medium/1140669220.jpg,
1140669221,/media/product_images/large/1140669221.jpg,/media/product_images/medium/1140669221.jpg,
1140669222,/media/product_images/large/1140669222.jpg,/media/product_images/medium/1140669222.jpg,
1140669223,/media/product_images/large/1140669223.jpg,/media/product_images/medium/1140669223.jpg,
1140669224,/media/product_images/large/1140669224.jpg,/media/product_images/medium/1140669224.jpg,
1140669225,/media/product_images/large/1140669225.jpg,/media/product_images/medium/1140669225.jpg,
1140669226,/media/product_images/large/1140669226.jpg,/media/product_images/medium/1140669226.jpg,
1140669227,/media/product_images/large/1140669227.jpg,/media/product_images/medium/1140669227.jpg,
1140669228,/media/product_images/large/1140669228.jpg,/media/product_images/medium/1140669228.jpg,
1140669229,/media/product_images/large/1140669229.jpg,/media/product_images/medium/1140669229.jpg,
1140669230,/media/product_images/large/1140669230.jpg,/media/product_images/medium/1140669230.jpg,
1140669231,/media/product_images/large/1140669231.jpg,/media/product_images/medium/1140669231.jpg,
1140669232,/media/product_images/large/1140669232.jpg,/media/product_images/medium/1140669232.jpg,
1140669233,/media/product_images/large/1140669233.jpg,/media/product_images/medium/1140669233.jpg,
1140669234,/media/product_images/large/1140669234.jpg,/media/product_images/medium/1140669234.jpg,
1140669235,/media/product_images/large/1140669235.jpg,/media/product_images/medium/1140669235.jpg,
1140669236,/media/product_images/large/1140669236.jpg,/media/product_images/medium/1140669236.jpg,
1140669237,/media/product_images/large/1140669237.jpg,/media/product_images/medium/1140669237.jpg,
1140669238,/media/product_images/large/1140669238.jpg,/media/product_images/medium/1140669238.jpg,
1140669239,/media/product_images/large/1140669239.jpg,/media/product_images/medium/1140669239.jpg,
1140669240,/media/product_images/large/1140669240.jpg,/media/product_images/medium/1140669240.jpg,
1140669241,/media/product_images/large/1140669241.jpg,/media/product_images/medium/1140669241.jpg,
1140669242,/media/product_images/large/1140669242.jpg,/media/product_images/medium/1140669242.jpg,
1140669243,/media/product_images/large/1140669243.jpg,/media/product_images/medium/1140669243.jpg,
1140669244,/media/product_images/large/1140669244.jpg,/media/product_images/medium/1140669244.jpg,
1140669245,/media/product_images/large/1140669245.jpg,/media/product_images/medium/1140669245.jpg,
1140669246,/media/product_images/large/1140669246.jpg,/media/product_images/medium/1140669246.jpg,
1140669247,/media/product_images/large/1140669247.jpg,/media/product_images/medium/1140669247.jpg,
1140669248,/media/product_images/large/1140669248.jpg,/media/product_images/medium/1140669248.jpg,
1140669249,/media/product_images/large/1140669249.jpg,/media/product_images/medium/1140669249.jpg,
1140669250,/media/product_images/large/1140669250.jpg,/media/product_images/medium/1140669250.jpg,
1140669251,/media/product_images/large/1140669251.jpg,/media/product_images/medium/1140669251.jpg,
1140669252,/media/product_images/large/1140669252.jpg,/media/product_images/medium/1140669252.jpg,
1140669253,/media/product_images/large/1140669253.jpg,/media/product_images/medium/1140669253.jpg,
1140669254,/media/product_images/large/1140669254.jpg,/media/product_images/medium/1140669254.jpg,
1140669255,/media/product_images/large/1140669255.jpg,/media/product_images/medium/1140669255.jpg,
1140669256,/media/product_images/large/1140669256.jpg,/media/product_images/medium/1140669256.jpg,
1140669257,/media/product_images/large/1140669257.jpg,/media/product_images/medium/1140669257.jpg,
1140669258,/media/product_images/large/1140669258.jpg,/media/product_images/medium/1140669258.jpg,
1140669259,/media/product_images/large/1140669259.jpg,/media/product_images/medium/1140669259.jpg,
1140669260,/media/product_images/large/1140669260.jpg,/media/product_images/medium/1140669260.jpg,
1140669261,/media/product_images/large/1140669261.jpg,/media/product_images/medium/1140669261.jpg,
1140669262,/media/product_images/large/1140669262.jpg,/media/product_images/medium/1140669262.jpg,
1140669263,/media/product_images/large/1140669263.jpg,/media/product_images/medium/1140669263.jpg,
1140669264,/media/product_images/large/1140669264.jpg,/media/product_images/medium/1140669264.jpg,
1140669265,/media/product_images/large/1140669265.jpg,/media/product_images/medium/1140669265.jpg,
1140669266,/media/product_images/large/1140669266.jpg,/media/product_images/medium/1140669266.jpg,
1140669267,/media/product_images/large/1140669267.jpg,/media/product_images/medium/1140669267.jpg,
1140669268,/media/product_images/large/1140669268.jpg,/media/product_images/medium/1140669268.jpg,
1140669269,/media/product_images/large/1140669269.jpg,/media/product_images/medium/1140669269.jpg,
1140669270,/media/product_images/large/1140669270.jpg,/media/product_images/medium/1140669270.jpg,
1140669271,/media/product_images/large/1140669271.jpg,/media/product_images/medium/1140669271.jpg,
1140669272,/media/product_images/large/1140669272.jpg,/media/product_images/medium/1140669272.jpg,
1140669273,/media/product_images/large/1140669273.jpg,/media/product_images/medium/1140669273.jpg,
1140669274,/media/product_images/large/1140669274.jpg,/media/product_images/medium/1140669274.jpg,
1140669275,/media/product_images/large/1140669275.jpg,/media/product_images/medium/1140669275.jpg,
1140669276,/media/product_images/large/1140669276.jpg,/media/product_images/medium/1140669276.jpg,
1140669277,/media/product_images/large/1140669277.jpg,/media/product_images/medium/1140669277.jpg,
1140669278,/media/product_images/large/1140669278.jpg,/media/product_images/medium/1140669278.jpg,
1140669279,/media/product_images/large/1140669279.jpg,/media/product_images/medium/1140669279.jpg,
1140669280,/media/product_images/large/1140669280.jpg,/media/product_images/medium/1140669280.jpg,
1140669281,/media/product_images/large/1140669281.jpg,/media/product_images/medium/1140669281.jpg,
1140669282,/media/product_images/large/1140669282.jpg,/media/product_images/medium/1140669282.jpg,
1140669283,/media/product_images/large/1140669283.jpg,/media/product_images/medium/1140669283.jpg,
1140669284,/media/product_images/large/1140669284.jpg,/media/product_images/medium/1140669284.jpg,
1140669285,/media/product_images/large/1140669285.jpg,/media/product_images/medium/1140669285.jpg,
1140669286,/media/product_images/large/1140669286.jpg,/media/product_images/medium/1140669286.jpg,
1140669287,/media/product_images/large/1140669287.jpg,/media/product_images/medium/1140669287.jpg,
1140669288,/media/product_images/large/1140669288.jpg,/media/product_images/medium/1140669288.jpg,
1140669289,/media/product_images/large/1140669289.jpg,/media/product_images/medium/1140669289.jpg,
1140669290,/media/product_images/large/1140669290.jpg,/media/product_images/medium/1140669290.jpg,
1140669291,/media/product_images/large/1140669291.jpg,/media/product_images/medium/1140669291.jpg,
1140669292,/media/product_images/large/1140669292.jpg,/media/product_images/medium/1140669292.jpg,
1140669293,/media/product_images/large/1140669293.jpg,/media/product_images/medium/1140669293.jpg,
1140669294,/media/product_images/large/1140669294.jpg,/media/product_images/medium/1140669294.jpg,
1140669295,/media/product_images/large/1140669295.jpg,/media/product_images/medium/1140669295.jpg,
1140669296,/media/product_images/large/1140669296.jpg,/media/product_images/medium/1140669296.jpg,
1140669297,/media/product_images/large/1140669297.jpg,/media/product_images/medium/1140669297.jpg,
1140669298,/media/product_images/large/1140669298.jpg,/media/product_images/medium/1140669298.jpg,
1140669299,/media/product_images/large/1140669299.jpg,/media/product_images/medium/1140669299.jpg,
1140669300,/media/product_images/large/1140669300.jpg,/media/product_images/medium/1140669300.jpg,
1140669301,/media/product_images/large/1140669301.jpg,/media/product_images/medium/1140669301.jpg,
1140669302,/media/product_images/large/1140669302.jpg,/media/product_images/medium/1140669302.jpg,
1140669303,/media/product_images/large/1140669303.jpg,/media/product_images/medium/1140669303.jpg,
1140669304,/media/product_images/large/1140669304.jpg,/media/product_images/medium/1140669304.jpg,
1140669305,/media/product_images/large/1140669305.jpg,/media/product_images/medium/1140669305.jpg,
1140669306,/media/product_images/large/1140669306.jpg,/media/product_images/medium/1140669306.jpg,
1140669307,/media/product_images/large/1140669307.jpg,/media/product_images/medium/1140669307.jpg,
1140669308,/media/product_images/large/1140669308.jpg,/media/product_images/medium/1140669308.jpg,
1140669309,/media/product_images/large/1140669309.jpg,/media/product_images/medium/1140669309.jpg,
1140669310,/media/product_images/large/1140669310.jpg,/media/product_images/medium/1140669310.jpg,
1140669311,/media/product_images/large/1140669311.jpg,/media/product_images/medium/1140669311.jpg,
1140669312,/media/product_images/large/1140669312.jpg,/media/product_images/medium/1140669312.jpg,
1140669313,/media/product_images/large/1140669313.jpg,/media/product_images/medium/1140669313.jpg,
1140669314,/media/product_images/large/1140669314.jpg,/media/product_images/medium/1140669314.jpg,
1140669315,/media/product_images/large/1140669315.jpg,/media/product_images/medium/1140669315.jpg,
1140669600,/media/product_images/large/1140669600.jpg,/media/product_images/medium/1140669600.jpg,
1140671617,/media/product_images/large/1140671617.jpg,/media/product_images/medium/1140671617.jpg,
1140671618,/media/product_images/large/1140671618.jpg,/media/product_images/medium/1140671618.jpg,
1140671619,/media/product_images/large/1140671619.jpg,/media/product_images/medium/1140671619.jpg,
1140671620,/media/product_images/large/1140671620.jpg,/media/product_images/medium/1140671620.jpg,
1140671621,/media/product_images/large/1140671621.jpg,/media/product_images/medium/1140671621.jpg,
1140671622,/media/product_images/large/1140671622.jpg,/media/product_images/medium/1140671622.jpg,
1140671623,/media/product_images/large/1140671623.jpg,/media/product_images/medium/1140671623.jpg,
1140671624,/media/product_images/large/1140671624.jpg,/media/product_images/medium/1140671624.jpg,
1140671625,/media/product_images/large/1140671625.jpg,/media/product_images/medium/1140671625.jpg,
1140671627,/media/product_images/large/1140671627.jpg,/media/product_images/medium/1140671627.jpg,
1140671671,/media/product_images/large/1140671671.jpg,/media/product_images/medium/1140671671.jpg,
1140671672,/media/product_images/large/1140671672.jpg,/media/product_images/medium/1140671672.jpg,
1140671673,/media/product_images/large/1140671673.jpg,/media/product_images/medium/1140671673.jpg,
1140671674,/media/product_images/large/1140671674.jpg,/media/product_images/medium/1140671674.jpg,
1140671676,/media/product_images/large/1140671676.jpg,/media/product_images/medium/1140671676.jpg,
1140671677,/media/product_images/large/1140671677.jpg,/media/product_images/medium/1140671677.jpg,
1140672323,/media/product_images/large/1140672323.jpg,/media/product_images/medium/1140672323.jpg,
1140672324,/media/product_images/large/1140672324.jpg,/media/product_images/medium/1140672324.jpg,
1140672325,/media/product_images/large/1140672325.jpg,/media/product_images/medium/1140672325.jpg,
1140672326,/media/product_images/large/1140672326.jpg,/media/product_images/medium/1140672326.jpg,
1140672327,/media/product_images/large/1140672327.jpg,/media/product_images/medium/1140672327.jpg,
1140672328,/media/product_images/large/1140672328.jpg,/media/product_images/medium/1140672328.jpg,
1140672329,/media/product_images/large/1140672329.jpg,/media/product_images/medium/1140672329.jpg,
1140672337,/media/product_images/large/1140672337.jpg,/media/product_images/medium/1140672337.jpg,
1140672338,/media/product_images/large/1140672338.jpg,/media/product_images/medium/1140672338.jpg,
1140673239,/media/product_images/large/1140673239.jpg,/media/product_images/medium/1140673239.jpg,
1140673240,/media/product_images/large/1140673240.jpg,/media/product_images/medium/1140673240.jpg,
1140673241,/media/product_images/large/1140673241.jpg,/media/product_images/medium/1140673241.jpg,
1140673242,/media/product_images/large/1140673242.jpg,/media/product_images/medium/1140673242.jpg,
1140673243,/media/product_images/large/1140673243.jpg,/media/product_images/medium/1140673243.jpg,
1140673244,/media/product_images/large/1140673244.jpg,/media/product_images/medium/1140673244.jpg,
1140673245,/media/product_images/large/1140673245.jpg,/media/product_images/medium/1140673245.jpg,
1140673246,/media/product_images/large/1140673246.jpg,/media/product_images/medium/1140673246.jpg,
1140673457,/media/product_images/large/1140673457.jpg,/media/product_images/medium/1140673457.jpg,
1140673458,/media/product_images/large/1140673458.jpg,/media/product_images/medium/1140673458.jpg,
1140673459,/media/product_images/large/1140673459.jpg,/media/product_images/medium/1140673459.jpg,
1140673460,/media/product_images/large/1140673460.jpg,/media/product_images/medium/1140673460.jpg,
1140678237,/media/product_images/large/1140678237.jpg,/media/product_images/medium/1140678237.jpg,
1149403,/media/product_images/large/1149403.jpg,/media/product_images/medium/1149403.jpg,
115,/media/product_images/large/115.jpg,/media/product_images/medium/115.jpg,
116,/media/product_images/large/116.jpg,/media/product_images/medium/116.jpg,
117,/media/product_images/large/117.jpg,/media/product_images/medium/117.jpg,
118,/media/product_images/large/118.jpg,/media/product_images/medium/118.jpg,
119,/media/product_images/large/119.jpg,/media/product_images/medium/119.jpg,
1191303,/media/product_images/large/1191303.jpg,/media/product_images/medium/1191303.jpg,
12,/media/product_images/large/12.jpg,/media/product_images/medium/12.jpg,
120,/media/product_images/large/120.jpg,/media/product_images/medium/120.jpg,
121,/media/product_images/large/121.jpg,/media/product_images/medium/121.jpg,
122,/media/product_images/large/122.jpg,/media/product_images/medium/122.jpg,
1224203,/media/product_images/large/1224203.jpg,/media/product_images/medium/1224203.jpg,
123,/media/product_images/large/123.jpg,/media/product_images/medium/123.jpg,
124,/media/product_images/large/124.jpg,/media/product_images/medium/124.jpg,
125,/media/product_images/large/125.jpg,/media/product_images/medium/125.jpg,
126,/media/product_images/large/126.jpg,/media/product_images/medium/126.jpg,
1263409,/media/product_images/large/1263409.jpg,/media/product_images/medium/1263409.jpg,
127,/media/product_images/large/127.jpg,/media/product_images/medium/127.jpg,
128,/media/product_images/large/128.jpg,/media/product_images/medium/128.jpg,
1280809,/media/product_images/large/1280809.jpg,/media/product_images/medium/1280809.jpg,
1285103,/media/product_images/large/1285103.jpg,/media/product_images/medium/1285103.jpg,
1287303,/media/product_images/large/1287303.jpg,/media/product_images/medium/1287303.jpg,
129,/media/product_images/large/129.jpg,/media/product_images/medium/129.jpg,
1296903,/media/product_images/large/1296903.jpg,/media/product_images/medium/1296903.jpg,
13,/media/product_images/large/13.jpg,/media/product_images/medium/13.jpg,
130,/media/product_images/large/130.jpg,/media/product_images/medium/130.jpg,
1303909,/media/product_images/large/1303909.jpg,/media/product_images/medium/1303909.jpg,
1304709,/media/product_images/large/1304709.jpg,/media/product_images/medium/1304709.jpg,
131,/media/product_images/large/131.jpg,/media/product_images/medium/131.jpg,
1312109,/media/product_images/large/1312109.jpg,/media/product_images/medium/1312109.jpg,
1312909,/media/product_images/large/1312909.jpg,/media/product_images/medium/1312909.jpg,
132,/media/product_images/large/132.jpg,/media/product_images/medium/132.jpg,
1328609,/media/product_images/large/1328609.jpg,/media/product_images/medium/1328609.jpg,
133,/media/product_images/large/133.jpg,/media/product_images/medium/133.jpg,
1338409,/media/product_images/large/1338409.jpg,/media/product_images/medium/1338409.jpg,
134,/media/product_images/large/134.jpg,/media/product_images/medium/134.jpg,
135,/media/product_images/large/135.jpg,/media/product_images/medium/135.jpg,
1355004,/media/product_images/large/1355004.jpg,/media/product_images/medium/1355004.jpg,
1358009,/media/product_images/large/1358009.jpg,/media/product_images/medium/1358009.jpg,
136,/media/product_images/large/136.jpg,/media/product_images/medium/136.jpg,
137,/media/product_images/large/137.jpg,/media/product_images/medium/137.jpg,
138,/media/product_images/large/138.jpg,/media/product_images/medium/138.jpg,
1385009,/media/product_images/large/1385009.jpg,/media/product_images/medium/1385009.jpg,
139,/media/product_images/large/139.jpg,/media/product_images/medium/139.jpg,
1393504,/media/product_images/large/1393504.jpg,/media/product_images/medium/1393504.jpg,
14,/media/product_images/large/14.jpg,/media/product_images/medium/14.jpg,
140,/media/product_images/large/140.jpg,/media/product_images/medium/140.jpg,
1400904,/media/product_images/large/1400904.jpg,/media/product_images/medium/1400904.jpg,
1401004,/media/product_images/large/1401004.jpg,/media/product_images/medium/1401004.jpg,
1403909,/media/product_images/large/1403909.jpg,/media/product_images/medium/1403909.jpg,
1409,/media/product_images/large/1409.jpg,/media/product_images/medium/1409.jpg,
141,/media/product_images/large/141.jpg,/media/product_images/medium/141.jpg,
142,/media/product_images/large/142.jpg,/media/product_images/medium/142.jpg,
143,/media/product_images/large/143.jpg,/media/product_images/medium/143.jpg,
14309,/media/product_images/large/14309.jpg,/media/product_images/medium/14309.jpg,
144,/media/product_images/large/144.jpg,/media/product_images/medium/144.jpg,
145,/media/product_images/large/145.jpg,/media/product_images/medium/145.jpg,
1457703,/media/product_images/large/1457703.jpg,/media/product_images/medium/1457703.jpg,
1457803,/media/product_images/large/1457803.jpg,/media/product_images/medium/1457803.jpg,
146,/media/product_images/large/146.jpg,/media/product_images/medium/146.jpg,
1466603,/media/product_images/large/1466603.jpg,/media/product_images/medium/1466603.jpg,
147,/media/product_images/large/147.jpg,/media/product_images/medium/147.jpg,
1474904,/media/product_images/large/1474904.jpg,/media/product_images/medium/1474904.jpg,
1478303,/media/product_images/large/1478303.jpg,/media/product_images/medium/1478303.jpg,
148,/media/product_images/large/148.jpg,/media/product_images/medium/148.jpg,
149,/media/product_images/large/149.jpg,/media/product_images/medium/149.jpg,
15,/media/product_images/large/15.jpg,/media/product_images/medium/15.jpg,
150,/media/product_images/large/150.jpg,/media/product_images/medium/150.jpg,
1500409,/media/product_images/large/1500409.jpg,/media/product_images/medium/1500409.jpg,
1506709,/media/product_images/large/1506709.jpg,/media/product_images/medium/1506709.jpg,
1509,/media/product_images/large/1509.jpg,/media/product_images/medium/1509.jpg,
151,/media/product_images/large/151.jpg,/media/product_images/medium/151.jpg,
1510,/media/product_images/large/1510.jpg,/media/product_images/medium/1510.jpg,
1512,/media/product_images/large/1512.jpg,/media/product_images/medium/1512.jpg,
1513,/media/product_images/large/1513.jpg,/media/product_images/medium/1513.jpg,
1514,/media/product_images/large/1514.jpg,/media/product_images/medium/1514.jpg,
1515,/media/product_images/large/1515.jpg,/media/product_images/medium/1515.jpg,
1516,/media/product_images/large/1516.jpg,/media/product_images/medium/1516.jpg,
1517,/media/product_images/large/1517.jpg,/media/product_images/medium/1517.jpg,
1518,/media/product_images/large/1518.jpg,/media/product_images/medium/1518.jpg,
1519,/media/product_images/large/1519.jpg,/media/product_images/medium/1519.jpg,
152,/media/product_images/large/152.jpg,/media/product_images/medium/152.jpg,
1520,/media/product_images/large/1520.jpg,/media/product_images/medium/1520.jpg,
1521,/media/product_images/large/1521.jpg,/media/product_images/medium/1521.jpg,
1522,/media/product_images/large/1522.jpg,/media/product_images/medium/1522.jpg,
1523,/media/product_images/large/1523.jpg,/media/product_images/medium/1523.jpg,
1524,/media/product_images/large/1524.jpg,/media/product_images/medium/1524.jpg,
1525,/media/product_images/large/1525.jpg,/media/product_images/medium/1525.jpg,
1526,/media/product_images/large/1526.jpg,/media/product_images/medium/1526.jpg,
1526509,/media/product_images/large/1526509.jpg,/media/product_images/medium/1526509.jpg,
1527,/media/product_images/large/1527.jpg,/media/product_images/medium/1527.jpg,
1528,/media/product_images/large/1528.jpg,/media/product_images/medium/1528.jpg,
1528509,/media/product_images/large/1528509.jpg,/media/product_images/medium/1528509.jpg,
1528703,/media/product_images/large/1528703.jpg,/media/product_images/medium/1528703.jpg,
1529,/media/product_images/large/1529.jpg,/media/product_images/medium/1529.jpg,
1529103,/media/product_images/large/1529103.jpg,/media/product_images/medium/1529103.jpg,
153,/media/product_images/large/153.jpg,/media/product_images/medium/153.jpg,
1530,/media/product_images/large/1530.jpg,/media/product_images/medium/1530.jpg,
1531,/media/product_images/large/1531.jpg,/media/product_images/medium/1531.jpg,
1532,/media/product_images/large/1532.jpg,/media/product_images/medium/1532.jpg,
1533,/media/product_images/large/1533.jpg,/media/product_images/medium/1533.jpg,
1533103,/media/product_images/large/1533103.jpg,/media/product_images/medium/1533103.jpg,
1534,/media/product_images/large/1534.jpg,/media/product_images/medium/1534.jpg,
1535,/media/product_images/large/1535.jpg,/media/product_images/medium/1535.jpg,
1536,/media/product_images/large/1536.jpg,/media/product_images/medium/1536.jpg,
1537,/media/product_images/large/1537.jpg,/media/product_images/medium/1537.jpg,
1538,/media/product_images/large/1538.jpg,/media/product_images/medium/1538.jpg,
1539,/media/product_images/large/1539.jpg,/media/product_images/medium/1539.jpg,
154,/media/product_images/large/154.jpg,/media/product_images/medium/154.jpg,
1540,/media/product_images/large/1540.jpg,/media/product_images/medium/1540.jpg,
1541,/media/product_images/large/1541.jpg,/media/product_images/medium/1541.jpg,
1542,/media/product_images/large/1542.jpg,/media/product_images/medium/1542.jpg,
1543,/media/product_images/large/1543.jpg,/media/product_images/medium/1543.jpg,
1544,/media/product_images/large/1544.jpg,/media/product_images/medium/1544.jpg,
1545,/media/product_images/large/1545.jpg,/media/product_images/medium/1545.jpg,
1546,/media/product_images/large/1546.jpg,/media/product_images/medium/1546.jpg,
1547,/media/product_images/large/1547.jpg,/media/product_images/medium/1547.jpg,
1548,/media/product_images/large/1548.jpg,/media/product_images/medium/1548.jpg,
1549,/media/product_images/large/1549.jpg,/media/product_images/medium/1549.jpg,
155,/media/product_images/large/155.jpg,/media/product_images/medium/155.jpg,
1550,/media/product_images/large/1550.jpg,/media/product_images/medium/1550.jpg,
1551,/media/product_images/large/1551.jpg,/media/product_images/medium/1551.jpg,
1552,/media/product_images/large/1552.jpg,/media/product_images/medium/1552.jpg,
1553,/media/product_images/large/1553.jpg,/media/product_images/medium/1553.jpg,
1554,/media/product_images/large/1554.jpg,/media/product_images/medium/1554.jpg,
1555,/media/product_images/large/1555.jpg,/media/product_images/medium/1555.jpg,
1556,/media/product_images/large/1556.jpg,/media/product_images/medium/1556.jpg,
1557,/media/product_images/large/1557.jpg,/media/product_images/medium/1557.jpg,
1558,/media/product_images/large/1558.jpg,/media/product_images/medium/1558.jpg,
1559,/media/product_images/large/1559.jpg,/media/product_images/medium/1559.jpg,
156,/media/product_images/large/156.jpg,/media/product_images/medium/156.jpg,
1560,/media/product_images/large/1560.jpg,/media/product_images/medium/1560.jpg,
1561,/media/product_images/large/1561.jpg,/media/product_images/medium/1561.jpg,
1562,/media/product_images/large/1562.jpg,/media/product_images/medium/1562.jpg,
1562307,/media/product_images/large/1562307.jpg,/media/product_images/medium/1562307.jpg,
1563,/media/product_images/large/1563.jpg,/media/product_images/medium/1563.jpg,
1564,/media/product_images/large/1564.jpg,/media/product_images/medium/1564.jpg,
1565,/media/product_images/large/1565.jpg,/media/product_images/medium/1565.jpg,
1566,/media/product_images/large/1566.jpg,/media/product_images/medium/1566.jpg,
1567,/media/product_images/large/1567.jpg,/media/product_images/medium/1567.jpg,
1568,/media/product_images/large/1568.jpg,/media/product_images/medium/1568.jpg,
1569,/media/product_images/large/1569.jpg,/media/product_images/medium/1569.jpg,
157,/media/product_images/large/157.jpg,/media/product_images/medium/157.jpg,
1570,/media/product_images/large/1570.jpg,/media/product_images/medium/1570.jpg,
1571,/media/product_images/large/1571.jpg,/media/product_images/medium/1571.jpg,
1572,/media/product_images/large/1572.jpg,/media/product_images/medium/1572.jpg,
1573,/media/product_images/large/1573.jpg,/media/product_images/medium/1573.jpg,
1574,/media/product_images/large/1574.jpg,/media/product_images/medium/1574.jpg,
1575,/media/product_images/large/1575.jpg,/media/product_images/medium/1575.jpg,
1576,/media/product_images/large/1576.jpg,/media/product_images/medium/1576.jpg,
1576504,/media/product_images/large/1576504.jpg,/media/product_images/medium/1576504.jpg,
1577,/media/product_images/large/1577.jpg,/media/product_images/medium/1577.jpg,
1578,/media/product_images/large/1578.jpg,/media/product_images/medium/1578.jpg,
1579,/media/product_images/large/1579.jpg,/media/product_images/medium/1579.jpg,
158,/media/product_images/large/158.jpg,/media/product_images/medium/158.jpg,
1580,/media/product_images/large/1580.jpg,/media/product_images/medium/1580.jpg,
1581,/media/product_images/large/1581.jpg,/media/product_images/medium/1581.jpg,
1582,/media/product_images/large/1582.jpg,/media/product_images/medium/1582.jpg,
1583,/media/product_images/large/1583.jpg,/media/product_images/medium/1583.jpg,
1584,/media/product_images/large/1584.jpg,/media/product_images/medium/1584.jpg,
1585,/media/product_images/large/1585.jpg,/media/product_images/medium/1585.jpg,
1586,/media/product_images/large/1586.jpg,/media/product_images/medium/1586.jpg,
1587,/media/product_images/large/1587.jpg,/media/product_images/medium/1587.jpg,
1588,/media/product_images/large/1588.jpg,/media/product_images/medium/1588.jpg,
1589,/media/product_images/large/1589.jpg,/media/product_images/medium/1589.jpg,
159,/media/product_images/large/159.jpg,/media/product_images/medium/159.jpg,
1590,/media/product_images/large/1590.jpg,/media/product_images/medium/1590.jpg,
1591,/media/product_images/large/1591.jpg,/media/product_images/medium/1591.jpg,
1592,/media/product_images/large/1592.jpg,/media/product_images/medium/1592.jpg,
1593,/media/product_images/large/1593.jpg,/media/product_images/medium/1593.jpg,
1594,/media/product_images/large/1594.jpg,/media/product_images/medium/1594.jpg,
159409,/media/product_images/large/159409.jpg,/media/product_images/medium/159409.jpg,
1595,/media/product_images/large/1595.jpg,/media/product_images/medium/1595.jpg,
1596,/media/product_images/large/1596.jpg,/media/product_images/medium/1596.jpg,
1597,/media/product_images/large/1597.jpg,/media/product_images/medium/1597.jpg,
1598,/media/product_images/large/1598.jpg,/media/product_images/medium/1598.jpg,
1599,/media/product_images/large/1599.jpg,/media/product_images/medium/1599.jpg,
16,/media/product_images/large/16.jpg,/media/product_images/medium/16.jpg,
1600,/media/product_images/large/1600.jpg,/media/product_images/medium/1600.jpg,
1601,/media/product_images/large/1601.jpg,/media/product_images/medium/1601.jpg,
1602,/media/product_images/large/1602.jpg,/media/product_images/medium/1602.jpg,
1603,/media/product_images/large/1603.jpg,/media/product_images/medium/1603.jpg,
1604,/media/product_images/large/1604.jpg,/media/product_images/medium/1604.jpg,
1605,/media/product_images/large/1605.jpg,/media/product_images/medium/1605.jpg,
1606,/media/product_images/large/1606.jpg,/media/product_images/medium/1606.jpg,
1607,/media/product_images/large/1607.jpg,/media/product_images/medium/1607.jpg,
1608,/media/product_images/large/1608.jpg,/media/product_images/medium/1608.jpg,
1609,/media/product_images/large/1609.jpg,/media/product_images/medium/1609.jpg,
161,/media/product_images/large/161.jpg,/media/product_images/medium/161.jpg,
1610,/media/product_images/large/1610.jpg,/media/product_images/medium/1610.jpg,
1610603,/media/product_images/large/1610603.jpg,/media/product_images/medium/1610603.jpg,
1611,/media/product_images/large/1611.jpg,/media/product_images/medium/1611.jpg,
1612,/media/product_images/large/1612.jpg,/media/product_images/medium/1612.jpg,
1613,/media/product_images/large/1613.jpg,/media/product_images/medium/1613.jpg,
1614,/media/product_images/large/1614.jpg,/media/product_images/medium/1614.jpg,
1615,/media/product_images/large/1615.jpg,/media/product_images/medium/1615.jpg,
1616,/media/product_images/large/1616.jpg,/media/product_images/medium/1616.jpg,
1617,/media/product_images/large/1617.jpg,/media/product_images/medium/1617.jpg,
1618,/media/product_images/large/1618.jpg,/media/product_images/medium/1618.jpg,
1619,/media/product_images/large/1619.jpg,/media/product_images/medium/1619.jpg,
162,/media/product_images/large/162.jpg,/media/product_images/medium/162.jpg,
1620,/media/product_images/large/1620.jpg,/media/product_images/medium/1620.jpg,
1621,/media/product_images/large/1621.jpg,/media/product_images/medium/1621.jpg,
1622,/media/product_images/large/1622.jpg,/media/product_images/medium/1622.jpg,
1623,/media/product_images/large/1623.jpg,/media/product_images/medium/1623.jpg,
1624,/media/product_images/large/1624.jpg,/media/product_images/medium/1624.jpg,
1624204,/media/product_images/large/1624204.jpg,/media/product_images/medium/1624204.jpg,
1625,/media/product_images/large/1625.jpg,/media/product_images/medium/1625.jpg,
1626,/media/product_images/large/1626.jpg,/media/product_images/medium/1626.jpg,
1627,/media/product_images/large/1627.jpg,/media/product_images/medium/1627.jpg,
1628,/media/product_images/large/1628.jpg,/media/product_images/medium/1628.jpg,
1629,/media/product_images/large/1629.jpg,/media/product_images/medium/1629.jpg,
163,/media/product_images/large/163.jpg,/media/product_images/medium/163.jpg,
1630,/media/product_images/large/1630.jpg,/media/product_images/medium/1630.jpg,
1631,/media/product_images/large/1631.jpg,/media/product_images/medium/1631.jpg,
1632,/media/product_images/large/1632.jpg,/media/product_images/medium/1632.jpg,
1633,/media/product_images/large/1633.jpg,/media/product_images/medium/1633.jpg,
1634,/media/product_images/large/1634.jpg,/media/product_images/medium/1634.jpg,
1634809,/media/product_images/large/1634809.jpg,/media/product_images/medium/1634809.jpg,
1635,/media/product_images/large/1635.jpg,/media/product_images/medium/1635.jpg,
1636,/media/product_images/large/1636.jpg,/media/product_images/medium/1636.jpg,
1637,/media/product_images/large/1637.jpg,/media/product_images/medium/1637.jpg,
1638,/media/product_images/large/1638.jpg,/media/product_images/medium/1638.jpg,
1639,/media/product_images/large/1639.jpg,/media/product_images/medium/1639.jpg,
1639303,/media/product_images/large/1639303.jpg,/media/product_images/medium/1639303.jpg,
1639403,/media/product_images/large/1639403.jpg,/media/product_images/medium/1639403.jpg,
1639503,/media/product_images/large/1639503.jpg,/media/product_images/medium/1639503.jpg,
1639903,/media/product_images/large/1639903.jpg,/media/product_images/medium/1639903.jpg,
164,/media/product_images/large/164.jpg,/media/product_images/medium/164.jpg,
1640,/media/product_images/large/1640.jpg,/media/product_images/medium/1640.jpg,
1641,/media/product_images/large/1641.jpg,/media/product_images/medium/1641.jpg,
1642,/media/product_images/large/1642.jpg,/media/product_images/medium/1642.jpg,
1642103,/media/product_images/large/1642103.jpg,/media/product_images/medium/1642103.jpg,
1643,/media/product_images/large/1643.jpg,/media/product_images/medium/1643.jpg,
1644,/media/product_images/large/1644.jpg,/media/product_images/medium/1644.jpg,
1645,/media/product_images/large/1645.jpg,/media/product_images/medium/1645.jpg,
1646,/media/product_images/large/1646.jpg,/media/product_images/medium/1646.jpg,
1646503,/media/product_images/large/1646503.jpg,/media/product_images/medium/1646503.jpg,
1647,/media/product_images/large/1647.jpg,/media/product_images/medium/1647.jpg,
1647603,/media/product_images/large/1647603.jpg,/media/product_images/medium/1647603.jpg,
1648,/media/product_images/large/1648.jpg,/media/product_images/medium/1648.jpg,
1649,/media/product_images/large/1649.jpg,/media/product_images/medium/1649.jpg,
1649409,/media/product_images/large/1649409.jpg,/media/product_images/medium/1649409.jpg,
1649703,/media/product_images/large/1649703.jpg,/media/product_images/medium/1649703.jpg,
165,/media/product_images/large/165.jpg,/media/product_images/medium/165.jpg,
1650,/media/product_images/large/1650.jpg,/media/product_images/medium/1650.jpg,
1651,/media/product_images/large/1651.jpg,/media/product_images/medium/1651.jpg,
1652,/media/product_images/large/1652.jpg,/media/product_images/medium/1652.jpg,
1653,/media/product_images/large/1653.jpg,/media/product_images/medium/1653.jpg,
1654,/media/product_images/large/1654.jpg,/media/product_images/medium/1654.jpg,
1655,/media/product_images/large/1655.jpg,/media/product_images/medium/1655.jpg,
1656,/media/product_images/large/1656.jpg,/media/product_images/medium/1656.jpg,
1656409,/media/product_images/large/1656409.jpg,/media/product_images/medium/1656409.jpg,
1657,/media/product_images/large/1657.jpg,/media/product_images/medium/1657.jpg,
1658,/media/product_images/large/1658.jpg,/media/product_images/medium/1658.jpg,
1659,/media/product_images/large/1659.jpg,/media/product_images/medium/1659.jpg,
166,/media/product_images/large/166.jpg,/media/product_images/medium/166.jpg,
1660,/media/product_images/large/1660.jpg,/media/product_images/medium/1660.jpg,
1660903,/media/product_images/large/1660903.jpg,/media/product_images/medium/1660903.jpg,
1661,/media/product_images/large/1661.jpg,/media/product_images/medium/1661.jpg,
1662,/media/product_images/large/1662.jpg,/media/product_images/medium/1662.jpg,
1663,/media/product_images/large/1663.jpg,/media/product_images/medium/1663.jpg,
1664,/media/product_images/large/1664.jpg,/media/product_images/medium/1664.jpg,
1665,/media/product_images/large/1665.jpg,/media/product_images/medium/1665.jpg,
1666,/media/product_images/large/1666.jpg,/media/product_images/medium/1666.jpg,
1667,/media/product_images/large/1667.jpg,/media/product_images/medium/1667.jpg,
1668,/media/product_images/large/1668.jpg,/media/product_images/medium/1668.jpg,
1669,/media/product_images/large/1669.jpg,/media/product_images/medium/1669.jpg,
1669503,/media/product_images/large/1669503.jpg,/media/product_images/medium/1669503.jpg,
167,/media/product_images/large/167.jpg,/media/product_images/medium/167.jpg,
1670,/media/product_images/large/1670.jpg,/media/product_images/medium/1670.jpg,
1671,/media/product_images/large/1671.jpg,/media/product_images/medium/1671.jpg,
1672,/media/product_images/large/1672.jpg,/media/product_images/medium/1672.jpg,
1673,/media/product_images/large/1673.jpg,/media/product_images/medium/1673.jpg,
1674,/media/product_images/large/1674.jpg,/media/product_images/medium/1674.jpg,
1675,/media/product_images/large/1675.jpg,/media/product_images/medium/1675.jpg,
1676,/media/product_images/large/1676.jpg,/media/product_images/medium/1676.jpg,
1677,/media/product_images/large/1677.jpg,/media/product_images/medium/1677.jpg,
1678,/media/product_images/large/1678.jpg,/media/product_images/medium/1678.jpg,
1678403,/media/product_images/large/1678403.jpg,/media/product_images/medium/1678403.jpg,
1679,/media/product_images/large/1679.jpg,/media/product_images/medium/1679.jpg,
168,/media/product_images/large/168.jpg,/media/product_images/medium/168.jpg,
1680,/media/product_images/large/1680.jpg,/media/product_images/medium/1680.jpg,
1681,/media/product_images/large/1681.jpg,/media/product_images/medium/1681.jpg,
1681003,/media/product_images/large/1681003.jpg,/media/product_images/medium/1681003.jpg,
1681203,/media/product_images/large/1681203.jpg,/media/product_images/medium/1681203.jpg,
1682,/media/product_images/large/1682.jpg,/media/product_images/medium/1682.jpg,
1683,/media/product_images/large/1683.jpg,/media/product_images/medium/1683.jpg,
1683903,/media/product_images/large/1683903.jpg,/media/product_images/medium/1683903.jpg,
1684,/media/product_images/large/1684.jpg,/media/product_images/medium/1684.jpg,
1685,/media/product_images/large/1685.jpg,/media/product_images/medium/1685.jpg,
1686,/media/product_images/large/1686.jpg,/media/product_images/medium/1686.jpg,
1687,/media/product_images/large/1687.jpg,/media/product_images/medium/1687.jpg,
1688,/media/product_images/large/1688.jpg,/media/product_images/medium/1688.jpg,
1689,/media/product_images/large/1689.jpg,/media/product_images/medium/1689.jpg,
169,/media/product_images/large/169.jpg,/media/product_images/medium/169.jpg,
1690,/media/product_images/large/1690.jpg,/media/product_images/medium/1690.jpg,
1691,/media/product_images/large/1691.jpg,/media/product_images/medium/1691.jpg,
1692,/media/product_images/large/1692.jpg,/media/product_images/medium/1692.jpg,
1693,/media/product_images/large/1693.jpg,/media/product_images/medium/1693.jpg,
1694,/media/product_images/large/1694.jpg,/media/product_images/medium/1694.jpg,
1695,/media/product_images/large/1695.jpg,/media/product_images/medium/1695.jpg,
1696,/media/product_images/large/1696.jpg,/media/product_images/medium/1696.jpg,
1697,/media/product_images/large/1697.jpg,/media/product_images/medium/1697.jpg,
1698,/media/product_images/large/1698.jpg,/media/product_images/medium/1698.jpg,
1699,/media/product_images/large/1699.jpg,/media/product_images/medium/1699.jpg,
17,/media/product_images/large/17.jpg,/media/product_images/medium/17.jpg,
170,/media/product_images/large/170.jpg,/media/product_images/medium/170.jpg,
1700,/media/product_images/large/1700.jpg,/media/product_images/medium/1700.jpg,
1701,/media/product_images/large/1701.jpg,/media/product_images/medium/1701.jpg,
1702,/media/product_images/large/1702.jpg,/media/product_images/medium/1702.jpg,
1703,/media/product_images/large/1703.jpg,/media/product_images/medium/1703.jpg,
1704,/media/product_images/large/1704.jpg,/media/product_images/medium/1704.jpg,
1705,/media/product_images/large/1705.jpg,/media/product_images/medium/1705.jpg,
1706,/media/product_images/large/1706.jpg,/media/product_images/medium/1706.jpg,
1707,/media/product_images/large/1707.jpg,/media/product_images/medium/1707.jpg,
1708,/media/product_images/large/1708.jpg,/media/product_images/medium/1708.jpg,
1709,/media/product_images/large/1709.jpg,/media/product_images/medium/1709.jpg,
171,/media/product_images/large/171.jpg,/media/product_images/medium/171.jpg,
1710,/media/product_images/large/1710.jpg,/media/product_images/medium/1710.jpg,
1710103,/media/product_images/large/1710103.jpg,/media/product_images/medium/1710103.jpg,
1711,/media/product_images/large/1711.jpg,/media/product_images/medium/1711.jpg,
1712,/media/product_images/large/1712.jpg,/media/product_images/medium/1712.jpg,
1713,/media/product_images/large/1713.jpg,/media/product_images/medium/1713.jpg,
1714,/media/product_images/large/1714.jpg,/media/product_images/medium/1714.jpg,
1715,/media/product_images/large/1715.jpg,/media/product_images/medium/1715.jpg,
1716,/media/product_images/large/1716.jpg,/media/product_images/medium/1716.jpg,
1717,/media/product_images/large/1717.jpg,/media/product_images/medium/1717.jpg,
1718,/media/product_images/large/1718.jpg,/media/product_images/medium/1718.jpg,
1719,/media/product_images/large/1719.jpg,/media/product_images/medium/1719.jpg,
172,/media/product_images/large/172.jpg,/media/product_images/medium/172.jpg,
1720,/media/product_images/large/1720.jpg,/media/product_images/medium/1720.jpg,
1721,/media/product_images/large/1721.jpg,/media/product_images/medium/1721.jpg,
1722,/media/product_images/large/1722.jpg,/media/product_images/medium/1722.jpg,
1723,/media/product_images/large/1723.jpg,/media/product_images/medium/1723.jpg,
1724,/media/product_images/large/1724.jpg,/media/product_images/medium/1724.jpg,
1725,/media/product_images/large/1725.jpg,/media/product_images/medium/1725.jpg,
1726,/media/product_images/large/1726.jpg,/media/product_images/medium/1726.jpg,
1727,/media/product_images/large/1727.jpg,/media/product_images/medium/1727.jpg,
1728,/media/product_images/large/1728.jpg,/media/product_images/medium/1728.jpg,
1729,/media/product_images/large/1729.jpg,/media/product_images/medium/1729.jpg,
173,/media/product_images/large/173.jpg,/media/product_images/medium/173.jpg,
1730,/media/product_images/large/1730.jpg,/media/product_images/medium/1730.jpg,
1731,/media/product_images/large/1731.jpg,/media/product_images/medium/1731.jpg,
1732,/media/product_images/large/1732.jpg,/media/product_images/medium/1732.jpg,
1733,/media/product_images/large/1733.jpg,/media/product_images/medium/1733.jpg,
1734,/media/product_images/large/1734.jpg,/media/product_images/medium/1734.jpg,
1735,/media/product_images/large/1735.jpg,/media/product_images/medium/1735.jpg,
1736,/media/product_images/large/1736.jpg,/media/product_images/medium/1736.jpg,
1737,/media/product_images/large/1737.jpg,/media/product_images/medium/1737.jpg,
1737006,/media/product_images/large/1737006.jpg,/media/product_images/medium/1737006.jpg,
1737106,/media/product_images/large/1737106.jpg,/media/product_images/medium/1737106.jpg,
1737506,/media/product_images/large/1737506.jpg,/media/product_images/medium/1737506.jpg,
1737606,/media/product_images/large/1737606.jpg,/media/product_images/medium/1737606.jpg,
1737906,/media/product_images/large/1737906.jpg,/media/product_images/medium/1737906.jpg,
1738,/media/product_images/large/1738.jpg,/media/product_images/medium/1738.jpg,
1738006,/media/product_images/large/1738006.jpg,/media/product_images/medium/1738006.jpg,
1738206,/media/product_images/large/1738206.jpg,/media/product_images/medium/1738206.jpg,
1738306,/media/product_images/large/1738306.jpg,/media/product_images/medium/1738306.jpg,
1738406,/media/product_images/large/1738406.jpg,/media/product_images/medium/1738406.jpg,
1738506,/media/product_images/large/1738506.jpg,/media/product_images/medium/1738506.jpg,
1738806,/media/product_images/large/1738806.jpg,/media/product_images/medium/1738806.jpg,
1739,/media/product_images/large/1739.jpg,/media/product_images/medium/1739.jpg,
1739006,/media/product_images/large/1739006.jpg,/media/product_images/medium/1739006.jpg,
1739306,/media/product_images/large/1739306.jpg,/media/product_images/medium/1739306.jpg,
1739406,/media/product_images/large/1739406.jpg,/media/product_images/medium/1739406.jpg,
1739706,/media/product_images/large/1739706.jpg,/media/product_images/medium/1739706.jpg,
1739806,/media/product_images/large/1739806.jpg,/media/product_images/medium/1739806.jpg,
1739906,/media/product_images/large/1739906.jpg,/media/product_images/medium/1739906.jpg,
174,/media/product_images/large/174.jpg,/media/product_images/medium/174.jpg,
1740,/media/product_images/large/1740.jpg,/media/product_images/medium/1740.jpg,
1740106,/media/product_images/large/1740106.jpg,/media/product_images/medium/1740106.jpg,
1740504,/media/product_images/large/1740504.jpg,/media/product_images/medium/1740504.jpg,
1740604,/media/product_images/large/1740604.jpg,/media/product_images/medium/1740604.jpg,
1741,/media/product_images/large/1741.jpg,/media/product_images/medium/1741.jpg,
1742,/media/product_images/large/1742.jpg,/media/product_images/medium/1742.jpg,
1742203,/media/product_images/large/1742203.jpg,/media/product_images/medium/1742203.jpg,
1743,/media/product_images/large/1743.jpg,/media/product_images/medium/1743.jpg,
1744,/media/product_images/large/1744.jpg,/media/product_images/medium/1744.jpg,
1745,/media/product_images/large/1745.jpg,/media/product_images/medium/1745.jpg,
1746,/media/product_images/large/1746.jpg,/media/product_images/medium/1746.jpg,
1747,/media/product_images/large/1747.jpg,/media/product_images/medium/1747.jpg,
1747503,/media/product_images/large/1747503.jpg,/media/product_images/medium/1747503.jpg,
1747603,/media/product_images/large/1747603.jpg,/media/product_images/medium/1747603.jpg,
1748,/media/product_images/large/1748.jpg,/media/product_images/medium/1748.jpg,
1749,/media/product_images/large/1749.jpg,/media/product_images/medium/1749.jpg,
1749709,/media/product_images/large/1749709.jpg,/media/product_images/medium/1749709.jpg,
1749809,/media/product_images/large/1749809.jpg,/media/product_images/medium/1749809.jpg,
175,/media/product_images/large/175.jpg,/media/product_images/medium/175.jpg,
1750,/media/product_images/large/1750.jpg,/media/product_images/medium/1750.jpg,
1751,/media/product_images/large/1751.jpg,/media/product_images/medium/1751.jpg,
1752,/media/product_images/large/1752.jpg,/media/product_images/medium/1752.jpg,
1753,/media/product_images/large/1753.jpg,/media/product_images/medium/1753.jpg,
1754,/media/product_images/large/1754.jpg,/media/product_images/medium/1754.jpg,
1754309,/media/product_images/large/1754309.jpg,/media/product_images/medium/1754309.jpg,
1755,/media/product_images/large/1755.jpg,/media/product_images/medium/1755.jpg,
1756,/media/product_images/large/1756.jpg,/media/product_images/medium/1756.jpg,
1756307,/media/product_images/large/1756307.jpg,/media/product_images/medium/1756307.jpg,
1757,/media/product_images/large/1757.jpg,/media/product_images/medium/1757.jpg,
1758,/media/product_images/large/1758.jpg,/media/product_images/medium/1758.jpg,
1758107,/media/product_images/large/1758107.jpg,/media/product_images/medium/1758107.jpg,
1758507,/media/product_images/large/1758507.jpg,/media/product_images/medium/1758507.jpg,
1759,/media/product_images/large/1759.jpg,/media/product_images/medium/1759.jpg,
176,/media/product_images/large/176.jpg,/media/product_images/medium/176.jpg,
1760,/media/product_images/large/1760.jpg,/media/product_images/medium/1760.jpg,
1761,/media/product_images/large/1761.jpg,/media/product_images/medium/1761.jpg,
1761503,/media/product_images/large/1761503.jpg,/media/product_images/medium/1761503.jpg,
1761603,/media/product_images/large/1761603.jpg,/media/product_images/medium/1761603.jpg,
1761903,/media/product_images/large/1761903.jpg,/media/product_images/medium/1761903.jpg,
1762,/media/product_images/large/1762.jpg,/media/product_images/medium/1762.jpg,
1763,/media/product_images/large/1763.jpg,/media/product_images/medium/1763.jpg,
1764,/media/product_images/large/1764.jpg,/media/product_images/medium/1764.jpg,
1764207,/media/product_images/large/1764207.jpg,/media/product_images/medium/1764207.jpg,
1764307,/media/product_images/large/1764307.jpg,/media/product_images/medium/1764307.jpg,
1765,/media/product_images/large/1765.jpg,/media/product_images/medium/1765.jpg,
1766,/media/product_images/large/1766.jpg,/media/product_images/medium/1766.jpg,
1766107,/media/product_images/large/1766107.jpg,/media/product_images/medium/1766107.jpg,
1766507,/media/product_images/large/1766507.jpg,/media/product_images/medium/1766507.jpg,
1766607,/media/product_images/large/1766607.jpg,/media/product_images/medium/1766607.jpg,
1767,/media/product_images/large/1767.jpg,/media/product_images/medium/1767.jpg,
1767806,/media/product_images/large/1767806.jpg,/media/product_images/medium/1767806.jpg,
1768,/media/product_images/large/1768.jpg,/media/product_images/medium/1768.jpg,
1768006,/media/product_images/large/1768006.jpg,/media/product_images/medium/1768006.jpg,
1769,/media/product_images/large/1769.jpg,/media/product_images/medium/1769.jpg,
1769704,/media/product_images/large/1769704.jpg,/media/product_images/medium/1769704.jpg,
1769907,/media/product_images/large/1769907.jpg,/media/product_images/medium/1769907.jpg,
177,/media/product_images/large/177.jpg,/media/product_images/medium/177.jpg,
1770,/media/product_images/large/1770.jpg,/media/product_images/medium/1770.jpg,
1770107,/media/product_images/large/1770107.jpg,/media/product_images/medium/1770107.jpg,
1771,/media/product_images/large/1771.jpg,/media/product_images/medium/1771.jpg,
1772,/media/product_images/large/1772.jpg,/media/product_images/medium/1772.jpg,
1773,/media/product_images/large/1773.jpg,/media/product_images/medium/1773.jpg,
1773003,/media/product_images/large/1773003.jpg,/media/product_images/medium/1773003.jpg,
1773603,/media/product_images/large/1773603.jpg,/media/product_images/medium/1773603.jpg,
1773807,/media/product_images/large/1773807.jpg,/media/product_images/medium/1773807.jpg,
1773907,/media/product_images/large/1773907.jpg,/media/product_images/medium/1773907.jpg,
1774,/media/product_images/large/1774.jpg,/media/product_images/medium/1774.jpg,
1774007,/media/product_images/large/1774007.jpg,/media/product_images/medium/1774007.jpg,
1775,/media/product_images/large/1775.jpg,/media/product_images/medium/1775.jpg,
1776,/media/product_images/large/1776.jpg,/media/product_images/medium/1776.jpg,
1777,/media/product_images/large/1777.jpg,/media/product_images/medium/1777.jpg,
1778,/media/product_images/large/1778.jpg,/media/product_images/medium/1778.jpg,
1779,/media/product_images/large/1779.jpg,/media/product_images/medium/1779.jpg,
178,/media/product_images/large/178.jpg,/media/product_images/medium/178.jpg,
1780,/media/product_images/large/1780.jpg,/media/product_images/medium/1780.jpg,
1781,/media/product_images/large/1781.jpg,/media/product_images/medium/1781.jpg,
1781007,/media/product_images/large/1781007.jpg,/media/product_images/medium/1781007.jpg,
1782,/media/product_images/large/1782.jpg,/media/product_images/medium/1782.jpg,
1783,/media/product_images/large/1783.jpg,/media/product_images/medium/1783.jpg,
1784,/media/product_images/large/1784.jpg,/media/product_images/medium/1784.jpg,
1785,/media/product_images/large/1785.jpg,/media/product_images/medium/1785.jpg,
1785211,/media/product_images/large/1785211.jpg,/media/product_images/medium/1785211.jpg,
1786,/media/product_images/large/1786.jpg,/media/product_images/medium/1786.jpg,
1786603,/media/product_images/large/1786603.jpg,/media/product_images/medium/1786603.jpg,
1787,/media/product_images/large/1787.jpg,/media/product_images/medium/1787.jpg,
1787107,/media/product_images/large/1787107.jpg,/media/product_images/medium/1787107.jpg,
1788,/media/product_images/large/1788.jpg,/media/product_images/medium/1788.jpg,
1789,/media/product_images/large/1789.jpg,/media/product_images/medium/1789.jpg,
179,/media/product_images/large/179.jpg,/media/product_images/medium/179.jpg,
1790,/media/product_images/large/1790.jpg,/media/product_images/medium/1790.jpg,
1791,/media/product_images/large/1791.jpg,/media/product_images/medium/1791.jpg,
1792,/media/product_images/large/1792.jpg,/media/product_images/medium/1792.jpg,
1792207,/media/product_images/large/1792207.jpg,/media/product_images/medium/1792207.jpg,
1792307,/media/product_images/large/1792307.jpg,/media/product_images/medium/1792307.jpg,
1792603,/media/product_images/large/1792603.jpg,/media/product_images/medium/1792603.jpg,
1792903,/media/product_images/large/1792903.jpg,/media/product_images/medium/1792903.jpg,
1793,/media/product_images/large/1793.jpg,/media/product_images/medium/1793.jpg,
1793003,/media/product_images/large/1793003.jpg,/media/product_images/medium/1793003.jpg,
179309,/media/product_images/large/179309.jpg,/media/product_images/medium/179309.jpg,
1793103,/media/product_images/large/1793103.jpg,/media/product_images/medium/1793103.jpg,
1793203,/media/product_images/large/1793203.jpg,/media/product_images/medium/1793203.jpg,
1793303,/media/product_images/large/1793303.jpg,/media/product_images/medium/1793303.jpg,
1793403,/media/product_images/large/1793403.jpg,/media/product_images/medium/1793403.jpg,
1793803,/media/product_images/large/1793803.jpg,/media/product_images/medium/1793803.jpg,
1793807,/media/product_images/large/1793807.jpg,/media/product_images/medium/1793807.jpg,
1793903,/media/product_images/large/1793903.jpg,/media/product_images/medium/1793903.jpg,
1793907,/media/product_images/large/1793907.jpg,/media/product_images/medium/1793907.jpg,
1794,/media/product_images/large/1794.jpg,/media/product_images/medium/1794.jpg,
1794003,/media/product_images/large/1794003.jpg,/media/product_images/medium/1794003.jpg,
1794303,/media/product_images/large/1794303.jpg,/media/product_images/medium/1794303.jpg,
1794503,/media/product_images/large/1794503.jpg,/media/product_images/medium/1794503.jpg,
1794603,/media/product_images/large/1794603.jpg,/media/product_images/medium/1794603.jpg,
1794907,/media/product_images/large/1794907.jpg,/media/product_images/medium/1794907.jpg,
1795,/media/product_images/large/1795.jpg,/media/product_images/medium/1795.jpg,
1795103,/media/product_images/large/1795103.jpg,/media/product_images/medium/1795103.jpg,
1795303,/media/product_images/large/1795303.jpg,/media/product_images/medium/1795303.jpg,
1795603,/media/product_images/large/1795603.jpg,/media/product_images/medium/1795603.jpg,
1796,/media/product_images/large/1796.jpg,/media/product_images/medium/1796.jpg,
1796103,/media/product_images/large/1796103.jpg,/media/product_images/medium/1796103.jpg,
1796203,/media/product_images/large/1796203.jpg,/media/product_images/medium/1796203.jpg,
1796303,/media/product_images/large/1796303.jpg,/media/product_images/medium/1796303.jpg,
1796903,/media/product_images/large/1796903.jpg,/media/product_images/medium/1796903.jpg,
1797,/media/product_images/large/1797.jpg,/media/product_images/medium/1797.jpg,
1797003,/media/product_images/large/1797003.jpg,/media/product_images/medium/1797003.jpg,
1797103,/media/product_images/large/1797103.jpg,/media/product_images/medium/1797103.jpg,
1798,/media/product_images/large/1798.jpg,/media/product_images/medium/1798.jpg,
1799,/media/product_images/large/1799.jpg,/media/product_images/medium/1799.jpg,
1799307,/media/product_images/large/1799307.jpg,/media/product_images/medium/1799307.jpg,
18,/media/product_images/large/18.jpg,/media/product_images/medium/18.jpg,
180,/media/product_images/large/180.jpg,/media/product_images/medium/180.jpg,
1800,/media/product_images/large/1800.jpg,/media/product_images/medium/1800.jpg,
1801,/media/product_images/large/1801.jpg,/media/product_images/medium/1801.jpg,
1802,/media/product_images/large/1802.jpg,/media/product_images/medium/1802.jpg,
1803,/media/product_images/large/1803.jpg,/media/product_images/medium/1803.jpg,
1804,/media/product_images/large/1804.jpg,/media/product_images/medium/1804.jpg,
1804407,/media/product_images/large/1804407.jpg,/media/product_images/medium/1804407.jpg,
1805,/media/product_images/large/1805.jpg,/media/product_images/medium/1805.jpg,
1806,/media/product_images/large/1806.jpg,/media/product_images/medium/1806.jpg,
1807,/media/product_images/large/1807.jpg,/media/product_images/medium/1807.jpg,
1808,/media/product_images/large/1808.jpg,/media/product_images/medium/1808.jpg,
1809,/media/product_images/large/1809.jpg,/media/product_images/medium/1809.jpg,
181,/media/product_images/large/181.jpg,/media/product_images/medium/181.jpg,
1810,/media/product_images/large/1810.jpg,/media/product_images/medium/1810.jpg,
1811,/media/product_images/large/1811.jpg,/media/product_images/medium/1811.jpg,
1812,/media/product_images/large/1812.jpg,/media/product_images/medium/1812.jpg,
1813,/media/product_images/large/1813.jpg,/media/product_images/medium/1813.jpg,
1814,/media/product_images/large/1814.jpg,/media/product_images/medium/1814.jpg,
1815,/media/product_images/large/1815.jpg,/media/product_images/medium/1815.jpg,
1816,/media/product_images/large/1816.jpg,/media/product_images/medium/1816.jpg,
1817,/media/product_images/large/1817.jpg,/media/product_images/medium/1817.jpg,
1818,/media/product_images/large/1818.jpg,/media/product_images/medium/1818.jpg,
1818303,/media/product_images/large/1818303.jpg,/media/product_images/medium/1818303.jpg,
1819,/media/product_images/large/1819.jpg,/media/product_images/medium/1819.jpg,
182,/media/product_images/large/182.jpg,/media/product_images/medium/182.jpg,
1820,/media/product_images/large/1820.jpg,/media/product_images/medium/1820.jpg,
1821,/media/product_images/large/1821.jpg,/media/product_images/medium/1821.jpg,
1822,/media/product_images/large/1822.jpg,/media/product_images/medium/1822.jpg,
1823,/media/product_images/large/1823.jpg,/media/product_images/medium/1823.jpg,
1824,/media/product_images/large/1824.jpg,/media/product_images/medium/1824.jpg,
1825,/media/product_images/large/1825.jpg,/media/product_images/medium/1825.jpg,
1826,/media/product_images/large/1826.jpg,/media/product_images/medium/1826.jpg,
1827,/media/product_images/large/1827.jpg,/media/product_images/medium/1827.jpg,
1827403,/media/product_images/large/1827403.jpg,/media/product_images/medium/1827403.jpg,
1828,/media/product_images/large/1828.jpg,/media/product_images/medium/1828.jpg,
1828303,/media/product_images/large/1828303.jpg,/media/product_images/medium/1828303.jpg,
1828503,/media/product_images/large/1828503.jpg,/media/product_images/medium/1828503.jpg,
1829,/media/product_images/large/1829.jpg,/media/product_images/medium/1829.jpg,
1829103,/media/product_images/large/1829103.jpg,/media/product_images/medium/1829103.jpg,
1829203,/media/product_images/large/1829203.jpg,/media/product_images/medium/1829203.jpg,
1829603,/media/product_images/large/1829603.jpg,/media/product_images/medium/1829603.jpg,
1829803,/media/product_images/large/1829803.jpg,/media/product_images/medium/1829803.jpg,
183,/media/product_images/large/183.jpg,/media/product_images/medium/183.jpg,
1830,/media/product_images/large/1830.jpg,/media/product_images/medium/1830.jpg,
1830403,/media/product_images/large/1830403.jpg,/media/product_images/medium/1830403.jpg,
1831,/media/product_images/large/1831.jpg,/media/product_images/medium/1831.jpg,
1831403,/media/product_images/large/1831403.jpg,/media/product_images/medium/1831403.jpg,
1831803,/media/product_images/large/1831803.jpg,/media/product_images/medium/1831803.jpg,
1832,/media/product_images/large/1832.jpg,/media/product_images/medium/1832.jpg,
1832203,/media/product_images/large/1832203.jpg,/media/product_images/medium/1832203.jpg,
1832603,/media/product_images/large/1832603.jpg,/media/product_images/medium/1832603.jpg,
1833,/media/product_images/large/1833.jpg,/media/product_images/medium/1833.jpg,
1834,/media/product_images/large/1834.jpg,/media/product_images/medium/1834.jpg,
1835,/media/product_images/large/1835.jpg,/media/product_images/medium/1835.jpg,
1836,/media/product_images/large/1836.jpg,/media/product_images/medium/1836.jpg,
1837,/media/product_images/large/1837.jpg,/media/product_images/medium/1837.jpg,
1838,/media/product_images/large/1838.jpg,/media/product_images/medium/1838.jpg,
1839,/media/product_images/large/1839.jpg,/media/product_images/medium/1839.jpg,
184,/media/product_images/large/184.jpg,/media/product_images/medium/184.jpg,
1840,/media/product_images/large/1840.jpg,/media/product_images/medium/1840.jpg,
1841,/media/product_images/large/1841.jpg,/media/product_images/medium/1841.jpg,
1841303,/media/product_images/large/1841303.jpg,/media/product_images/medium/1841303.jpg,
1841503,/media/product_images/large/1841503.jpg,/media/product_images/medium/1841503.jpg,
1842,/media/product_images/large/1842.jpg,/media/product_images/medium/1842.jpg,
1843,/media/product_images/large/1843.jpg,/media/product_images/medium/1843.jpg,
1844,/media/product_images/large/1844.jpg,/media/product_images/medium/1844.jpg,
1844303,/media/product_images/large/1844303.jpg,/media/product_images/medium/1844303.jpg,
1845,/media/product_images/large/1845.jpg,/media/product_images/medium/1845.jpg,
1846,/media/product_images/large/1846.jpg,/media/product_images/medium/1846.jpg,
1846003,/media/product_images/large/1846003.jpg,/media/product_images/medium/1846003.jpg,
1846503,/media/product_images/large/1846503.jpg,/media/product_images/medium/1846503.jpg,
1846603,/media/product_images/large/1846603.jpg,/media/product_images/medium/1846603.jpg,
1846903,/media/product_images/large/1846903.jpg,/media/product_images/medium/1846903.jpg,
1847,/media/product_images/large/1847.jpg,/media/product_images/medium/1847.jpg,
1847003,/media/product_images/large/1847003.jpg,/media/product_images/medium/1847003.jpg,
1847503,/media/product_images/large/1847503.jpg,/media/product_images/medium/1847503.jpg,
1848,/media/product_images/large/1848.jpg,/media/product_images/medium/1848.jpg,
1849,/media/product_images/large/1849.jpg,/media/product_images/medium/1849.jpg,
185,/media/product_images/large/185.jpg,/media/product_images/medium/185.jpg,
1850,/media/product_images/large/1850.jpg,/media/product_images/medium/1850.jpg,
1851,/media/product_images/large/1851.jpg,/media/product_images/medium/1851.jpg,
1852,/media/product_images/large/1852.jpg,/media/product_images/medium/1852.jpg,
1853,/media/product_images/large/1853.jpg,/media/product_images/medium/1853.jpg,
1854,/media/product_images/large/1854.jpg,/media/product_images/medium/1854.jpg,
1855,/media/product_images/large/1855.jpg,/media/product_images/medium/1855.jpg,
1856,/media/product_images/large/1856.jpg,/media/product_images/medium/1856.jpg,
1857,/media/product_images/large/1857.jpg,/media/product_images/medium/1857.jpg,
1858303,/media/product_images/large/1858303.jpg,/media/product_images/medium/1858303.jpg,
186,/media/product_images/large/186.jpg,/media/product_images/medium/186.jpg,
1861,/media/product_images/large/1861.jpg,/media/product_images/medium/1861.jpg,
1862,/media/product_images/large/1862.jpg,/media/product_images/medium/1862.jpg,
1863,/media/product_images/large/1863.jpg,/media/product_images/medium/1863.jpg,
1864,/media/product_images/large/1864.jpg,/media/product_images/medium/1864.jpg,
1865,/media/product_images/large/1865.jpg,/media/product_images/medium/1865.jpg,
1866,/media/product_images/large/1866.jpg,/media/product_images/medium/1866.jpg,
1867,/media/product_images/large/1867.jpg,/media/product_images/medium/1867.jpg,
1868,/media/product_images/large/1868.jpg,/media/product_images/medium/1868.jpg,
1869,/media/product_images/large/1869.jpg,/media/product_images/medium/1869.jpg,
187,/media/product_images/large/187.jpg,/media/product_images/medium/187.jpg,
1870,/media/product_images/large/1870.jpg,/media/product_images/medium/1870.jpg,
1871,/media/product_images/large/1871.jpg,/media/product_images/medium/1871.jpg,
1872,/media/product_images/large/1872.jpg,/media/product_images/medium/1872.jpg,
1873,/media/product_images/large/1873.jpg,/media/product_images/medium/1873.jpg,
1874,/media/product_images/large/1874.jpg,/media/product_images/medium/1874.jpg,
1875,/media/product_images/large/1875.jpg,/media/product_images/medium/1875.jpg,
1876,/media/product_images/large/1876.jpg,/media/product_images/medium/1876.jpg,
1878,/media/product_images/large/1878.jpg,/media/product_images/medium/1878.jpg,
1879,/media/product_images/large/1879.jpg,/media/product_images/medium/1879.jpg,
188,/media/product_images/large/188.jpg,/media/product_images/medium/188.jpg,
1880,/media/product_images/large/1880.jpg,/media/product_images/medium/1880.jpg,
1881,/media/product_images/large/1881.jpg,/media/product_images/medium/1881.jpg,
1883,/media/product_images/large/1883.jpg,/media/product_images/medium/1883.jpg,
1884,/media/product_images/large/1884.jpg,/media/product_images/medium/1884.jpg,
1885,/media/product_images/large/1885.jpg,/media/product_images/medium/1885.jpg,
1886,/media/product_images/large/1886.jpg,/media/product_images/medium/1886.jpg,
1887,/media/product_images/large/1887.jpg,/media/product_images/medium/1887.jpg,
1888,/media/product_images/large/1888.jpg,/media/product_images/medium/1888.jpg,
1889,/media/product_images/large/1889.jpg,/media/product_images/medium/1889.jpg,
189,/media/product_images/large/189.jpg,/media/product_images/medium/189.jpg,
1890,/media/product_images/large/1890.jpg,/media/product_images/medium/1890.jpg,
1891,/media/product_images/large/1891.jpg,/media/product_images/medium/1891.jpg,
1891509,/media/product_images/large/1891509.jpg,/media/product_images/medium/1891509.jpg,
1893,/media/product_images/large/1893.jpg,/media/product_images/medium/1893.jpg,
1894,/media/product_images/large/1894.jpg,/media/product_images/medium/1894.jpg,
1895,/media/product_images/large/1895.jpg,/media/product_images/medium/1895.jpg,
1896,/media/product_images/large/1896.jpg,/media/product_images/medium/1896.jpg,
1896709,/media/product_images/large/1896709.jpg,/media/product_images/medium/1896709.jpg,
1897,/media/product_images/large/1897.jpg,/media/product_images/medium/1897.jpg,
1898,/media/product_images/large/1898.jpg,/media/product_images/medium/1898.jpg,
1899,/media/product_images/large/1899.jpg,/media/product_images/medium/1899.jpg,
19,/media/product_images/large/19.jpg,/media/product_images/medium/19.jpg,
190,/media/product_images/large/190.jpg,/media/product_images/medium/190.jpg,
1900,/media/product_images/large/1900.jpg,/media/product_images/medium/1900.jpg,
191,/media/product_images/large/191.jpg,/media/product_images/medium/191.jpg,
192,/media/product_images/large/192.jpg,/media/product_images/medium/192.jpg,
1921903,/media/product_images/large/1921903.jpg,/media/product_images/medium/1921903.jpg,
1922003,/media/product_images/large/1922003.jpg,/media/product_images/medium/1922003.jpg,
1922103,/media/product_images/large/1922103.jpg,/media/product_images/medium/1922103.jpg,
1923103,/media/product_images/large/1923103.jpg,/media/product_images/medium/1923103.jpg,
1923803,/media/product_images/large/1923803.jpg,/media/product_images/medium/1923803.jpg,
1928103,/media/product_images/large/1928103.jpg,/media/product_images/medium/1928103.jpg,
1929103,/media/product_images/large/1929103.jpg,/media/product_images/medium/1929103.jpg,
1929309,/media/product_images/large/1929309.jpg,/media/product_images/medium/1929309.jpg,
193,/media/product_images/large/193.jpg,/media/product_images/medium/193.jpg,
194,/media/product_images/large/194.jpg,/media/product_images/medium/194.jpg,
1942203,/media/product_images/large/1942203.jpg,/media/product_images/medium/1942203.jpg,
1942209,/media/product_images/large/1942209.jpg,/media/product_images/medium/1942209.jpg,
1942309,/media/product_images/large/1942309.jpg,/media/product_images/medium/1942309.jpg,
1943812,/media/product_images/large/1943812.jpg,/media/product_images/medium/1943812.jpg,
1945703,/media/product_images/large/1945703.jpg,/media/product_images/medium/1945703.jpg,
1945704,/media/product_images/large/1945704.jpg,/media/product_images/medium/1945704.jpg,
1946503,/media/product_images/large/1946503.jpg,/media/product_images/medium/1946503.jpg,
195,/media/product_images/large/195.jpg,/media/product_images/medium/195.jpg,
1955803,/media/product_images/large/1955803.jpg,/media/product_images/medium/1955803.jpg,
1956103,/media/product_images/large/1956103.jpg,/media/product_images/medium/1956103.jpg,
1957303,/media/product_images/large/1957303.jpg,/media/product_images/medium/1957303.jpg,
1957903,/media/product_images/large/1957903.jpg,/media/product_images/medium/1957903.jpg,
1958203,/media/product_images/large/1958203.jpg,/media/product_images/medium/1958203.jpg,
1959003,/media/product_images/large/1959003.jpg,/media/product_images/medium/1959003.jpg,
1959103,/media/product_images/large/1959103.jpg,/media/product_images/medium/1959103.jpg,
1959203,/media/product_images/large/1959203.jpg,/media/product_images/medium/1959203.jpg,
1959303,/media/product_images/large/1959303.jpg,/media/product_images/medium/1959303.jpg,
1959403,/media/product_images/large/1959403.jpg,/media/product_images/medium/1959403.jpg,
1959503,/media/product_images/large/1959503.jpg,/media/product_images/medium/1959503.jpg,
1959603,/media/product_images/large/1959603.jpg,/media/product_images/medium/1959603.jpg,
196,/media/product_images/large/196.jpg,/media/product_images/medium/196.jpg,
1966803,/media/product_images/large/1966803.jpg,/media/product_images/medium/1966803.jpg,
1967003,/media/product_images/large/1967003.jpg,/media/product_images/medium/1967003.jpg,
197,/media/product_images/large/197.jpg,/media/product_images/medium/197.jpg,
1977503,/media/product_images/large/1977503.jpg,/media/product_images/medium/1977503.jpg,
198,/media/product_images/large/198.jpg,/media/product_images/medium/198.jpg,
1985504,/media/product_images/large/1985504.jpg,/media/product_images/medium/1985504.jpg,
1987703,/media/product_images/large/1987703.jpg,/media/product_images/medium/1987703.jpg,
199,/media/product_images/large/199.jpg,/media/product_images/medium/199.jpg,
2,/media/product_images/large/2.jpg,/media/product_images/medium/2.jpg,
20,/media/product_images/large/20.jpg,/media/product_images/medium/20.jpg,
200,/media/product_images/large/200.jpg,/media/product_images/medium/200.jpg,
200006008,/media/product_images/large/200006008.jpg,/media/product_images/medium/200006008.jpg,
201,/media/product_images/large/201.jpg,/media/product_images/medium/201.jpg,
2012709,/media/product_images/large/2012709.jpg,/media/product_images/medium/2012709.jpg,
2012809,/media/product_images/large/2012809.jpg,/media/product_images/medium/2012809.jpg,
2019409,/media/product_images/large/2019409.jpg,/media/product_images/medium/2019409.jpg,
2019509,/media/product_images/large/2019509.jpg,/media/product_images/medium/2019509.jpg,
2019609,/media/product_images/large/2019609.jpg,/media/product_images/medium/2019609.jpg,
202,/media/product_images/large/202.jpg,/media/product_images/medium/202.jpg,
2024409,/media/product_images/large/2024409.jpg,/media/product_images/medium/2024409.jpg,
2029609,/media/product_images/large/2029609.jpg,/media/product_images/medium/2029609.jpg,
203,/media/product_images/large/203.jpg,/media/product_images/medium/203.jpg,
2035009,/media/product_images/large/2035009.jpg,/media/product_images/medium/2035009.jpg,
204,/media/product_images/large/204.jpg,/media/product_images/medium/204.jpg,
204309,/media/product_images/large/204309.jpg,/media/product_images/medium/204309.jpg,
2043309,/media/product_images/large/2043309.jpg,/media/product_images/medium/2043309.jpg,
2043409,/media/product_images/large/2043409.jpg,/media/product_images/medium/2043409.jpg,
205,/media/product_images/large/205.jpg,/media/product_images/medium/205.jpg,
2050009,/media/product_images/large/2050009.jpg,/media/product_images/medium/2050009.jpg,
2050109,/media/product_images/large/2050109.jpg,/media/product_images/medium/2050109.jpg,
2052209,/media/product_images/large/2052209.jpg,/media/product_images/medium/2052209.jpg,
2059509,/media/product_images/large/2059509.jpg,/media/product_images/medium/2059509.jpg,
2059803,/media/product_images/large/2059803.jpg,/media/product_images/medium/2059803.jpg,
206,/media/product_images/large/206.jpg,/media/product_images/medium/206.jpg,
2063409,/media/product_images/large/2063409.jpg,/media/product_images/medium/2063409.jpg,
2067309,/media/product_images/large/2067309.jpg,/media/product_images/medium/2067309.jpg,
207,/media/product_images/large/207.jpg,/media/product_images/medium/207.jpg,
2074303,/media/product_images/large/2074303.jpg,/media/product_images/medium/2074303.jpg,
2078309,/media/product_images/large/2078309.jpg,/media/product_images/medium/2078309.jpg,
2078409,/media/product_images/large/2078409.jpg,/media/product_images/medium/2078409.jpg,
2078509,/media/product_images/large/2078509.jpg,/media/product_images/medium/2078509.jpg,
2079209,/media/product_images/large/2079209.jpg,/media/product_images/medium/2079209.jpg,
2079309,/media/product_images/large/2079309.jpg,/media/product_images/medium/2079309.jpg,
2079709,/media/product_images/large/2079709.jpg,/media/product_images/medium/2079709.jpg,
2079909,/media/product_images/large/2079909.jpg,/media/product_images/medium/2079909.jpg,
208,/media/product_images/large/208.jpg,/media/product_images/medium/208.jpg,
2080509,/media/product_images/large/2080509.jpg,/media/product_images/medium/2080509.jpg,
2081109,/media/product_images/large/2081109.jpg,/media/product_images/medium/2081109.jpg,
2083109,/media/product_images/large/2083109.jpg,/media/product_images/medium/2083109.jpg,
2084209,/media/product_images/large/2084209.jpg,/media/product_images/medium/2084209.jpg,
2084309,/media/product_images/large/2084309.jpg,/media/product_images/medium/2084309.jpg,
2084609,/media/product_images/large/2084609.jpg,/media/product_images/medium/2084609.jpg,
2084709,/media/product_images/large/2084709.jpg,/media/product_images/medium/2084709.jpg,
2086909,/media/product_images/large/2086909.jpg,/media/product_images/medium/2086909.jpg,
2087009,/media/product_images/large/2087009.jpg,/media/product_images/medium/2087009.jpg,
2087109,/media/product_images/large/2087109.jpg,/media/product_images/medium/2087109.jpg,
209,/media/product_images/large/209.jpg,/media/product_images/medium/209.jpg,
2093709,/media/product_images/large/2093709.jpg,/media/product_images/medium/2093709.jpg,
2094409,/media/product_images/large/2094409.jpg,/media/product_images/medium/2094409.jpg,
2094509,/media/product_images/large/2094509.jpg,/media/product_images/medium/2094509.jpg,
2099809,/media/product_images/large/2099809.jpg,/media/product_images/medium/2099809.jpg,
21,/media/product_images/large/21.jpg,/media/product_images/medium/21.jpg,
210,/media/product_images/large/210.jpg,/media/product_images/medium/210.jpg,
2100209,/media/product_images/large/2100209.jpg,/media/product_images/medium/2100209.jpg,
2100309,/media/product_images/large/2100309.jpg,/media/product_images/medium/2100309.jpg,
2100409,/media/product_images/large/2100409.jpg,/media/product_images/medium/2100409.jpg,
2104011,/media/product_images/large/2104011.jpg,/media/product_images/medium/2104011.jpg,
2109709,/media/product_images/large/2109709.jpg,/media/product_images/medium/2109709.jpg,
2109909,/media/product_images/large/2109909.jpg,/media/product_images/medium/2109909.jpg,
211,/media/product_images/large/211.jpg,/media/product_images/medium/211.jpg,
2110009,/media/product_images/large/2110009.jpg,/media/product_images/medium/2110009.jpg,
2110109,/media/product_images/large/2110109.jpg,/media/product_images/medium/2110109.jpg,
2110409,/media/product_images/large/2110409.jpg,/media/product_images/medium/2110409.jpg,
2116809,/media/product_images/large/2116809.jpg,/media/product_images/medium/2116809.jpg,
2118103,/media/product_images/large/2118103.jpg,/media/product_images/medium/2118103.jpg,
212,/media/product_images/large/212.jpg,/media/product_images/medium/212.jpg,
2123603,/media/product_images/large/2123603.jpg,/media/product_images/medium/2123603.jpg,
2123903,/media/product_images/large/2123903.jpg,/media/product_images/medium/2123903.jpg,
2124103,/media/product_images/large/2124103.jpg,/media/product_images/medium/2124103.jpg,
2124203,/media/product_images/large/2124203.jpg,/media/product_images/medium/2124203.jpg,
2126303,/media/product_images/large/2126303.jpg,/media/product_images/medium/2126303.jpg,
213,/media/product_images/large/213.jpg,/media/product_images/medium/213.jpg,
214,/media/product_images/large/214.jpg,/media/product_images/medium/214.jpg,
2143109,/media/product_images/large/2143109.jpg,/media/product_images/medium/2143109.jpg,
2146509,/media/product_images/large/2146509.jpg,/media/product_images/medium/2146509.jpg,
2146609,/media/product_images/large/2146609.jpg,/media/product_images/medium/2146609.jpg,
2146709,/media/product_images/large/2146709.jpg,/media/product_images/medium/2146709.jpg,
2146809,/media/product_images/large/2146809.jpg,/media/product_images/medium/2146809.jpg,
2146909,/media/product_images/large/2146909.jpg,/media/product_images/medium/2146909.jpg,
2147009,/media/product_images/large/2147009.jpg,/media/product_images/medium/2147009.jpg,
2147109,/media/product_images/large/2147109.jpg,/media/product_images/medium/2147109.jpg,
215,/media/product_images/large/215.jpg,/media/product_images/medium/215.jpg,
216,/media/product_images/large/216.jpg,/media/product_images/medium/216.jpg,
217,/media/product_images/large/217.jpg,/media/product_images/medium/217.jpg,
218,/media/product_images/large/218.jpg,/media/product_images/medium/218.jpg,
2182509,/media/product_images/large/2182509.jpg,/media/product_images/medium/2182509.jpg,
2189209,/media/product_images/large/2189209.jpg,/media/product_images/medium/2189209.jpg,
2189803,/media/product_images/large/2189803.jpg,/media/product_images/medium/2189803.jpg,
219,/media/product_images/large/219.jpg,/media/product_images/medium/219.jpg,
2190003,/media/product_images/large/2190003.jpg,/media/product_images/medium/2190003.jpg,
2191403,/media/product_images/large/2191403.jpg,/media/product_images/medium/2191403.jpg,
22,/media/product_images/large/22.jpg,/media/product_images/medium/22.jpg,
220,/media/product_images/large/220.jpg,/media/product_images/medium/220.jpg,
2203903,/media/product_images/large/2203903.jpg,/media/product_images/medium/2203903.jpg,
2204103,/media/product_images/large/2204103.jpg,/media/product_images/medium/2204103.jpg,
2204303,/media/product_images/large/2204303.jpg,/media/product_images/medium/2204303.jpg,
2204403,/media/product_images/large/2204403.jpg,/media/product_images/medium/2204403.jpg,
2204503,/media/product_images/large/2204503.jpg,/media/product_images/medium/2204503.jpg,
2204603,/media/product_images/large/2204603.jpg,/media/product_images/medium/2204603.jpg,
2204703,/media/product_images/large/2204703.jpg,/media/product_images/medium/2204703.jpg,
2204803,/media/product_images/large/2204803.jpg,/media/product_images/medium/2204803.jpg,
2204903,/media/product_images/large/2204903.jpg,/media/product_images/medium/2204903.jpg,
220809,/media/product_images/large/220809.jpg,/media/product_images/medium/220809.jpg,
2208203,/media/product_images/large/2208203.jpg,/media/product_images/medium/2208203.jpg,
221,/media/product_images/large/221.jpg,/media/product_images/medium/221.jpg,
2210503,/media/product_images/large/2210503.jpg,/media/product_images/medium/2210503.jpg,
2211003,/media/product_images/large/2211003.jpg,/media/product_images/medium/2211003.jpg,
2211303,/media/product_images/large/2211303.jpg,/media/product_images/medium/2211303.jpg,
2213203,/media/product_images/large/2213203.jpg,/media/product_images/medium/2213203.jpg,
2218103,/media/product_images/large/2218103.jpg,/media/product_images/medium/2218103.jpg,
2218203,/media/product_images/large/2218203.jpg,/media/product_images/medium/2218203.jpg,
222,/media/product_images/large/222.jpg,/media/product_images/medium/222.jpg,
2226803,/media/product_images/large/2226803.jpg,/media/product_images/medium/2226803.jpg,
2226903,/media/product_images/large/2226903.jpg,/media/product_images/medium/2226903.jpg,
2227003,/media/product_images/large/2227003.jpg,/media/product_images/medium/2227003.jpg,
2227203,/media/product_images/large/2227203.jpg,/media/product_images/medium/2227203.jpg,
2227403,/media/product_images/large/2227403.jpg,/media/product_images/medium/2227403.jpg,
2227503,/media/product_images/large/2227503.jpg,/media/product_images/medium/2227503.jpg,
2227603,/media/product_images/large/2227603.jpg,/media/product_images/medium/2227603.jpg,
2227703,/media/product_images/large/2227703.jpg,/media/product_images/medium/2227703.jpg,
223,/media/product_images/large/223.jpg,/media/product_images/medium/223.jpg,
2230203,/media/product_images/large/2230203.jpg,/media/product_images/medium/2230203.jpg,
2230303,/media/product_images/large/2230303.jpg,/media/product_images/medium/2230303.jpg,
2230403,/media/product_images/large/2230403.jpg,/media/product_images/medium/2230403.jpg,
224,/media/product_images/large/224.jpg,/media/product_images/medium/224.jpg,
224503,/media/product_images/large/224503.jpg,/media/product_images/medium/224503.jpg,
2249903,/media/product_images/large/2249903.jpg,/media/product_images/medium/2249903.jpg,
225,/media/product_images/large/225.jpg,/media/product_images/medium/225.jpg,
2250003,/media/product_images/large/2250003.jpg,/media/product_images/medium/2250003.jpg,
2256303,/media/product_images/large/2256303.jpg,/media/product_images/medium/2256303.jpg,
2257003,/media/product_images/large/2257003.jpg,/media/product_images/medium/2257003.jpg,
226,/media/product_images/large/226.jpg,/media/product_images/medium/226.jpg,
2268703,/media/product_images/large/2268703.jpg,/media/product_images/medium/2268703.jpg,
2268803,/media/product_images/large/2268803.jpg,/media/product_images/medium/2268803.jpg,
2269903,/media/product_images/large/2269903.jpg,/media/product_images/medium/2269903.jpg,
227,/media/product_images/large/227.jpg,/media/product_images/medium/227.jpg,
2270203,/media/product_images/large/2270203.jpg,/media/product_images/medium/2270203.jpg,
2270403,/media/product_images/large/2270403.jpg,/media/product_images/medium/2270403.jpg,
2271503,/media/product_images/large/2271503.jpg,/media/product_images/medium/2271503.jpg,
2272003,/media/product_images/large/2272003.jpg,/media/product_images/medium/2272003.jpg,
228,/media/product_images/large/228.jpg,/media/product_images/medium/228.jpg,
2283711,/media/product_images/large/2283711.jpg,/media/product_images/medium/2283711.jpg,
2285411,/media/product_images/large/2285411.jpg,/media/product_images/medium/2285411.jpg,
2288103,/media/product_images/large/2288103.jpg,/media/product_images/medium/2288103.jpg,
229,/media/product_images/large/229.jpg,/media/product_images/medium/229.jpg,
2296011,/media/product_images/large/2296011.jpg,/media/product_images/medium/2296011.jpg,
2296111,/media/product_images/large/2296111.jpg,/media/product_images/medium/2296111.jpg,
2296211,/media/product_images/large/2296211.jpg,/media/product_images/medium/2296211.jpg,
2296311,/media/product_images/large/2296311.jpg,/media/product_images/medium/2296311.jpg,
23,/media/product_images/large/23.jpg,/media/product_images/medium/23.jpg,
230,/media/product_images/large/230.jpg,/media/product_images/medium/230.jpg,
2305108,/media/product_images/large/2305108.jpg,/media/product_images/medium/2305108.jpg,
231,/media/product_images/large/231.jpg,/media/product_images/medium/231.jpg,
232,/media/product_images/large/232.jpg,/media/product_images/medium/232.jpg,
233,/media/product_images/large/233.jpg,/media/product_images/medium/233.jpg,
233209,/media/product_images/large/233209.jpg,/media/product_images/medium/233209.jpg,
2337811,/media/product_images/large/2337811.jpg,/media/product_images/medium/2337811.jpg,
2337911,/media/product_images/large/2337911.jpg,/media/product_images/medium/2337911.jpg,
234,/media/product_images/large/234.jpg,/media/product_images/medium/234.jpg,
2340908,/media/product_images/large/2340908.jpg,/media/product_images/medium/2340908.jpg,
2341008,/media/product_images/large/2341008.jpg,/media/product_images/medium/2341008.jpg,
2343008,/media/product_images/large/2343008.jpg,/media/product_images/medium/2343008.jpg,
235,/media/product_images/large/235.jpg,/media/product_images/medium/235.jpg,
236,/media/product_images/large/236.jpg,/media/product_images/medium/236.jpg,
237,/media/product_images/large/237.jpg,/media/product_images/medium/237.jpg,
238,/media/product_images/large/238.jpg,/media/product_images/medium/238.jpg,
239,/media/product_images/large/239.jpg,/media/product_images/medium/239.jpg,
2391111,/media/product_images/large/2391111.jpg,/media/product_images/medium/2391111.jpg,
24,/media/product_images/large/24.jpg,/media/product_images/medium/24.jpg,
240,/media/product_images/large/240.jpg,/media/product_images/medium/240.jpg,
241,/media/product_images/large/241.jpg,/media/product_images/medium/241.jpg,
2413811,/media/product_images/large/2413811.jpg,/media/product_images/medium/2413811.jpg,
242,/media/product_images/large/242.jpg,/media/product_images/medium/242.jpg,
2426011,/media/product_images/large/2426011.jpg,/media/product_images/medium/2426011.jpg,
2429311,/media/product_images/large/2429311.jpg,/media/product_images/medium/2429311.jpg,
243,/media/product_images/large/243.jpg,/media/product_images/medium/243.jpg,
2436011,/media/product_images/large/2436011.jpg,/media/product_images/medium/2436011.jpg,
2436211,/media/product_images/large/2436211.jpg,/media/product_images/medium/2436211.jpg,
244,/media/product_images/large/244.jpg,/media/product_images/medium/244.jpg,
2442211,/media/product_images/large/2442211.jpg,/media/product_images/medium/2442211.jpg,
2443711,/media/product_images/large/2443711.jpg,/media/product_images/medium/2443711.jpg,
2443811,/media/product_images/large/2443811.jpg,/media/product_images/medium/2443811.jpg,
2443911,/media/product_images/large/2443911.jpg,/media/product_images/medium/2443911.jpg,
2444011,/media/product_images/large/2444011.jpg,/media/product_images/medium/2444011.jpg,
2444111,/media/product_images/large/2444111.jpg,/media/product_images/medium/2444111.jpg,
2444211,/media/product_images/large/2444211.jpg,/media/product_images/medium/2444211.jpg,
2444311,/media/product_images/large/2444311.jpg,/media/product_images/medium/2444311.jpg,
2444411,/media/product_images/large/2444411.jpg,/media/product_images/medium/2444411.jpg,
2444511,/media/product_images/large/2444511.jpg,/media/product_images/medium/2444511.jpg,
2444611,/media/product_images/large/2444611.jpg,/media/product_images/medium/2444611.jpg,
245,/media/product_images/large/245.jpg,/media/product_images/medium/245.jpg,
2454611,/media/product_images/large/2454611.jpg,/media/product_images/medium/2454611.jpg,
246,/media/product_images/large/246.jpg,/media/product_images/medium/246.jpg,
2462211,/media/product_images/large/2462211.jpg,/media/product_images/medium/2462211.jpg,
2469311,/media/product_images/large/2469311.jpg,/media/product_images/medium/2469311.jpg,
247,/media/product_images/large/247.jpg,/media/product_images/medium/247.jpg,
248,/media/product_images/large/248.jpg,/media/product_images/medium/248.jpg,
2489112,/media/product_images/large/2489112.jpg,/media/product_images/medium/2489112.jpg,
2489212,/media/product_images/large/2489212.jpg,/media/product_images/medium/2489212.jpg,
249,/media/product_images/large/249.jpg,/media/product_images/medium/249.jpg,
25,/media/product_images/large/25.jpg,/media/product_images/medium/25.jpg,
250,/media/product_images/large/250.jpg,/media/product_images/medium/250.jpg,
2500012,/media/product_images/large/2500012.jpg,/media/product_images/medium/2500012.jpg,
2500112,/media/product_images/large/2500112.jpg,/media/product_images/medium/2500112.jpg,
2503312,/media/product_images/large/2503312.jpg,/media/product_images/medium/2503312.jpg,
251,/media/product_images/large/251.jpg,/media/product_images/medium/251.jpg,
2511612,/media/product_images/large/2511612.jpg,/media/product_images/medium/2511612.jpg,
2516712,/media/product_images/large/2516712.jpg,/media/product_images/medium/2516712.jpg,
2516912,/media/product_images/large/2516912.jpg,/media/product_images/medium/2516912.jpg,
2517012,/media/product_images/large/2517012.jpg,/media/product_images/medium/2517012.jpg,
2517812,/media/product_images/large/2517812.jpg,/media/product_images/medium/2517812.jpg,
2517912,/media/product_images/large/2517912.jpg,/media/product_images/medium/2517912.jpg,
252,/media/product_images/large/252.jpg,/media/product_images/medium/252.jpg,
2520312,/media/product_images/large/2520312.jpg,/media/product_images/medium/2520312.jpg,
2521308,/media/product_images/large/2521308.jpg,/media/product_images/medium/2521308.jpg,
253,/media/product_images/large/253.jpg,/media/product_images/medium/253.jpg,
2530708,/media/product_images/large/2530708.jpg,/media/product_images/medium/2530708.jpg,
254,/media/product_images/large/254.jpg,/media/product_images/medium/254.jpg,
2541708,/media/product_images/large/2541708.jpg,/media/product_images/medium/2541708.jpg,
2542612,/media/product_images/large/2542612.jpg,/media/product_images/medium/2542612.jpg,
2543408,/media/product_images/large/2543408.jpg,/media/product_images/medium/2543408.jpg,
255,/media/product_images/large/255.jpg,/media/product_images/medium/255.jpg,
2550208,/media/product_images/large/2550208.jpg,/media/product_images/medium/2550208.jpg,
2556908,/media/product_images/large/2556908.jpg,/media/product_images/medium/2556908.jpg,
256,/media/product_images/large/256.jpg,/media/product_images/medium/256.jpg,
256209,/media/product_images/large/256209.jpg,/media/product_images/medium/256209.jpg,
2568412,/media/product_images/large/2568412.jpg,/media/product_images/medium/2568412.jpg,
2568812,/media/product_images/large/2568812.jpg,/media/product_images/medium/2568812.jpg,
2569212,/media/product_images/large/2569212.jpg,/media/product_images/medium/2569212.jpg,
2569808,/media/product_images/large/2569808.jpg,/media/product_images/medium/2569808.jpg,
2569812,/media/product_images/large/2569812.jpg,/media/product_images/medium/2569812.jpg,
257,/media/product_images/large/257.jpg,/media/product_images/medium/257.jpg,
2570112,/media/product_images/large/2570112.jpg,/media/product_images/medium/2570112.jpg,
2570312,/media/product_images/large/2570312.jpg,/media/product_images/medium/2570312.jpg,
257503,/media/product_images/large/257503.jpg,/media/product_images/medium/257503.jpg,
258,/media/product_images/large/258.jpg,/media/product_images/medium/258.jpg,
2581612,/media/product_images/large/2581612.jpg,/media/product_images/medium/2581612.jpg,
2581712,/media/product_images/large/2581712.jpg,/media/product_images/medium/2581712.jpg,
2581812,/media/product_images/large/2581812.jpg,/media/product_images/medium/2581812.jpg,
2581912,/media/product_images/large/2581912.jpg,/media/product_images/medium/2581912.jpg,
2582012,/media/product_images/large/2582012.jpg,/media/product_images/medium/2582012.jpg,
2582112,/media/product_images/large/2582112.jpg,/media/product_images/medium/2582112.jpg,
2582212,/media/product_images/large/2582212.jpg,/media/product_images/medium/2582212.jpg,
2582312,/media/product_images/large/2582312.jpg,/media/product_images/medium/2582312.jpg,
2582412,/media/product_images/large/2582412.jpg,/media/product_images/medium/2582412.jpg,
259,/media/product_images/large/259.jpg,/media/product_images/medium/259.jpg,
2593712,/media/product_images/large/2593712.jpg,/media/product_images/medium/2593712.jpg,
26,/media/product_images/large/26.jpg,/media/product_images/medium/26.jpg,
260,/media/product_images/large/260.jpg,/media/product_images/medium/260.jpg,
2602408,/media/product_images/large/2602408.jpg,/media/product_images/medium/2602408.jpg,
2602508,/media/product_images/large/2602508.jpg,/media/product_images/medium/2602508.jpg,
2608408,/media/product_images/large/2608408.jpg,/media/product_images/medium/2608408.jpg,
261,/media/product_images/large/261.jpg,/media/product_images/medium/261.jpg,
2611408,/media/product_images/large/2611408.jpg,/media/product_images/medium/2611408.jpg,
2618808,/media/product_images/large/2618808.jpg,/media/product_images/medium/2618808.jpg,
262,/media/product_images/large/262.jpg,/media/product_images/medium/262.jpg,
2626308,/media/product_images/large/2626308.jpg,/media/product_images/medium/2626308.jpg,
263,/media/product_images/large/263.jpg,/media/product_images/medium/263.jpg,
264,/media/product_images/large/264.jpg,/media/product_images/medium/264.jpg,
265,/media/product_images/large/265.jpg,/media/product_images/medium/265.jpg,
2651212,/media/product_images/large/2651212.jpg,/media/product_images/medium/2651212.jpg,
266,/media/product_images/large/266.jpg,/media/product_images/medium/266.jpg,
2661508,/media/product_images/large/2661508.jpg,/media/product_images/medium/2661508.jpg,
267,/media/product_images/large/267.jpg,/media/product_images/medium/267.jpg,
2670012,/media/product_images/large/2670012.jpg,/media/product_images/medium/2670012.jpg,
2675512,/media/product_images/large/2675512.jpg,/media/product_images/medium/2675512.jpg,
2675812,/media/product_images/large/2675812.jpg,/media/product_images/medium/2675812.jpg,
268,/media/product_images/large/268.jpg,/media/product_images/medium/268.jpg,
2680612,/media/product_images/large/2680612.jpg,/media/product_images/medium/2680612.jpg,
2681112,/media/product_images/large/2681112.jpg,/media/product_images/medium/2681112.jpg,
2681212,/media/product_images/large/2681212.jpg,/media/product_images/medium/2681212.jpg,
2683208,/media/product_images/large/2683208.jpg,/media/product_images/medium/2683208.jpg,
2685408,/media/product_images/large/2685408.jpg,/media/product_images/medium/2685408.jpg,
2685708,/media/product_images/large/2685708.jpg,/media/product_images/medium/2685708.jpg,
2687812,/media/product_images/large/2687812.jpg,/media/product_images/medium/2687812.jpg,
2688908,/media/product_images/large/2688908.jpg,/media/product_images/medium/2688908.jpg,
2689008,/media/product_images/large/2689008.jpg,/media/product_images/medium/2689008.jpg,
269,/media/product_images/large/269.jpg,/media/product_images/medium/269.jpg,
2692608,/media/product_images/large/2692608.jpg,/media/product_images/medium/2692608.jpg,
2694208,/media/product_images/large/2694208.jpg,/media/product_images/medium/2694208.jpg,
2694308,/media/product_images/large/2694308.jpg,/media/product_images/medium/2694308.jpg,
2696808,/media/product_images/large/2696808.jpg,/media/product_images/medium/2696808.jpg,
2697108,/media/product_images/large/2697108.jpg,/media/product_images/medium/2697108.jpg,
2697408,/media/product_images/large/2697408.jpg,/media/product_images/medium/2697408.jpg,
2698812,/media/product_images/large/2698812.jpg,/media/product_images/medium/2698812.jpg,
27,/media/product_images/large/27.jpg,/media/product_images/medium/27.jpg,
270,/media/product_images/large/270.jpg,/media/product_images/medium/270.jpg,
271,/media/product_images/large/271.jpg,/media/product_images/medium/271.jpg,
2710312,/media/product_images/large/2710312.jpg,/media/product_images/medium/2710312.jpg,
2712812,/media/product_images/large/2712812.jpg,/media/product_images/medium/2712812.jpg,
2716912,/media/product_images/large/2716912.jpg,/media/product_images/medium/2716912.jpg,
272,/media/product_images/large/272.jpg,/media/product_images/medium/272.jpg,
2724308,/media/product_images/large/2724308.jpg,/media/product_images/medium/2724308.jpg,
273,/media/product_images/large/273.jpg,/media/product_images/medium/273.jpg,
2731612,/media/product_images/large/2731612.jpg,/media/product_images/medium/2731612.jpg,
274,/media/product_images/large/274.jpg,/media/product_images/medium/274.jpg,
275,/media/product_images/large/275.jpg,/media/product_images/medium/275.jpg,
27503,/media/product_images/large/27503.jpg,/media/product_images/medium/27503.jpg,
276,/media/product_images/large/276.jpg,/media/product_images/medium/276.jpg,
277,/media/product_images/large/277.jpg,/media/product_images/medium/277.jpg,
2779212,/media/product_images/large/2779212.jpg,/media/product_images/medium/2779212.jpg,
278,/media/product_images/large/278.jpg,/media/product_images/medium/278.jpg,
279,/media/product_images/large/279.jpg,/media/product_images/medium/279.jpg,
2790612,/media/product_images/large/2790612.jpg,/media/product_images/medium/2790612.jpg,
28,/media/product_images/large/28.jpg,/media/product_images/medium/28.jpg,
280,/media/product_images/large/280.jpg,/media/product_images/medium/280.jpg,
2804810,/media/product_images/large/2804810.jpg,/media/product_images/medium/2804810.jpg,
2804910,/media/product_images/large/2804910.jpg,/media/product_images/medium/2804910.jpg,
2805010,/media/product_images/large/2805010.jpg,/media/product_images/medium/2805010.jpg,
2805210,/media/product_images/large/2805210.jpg,/media/product_images/medium/2805210.jpg,
2805310,/media/product_images/large/2805310.jpg,/media/product_images/medium/2805310.jpg,
2805410,/media/product_images/large/2805410.jpg,/media/product_images/medium/2805410.jpg,
2805510,/media/product_images/large/2805510.jpg,/media/product_images/medium/2805510.jpg,
281,/media/product_images/large/281.jpg,/media/product_images/medium/281.jpg,
28109,/media/product_images/large/28109.jpg,/media/product_images/medium/28109.jpg,
282,/media/product_images/large/282.jpg,/media/product_images/medium/282.jpg,
283,/media/product_images/large/283.jpg,/media/product_images/medium/283.jpg,
284,/media/product_images/large/284.jpg,/media/product_images/medium/284.jpg,
28409,/media/product_images/large/28409.jpg,/media/product_images/medium/28409.jpg,
2845112,/media/product_images/large/2845112.jpg,/media/product_images/medium/2845112.jpg,
285,/media/product_images/large/285.jpg,/media/product_images/medium/285.jpg,
286,/media/product_images/large/286.jpg,/media/product_images/medium/286.jpg,
287,/media/product_images/large/287.jpg,/media/product_images/medium/287.jpg,
288,/media/product_images/large/288.jpg,/media/product_images/medium/288.jpg,
289,/media/product_images/large/289.jpg,/media/product_images/medium/289.jpg,
29,/media/product_images/large/29.jpg,/media/product_images/medium/29.jpg,
290,/media/product_images/large/290.jpg,/media/product_images/medium/290.jpg,
291,/media/product_images/large/291.jpg,/media/product_images/medium/291.jpg,
292,/media/product_images/large/292.jpg,/media/product_images/medium/292.jpg,
293,/media/product_images/large/293.jpg,/media/product_images/medium/293.jpg,
294,/media/product_images/large/294.jpg,/media/product_images/medium/294.jpg,
295,/media/product_images/large/295.jpg,/media/product_images/medium/295.jpg,
296,/media/product_images/large/296.jpg,/media/product_images/medium/296.jpg,
297,/media/product_images/large/297.jpg,/media/product_images/medium/297.jpg,
298,/media/product_images/large/298.jpg,/media/product_images/medium/298.jpg,
299,/media/product_images/large/299.jpg,/media/product_images/medium/299.jpg,
3,/media/product_images/large/3.jpg,/media/product_images/medium/3.jpg,
30,/media/product_images/large/30.jpg,/media/product_images/medium/30.jpg,
300,/media/product_images/large/300.jpg,/media/product_images/medium/300.jpg,
301,/media/product_images/large/301.jpg,/media/product_images/medium/301.jpg,
302,/media/product_images/large/302.jpg,/media/product_images/medium/302.jpg,
303,/media/product_images/large/303.jpg,/media/product_images/medium/303.jpg,
304,/media/product_images/large/304.jpg,/media/product_images/medium/304.jpg,
305,/media/product_images/large/305.jpg,/media/product_images/medium/305.jpg,
306,/media/product_images/large/306.jpg,/media/product_images/medium/306.jpg,
307,/media/product_images/large/307.jpg,/media/product_images/medium/307.jpg,
308,/media/product_images/large/308.jpg,/media/product_images/medium/308.jpg,
309,/media/product_images/large/309.jpg,/media/product_images/medium/309.jpg,
30909,/media/product_images/large/30909.jpg,/media/product_images/medium/30909.jpg,
31,/media/product_images/large/31.jpg,/media/product_images/medium/31.jpg,
310,/media/product_images/large/310.jpg,/media/product_images/medium/310.jpg,
311,/media/product_images/large/311.jpg,/media/product_images/medium/311.jpg,
312,/media/product_images/large/312.jpg,/media/product_images/medium/312.jpg,
313,/media/product_images/large/313.jpg,/media/product_images/medium/313.jpg,
313309,/media/product_images/large/313309.jpg,/media/product_images/medium/313309.jpg,
314,/media/product_images/large/314.jpg,/media/product_images/medium/314.jpg,
315,/media/product_images/large/315.jpg,/media/product_images/medium/315.jpg,
316,/media/product_images/large/316.jpg,/media/product_images/medium/316.jpg,
317,/media/product_images/large/317.jpg,/media/product_images/medium/317.jpg,
317609,/media/product_images/large/317609.jpg,/media/product_images/medium/317609.jpg,
318,/media/product_images/large/318.jpg,/media/product_images/medium/318.jpg,
318309,/media/product_images/large/318309.jpg,/media/product_images/medium/318309.jpg,
319,/media/product_images/large/319.jpg,/media/product_images/medium/319.jpg,
32,/media/product_images/large/32.jpg,/media/product_images/medium/32.jpg,
320,/media/product_images/large/320.jpg,/media/product_images/medium/320.jpg,
321,/media/product_images/large/321.jpg,/media/product_images/medium/321.jpg,
322,/media/product_images/large/322.jpg,/media/product_images/medium/322.jpg,
323,/media/product_images/large/323.jpg,/media/product_images/medium/323.jpg,
324,/media/product_images/large/324.jpg,/media/product_images/medium/324.jpg,
325,/media/product_images/large/325.jpg,/media/product_images/medium/325.jpg,
326,/media/product_images/large/326.jpg,/media/product_images/medium/326.jpg,
327,/media/product_images/large/327.jpg,/media/product_images/medium/327.jpg,
328,/media/product_images/large/328.jpg,/media/product_images/medium/328.jpg,
329,/media/product_images/large/329.jpg,/media/product_images/medium/329.jpg,
329409,/media/product_images/large/329409.jpg,/media/product_images/medium/329409.jpg,
33,/media/product_images/large/33.jpg,/media/product_images/medium/33.jpg,
330,/media/product_images/large/330.jpg,/media/product_images/medium/330.jpg,
3303,/media/product_images/large/3303.jpg,/media/product_images/medium/3303.jpg,
331,/media/product_images/large/331.jpg,/media/product_images/medium/331.jpg,
332,/media/product_images/large/332.jpg,/media/product_images/medium/332.jpg,
332603,/media/product_images/large/332603.jpg,/media/product_images/medium/332603.jpg,
333,/media/product_images/large/333.jpg,/media/product_images/medium/333.jpg,
333109,/media/product_images/large/333109.jpg,/media/product_images/medium/333109.jpg,
334,/media/product_images/large/334.jpg,/media/product_images/medium/334.jpg,
335,/media/product_images/large/335.jpg,/media/product_images/medium/335.jpg,
336,/media/product_images/large/336.jpg,/media/product_images/medium/336.jpg,
337,/media/product_images/large/337.jpg,/media/product_images/medium/337.jpg,
337703,/media/product_images/large/337703.jpg,/media/product_images/medium/337703.jpg,
337803,/media/product_images/large/337803.jpg,/media/product_images/medium/337803.jpg,
338,/media/product_images/large/338.jpg,/media/product_images/medium/338.jpg,
339,/media/product_images/large/339.jpg,/media/product_images/medium/339.jpg,
339403,/media/product_images/large/339403.jpg,/media/product_images/medium/339403.jpg,
34,/media/product_images/large/34.jpg,/media/product_images/medium/34.jpg,
340,/media/product_images/large/340.jpg,/media/product_images/medium/340.jpg,
340309,/media/product_images/large/340309.jpg,/media/product_images/medium/340309.jpg,
340503,/media/product_images/large/340503.jpg,/media/product_images/medium/340503.jpg,
341,/media/product_images/large/341.jpg,/media/product_images/medium/341.jpg,
342,/media/product_images/large/342.jpg,/media/product_images/medium/342.jpg,
343,/media/product_images/large/343.jpg,/media/product_images/medium/343.jpg,
344,/media/product_images/large/344.jpg,/media/product_images/medium/344.jpg,
345,/media/product_images/large/345.jpg,/media/product_images/medium/345.jpg,
346,/media/product_images/large/346.jpg,/media/product_images/medium/346.jpg,
347,/media/product_images/large/347.jpg,/media/product_images/medium/347.jpg,
348,/media/product_images/large/348.jpg,/media/product_images/medium/348.jpg,
349,/media/product_images/large/349.jpg,/media/product_images/medium/349.jpg,
35,/media/product_images/large/35.jpg,/media/product_images/medium/35.jpg,
350,/media/product_images/large/350.jpg,/media/product_images/medium/350.jpg,
351,/media/product_images/large/351.jpg,/media/product_images/medium/351.jpg,
352,/media/product_images/large/352.jpg,/media/product_images/medium/352.jpg,
353,/media/product_images/large/353.jpg,/media/product_images/medium/353.jpg,
354,/media/product_images/large/354.jpg,/media/product_images/medium/354.jpg,
355,/media/product_images/large/355.jpg,/media/product_images/medium/355.jpg,
356,/media/product_images/large/356.jpg,/media/product_images/medium/356.jpg,
357,/media/product_images/large/357.jpg,/media/product_images/medium/357.jpg,
358,/media/product_images/large/358.jpg,/media/product_images/medium/358.jpg,
358009,/media/product_images/large/358009.jpg,/media/product_images/medium/358009.jpg,
359,/media/product_images/large/359.jpg,/media/product_images/medium/359.jpg,
36,/media/product_images/large/36.jpg,/media/product_images/medium/36.jpg,
360,/media/product_images/large/360.jpg,/media/product_images/medium/360.jpg,
361,/media/product_images/large/361.jpg,/media/product_images/medium/361.jpg,
362,/media/product_images/large/362.jpg,/media/product_images/medium/362.jpg,
363,/media/product_images/large/363.jpg,/media/product_images/medium/363.jpg,
364,/media/product_images/large/364.jpg,/media/product_images/medium/364.jpg,
365,/media/product_images/large/365.jpg,/media/product_images/medium/365.jpg,
366,/media/product_images/large/366.jpg,/media/product_images/medium/366.jpg,
367,/media/product_images/large/367.jpg,/media/product_images/medium/367.jpg,
368,/media/product_images/large/368.jpg,/media/product_images/medium/368.jpg,
369,/media/product_images/large/369.jpg,/media/product_images/medium/369.jpg,
37,/media/product_images/large/37.jpg,/media/product_images/medium/37.jpg,
370,/media/product_images/large/370.jpg,/media/product_images/medium/370.jpg,
371,/media/product_images/large/371.jpg,/media/product_images/medium/371.jpg,
372,/media/product_images/large/372.jpg,/media/product_images/medium/372.jpg,
373,/media/product_images/large/373.jpg,/media/product_images/medium/373.jpg,
374,/media/product_images/large/374.jpg,/media/product_images/medium/374.jpg,
375,/media/product_images/large/375.jpg,/media/product_images/medium/375.jpg,
376,/media/product_images/large/376.jpg,/media/product_images/medium/376.jpg,
377,/media/product_images/large/377.jpg,/media/product_images/medium/377.jpg,
378,/media/product_images/large/378.jpg,/media/product_images/medium/378.jpg,
379,/media/product_images/large/379.jpg,/media/product_images/medium/379.jpg,
38,/media/product_images/large/38.jpg,/media/product_images/medium/38.jpg,
380,/media/product_images/large/380.jpg,/media/product_images/medium/380.jpg,
381,/media/product_images/large/381.jpg,/media/product_images/medium/381.jpg,
38109,/media/product_images/large/38109.jpg,/media/product_images/medium/38109.jpg,
382,/media/product_images/large/382.jpg,/media/product_images/medium/382.jpg,
383,/media/product_images/large/383.jpg,/media/product_images/medium/383.jpg,
384,/media/product_images/large/384.jpg,/media/product_images/medium/384.jpg,
385,/media/product_images/large/385.jpg,/media/product_images/medium/385.jpg,
386,/media/product_images/large/386.jpg,/media/product_images/medium/386.jpg,
387,/media/product_images/large/387.jpg,/media/product_images/medium/387.jpg,
38709,/media/product_images/large/38709.jpg,/media/product_images/medium/38709.jpg,
388,/media/product_images/large/388.jpg,/media/product_images/medium/388.jpg,
389,/media/product_images/large/389.jpg,/media/product_images/medium/389.jpg,
39,/media/product_images/large/39.jpg,/media/product_images/medium/39.jpg,
390,/media/product_images/large/390.jpg,/media/product_images/medium/390.jpg,
390009,/media/product_images/large/390009.jpg,/media/product_images/medium/390009.jpg,
391,/media/product_images/large/391.jpg,/media/product_images/medium/391.jpg,
392,/media/product_images/large/392.jpg,/media/product_images/medium/392.jpg,
393,/media/product_images/large/393.jpg,/media/product_images/medium/393.jpg,
394,/media/product_images/large/394.jpg,/media/product_images/medium/394.jpg,
394809,/media/product_images/large/394809.jpg,/media/product_images/medium/394809.jpg,
395,/media/product_images/large/395.jpg,/media/product_images/medium/395.jpg,
395209,/media/product_images/large/395209.jpg,/media/product_images/medium/395209.jpg,
396,/media/product_images/large/396.jpg,/media/product_images/medium/396.jpg,
397,/media/product_images/large/397.jpg,/media/product_images/medium/397.jpg,
398,/media/product_images/large/398.jpg,/media/product_images/medium/398.jpg,
399,/media/product_images/large/399.jpg,/media/product_images/medium/399.jpg,
4,/media/product_images/large/4.jpg,/media/product_images/medium/4.jpg,
40,/media/product_images/large/40.jpg,/media/product_images/medium/40.jpg,
400,/media/product_images/large/400.jpg,/media/product_images/medium/400.jpg,
401,/media/product_images/large/401.jpg,/media/product_images/medium/401.jpg,
402,/media/product_images/large/402.jpg,/media/product_images/medium/402.jpg,
403,/media/product_images/large/403.jpg,/media/product_images/medium/403.jpg,
404,/media/product_images/large/404.jpg,/media/product_images/medium/404.jpg,
405,/media/product_images/large/405.jpg,/media/product_images/medium/405.jpg,
406,/media/product_images/large/406.jpg,/media/product_images/medium/406.jpg,
407,/media/product_images/large/407.jpg,/media/product_images/medium/407.jpg,
408,/media/product_images/large/408.jpg,/media/product_images/medium/408.jpg,
409,/media/product_images/large/409.jpg,/media/product_images/medium/409.jpg,
41,/media/product_images/large/41.jpg,/media/product_images/medium/41.jpg,
410,/media/product_images/large/410.jpg,/media/product_images/medium/410.jpg,
411,/media/product_images/large/411.jpg,/media/product_images/medium/411.jpg,
412,/media/product_images/large/412.jpg,/media/product_images/medium/412.jpg,
413,/media/product_images/large/413.jpg,/media/product_images/medium/413.jpg,
416,/media/product_images/large/416.jpg,/media/product_images/medium/416.jpg,
417,/media/product_images/large/417.jpg,/media/product_images/medium/417.jpg,
418,/media/product_images/large/418.jpg,/media/product_images/medium/418.jpg,
419,/media/product_images/large/419.jpg,/media/product_images/medium/419.jpg,
42,/media/product_images/large/42.jpg,/media/product_images/medium/42.jpg,
420,/media/product_images/large/420.jpg,/media/product_images/medium/420.jpg,
420511,/media/product_images/large/420511.jpg,/media/product_images/medium/420511.jpg,
420609,/media/product_images/large/420609.jpg,/media/product_images/medium/420609.jpg,
421,/media/product_images/large/421.jpg,/media/product_images/medium/421.jpg,
422,/media/product_images/large/422.jpg,/media/product_images/medium/422.jpg,
423,/media/product_images/large/423.jpg,/media/product_images/medium/423.jpg,
424,/media/product_images/large/424.jpg,/media/product_images/medium/424.jpg,
425,/media/product_images/large/425.jpg,/media/product_images/medium/425.jpg,
426,/media/product_images/large/426.jpg,/media/product_images/medium/426.jpg,
427,/media/product_images/large/427.jpg,/media/product_images/medium/427.jpg,
427109,/media/product_images/large/427109.jpg,/media/product_images/medium/427109.jpg,
428,/media/product_images/large/428.jpg,/media/product_images/medium/428.jpg,
429,/media/product_images/large/429.jpg,/media/product_images/medium/429.jpg,
43,/media/product_images/large/43.jpg,/media/product_images/medium/43.jpg,
430,/media/product_images/large/430.jpg,/media/product_images/medium/430.jpg,
431,/media/product_images/large/431.jpg,/media/product_images/medium/431.jpg,
432,/media/product_images/large/432.jpg,/media/product_images/medium/432.jpg,
433,/media/product_images/large/433.jpg,/media/product_images/medium/433.jpg,
434,/media/product_images/large/434.jpg,/media/product_images/medium/434.jpg,
435,/media/product_images/large/435.jpg,/media/product_images/medium/435.jpg,
436,/media/product_images/large/436.jpg,/media/product_images/medium/436.jpg,
437,/media/product_images/large/437.jpg,/media/product_images/medium/437.jpg,
437703,/media/product_images/large/437703.jpg,/media/product_images/medium/437703.jpg,
438,/media/product_images/large/438.jpg,/media/product_images/medium/438.jpg,
439,/media/product_images/large/439.jpg,/media/product_images/medium/439.jpg,
44,/media/product_images/large/44.jpg,/media/product_images/medium/44.jpg,
440,/media/product_images/large/440.jpg,/media/product_images/medium/440.jpg,
441,/media/product_images/large/441.jpg,/media/product_images/medium/441.jpg,
444,/media/product_images/large/444.jpg,/media/product_images/medium/444.jpg,
445,/media/product_images/large/445.jpg,/media/product_images/medium/445.jpg,
446,/media/product_images/large/446.jpg,/media/product_images/medium/446.jpg,
447,/media/product_images/large/447.jpg,/media/product_images/medium/447.jpg,
448,/media/product_images/large/448.jpg,/media/product_images/medium/448.jpg,
449,/media/product_images/large/449.jpg,/media/product_images/medium/449.jpg,
45,/media/product_images/large/45.jpg,/media/product_images/medium/45.jpg,
450,/media/product_images/large/450.jpg,/media/product_images/medium/450.jpg,
451,/media/product_images/large/451.jpg,/media/product_images/medium/451.jpg,
452,/media/product_images/large/452.jpg,/media/product_images/medium/452.jpg,
453,/media/product_images/large/453.jpg,/media/product_images/medium/453.jpg,
454,/media/product_images/large/454.jpg,/media/product_images/medium/454.jpg,
455,/media/product_images/large/455.jpg,/media/product_images/medium/455.jpg,
456,/media/product_images/large/456.jpg,/media/product_images/medium/456.jpg,
457,/media/product_images/large/457.jpg,/media/product_images/medium/457.jpg,
457203,/media/product_images/large/457203.jpg,/media/product_images/medium/457203.jpg,
458,/media/product_images/large/458.jpg,/media/product_images/medium/458.jpg,
459,/media/product_images/large/459.jpg,/media/product_images/medium/459.jpg,
46,/media/product_images/large/46.jpg,/media/product_images/medium/46.jpg,
460,/media/product_images/large/460.jpg,/media/product_images/medium/460.jpg,
461,/media/product_images/large/461.jpg,/media/product_images/medium/461.jpg,
461504,/media/product_images/large/461504.jpg,/media/product_images/medium/461504.jpg,
461704,/media/product_images/large/461704.jpg,/media/product_images/medium/461704.jpg,
461804,/media/product_images/large/461804.jpg,/media/product_images/medium/461804.jpg,
462,/media/product_images/large/462.jpg,/media/product_images/medium/462.jpg,
463,/media/product_images/large/463.jpg,/media/product_images/medium/463.jpg,
464,/media/product_images/large/464.jpg,/media/product_images/medium/464.jpg,
465,/media/product_images/large/465.jpg,/media/product_images/medium/465.jpg,
466,/media/product_images/large/466.jpg,/media/product_images/medium/466.jpg,
467,/media/product_images/large/467.jpg,/media/product_images/medium/467.jpg,
468,/media/product_images/large/468.jpg,/media/product_images/medium/468.jpg,
469,/media/product_images/large/469.jpg,/media/product_images/medium/469.jpg,
47,/media/product_images/large/47.jpg,/media/product_images/medium/47.jpg,
470,/media/product_images/large/470.jpg,/media/product_images/medium/470.jpg,
471,/media/product_images/large/471.jpg,/media/product_images/medium/471.jpg,
471209,/media/product_images/large/471209.jpg,/media/product_images/medium/471209.jpg,
472,/media/product_images/large/472.jpg,/media/product_images/medium/472.jpg,
475709,/media/product_images/large/475709.jpg,/media/product_images/medium/475709.jpg,
479,/media/product_images/large/479.jpg,/media/product_images/medium/479.jpg,
48,/media/product_images/large/48.jpg,/media/product_images/medium/48.jpg,
480,/media/product_images/large/480.jpg,/media/product_images/medium/480.jpg,
480203,/media/product_images/large/480203.jpg,/media/product_images/medium/480203.jpg,
481,/media/product_images/large/481.jpg,/media/product_images/medium/481.jpg,
482,/media/product_images/large/482.jpg,/media/product_images/medium/482.jpg,
483,/media/product_images/large/483.jpg,/media/product_images/medium/483.jpg,
484,/media/product_images/large/484.jpg,/media/product_images/medium/484.jpg,
485,/media/product_images/large/485.jpg,/media/product_images/medium/485.jpg,
486,/media/product_images/large/486.jpg,/media/product_images/medium/486.jpg,
487,/media/product_images/large/487.jpg,/media/product_images/medium/487.jpg,
488,/media/product_images/large/488.jpg,/media/product_images/medium/488.jpg,
489,/media/product_images/large/489.jpg,/media/product_images/medium/489.jpg,
49,/media/product_images/large/49.jpg,/media/product_images/medium/49.jpg,
490,/media/product_images/large/490.jpg,/media/product_images/medium/490.jpg,
491,/media/product_images/large/491.jpg,/media/product_images/medium/491.jpg,
492,/media/product_images/large/492.jpg,/media/product_images/medium/492.jpg,
493,/media/product_images/large/493.jpg,/media/product_images/medium/493.jpg,
494,/media/product_images/large/494.jpg,/media/product_images/medium/494.jpg,
495,/media/product_images/large/495.jpg,/media/product_images/medium/495.jpg,
496,/media/product_images/large/496.jpg,/media/product_images/medium/496.jpg,
497,/media/product_images/large/497.jpg,/media/product_images/medium/497.jpg,
497403,/media/product_images/large/497403.jpg,/media/product_images/medium/497403.jpg,
498,/media/product_images/large/498.jpg,/media/product_images/medium/498.jpg,
499,/media/product_images/large/499.jpg,/media/product_images/medium/499.jpg,
5,/media/product_images/large/5.jpg,/media/product_images/medium/5.jpg,
50,/media/product_images/large/50.jpg,/media/product_images/medium/50.jpg,
500,/media/product_images/large/500.jpg,/media/product_images/medium/500.jpg,
501,/media/product_images/large/501.jpg,/media/product_images/medium/501.jpg,
502,/media/product_images/large/502.jpg,/media/product_images/medium/502.jpg,
503,/media/product_images/large/503.jpg,/media/product_images/medium/503.jpg,
506,/media/product_images/large/506.jpg,/media/product_images/medium/506.jpg,
507,/media/product_images/large/507.jpg,/media/product_images/medium/507.jpg,
508,/media/product_images/large/508.jpg,/media/product_images/medium/508.jpg,
51,/media/product_images/large/51.jpg,/media/product_images/medium/51.jpg,
510,/media/product_images/large/510.jpg,/media/product_images/medium/510.jpg,
511,/media/product_images/large/511.jpg,/media/product_images/medium/511.jpg,
512,/media/product_images/large/512.jpg,/media/product_images/medium/512.jpg,
513,/media/product_images/large/513.jpg,/media/product_images/medium/513.jpg,
514,/media/product_images/large/514.jpg,/media/product_images/medium/514.jpg,
515,/media/product_images/large/515.jpg,/media/product_images/medium/515.jpg,
516,/media/product_images/large/516.jpg,/media/product_images/medium/516.jpg,
517,/media/product_images/large/517.jpg,/media/product_images/medium/517.jpg,
518,/media/product_images/large/518.jpg,/media/product_images/medium/518.jpg,
519,/media/product_images/large/519.jpg,/media/product_images/medium/519.jpg,
52,/media/product_images/large/52.jpg,/media/product_images/medium/52.jpg,
520,/media/product_images/large/520.jpg,/media/product_images/medium/520.jpg,
521,/media/product_images/large/521.jpg,/media/product_images/medium/521.jpg,
522,/media/product_images/large/522.jpg,/media/product_images/medium/522.jpg,
523,/media/product_images/large/523.jpg,/media/product_images/medium/523.jpg,
524,/media/product_images/large/524.jpg,/media/product_images/medium/524.jpg,
525,/media/product_images/large/525.jpg,/media/product_images/medium/525.jpg,
526,/media/product_images/large/526.jpg,/media/product_images/medium/526.jpg,
527,/media/product_images/large/527.jpg,/media/product_images/medium/527.jpg,
529,/media/product_images/large/529.jpg,/media/product_images/medium/529.jpg,
53,/media/product_images/large/53.jpg,/media/product_images/medium/53.jpg,
530,/media/product_images/large/530.jpg,/media/product_images/medium/530.jpg,
531,/media/product_images/large/531.jpg,/media/product_images/medium/531.jpg,
532,/media/product_images/large/532.jpg,/media/product_images/medium/532.jpg,
534,/media/product_images/large/534.jpg,/media/product_images/medium/534.jpg,
534109,/media/product_images/large/534109.jpg,/media/product_images/medium/534109.jpg,
535,/media/product_images/large/535.jpg,/media/product_images/medium/535.jpg,
536,/media/product_images/large/536.jpg,/media/product_images/medium/536.jpg,
537,/media/product_images/large/537.jpg,/media/product_images/medium/537.jpg,
538,/media/product_images/large/538.jpg,/media/product_images/medium/538.jpg,
539,/media/product_images/large/539.jpg,/media/product_images/medium/539.jpg,
54,/media/product_images/large/54.jpg,/media/product_images/medium/54.jpg,
540,/media/product_images/large/540.jpg,/media/product_images/medium/540.jpg,
541,/media/product_images/large/541.jpg,/media/product_images/medium/541.jpg,
542,/media/product_images/large/542.jpg,/media/product_images/medium/542.jpg,
543,/media/product_images/large/543.jpg,/media/product_images/medium/543.jpg,
544,/media/product_images/large/544.jpg,/media/product_images/medium/544.jpg,
545,/media/product_images/large/545.jpg,/media/product_images/medium/545.jpg,
545009,/media/product_images/large/545009.jpg,/media/product_images/medium/545009.jpg,
546,/media/product_images/large/546.jpg,/media/product_images/medium/546.jpg,
547,/media/product_images/large/547.jpg,/media/product_images/medium/547.jpg,
548,/media/product_images/large/548.jpg,/media/product_images/medium/548.jpg,
549,/media/product_images/large/549.jpg,/media/product_images/medium/549.jpg,
55,/media/product_images/large/55.jpg,/media/product_images/medium/55.jpg,
550,/media/product_images/large/550.jpg,/media/product_images/medium/550.jpg,
551,/media/product_images/large/551.jpg,/media/product_images/medium/551.jpg,
552,/media/product_images/large/552.jpg,/media/product_images/medium/552.jpg,
553,/media/product_images/large/553.jpg,/media/product_images/medium/553.jpg,
554,/media/product_images/large/554.jpg,/media/product_images/medium/554.jpg,
555,/media/product_images/large/555.jpg,/media/product_images/medium/555.jpg,
556,/media/product_images/large/556.jpg,/media/product_images/medium/556.jpg,
557,/media/product_images/large/557.jpg,/media/product_images/medium/557.jpg,
558,/media/product_images/large/558.jpg,/media/product_images/medium/558.jpg,
559,/media/product_images/large/559.jpg,/media/product_images/medium/559.jpg,
56,/media/product_images/large/56.jpg,/media/product_images/medium/56.jpg,
560,/media/product_images/large/560.jpg,/media/product_images/medium/560.jpg,
562,/media/product_images/large/562.jpg,/media/product_images/medium/562.jpg,
563,/media/product_images/large/563.jpg,/media/product_images/medium/563.jpg,
564,/media/product_images/large/564.jpg,/media/product_images/medium/564.jpg,
565,/media/product_images/large/565.jpg,/media/product_images/medium/565.jpg,
566,/media/product_images/large/566.jpg,/media/product_images/medium/566.jpg,
567,/media/product_images/large/567.jpg,/media/product_images/medium/567.jpg,
568,/media/product_images/large/568.jpg,/media/product_images/medium/568.jpg,
57,/media/product_images/large/57.jpg,/media/product_images/medium/57.jpg,
570,/media/product_images/large/570.jpg,/media/product_images/medium/570.jpg,
571,/media/product_images/large/571.jpg,/media/product_images/medium/571.jpg,
572,/media/product_images/large/572.jpg,/media/product_images/medium/572.jpg,
573,/media/product_images/large/573.jpg,/media/product_images/medium/573.jpg,
574,/media/product_images/large/574.jpg,/media/product_images/medium/574.jpg,
575,/media/product_images/large/575.jpg,/media/product_images/medium/575.jpg,
576,/media/product_images/large/576.jpg,/media/product_images/medium/576.jpg,
577,/media/product_images/large/577.jpg,/media/product_images/medium/577.jpg,
58,/media/product_images/large/58.jpg,/media/product_images/medium/58.jpg,
582,/media/product_images/large/582.jpg,/media/product_images/medium/582.jpg,
583,/media/product_images/large/583.jpg,/media/product_images/medium/583.jpg,
584,/media/product_images/large/584.jpg,/media/product_images/medium/584.jpg,
584803,/media/product_images/large/584803.jpg,/media/product_images/medium/584803.jpg,
585,/media/product_images/large/585.jpg,/media/product_images/medium/585.jpg,
585203,/media/product_images/large/585203.jpg,/media/product_images/medium/585203.jpg,
585803,/media/product_images/large/585803.jpg,/media/product_images/medium/585803.jpg,
586,/media/product_images/large/586.jpg,/media/product_images/medium/586.jpg,
587,/media/product_images/large/587.jpg,/media/product_images/medium/587.jpg,
588,/media/product_images/large/588.jpg,/media/product_images/medium/588.jpg,
589,/media/product_images/large/589.jpg,/media/product_images/medium/589.jpg,
59,/media/product_images/large/59.jpg,/media/product_images/medium/59.jpg,
590,/media/product_images/large/590.jpg,/media/product_images/medium/590.jpg,
591,/media/product_images/large/591.jpg,/media/product_images/medium/591.jpg,
592,/media/product_images/large/592.jpg,/media/product_images/medium/592.jpg,
593,/media/product_images/large/593.jpg,/media/product_images/medium/593.jpg,
593403,/media/product_images/large/593403.jpg,/media/product_images/medium/593403.jpg,
594,/media/product_images/large/594.jpg,/media/product_images/medium/594.jpg,
595,/media/product_images/large/595.jpg,/media/product_images/medium/595.jpg,
596,/media/product_images/large/596.jpg,/media/product_images/medium/596.jpg,
597,/media/product_images/large/597.jpg,/media/product_images/medium/597.jpg,
598,/media/product_images/large/598.jpg,/media/product_images/medium/598.jpg,
599,/media/product_images/large/599.jpg,/media/product_images/medium/599.jpg,
599603,/media/product_images/large/599603.jpg,/media/product_images/medium/599603.jpg,
599703,/media/product_images/large/599703.jpg,/media/product_images/medium/599703.jpg,
6,/media/product_images/large/6.jpg,/media/product_images/medium/6.jpg,
60,/media/product_images/large/60.jpg,/media/product_images/medium/60.jpg,
600,/media/product_images/large/600.jpg,/media/product_images/medium/600.jpg,
601,/media/product_images/large/601.jpg,/media/product_images/medium/601.jpg,
601603,/media/product_images/large/601603.jpg,/media/product_images/medium/601603.jpg,
601803,/media/product_images/large/601803.jpg,/media/product_images/medium/601803.jpg,
602,/media/product_images/large/602.jpg,/media/product_images/medium/602.jpg,
603,/media/product_images/large/603.jpg,/media/product_images/medium/603.jpg,
604,/media/product_images/large/604.jpg,/media/product_images/medium/604.jpg,
605,/media/product_images/large/605.jpg,/media/product_images/medium/605.jpg,
606,/media/product_images/large/606.jpg,/media/product_images/medium/606.jpg,
607,/media/product_images/large/607.jpg,/media/product_images/medium/607.jpg,
608,/media/product_images/large/608.jpg,/media/product_images/medium/608.jpg,
608409,/media/product_images/large/608409.jpg,/media/product_images/medium/608409.jpg,
609,/media/product_images/large/609.jpg,/media/product_images/medium/609.jpg,
61,/media/product_images/large/61.jpg,/media/product_images/medium/61.jpg,
610,/media/product_images/large/610.jpg,/media/product_images/medium/610.jpg,
611,/media/product_images/large/611.jpg,/media/product_images/medium/611.jpg,
612,/media/product_images/large/612.jpg,/media/product_images/medium/612.jpg,
612904,/media/product_images/large/612904.jpg,/media/product_images/medium/612904.jpg,
613,/media/product_images/large/613.jpg,/media/product_images/medium/613.jpg,
614,/media/product_images/large/614.jpg,/media/product_images/medium/614.jpg,
615,/media/product_images/large/615.jpg,/media/product_images/medium/615.jpg,
616,/media/product_images/large/616.jpg,/media/product_images/medium/616.jpg,
617,/media/product_images/large/617.jpg,/media/product_images/medium/617.jpg,
617109,/media/product_images/large/617109.jpg,/media/product_images/medium/617109.jpg,
618,/media/product_images/large/618.jpg,/media/product_images/medium/618.jpg,
619,/media/product_images/large/619.jpg,/media/product_images/medium/619.jpg,
62,/media/product_images/large/62.jpg,/media/product_images/medium/62.jpg,
620,/media/product_images/large/620.jpg,/media/product_images/medium/620.jpg,
621,/media/product_images/large/621.jpg,/media/product_images/medium/621.jpg,
622,/media/product_images/large/622.jpg,/media/product_images/medium/622.jpg,
623,/media/product_images/large/623.jpg,/media/product_images/medium/623.jpg,
624,/media/product_images/large/624.jpg,/media/product_images/medium/624.jpg,
625,/media/product_images/large/625.jpg,/media/product_images/medium/625.jpg,
626,/media/product_images/large/626.jpg,/media/product_images/medium/626.jpg,
627,/media/product_images/large/627.jpg,/media/product_images/medium/627.jpg,
627004,/media/product_images/large/627004.jpg,/media/product_images/medium/627004.jpg,
628,/media/product_images/large/628.jpg,/media/product_images/medium/628.jpg,
629,/media/product_images/large/629.jpg,/media/product_images/medium/629.jpg,
629304,/media/product_images/large/629304.jpg,/media/product_images/medium/629304.jpg,
63,/media/product_images/large/63.jpg,/media/product_images/medium/63.jpg,
630,/media/product_images/large/630.jpg,/media/product_images/medium/630.jpg,
631,/media/product_images/large/631.jpg,/media/product_images/medium/631.jpg,
631204,/media/product_images/large/631204.jpg,/media/product_images/medium/631204.jpg,
632,/media/product_images/large/632.jpg,/media/product_images/medium/632.jpg,
633,/media/product_images/large/633.jpg,/media/product_images/medium/633.jpg,
634,/media/product_images/large/634.jpg,/media/product_images/medium/634.jpg,
636,/media/product_images/large/636.jpg,/media/product_images/medium/636.jpg,
637,/media/product_images/large/637.jpg,/media/product_images/medium/637.jpg,
638,/media/product_images/large/638.jpg,/media/product_images/medium/638.jpg,
639,/media/product_images/large/639.jpg,/media/product_images/medium/639.jpg,
64,/media/product_images/large/64.jpg,/media/product_images/medium/64.jpg,
640,/media/product_images/large/640.jpg,/media/product_images/medium/640.jpg,
641,/media/product_images/large/641.jpg,/media/product_images/medium/641.jpg,
642,/media/product_images/large/642.jpg,/media/product_images/medium/642.jpg,
643,/media/product_images/large/643.jpg,/media/product_images/medium/643.jpg,
644,/media/product_images/large/644.jpg,/media/product_images/medium/644.jpg,
645,/media/product_images/large/645.jpg,/media/product_images/medium/645.jpg,
645703,/media/product_images/large/645703.jpg,/media/product_images/medium/645703.jpg,
645803,/media/product_images/large/645803.jpg,/media/product_images/medium/645803.jpg,
646,/media/product_images/large/646.jpg,/media/product_images/medium/646.jpg,
647,/media/product_images/large/647.jpg,/media/product_images/medium/647.jpg,
648,/media/product_images/large/648.jpg,/media/product_images/medium/648.jpg,
649,/media/product_images/large/649.jpg,/media/product_images/medium/649.jpg,
65,/media/product_images/large/65.jpg,/media/product_images/medium/65.jpg,
650,/media/product_images/large/650.jpg,/media/product_images/medium/650.jpg,
651,/media/product_images/large/651.jpg,/media/product_images/medium/651.jpg,
652,/media/product_images/large/652.jpg,/media/product_images/medium/652.jpg,
653,/media/product_images/large/653.jpg,/media/product_images/medium/653.jpg,
654,/media/product_images/large/654.jpg,/media/product_images/medium/654.jpg,
655,/media/product_images/large/655.jpg,/media/product_images/medium/655.jpg,
655203,/media/product_images/large/655203.jpg,/media/product_images/medium/655203.jpg,
655604,/media/product_images/large/655604.jpg,/media/product_images/medium/655604.jpg,
656,/media/product_images/large/656.jpg,/media/product_images/medium/656.jpg,
656203,/media/product_images/large/656203.jpg,/media/product_images/medium/656203.jpg,
657,/media/product_images/large/657.jpg,/media/product_images/medium/657.jpg,
658,/media/product_images/large/658.jpg,/media/product_images/medium/658.jpg,
659,/media/product_images/large/659.jpg,/media/product_images/medium/659.jpg,
66,/media/product_images/large/66.jpg,/media/product_images/medium/66.jpg,
660,/media/product_images/large/660.jpg,/media/product_images/medium/660.jpg,
661,/media/product_images/large/661.jpg,/media/product_images/medium/661.jpg,
662,/media/product_images/large/662.jpg,/media/product_images/medium/662.jpg,
663,/media/product_images/large/663.jpg,/media/product_images/medium/663.jpg,
664,/media/product_images/large/664.jpg,/media/product_images/medium/664.jpg,
665,/media/product_images/large/665.jpg,/media/product_images/medium/665.jpg,
666,/media/product_images/large/666.jpg,/media/product_images/medium/666.jpg,
667,/media/product_images/large/667.jpg,/media/product_images/medium/667.jpg,
668,/media/product_images/large/668.jpg,/media/product_images/medium/668.jpg,
669,/media/product_images/large/669.jpg,/media/product_images/medium/669.jpg,
67,/media/product_images/large/67.jpg,/media/product_images/medium/67.jpg,
670,/media/product_images/large/670.jpg,/media/product_images/medium/670.jpg,
671,/media/product_images/large/671.jpg,/media/product_images/medium/671.jpg,
672,/media/product_images/large/672.jpg,/media/product_images/medium/672.jpg,
673,/media/product_images/large/673.jpg,/media/product_images/medium/673.jpg,
673303,/media/product_images/large/673303.jpg,/media/product_images/medium/673303.jpg,
674,/media/product_images/large/674.jpg,/media/product_images/medium/674.jpg,
675,/media/product_images/large/675.jpg,/media/product_images/medium/675.jpg,
676,/media/product_images/large/676.jpg,/media/product_images/medium/676.jpg,
677,/media/product_images/large/677.jpg,/media/product_images/medium/677.jpg,
678,/media/product_images/large/678.jpg,/media/product_images/medium/678.jpg,
679,/media/product_images/large/679.jpg,/media/product_images/medium/679.jpg,
68,/media/product_images/large/68.jpg,/media/product_images/medium/68.jpg,
680,/media/product_images/large/680.jpg,/media/product_images/medium/680.jpg,
681,/media/product_images/large/681.jpg,/media/product_images/medium/681.jpg,
682,/media/product_images/large/682.jpg,/media/product_images/medium/682.jpg,
683,/media/product_images/large/683.jpg,/media/product_images/medium/683.jpg,
684,/media/product_images/large/684.jpg,/media/product_images/medium/684.jpg,
69,/media/product_images/large/69.jpg,/media/product_images/medium/69.jpg,
7,/media/product_images/large/7.jpg,/media/product_images/medium/7.jpg,
70,/media/product_images/large/70.jpg,/media/product_images/medium/70.jpg,
71,/media/product_images/large/71.jpg,/media/product_images/medium/71.jpg,
715203,/media/product_images/large/715203.jpg,/media/product_images/medium/715203.jpg,
716,/media/product_images/large/716.jpg,/media/product_images/medium/716.jpg,
717,/media/product_images/large/717.jpg,/media/product_images/medium/717.jpg,
718,/media/product_images/large/718.jpg,/media/product_images/medium/718.jpg,
718203,/media/product_images/large/718203.jpg,/media/product_images/medium/718203.jpg,
719,/media/product_images/large/719.jpg,/media/product_images/medium/719.jpg,
719003,/media/product_images/large/719003.jpg,/media/product_images/medium/719003.jpg,
719303,/media/product_images/large/719303.jpg,/media/product_images/medium/719303.jpg,
72,/media/product_images/large/72.jpg,/media/product_images/medium/72.jpg,
720803,/media/product_images/large/720803.jpg,/media/product_images/medium/720803.jpg,
727003,/media/product_images/large/727003.jpg,/media/product_images/medium/727003.jpg,
728503,/media/product_images/large/728503.jpg,/media/product_images/medium/728503.jpg,
73,/media/product_images/large/73.jpg,/media/product_images/medium/73.jpg,
74,/media/product_images/large/74.jpg,/media/product_images/medium/74.jpg,
74409,/media/product_images/large/74409.jpg,/media/product_images/medium/74409.jpg,
75,/media/product_images/large/75.jpg,/media/product_images/medium/75.jpg,
7509,/media/product_images/large/7509.jpg,/media/product_images/medium/7509.jpg,
76,/media/product_images/large/76.jpg,/media/product_images/medium/76.jpg,
77,/media/product_images/large/77.jpg,/media/product_images/medium/77.jpg,
77503,/media/product_images/large/77503.jpg,/media/product_images/medium/77503.jpg,
78,/media/product_images/large/78.jpg,/media/product_images/medium/78.jpg,
781009,/media/product_images/large/781009.jpg,/media/product_images/medium/781009.jpg,
782503,/media/product_images/large/782503.jpg,/media/product_images/medium/782503.jpg,
79,/media/product_images/large/79.jpg,/media/product_images/medium/79.jpg,
8,/media/product_images/large/8.jpg,/media/product_images/medium/8.jpg,
80,/media/product_images/large/80.jpg,/media/product_images/medium/80.jpg,
808,/media/product_images/large/808.jpg,/media/product_images/medium/808.jpg,
809,/media/product_images/large/809.jpg,/media/product_images/medium/809.jpg,
810,/media/product_images/large/810.jpg,/media/product_images/medium/810.jpg,
811,/media/product_images/large/811.jpg,/media/product_images/medium/811.jpg,
812,/media/product_images/large/812.jpg,/media/product_images/medium/812.jpg,
813,/media/product_images/large/813.jpg,/media/product_images/medium/813.jpg,
814,/media/product_images/large/814.jpg,/media/product_images/medium/814.jpg,
815,/media/product_images/large/815.jpg,/media/product_images/medium/815.jpg,
816,/media/product_images/large/816.jpg,/media/product_images/medium/816.jpg,
817,/media/product_images/large/817.jpg,/media/product_images/medium/817.jpg,
818,/media/product_images/large/818.jpg,/media/product_images/medium/818.jpg,
819,/media/product_images/large/819.jpg,/media/product_images/medium/819.jpg,
82,/media/product_images/large/82.jpg,/media/product_images/medium/82.jpg,
820,/media/product_images/large/820.jpg,/media/product_images/medium/820.jpg,
821,/media/product_images/large/821.jpg,/media/product_images/medium/821.jpg,
822,/media/product_images/large/822.jpg,/media/product_images/medium/822.jpg,
823,/media/product_images/large/823.jpg,/media/product_images/medium/823.jpg,
824,/media/product_images/large/824.jpg,/media/product_images/medium/824.jpg,
825,/media/product_images/large/825.jpg,/media/product_images/medium/825.jpg,
826,/media/product_images/large/826.jpg,/media/product_images/medium/826.jpg,
827,/media/product_images/large/827.jpg,/media/product_images/medium/827.jpg,
828,/media/product_images/large/828.jpg,/media/product_images/medium/828.jpg,
829,/media/product_images/large/829.jpg,/media/product_images/medium/829.jpg,
83,/media/product_images/large/83.jpg,/media/product_images/medium/83.jpg,
830,/media/product_images/large/830.jpg,/media/product_images/medium/830.jpg,
831,/media/product_images/large/831.jpg,/media/product_images/medium/831.jpg,
832,/media/product_images/large/832.jpg,/media/product_images/medium/832.jpg,
833,/media/product_images/large/833.jpg,/media/product_images/medium/833.jpg,
834,/media/product_images/large/834.jpg,/media/product_images/medium/834.jpg,
835,/media/product_images/large/835.jpg,/media/product_images/medium/835.jpg,
836,/media/product_images/large/836.jpg,/media/product_images/medium/836.jpg,
837,/media/product_images/large/837.jpg,/media/product_images/medium/837.jpg,
838,/media/product_images/large/838.jpg,/media/product_images/medium/838.jpg,
839,/media/product_images/large/839.jpg,/media/product_images/medium/839.jpg,
84,/media/product_images/large/84.jpg,/media/product_images/medium/84.jpg,
840,/media/product_images/large/840.jpg,/media/product_images/medium/840.jpg,
841,/media/product_images/large/841.jpg,/media/product_images/medium/841.jpg,
842,/media/product_images/large/842.jpg,/media/product_images/medium/842.jpg,
843,/media/product_images/large/843.jpg,/media/product_images/medium/843.jpg,
844,/media/product_images/large/844.jpg,/media/product_images/medium/844.jpg,
845,/media/product_images/large/845.jpg,/media/product_images/medium/845.jpg,
846,/media/product_images/large/846.jpg,/media/product_images/medium/846.jpg,
847,/media/product_images/large/847.jpg,/media/product_images/medium/847.jpg,
848,/media/product_images/large/848.jpg,/media/product_images/medium/848.jpg,
848309,/media/product_images/large/848309.jpg,/media/product_images/medium/848309.jpg,
849,/media/product_images/large/849.jpg,/media/product_images/medium/849.jpg,
85,/media/product_images/large/85.jpg,/media/product_images/medium/85.jpg,
850,/media/product_images/large/850.jpg,/media/product_images/medium/850.jpg,
851,/media/product_images/large/851.jpg,/media/product_images/medium/851.jpg,
852,/media/product_images/large/852.jpg,/media/product_images/medium/852.jpg,
852309,/media/product_images/large/852309.jpg,/media/product_images/medium/852309.jpg,
853,/media/product_images/large/853.jpg,/media/product_images/medium/853.jpg,
854,/media/product_images/large/854.jpg,/media/product_images/medium/854.jpg,
855,/media/product_images/large/855.jpg,/media/product_images/medium/855.jpg,
856,/media/product_images/large/856.jpg,/media/product_images/medium/856.jpg,
857,/media/product_images/large/857.jpg,/media/product_images/medium/857.jpg,
858,/media/product_images/large/858.jpg,/media/product_images/medium/858.jpg,
86,/media/product_images/large/86.jpg,/media/product_images/medium/86.jpg,
860,/media/product_images/large/860.jpg,/media/product_images/medium/860.jpg,
861,/media/product_images/large/861.jpg,/media/product_images/medium/861.jpg,
862,/media/product_images/large/862.jpg,/media/product_images/medium/862.jpg,
863,/media/product_images/large/863.jpg,/media/product_images/medium/863.jpg,
864,/media/product_images/large/864.jpg,/media/product_images/medium/864.jpg,
865,/media/product_images/large/865.jpg,/media/product_images/medium/865.jpg,
866,/media/product_images/large/866.jpg,/media/product_images/medium/866.jpg,
867,/media/product_images/large/867.jpg,/media/product_images/medium/867.jpg,
868,/media/product_images/large/868.jpg,/media/product_images/medium/868.jpg,
869,/media/product_images/large/869.jpg,/media/product_images/medium/869.jpg,
87,/media/product_images/large/87.jpg,/media/product_images/medium/87.jpg,
870,/media/product_images/large/870.jpg,/media/product_images/medium/870.jpg,
871,/media/product_images/large/871.jpg,/media/product_images/medium/871.jpg,
872,/media/product_images/large/872.jpg,/media/product_images/medium/872.jpg,
873,/media/product_images/large/873.jpg,/media/product_images/medium/873.jpg,
874,/media/product_images/large/874.jpg,/media/product_images/medium/874.jpg,
875,/media/product_images/large/875.jpg,/media/product_images/medium/875.jpg,
876,/media/product_images/large/876.jpg,/media/product_images/medium/876.jpg,
877,/media/product_images/large/877.jpg,/media/product_images/medium/877.jpg,
878,/media/product_images/large/878.jpg,/media/product_images/medium/878.jpg,
879,/media/product_images/large/879.jpg,/media/product_images/medium/879.jpg,
88,/media/product_images/large/88.jpg,/media/product_images/medium/88.jpg,
880,/media/product_images/large/880.jpg,/media/product_images/medium/880.jpg,
881,/media/product_images/large/881.jpg,/media/product_images/medium/881.jpg,
882,/media/product_images/large/882.jpg,/media/product_images/medium/882.jpg,
883,/media/product_images/large/883.jpg,/media/product_images/medium/883.jpg,
884,/media/product_images/large/884.jpg,/media/product_images/medium/884.jpg,
885,/media/product_images/large/885.jpg,/media/product_images/medium/885.jpg,
886,/media/product_images/large/886.jpg,/media/product_images/medium/886.jpg,
887,/media/product_images/large/887.jpg,/media/product_images/medium/887.jpg,
888,/media/product_images/large/888.jpg,/media/product_images/medium/888.jpg,
889,/media/product_images/large/889.jpg,/media/product_images/medium/889.jpg,
89,/media/product_images/large/89.jpg,/media/product_images/medium/89.jpg,
890,/media/product_images/large/890.jpg,/media/product_images/medium/890.jpg,
891,/media/product_images/large/891.jpg,/media/product_images/medium/891.jpg,
892,/media/product_images/large/892.jpg,/media/product_images/medium/892.jpg,
893,/media/product_images/large/893.jpg,/media/product_images/medium/893.jpg,
894,/media/product_images/large/894.jpg,/media/product_images/medium/894.jpg,
895,/media/product_images/large/895.jpg,/media/product_images/medium/895.jpg,
896,/media/product_images/large/896.jpg,/media/product_images/medium/896.jpg,
897,/media/product_images/large/897.jpg,/media/product_images/medium/897.jpg,
898,/media/product_images/large/898.jpg,/media/product_images/medium/898.jpg,
899,/media/product_images/large/899.jpg,/media/product_images/medium/899.jpg,
9,/media/product_images/large/9.jpg,/media/product_images/medium/9.jpg,
90,/media/product_images/large/90.jpg,/media/product_images/medium/90.jpg,
900,/media/product_images/large/900.jpg,/media/product_images/medium/900.jpg,
901,/media/product_images/large/901.jpg,/media/product_images/medium/901.jpg,
901103,/media/product_images/large/901103.jpg,/media/product_images/medium/901103.jpg,
902,/media/product_images/large/902.jpg,/media/product_images/medium/902.jpg,
903,/media/product_images/large/903.jpg,/media/product_images/medium/903.jpg,
904,/media/product_images/large/904.jpg,/media/product_images/medium/904.jpg,
905,/media/product_images/large/905.jpg,/media/product_images/medium/905.jpg,
906,/media/product_images/large/906.jpg,/media/product_images/medium/906.jpg,
907,/media/product_images/large/907.jpg,/media/product_images/medium/907.jpg,
908,/media/product_images/large/908.jpg,/media/product_images/medium/908.jpg,
909,/media/product_images/large/909.jpg,/media/product_images/medium/909.jpg,
909509,/media/product_images/large/909509.jpg,/media/product_images/medium/909509.jpg,
91,/media/product_images/large/91.jpg,/media/product_images/medium/91.jpg,
910,/media/product_images/large/910.jpg,/media/product_images/medium/910.jpg,
911,/media/product_images/large/911.jpg,/media/product_images/medium/911.jpg,
