[2026-04-23 18:48:27] [INFO] ======================================================================
[2026-04-23 18:48:27] [INFO] FIX MISSING FIELDS - PHASE 2
[2026-04-23 18:48:27] [INFO] ======================================================================
[2026-04-23 18:48:27] [INFO] Started at: 2026-04-23 18:48:27

[2026-04-23 18:48:27] [INFO] Connecting to Akeneo database...
[2026-04-23 18:48:27] [INFO] ✅ Connected to Akeneo
[2026-04-23 18:48:27] [INFO] Connecting to Magento database...
[2026-04-23 18:48:27] [INFO] ✅ Connected to Magento
[2026-04-23 18:48:27] [INFO] 
======================================================================
[2026-04-23 18:48:27] [INFO] PHASE 2A: FIXING MISSING NAMES
[2026-04-23 18:48:27] [INFO] ======================================================================
[2026-04-23 18:48:27] [INFO] Found 658 products without names
[2026-04-23 18:48:27] [INFO] 
Processing batch 1 (100 products)...
[2026-04-23 18:48:27] [ERROR] ❌ Error updating name for SKU 1140607367: 'dict' object has no attribute 'append'
[2026-04-23 18:48:27] [ERROR] ❌ Error updating name for SKU 1140618931: 'dict' object has no attribute 'append'
[2026-04-23 18:48:27] [ERROR] ❌ Error updating name for SKU 1140611666: 'dict' object has no attribute 'append'
[2026-04-23 18:48:27] [ERROR] ❌ Error updating name for SKU 1140611717: 'dict' object has no attribute 'append'
[2026-04-23 18:48:27] [ERROR] ❌ Error updating name for SKU 1140611672: 'dict' object has no attribute 'append'
[2026-04-23 18:48:27] [ERROR] ❌ Error updating name for SKU 1140611684: 'dict' object has no attribute 'append'
[2026-04-23 18:48:27] [ERROR] ❌ Error updating name for SKU 1140611716: 'dict' object has no attribute 'append'
[2026-04-23 18:48:27] [ERROR] ❌ Error updating name for SKU 1140611665: 'dict' object has no attribute 'append'
[2026-04-23 18:48:27] [ERROR] ❌ Error updating name for SKU 333109: 'dict' object has no attribute 'append'
[2026-04-23 18:48:27] [ERROR] ❌ Error updating name for SKU 102909: 'dict' object has no attribute 'append'
[2026-04-23 18:48:27] [ERROR] ❌ Error updating name for SKU 1649409: 'dict' object has no attribute 'append'
[2026-04-23 18:48:27] [ERROR] ❌ Error updating name for SKU 1140611715: 'dict' object has no attribute 'append'
[2026-04-23 18:48:27] [ERROR] ❌ Error updating name for SKU 1140611664: 'dict' object has no attribute 'append'
[2026-04-23 18:48:27] [ERROR] ❌ Error updating name for SKU 2094509: 'dict' object has no attribute 'append'
[2026-04-23 18:48:27] [ERROR] ❌ Error updating name for SKU 2094409: 'dict' object has no attribute 'append'
[2026-04-23 18:48:27] [ERROR] ❌ Error updating name for SKU 1799307: 'dict' object has no attribute 'append'
[2026-04-23 18:48:27] [ERROR] ❌ Error updating name for SKU 1140622187: 'dict' object has no attribute 'append'
[2026-04-23 18:48:27] [ERROR] ❌ Error updating name for SKU 1140622006: 'dict' object has no attribute 'append'
[2026-04-23 18:48:27] [ERROR] ❌ Error updating name for SKU 1140622007: 'dict' object has no attribute 'append'
[2026-04-23 18:48:27] [ERROR] ❌ Error updating name for SKU 1140622008: 'dict' object has no attribute 'append'
[2026-04-23 18:48:27] [ERROR] ❌ Error updating name for SKU 1140622009: 'dict' object has no attribute 'append'
[2026-04-23 18:48:27] [ERROR] ❌ Error updating name for SKU 1140622010: 'dict' object has no attribute 'append'
[2026-04-23 18:48:27] [ERROR] ❌ Error updating name for SKU 1140622011: 'dict' object has no attribute 'append'
[2026-04-23 18:48:27] [ERROR] ❌ Error updating name for SKU 1794907: 'dict' object has no attribute 'append'
[2026-04-23 18:48:27] [ERROR] ❌ Error updating name for SKU 1140595931: 'dict' object has no attribute 'append'
[2026-04-23 18:48:27] [ERROR] ❌ Error updating name for SKU 1140630840: 'dict' object has no attribute 'append'
[2026-04-23 18:48:27] [ERROR] ❌ Error updating name for SKU 1140621304: 'dict' object has no attribute 'append'
[2026-04-23 18:48:27] [ERROR] ❌ Error updating name for SKU 1140621305: 'dict' object has no attribute 'append'
[2026-04-23 18:48:27] [ERROR] ❌ Error updating name for SKU 1140621306: 'dict' object has no attribute 'append'
[2026-04-23 18:48:27] [ERROR] ❌ Error updating name for SKU 1140621307: 'dict' object has no attribute 'append'
[2026-04-23 18:48:27] [ERROR] ❌ Error updating name for SKU 1140621308: 'dict' object has no attribute 'append'
[2026-04-23 18:48:27] [ERROR] ❌ Error updating name for SKU 1140621309: 'dict' object has no attribute 'append'
[2026-04-23 18:48:27] [ERROR] ❌ Error updating name for SKU 1140630591: 'dict' object has no attribute 'append'
[2026-04-23 18:48:27] [ERROR] ❌ Error updating name for SKU 1140637279: 'dict' object has no attribute 'append'
[2026-04-23 18:48:27] [ERROR] ❌ Error updating name for SKU 1140637280: 'dict' object has no attribute 'append'
[2026-04-23 18:48:27] [ERROR] ❌ Error updating name for SKU 1140637281: 'dict' object has no attribute 'append'
[2026-04-23 18:48:27] [ERROR] ❌ Error updating name for SKU 1140637282: 'dict' object has no attribute 'append'
[2026-04-23 18:48:27] [ERROR] ❌ Error updating name for SKU 1140637283: 'dict' object has no attribute 'append'
[2026-04-23 18:48:27] [ERROR] ❌ Error updating name for SKU 1140637284: 'dict' object has no attribute 'append'
[2026-04-23 18:48:27] [ERROR] ❌ Error updating name for SKU 1140637285: 'dict' object has no attribute 'append'
[2026-04-23 18:48:27] [ERROR] ❌ Error updating name for SKU 1140637286: 'dict' object has no attribute 'append'
[2026-04-23 18:48:27] [ERROR] ❌ Error updating name for SKU 1140637478: 'dict' object has no attribute 'append'
[2026-04-23 18:48:27] [ERROR] ❌ Error updating name for SKU 1140637487: 'dict' object has no attribute 'append'
[2026-04-23 18:48:27] [ERROR] ❌ Error updating name for SKU 1140637500: 'dict' object has no attribute 'append'
[2026-04-23 18:48:27] [ERROR] ❌ Error updating name for SKU 1140637501: 'dict' object has no attribute 'append'
[2026-04-23 18:48:27] [ERROR] ❌ Error updating name for SKU 1140637527: 'dict' object has no attribute 'append'
[2026-04-23 18:48:27] [ERROR] ❌ Error updating name for SKU 1140637528: 'dict' object has no attribute 'append'
[2026-04-23 18:48:27] [ERROR] ❌ Error updating name for SKU 1140637529: 'dict' object has no attribute 'append'
[2026-04-23 18:48:27] [ERROR] ❌ Error updating name for SKU 1140637530: 'dict' object has no attribute 'append'
[2026-04-23 18:48:27] [ERROR] ❌ Error updating name for SKU 1140637548: 'dict' object has no attribute 'append'
[2026-04-23 18:48:27] [ERROR] ❌ Error updating name for SKU 1140638092: 'dict' object has no attribute 'append'
[2026-04-23 18:48:27] [ERROR] ❌ Error updating name for SKU 1140638093: 'dict' object has no attribute 'append'
[2026-04-23 18:48:27] [ERROR] ❌ Error updating name for SKU 1140638094: 'dict' object has no attribute 'append'
[2026-04-23 18:48:27] [ERROR] ❌ Error updating name for SKU 1140638095: 'dict' object has no attribute 'append'
[2026-04-23 18:48:27] [ERROR] ❌ Error updating name for SKU 1140638096: 'dict' object has no attribute 'append'
[2026-04-23 18:48:27] [ERROR] ❌ Error updating name for SKU 1140638097: 'dict' object has no attribute 'append'
[2026-04-23 18:48:27] [ERROR] ❌ Error updating name for SKU 1140638099: 'dict' object has no attribute 'append'
[2026-04-23 18:48:27] [ERROR] ❌ Error updating name for SKU 1140638100: 'dict' object has no attribute 'append'
[2026-04-23 18:48:27] [ERROR] ❌ Error updating name for SKU 1140638101: 'dict' object has no attribute 'append'
[2026-04-23 18:48:27] [ERROR] ❌ Error updating name for SKU 1140638102: 'dict' object has no attribute 'append'
[2026-04-23 18:48:27] [ERROR] ❌ Error updating name for SKU 1140638103: 'dict' object has no attribute 'append'
[2026-04-23 18:48:27] [ERROR] ❌ Error updating name for SKU 1140638104: 'dict' object has no attribute 'append'
[2026-04-23 18:48:27] [ERROR] ❌ Error updating name for SKU 1140638105: 'dict' object has no attribute 'append'
[2026-04-23 18:48:27] [ERROR] ❌ Error updating name for SKU 1140638106: 'dict' object has no attribute 'append'
[2026-04-23 18:48:27] [ERROR] ❌ Error updating name for SKU 1140638107: 'dict' object has no attribute 'append'
[2026-04-23 18:48:27] [ERROR] ❌ Error updating name for SKU 1140638108: 'dict' object has no attribute 'append'
[2026-04-23 18:48:27] [ERROR] ❌ Error updating name for SKU 1140638109: 'dict' object has no attribute 'append'
[2026-04-23 18:48:27] [ERROR] ❌ Error updating name for SKU 1140638110: 'dict' object has no attribute 'append'
[2026-04-23 18:48:27] [ERROR] ❌ Error updating name for SKU 1140638111: 'dict' object has no attribute 'append'
[2026-04-23 18:48:27] [ERROR] ❌ Error updating name for SKU 1140638112: 'dict' object has no attribute 'append'
[2026-04-23 18:48:27] [ERROR] ❌ Error updating name for SKU 1140638113: 'dict' object has no attribute 'append'
[2026-04-23 18:48:27] [ERROR] ❌ Error updating name for SKU 1140638114: 'dict' object has no attribute 'append'
[2026-04-23 18:48:27] [ERROR] ❌ Error updating name for SKU 1140638115: 'dict' object has no attribute 'append'
[2026-04-23 18:48:27] [ERROR] ❌ Error updating name for SKU 1140638116: 'dict' object has no attribute 'append'
[2026-04-23 18:48:27] [ERROR] ❌ Error updating name for SKU 1140638117: 'dict' object has no attribute 'append'
[2026-04-23 18:48:27] [ERROR] ❌ Error updating name for SKU 1140638118: 'dict' object has no attribute 'append'
[2026-04-23 18:48:27] [ERROR] ❌ Error updating name for SKU 1140638128: 'dict' object has no attribute 'append'
[2026-04-23 18:48:27] [ERROR] ❌ Error updating name for SKU 1140638129: 'dict' object has no attribute 'append'
[2026-04-23 18:48:27] [ERROR] ❌ Error updating name for SKU 1140638130: 'dict' object has no attribute 'append'
[2026-04-23 18:48:27] [ERROR] ❌ Error updating name for SKU 1140638131: 'dict' object has no attribute 'append'
[2026-04-23 18:48:27] [ERROR] ❌ Error updating name for SKU 1140638132: 'dict' object has no attribute 'append'
[2026-04-23 18:48:27] [ERROR] ❌ Error updating name for SKU 1140638133: 'dict' object has no attribute 'append'
[2026-04-23 18:48:27] [ERROR] ❌ Error updating name for SKU 1140638134: 'dict' object has no attribute 'append'
[2026-04-23 18:48:27] [ERROR] ❌ Error updating name for SKU 1140638135: 'dict' object has no attribute 'append'
[2026-04-23 18:48:27] [ERROR] ❌ Error updating name for SKU 1140638136: 'dict' object has no attribute 'append'
[2026-04-23 18:48:27] [ERROR] ❌ Error updating name for SKU 1140638137: 'dict' object has no attribute 'append'
[2026-04-23 18:48:27] [ERROR] ❌ Error updating name for SKU 1140638138: 'dict' object has no attribute 'append'
[2026-04-23 18:48:27] [ERROR] ❌ Error updating name for SKU 1140638139: 'dict' object has no attribute 'append'
[2026-04-23 18:48:27] [ERROR] ❌ Error updating name for SKU 1140638140: 'dict' object has no attribute 'append'
[2026-04-23 18:48:27] [ERROR] ❌ Error updating name for SKU 1140638141: 'dict' object has no attribute 'append'
[2026-04-23 18:48:27] [ERROR] ❌ Error updating name for SKU 1140638142: 'dict' object has no attribute 'append'
[2026-04-23 18:48:27] [ERROR] ❌ Error updating name for SKU 1140638143: 'dict' object has no attribute 'append'
[2026-04-23 18:48:27] [ERROR] ❌ Error updating name for SKU 1140638144: 'dict' object has no attribute 'append'
[2026-04-23 18:48:27] [ERROR] ❌ Error updating name for SKU 1140638145: 'dict' object has no attribute 'append'
[2026-04-23 18:48:27] [ERROR] ❌ Error updating name for SKU 1140638146: 'dict' object has no attribute 'append'
[2026-04-23 18:48:27] [ERROR] ❌ Error updating name for SKU 1140638147: 'dict' object has no attribute 'append'
[2026-04-23 18:48:27] [ERROR] ❌ Error updating name for SKU 1140638148: 'dict' object has no attribute 'append'
[2026-04-23 18:48:27] [ERROR] ❌ Error updating name for SKU 1140638149: 'dict' object has no attribute 'append'
[2026-04-23 18:48:27] [ERROR] ❌ Error updating name for SKU 1140638150: 'dict' object has no attribute 'append'
[2026-04-23 18:48:27] [ERROR] ❌ Error updating name for SKU 1140638151: 'dict' object has no attribute 'append'
[2026-04-23 18:48:27] [INFO] Progress: 0/658 names added
[2026-04-23 18:48:27] [INFO] 
Processing batch 2 (100 products)...
[2026-04-23 18:48:27] [ERROR] ❌ Error updating name for SKU 1140638152: 'dict' object has no attribute 'append'
[2026-04-23 18:48:27] [ERROR] ❌ Error updating name for SKU 1140638153: 'dict' object has no attribute 'append'
[2026-04-23 18:48:27] [ERROR] ❌ Error updating name for SKU 1140638154: 'dict' object has no attribute 'append'
[2026-04-23 18:48:27] [ERROR] ❌ Error updating name for SKU 1140638155: 'dict' object has no attribute 'append'
[2026-04-23 18:48:27] [ERROR] ❌ Error updating name for SKU 1140638156: 'dict' object has no attribute 'append'
[2026-04-23 18:48:27] [ERROR] ❌ Error updating name for SKU 1140638157: 'dict' object has no attribute 'append'
[2026-04-23 18:48:27] [ERROR] ❌ Error updating name for SKU 1140638158: 'dict' object has no attribute 'append'
[2026-04-23 18:48:27] [ERROR] ❌ Error updating name for SKU 1140638159: 'dict' object has no attribute 'append'
[2026-04-23 18:48:27] [ERROR] ❌ Error updating name for SKU 1140638165: 'dict' object has no attribute 'append'
[2026-04-23 18:48:27] [ERROR] ❌ Error updating name for SKU 1140638166: 'dict' object has no attribute 'append'
[2026-04-23 18:48:27] [ERROR] ❌ Error updating name for SKU 1140638167: 'dict' object has no attribute 'append'
[2026-04-23 18:48:27] [ERROR] ❌ Error updating name for SKU 1140638168: 'dict' object has no attribute 'append'
[2026-04-23 18:48:27] [ERROR] ❌ Error updating name for SKU 1140638169: 'dict' object has no attribute 'append'
[2026-04-23 18:48:27] [ERROR] ❌ Error updating name for SKU 1140638170: 'dict' object has no attribute 'append'
[2026-04-23 18:48:27] [ERROR] ❌ Error updating name for SKU 1140638171: 'dict' object has no attribute 'append'
[2026-04-23 18:48:27] [ERROR] ❌ Error updating name for SKU 1140638172: 'dict' object has no attribute 'append'
[2026-04-23 18:48:27] [ERROR] ❌ Error updating name for SKU 1140638173: 'dict' object has no attribute 'append'
[2026-04-23 18:48:27] [ERROR] ❌ Error updating name for SKU 1140638174: 'dict' object has no attribute 'append'
[2026-04-23 18:48:27] [ERROR] ❌ Error updating name for SKU 1140638175: 'dict' object has no attribute 'append'
[2026-04-23 18:48:27] [ERROR] ❌ Error updating name for SKU 1140638176: 'dict' object has no attribute 'append'
[2026-04-23 18:48:27] [ERROR] ❌ Error updating name for SKU 1140638177: 'dict' object has no attribute 'append'
[2026-04-23 18:48:27] [ERROR] ❌ Error updating name for SKU 1140638178: 'dict' object has no attribute 'append'
[2026-04-23 18:48:27] [ERROR] ❌ Error updating name for SKU 1140638179: 'dict' object has no attribute 'append'
[2026-04-23 18:48:27] [ERROR] ❌ Error updating name for SKU 1140638180: 'dict' object has no attribute 'append'
[2026-04-23 18:48:27] [ERROR] ❌ Error updating name for SKU 1140638181: 'dict' object has no attribute 'append'
[2026-04-23 18:48:27] [ERROR] ❌ Error updating name for SKU 1140638186: 'dict' object has no attribute 'append'
[2026-04-23 18:48:27] [ERROR] ❌ Error updating name for SKU 1140638197: 'dict' object has no attribute 'append'
[2026-04-23 18:48:27] [ERROR] ❌ Error updating name for SKU 1140638198: 'dict' object has no attribute 'append'
[2026-04-23 18:48:27] [ERROR] ❌ Error updating name for SKU 1140638199: 'dict' object has no attribute 'append'
[2026-04-23 18:48:27] [ERROR] ❌ Error updating name for SKU 1140638200: 'dict' object has no attribute 'append'
[2026-04-23 18:48:27] [ERROR] ❌ Error updating name for SKU 1140638201: 'dict' object has no attribute 'append'
[2026-04-23 18:48:27] [ERROR] ❌ Error updating name for SKU 1140638202: 'dict' object has no attribute 'append'
[2026-04-23 18:48:27] [ERROR] ❌ Error updating name for SKU 1140638203: 'dict' object has no attribute 'append'
[2026-04-23 18:48:27] [ERROR] ❌ Error updating name for SKU 1140638204: 'dict' object has no attribute 'append'
[2026-04-23 18:48:27] [ERROR] ❌ Error updating name for SKU 1140638205: 'dict' object has no attribute 'append'
[2026-04-23 18:48:27] [ERROR] ❌ Error updating name for SKU 1140638206: 'dict' object has no attribute 'append'
[2026-04-23 18:48:27] [ERROR] ❌ Error updating name for SKU 1140638207: 'dict' object has no attribute 'append'
[2026-04-23 18:48:27] [ERROR] ❌ Error updating name for SKU 1140638208: 'dict' object has no attribute 'append'
[2026-04-23 18:48:27] [ERROR] ❌ Error updating name for SKU 1140638209: 'dict' object has no attribute 'append'
[2026-04-23 18:48:27] [ERROR] ❌ Error updating name for SKU 1140638210: 'dict' object has no attribute 'append'
[2026-04-23 18:48:27] [ERROR] ❌ Error updating name for SKU 1140638211: 'dict' object has no attribute 'append'
[2026-04-23 18:48:27] [ERROR] ❌ Error updating name for SKU 1140638212: 'dict' object has no attribute 'append'
[2026-04-23 18:48:27] [ERROR] ❌ Error updating name for SKU 1140638213: 'dict' object has no attribute 'append'
[2026-04-23 18:48:27] [ERROR] ❌ Error updating name for SKU 1140638214: 'dict' object has no attribute 'append'
[2026-04-23 18:48:27] [ERROR] ❌ Error updating name for SKU 1140638215: 'dict' object has no attribute 'append'
[2026-04-23 18:48:27] [ERROR] ❌ Error updating name for SKU 1140638216: 'dict' object has no attribute 'append'
[2026-04-23 18:48:27] [ERROR] ❌ Error updating name for SKU 1140638217: 'dict' object has no attribute 'append'
[2026-04-23 18:48:27] [ERROR] ❌ Error updating name for SKU 1140638218: 'dict' object has no attribute 'append'
[2026-04-23 18:48:27] [ERROR] ❌ Error updating name for SKU 1140638219: 'dict' object has no attribute 'append'
[2026-04-23 18:48:27] [ERROR] ❌ Error updating name for SKU 1140638220: 'dict' object has no attribute 'append'
[2026-04-23 18:48:27] [ERROR] ❌ Error updating name for SKU 1140638221: 'dict' object has no attribute 'append'
[2026-04-23 18:48:27] [ERROR] ❌ Error updating name for SKU 1140638222: 'dict' object has no attribute 'append'
[2026-04-23 18:48:27] [ERROR] ❌ Error updating name for SKU 1140638223: 'dict' object has no attribute 'append'
[2026-04-23 18:48:27] [ERROR] ❌ Error updating name for SKU 1140638224: 'dict' object has no attribute 'append'
[2026-04-23 18:48:27] [ERROR] ❌ Error updating name for SKU 1140638225: 'dict' object has no attribute 'append'
[2026-04-23 18:48:27] [ERROR] ❌ Error updating name for SKU 1140638226: 'dict' object has no attribute 'append'
[2026-04-23 18:48:27] [ERROR] ❌ Error updating name for SKU 1140638227: 'dict' object has no attribute 'append'
[2026-04-23 18:48:27] [ERROR] ❌ Error updating name for SKU 1140638228: 'dict' object has no attribute 'append'
[2026-04-23 18:48:27] [ERROR] ❌ Error updating name for SKU 1140638229: 'dict' object has no attribute 'append'
[2026-04-23 18:48:27] [ERROR] ❌ Error updating name for SKU 1140638499: 'dict' object has no attribute 'append'
[2026-04-23 18:48:27] [ERROR] ❌ Error updating name for SKU 1140638500: 'dict' object has no attribute 'append'
[2026-04-23 18:48:27] [ERROR] ❌ Error updating name for SKU 1140638560: 'dict' object has no attribute 'append'
[2026-04-23 18:48:27] [ERROR] ❌ Error updating name for SKU 1140638563: 'dict' object has no attribute 'append'
[2026-04-23 18:48:27] [ERROR] ❌ Error updating name for SKU 1140638568: 'dict' object has no attribute 'append'
[2026-04-23 18:48:27] [ERROR] ❌ Error updating name for SKU 1140638571: 'dict' object has no attribute 'append'
[2026-04-23 18:48:27] [ERROR] ❌ Error updating name for SKU 1140638575: 'dict' object has no attribute 'append'
[2026-04-23 18:48:27] [ERROR] ❌ Error updating name for SKU 1140638803: 'dict' object has no attribute 'append'
[2026-04-23 18:48:27] [ERROR] ❌ Error updating name for SKU 1140639635: 'dict' object has no attribute 'append'
[2026-04-23 18:48:27] [ERROR] ❌ Error updating name for SKU 1140639641: 'dict' object has no attribute 'append'
[2026-04-23 18:48:27] [ERROR] ❌ Error updating name for SKU 1140639642: 'dict' object has no attribute 'append'
[2026-04-23 18:48:27] [ERROR] ❌ Error updating name for SKU 1140639643: 'dict' object has no attribute 'append'
[2026-04-23 18:48:27] [ERROR] ❌ Error updating name for SKU 1140639644: 'dict' object has no attribute 'append'
[2026-04-23 18:48:27] [ERROR] ❌ Error updating name for SKU 1140639645: 'dict' object has no attribute 'append'
[2026-04-23 18:48:27] [ERROR] ❌ Error updating name for SKU 1140639646: 'dict' object has no attribute 'append'
[2026-04-23 18:48:27] [ERROR] ❌ Error updating name for SKU 1140639647: 'dict' object has no attribute 'append'
[2026-04-23 18:48:27] [ERROR] ❌ Error updating name for SKU 1140639648: 'dict' object has no attribute 'append'
[2026-04-23 18:48:27] [ERROR] ❌ Error updating name for SKU 1140639649: 'dict' object has no attribute 'append'
[2026-04-23 18:48:27] [ERROR] ❌ Error updating name for SKU 1140639787: 'dict' object has no attribute 'append'
[2026-04-23 18:48:27] [ERROR] ❌ Error updating name for SKU 1140640294: 'dict' object has no attribute 'append'
[2026-04-23 18:48:27] [ERROR] ❌ Error updating name for SKU 1140640517: 'dict' object has no attribute 'append'
[2026-04-23 18:48:27] [ERROR] ❌ Error updating name for SKU 1140640532: 'dict' object has no attribute 'append'
[2026-04-23 18:48:27] [ERROR] ❌ Error updating name for SKU 1140640533: 'dict' object has no attribute 'append'
[2026-04-23 18:48:27] [ERROR] ❌ Error updating name for SKU 1140640537: 'dict' object has no attribute 'append'
[2026-04-23 18:48:27] [ERROR] ❌ Error updating name for SKU 1140640546: 'dict' object has no attribute 'append'
[2026-04-23 18:48:27] [ERROR] ❌ Error updating name for SKU 1140640565: 'dict' object has no attribute 'append'
[2026-04-23 18:48:27] [ERROR] ❌ Error updating name for SKU 1140640582: 'dict' object has no attribute 'append'
[2026-04-23 18:48:27] [ERROR] ❌ Error updating name for SKU 1140640589: 'dict' object has no attribute 'append'
[2026-04-23 18:48:27] [ERROR] ❌ Error updating name for SKU 1140640610: 'dict' object has no attribute 'append'
[2026-04-23 18:48:27] [ERROR] ❌ Error updating name for SKU 1140640611: 'dict' object has no attribute 'append'
[2026-04-23 18:48:27] [ERROR] ❌ Error updating name for SKU 1140640612: 'dict' object has no attribute 'append'
[2026-04-23 18:48:27] [ERROR] ❌ Error updating name for SKU 1140640613: 'dict' object has no attribute 'append'
[2026-04-23 18:48:27] [ERROR] ❌ Error updating name for SKU 1140640614: 'dict' object has no attribute 'append'
[2026-04-23 18:48:27] [ERROR] ❌ Error updating name for SKU 1140640615: 'dict' object has no attribute 'append'
[2026-04-23 18:48:27] [ERROR] ❌ Error updating name for SKU 1140640640: 'dict' object has no attribute 'append'
[2026-04-23 18:48:27] [ERROR] ❌ Error updating name for SKU 1140640641: 'dict' object has no attribute 'append'
[2026-04-23 18:48:27] [ERROR] ❌ Error updating name for SKU 1140640661: 'dict' object has no attribute 'append'
[2026-04-23 18:48:27] [ERROR] ❌ Error updating name for SKU 1140640662: 'dict' object has no attribute 'append'
[2026-04-23 18:48:27] [ERROR] ❌ Error updating name for SKU 1140640697: 'dict' object has no attribute 'append'
[2026-04-23 18:48:27] [ERROR] ❌ Error updating name for SKU 1140640698: 'dict' object has no attribute 'append'
[2026-04-23 18:48:27] [ERROR] ❌ Error updating name for SKU 1140640700: 'dict' object has no attribute 'append'
[2026-04-23 18:48:27] [INFO] Progress: 0/658 names added
[2026-04-23 18:48:27] [INFO] 
Processing batch 3 (100 products)...
[2026-04-23 18:48:27] [ERROR] ❌ Error updating name for SKU 1140640722: 'dict' object has no attribute 'append'
[2026-04-23 18:48:27] [ERROR] ❌ Error updating name for SKU 1140640733: 'dict' object has no attribute 'append'
[2026-04-23 18:48:27] [ERROR] ❌ Error updating name for SKU 1140640745: 'dict' object has no attribute 'append'
[2026-04-23 18:48:27] [ERROR] ❌ Error updating name for SKU 1140640746: 'dict' object has no attribute 'append'
[2026-04-23 18:48:27] [ERROR] ❌ Error updating name for SKU 1140640747: 'dict' object has no attribute 'append'
[2026-04-23 18:48:27] [ERROR] ❌ Error updating name for SKU 1140640748: 'dict' object has no attribute 'append'
[2026-04-23 18:48:27] [ERROR] ❌ Error updating name for SKU 1140640765: 'dict' object has no attribute 'append'
[2026-04-23 18:48:27] [ERROR] ❌ Error updating name for SKU 1140640766: 'dict' object has no attribute 'append'
[2026-04-23 18:48:27] [ERROR] ❌ Error updating name for SKU 1140640767: 'dict' object has no attribute 'append'
[2026-04-23 18:48:27] [ERROR] ❌ Error updating name for SKU 1140640781: 'dict' object has no attribute 'append'
[2026-04-23 18:48:27] [ERROR] ❌ Error updating name for SKU 1140640791: 'dict' object has no attribute 'append'
[2026-04-23 18:48:27] [ERROR] ❌ Error updating name for SKU 1140640792: 'dict' object has no attribute 'append'
[2026-04-23 18:48:27] [ERROR] ❌ Error updating name for SKU 1140640793: 'dict' object has no attribute 'append'
[2026-04-23 18:48:27] [ERROR] ❌ Error updating name for SKU 1140640795: 'dict' object has no attribute 'append'
[2026-04-23 18:48:27] [ERROR] ❌ Error updating name for SKU 1140640796: 'dict' object has no attribute 'append'
[2026-04-23 18:48:27] [ERROR] ❌ Error updating name for SKU 1140640797: 'dict' object has no attribute 'append'
[2026-04-23 18:48:27] [ERROR] ❌ Error updating name for SKU 1140641010: 'dict' object has no attribute 'append'
[2026-04-23 18:48:27] [ERROR] ❌ Error updating name for SKU 1140641011: 'dict' object has no attribute 'append'
[2026-04-23 18:48:27] [ERROR] ❌ Error updating name for SKU 1140641012: 'dict' object has no attribute 'append'
[2026-04-23 18:48:27] [ERROR] ❌ Error updating name for SKU 1140641013: 'dict' object has no attribute 'append'
[2026-04-23 18:48:27] [ERROR] ❌ Error updating name for SKU 1140641014: 'dict' object has no attribute 'append'
[2026-04-23 18:48:27] [ERROR] ❌ Error updating name for SKU 1140641015: 'dict' object has no attribute 'append'
[2026-04-23 18:48:27] [ERROR] ❌ Error updating name for SKU 1140641039: 'dict' object has no attribute 'append'
[2026-04-23 18:48:27] [ERROR] ❌ Error updating name for SKU 1140641744: 'dict' object has no attribute 'append'
[2026-04-23 18:48:27] [ERROR] ❌ Error updating name for SKU 1140641776: 'dict' object has no attribute 'append'
[2026-04-23 18:48:27] [ERROR] ❌ Error updating name for SKU 1140641838: 'dict' object has no attribute 'append'
[2026-04-23 18:48:27] [ERROR] ❌ Error updating name for SKU 1140642047: 'dict' object has no attribute 'append'
[2026-04-23 18:48:27] [ERROR] ❌ Error updating name for SKU 1140642086: 'dict' object has no attribute 'append'
[2026-04-23 18:48:27] [ERROR] ❌ Error updating name for SKU 1140642090: 'dict' object has no attribute 'append'
[2026-04-23 18:48:27] [ERROR] ❌ Error updating name for SKU 1140642091: 'dict' object has no attribute 'append'
[2026-04-23 18:48:27] [ERROR] ❌ Error updating name for SKU 1140642092: 'dict' object has no attribute 'append'
[2026-04-23 18:48:27] [ERROR] ❌ Error updating name for SKU 1140642094: 'dict' object has no attribute 'append'
[2026-04-23 18:48:27] [ERROR] ❌ Error updating name for SKU 1140642095: 'dict' object has no attribute 'append'
[2026-04-23 18:48:27] [ERROR] ❌ Error updating name for SKU 1140642096: 'dict' object has no attribute 'append'
[2026-04-23 18:48:27] [ERROR] ❌ Error updating name for SKU 1140642098: 'dict' object has no attribute 'append'
[2026-04-23 18:48:27] [ERROR] ❌ Error updating name for SKU 1140642099: 'dict' object has no attribute 'append'
[2026-04-23 18:48:27] [ERROR] ❌ Error updating name for SKU 1140642102: 'dict' object has no attribute 'append'
[2026-04-23 18:48:27] [ERROR] ❌ Error updating name for SKU 1140642103: 'dict' object has no attribute 'append'
[2026-04-23 18:48:27] [ERROR] ❌ Error updating name for SKU 1140642105: 'dict' object has no attribute 'append'
[2026-04-23 18:48:27] [ERROR] ❌ Error updating name for SKU 1140642110: 'dict' object has no attribute 'append'
[2026-04-23 18:48:27] [ERROR] ❌ Error updating name for SKU 1140642111: 'dict' object has no attribute 'append'
[2026-04-23 18:48:27] [ERROR] ❌ Error updating name for SKU 1140642112: 'dict' object has no attribute 'append'
[2026-04-23 18:48:27] [ERROR] ❌ Error updating name for SKU 1140642113: 'dict' object has no attribute 'append'
[2026-04-23 18:48:27] [ERROR] ❌ Error updating name for SKU 1140642119: 'dict' object has no attribute 'append'
[2026-04-23 18:48:27] [ERROR] ❌ Error updating name for SKU 1140642120: 'dict' object has no attribute 'append'
[2026-04-23 18:48:27] [ERROR] ❌ Error updating name for SKU 1140642121: 'dict' object has no attribute 'append'
[2026-04-23 18:48:27] [ERROR] ❌ Error updating name for SKU 1140642122: 'dict' object has no attribute 'append'
[2026-04-23 18:48:27] [ERROR] ❌ Error updating name for SKU 1140642126: 'dict' object has no attribute 'append'
[2026-04-23 18:48:27] [ERROR] ❌ Error updating name for SKU 1140642128: 'dict' object has no attribute 'append'
[2026-04-23 18:48:27] [ERROR] ❌ Error updating name for SKU 1140642130: 'dict' object has no attribute 'append'
[2026-04-23 18:48:27] [ERROR] ❌ Error updating name for SKU 1140642131: 'dict' object has no attribute 'append'
[2026-04-23 18:48:27] [ERROR] ❌ Error updating name for SKU 1140642137: 'dict' object has no attribute 'append'
[2026-04-23 18:48:27] [ERROR] ❌ Error updating name for SKU 1140642138: 'dict' object has no attribute 'append'
[2026-04-23 18:48:27] [ERROR] ❌ Error updating name for SKU 1140642140: 'dict' object has no attribute 'append'
[2026-04-23 18:48:27] [ERROR] ❌ Error updating name for SKU 1140642149: 'dict' object has no attribute 'append'
[2026-04-23 18:48:27] [ERROR] ❌ Error updating name for SKU 1140642150: 'dict' object has no attribute 'append'
[2026-04-23 18:48:27] [ERROR] ❌ Error updating name for SKU 1140642151: 'dict' object has no attribute 'append'
[2026-04-23 18:48:27] [ERROR] ❌ Error updating name for SKU 1140642152: 'dict' object has no attribute 'append'
[2026-04-23 18:48:27] [ERROR] ❌ Error updating name for SKU 1140642153: 'dict' object has no attribute 'append'
[2026-04-23 18:48:27] [ERROR] ❌ Error updating name for SKU 1140642382: 'dict' object has no attribute 'append'
[2026-04-23 18:48:27] [ERROR] ❌ Error updating name for SKU 1140642385: 'dict' object has no attribute 'append'
[2026-04-23 18:48:27] [ERROR] ❌ Error updating name for SKU 1140642400: 'dict' object has no attribute 'append'
[2026-04-23 18:48:27] [ERROR] ❌ Error updating name for SKU 1140642405: 'dict' object has no attribute 'append'
[2026-04-23 18:48:27] [ERROR] ❌ Error updating name for SKU 1140642659: 'dict' object has no attribute 'append'
[2026-04-23 18:48:27] [ERROR] ❌ Error updating name for SKU 1140643675: 'dict' object has no attribute 'append'
[2026-04-23 18:48:27] [ERROR] ❌ Error updating name for SKU 1140643676: 'dict' object has no attribute 'append'
[2026-04-23 18:48:27] [ERROR] ❌ Error updating name for SKU 1140643677: 'dict' object has no attribute 'append'
[2026-04-23 18:48:27] [ERROR] ❌ Error updating name for SKU 1140643678: 'dict' object has no attribute 'append'
[2026-04-23 18:48:27] [ERROR] ❌ Error updating name for SKU 1140643679: 'dict' object has no attribute 'append'
[2026-04-23 18:48:27] [ERROR] ❌ Error updating name for SKU 1140643680: 'dict' object has no attribute 'append'
[2026-04-23 18:48:27] [ERROR] ❌ Error updating name for SKU 1140643841: 'dict' object has no attribute 'append'
[2026-04-23 18:48:27] [ERROR] ❌ Error updating name for SKU 1140643842: 'dict' object has no attribute 'append'
[2026-04-23 18:48:27] [ERROR] ❌ Error updating name for SKU 1140643843: 'dict' object has no attribute 'append'
[2026-04-23 18:48:27] [ERROR] ❌ Error updating name for SKU 1140643912: 'dict' object has no attribute 'append'
[2026-04-23 18:48:27] [ERROR] ❌ Error updating name for SKU 1140643913: 'dict' object has no attribute 'append'
[2026-04-23 18:48:27] [ERROR] ❌ Error updating name for SKU 1140644733: 'dict' object has no attribute 'append'
[2026-04-23 18:48:27] [ERROR] ❌ Error updating name for SKU 1140644734: 'dict' object has no attribute 'append'
[2026-04-23 18:48:27] [ERROR] ❌ Error updating name for SKU 1140644735: 'dict' object has no attribute 'append'
[2026-04-23 18:48:27] [ERROR] ❌ Error updating name for SKU 1140644736: 'dict' object has no attribute 'append'
[2026-04-23 18:48:27] [ERROR] ❌ Error updating name for SKU 1140644737: 'dict' object has no attribute 'append'
[2026-04-23 18:48:27] [ERROR] ❌ Error updating name for SKU 1140644738: 'dict' object has no attribute 'append'
[2026-04-23 18:48:27] [ERROR] ❌ Error updating name for SKU 1140644739: 'dict' object has no attribute 'append'
[2026-04-23 18:48:27] [ERROR] ❌ Error updating name for SKU 1140644740: 'dict' object has no attribute 'append'
[2026-04-23 18:48:27] [ERROR] ❌ Error updating name for SKU 1140644741: 'dict' object has no attribute 'append'
[2026-04-23 18:48:27] [ERROR] ❌ Error updating name for SKU 1140644743: 'dict' object has no attribute 'append'
[2026-04-23 18:48:27] [ERROR] ❌ Error updating name for SKU 1140644744: 'dict' object has no attribute 'append'
[2026-04-23 18:48:27] [ERROR] ❌ Error updating name for SKU 1140645921: 'dict' object has no attribute 'append'
[2026-04-23 18:48:27] [ERROR] ❌ Error updating name for SKU 1140645922: 'dict' object has no attribute 'append'
[2026-04-23 18:48:27] [ERROR] ❌ Error updating name for SKU 1140646766: 'dict' object has no attribute 'append'
[2026-04-23 18:48:27] [ERROR] ❌ Error updating name for SKU 1140646770: 'dict' object has no attribute 'append'
[2026-04-23 18:48:27] [ERROR] ❌ Error updating name for SKU 1140646771: 'dict' object has no attribute 'append'
[2026-04-23 18:48:27] [ERROR] ❌ Error updating name for SKU 1140646783: 'dict' object has no attribute 'append'
[2026-04-23 18:48:27] [ERROR] ❌ Error updating name for SKU 1140646797: 'dict' object has no attribute 'append'
[2026-04-23 18:48:27] [ERROR] ❌ Error updating name for SKU 1140646798: 'dict' object has no attribute 'append'
[2026-04-23 18:48:27] [ERROR] ❌ Error updating name for SKU 1140646813: 'dict' object has no attribute 'append'
[2026-04-23 18:48:27] [ERROR] ❌ Error updating name for SKU 1140646828: 'dict' object has no attribute 'append'
[2026-04-23 18:48:27] [ERROR] ❌ Error updating name for SKU 1140647435: 'dict' object has no attribute 'append'
[2026-04-23 18:48:27] [ERROR] ❌ Error updating name for SKU 1140647436: 'dict' object has no attribute 'append'
[2026-04-23 18:48:27] [ERROR] ❌ Error updating name for SKU 1140647437: 'dict' object has no attribute 'append'
[2026-04-23 18:48:27] [ERROR] ❌ Error updating name for SKU 1140647438: 'dict' object has no attribute 'append'
[2026-04-23 18:48:27] [INFO] Progress: 0/658 names added
[2026-04-23 18:48:27] [INFO] 
Processing batch 4 (100 products)...
[2026-04-23 18:48:27] [ERROR] ❌ Error updating name for SKU 1140647441: 'dict' object has no attribute 'append'
[2026-04-23 18:48:27] [ERROR] ❌ Error updating name for SKU 1140647442: 'dict' object has no attribute 'append'
[2026-04-23 18:48:27] [ERROR] ❌ Error updating name for SKU 1140647490: 'dict' object has no attribute 'append'
[2026-04-23 18:48:27] [ERROR] ❌ Error updating name for SKU 1140647491: 'dict' object has no attribute 'append'
[2026-04-23 18:48:27] [ERROR] ❌ Error updating name for SKU 1140647599: 'dict' object has no attribute 'append'
[2026-04-23 18:48:27] [ERROR] ❌ Error updating name for SKU 1140647947: 'dict' object has no attribute 'append'
[2026-04-23 18:48:27] [ERROR] ❌ Error updating name for SKU 1140647948: 'dict' object has no attribute 'append'
[2026-04-23 18:48:27] [ERROR] ❌ Error updating name for SKU 1140647949: 'dict' object has no attribute 'append'
[2026-04-23 18:48:27] [ERROR] ❌ Error updating name for SKU 1140647950: 'dict' object has no attribute 'append'
[2026-04-23 18:48:27] [ERROR] ❌ Error updating name for SKU 1140647951: 'dict' object has no attribute 'append'
[2026-04-23 18:48:27] [ERROR] ❌ Error updating name for SKU 1140647952: 'dict' object has no attribute 'append'
[2026-04-23 18:48:27] [ERROR] ❌ Error updating name for SKU 1140647953: 'dict' object has no attribute 'append'
[2026-04-23 18:48:27] [ERROR] ❌ Error updating name for SKU 1140647954: 'dict' object has no attribute 'append'
[2026-04-23 18:48:27] [ERROR] ❌ Error updating name for SKU 1140648361: 'dict' object has no attribute 'append'
[2026-04-23 18:48:27] [ERROR] ❌ Error updating name for SKU 1140648909: 'dict' object has no attribute 'append'
[2026-04-23 18:48:27] [ERROR] ❌ Error updating name for SKU 1140648926: 'dict' object has no attribute 'append'
[2026-04-23 18:48:27] [ERROR] ❌ Error updating name for SKU 1140648927: 'dict' object has no attribute 'append'
[2026-04-23 18:48:27] [ERROR] ❌ Error updating name for SKU 1140648928: 'dict' object has no attribute 'append'
[2026-04-23 18:48:27] [ERROR] ❌ Error updating name for SKU 1140648929: 'dict' object has no attribute 'append'
[2026-04-23 18:48:27] [ERROR] ❌ Error updating name for SKU 1140648931: 'dict' object has no attribute 'append'
[2026-04-23 18:48:27] [ERROR] ❌ Error updating name for SKU 1140648932: 'dict' object has no attribute 'append'
[2026-04-23 18:48:27] [ERROR] ❌ Error updating name for SKU 1140648934: 'dict' object has no attribute 'append'
[2026-04-23 18:48:27] [ERROR] ❌ Error updating name for SKU 1140648935: 'dict' object has no attribute 'append'
[2026-04-23 18:48:27] [ERROR] ❌ Error updating name for SKU 1140648937: 'dict' object has no attribute 'append'
[2026-04-23 18:48:27] [ERROR] ❌ Error updating name for SKU 1140648938: 'dict' object has no attribute 'append'
[2026-04-23 18:48:27] [ERROR] ❌ Error updating name for SKU 1140648939: 'dict' object has no attribute 'append'
[2026-04-23 18:48:27] [ERROR] ❌ Error updating name for SKU 1140648940: 'dict' object has no attribute 'append'
[2026-04-23 18:48:27] [ERROR] ❌ Error updating name for SKU 1140648941: 'dict' object has no attribute 'append'
[2026-04-23 18:48:27] [ERROR] ❌ Error updating name for SKU 1140648942: 'dict' object has no attribute 'append'
[2026-04-23 18:48:27] [ERROR] ❌ Error updating name for SKU 1140649135: 'dict' object has no attribute 'append'
[2026-04-23 18:48:27] [ERROR] ❌ Error updating name for SKU 1140649146: 'dict' object has no attribute 'append'
[2026-04-23 18:48:27] [ERROR] ❌ Error updating name for SKU 1140649147: 'dict' object has no attribute 'append'
[2026-04-23 18:48:27] [ERROR] ❌ Error updating name for SKU 1140649148: 'dict' object has no attribute 'append'
[2026-04-23 18:48:27] [ERROR] ❌ Error updating name for SKU 1140649149: 'dict' object has no attribute 'append'
[2026-04-23 18:48:27] [ERROR] ❌ Error updating name for SKU 1140651157: 'dict' object has no attribute 'append'
[2026-04-23 18:48:27] [ERROR] ❌ Error updating name for SKU 1140651164: 'dict' object has no attribute 'append'
[2026-04-23 18:48:27] [ERROR] ❌ Error updating name for SKU 1140651326: 'dict' object has no attribute 'append'
[2026-04-23 18:48:27] [ERROR] ❌ Error updating name for SKU 1140651327: 'dict' object has no attribute 'append'
[2026-04-23 18:48:27] [ERROR] ❌ Error updating name for SKU 1140651328: 'dict' object has no attribute 'append'
[2026-04-23 18:48:27] [ERROR] ❌ Error updating name for SKU 1140651329: 'dict' object has no attribute 'append'
[2026-04-23 18:48:27] [ERROR] ❌ Error updating name for SKU 1140651330: 'dict' object has no attribute 'append'
[2026-04-23 18:48:27] [ERROR] ❌ Error updating name for SKU 1140651337: 'dict' object has no attribute 'append'
[2026-04-23 18:48:27] [ERROR] ❌ Error updating name for SKU 1140651338: 'dict' object has no attribute 'append'
[2026-04-23 18:48:27] [ERROR] ❌ Error updating name for SKU 1140651767: 'dict' object has no attribute 'append'
[2026-04-23 18:48:27] [ERROR] ❌ Error updating name for SKU 1140651768: 'dict' object has no attribute 'append'
[2026-04-23 18:48:27] [ERROR] ❌ Error updating name for SKU 1140651769: 'dict' object has no attribute 'append'
[2026-04-23 18:48:27] [ERROR] ❌ Error updating name for SKU 1140651770: 'dict' object has no attribute 'append'
[2026-04-23 18:48:27] [ERROR] ❌ Error updating name for SKU 1140651771: 'dict' object has no attribute 'append'
[2026-04-23 18:48:27] [ERROR] ❌ Error updating name for SKU 1140651791: 'dict' object has no attribute 'append'
[2026-04-23 18:48:27] [ERROR] ❌ Error updating name for SKU 1140651821: 'dict' object has no attribute 'append'
[2026-04-23 18:48:27] [ERROR] ❌ Error updating name for SKU 1140651822: 'dict' object has no attribute 'append'
[2026-04-23 18:48:27] [ERROR] ❌ Error updating name for SKU 1140651823: 'dict' object has no attribute 'append'
[2026-04-23 18:48:27] [ERROR] ❌ Error updating name for SKU 1140651824: 'dict' object has no attribute 'append'
[2026-04-23 18:48:27] [ERROR] ❌ Error updating name for SKU 1140651825: 'dict' object has no attribute 'append'
[2026-04-23 18:48:27] [ERROR] ❌ Error updating name for SKU 1140651826: 'dict' object has no attribute 'append'
[2026-04-23 18:48:27] [ERROR] ❌ Error updating name for SKU 1140654664: 'dict' object has no attribute 'append'
[2026-04-23 18:48:27] [ERROR] ❌ Error updating name for SKU 1140654856: 'dict' object has no attribute 'append'
[2026-04-23 18:48:27] [ERROR] ❌ Error updating name for SKU 1140657118: 'dict' object has no attribute 'append'
[2026-04-23 18:48:27] [ERROR] ❌ Error updating name for SKU 1140657122: 'dict' object has no attribute 'append'
[2026-04-23 18:48:27] [ERROR] ❌ Error updating name for SKU 1140657868: 'dict' object has no attribute 'append'
[2026-04-23 18:48:27] [ERROR] ❌ Error updating name for SKU 1140657869: 'dict' object has no attribute 'append'
[2026-04-23 18:48:27] [ERROR] ❌ Error updating name for SKU 1140657870: 'dict' object has no attribute 'append'
[2026-04-23 18:48:27] [ERROR] ❌ Error updating name for SKU 1140657871: 'dict' object has no attribute 'append'
[2026-04-23 18:48:27] [ERROR] ❌ Error updating name for SKU 1140657873: 'dict' object has no attribute 'append'
[2026-04-23 18:48:27] [ERROR] ❌ Error updating name for SKU 1140657874: 'dict' object has no attribute 'append'
[2026-04-23 18:48:27] [ERROR] ❌ Error updating name for SKU 1140657876: 'dict' object has no attribute 'append'
[2026-04-23 18:48:27] [ERROR] ❌ Error updating name for SKU 1140657880: 'dict' object has no attribute 'append'
[2026-04-23 18:48:27] [ERROR] ❌ Error updating name for SKU 1140658024: 'dict' object has no attribute 'append'
[2026-04-23 18:48:27] [ERROR] ❌ Error updating name for SKU 1140658027: 'dict' object has no attribute 'append'
[2026-04-23 18:48:27] [ERROR] ❌ Error updating name for SKU 1140658047: 'dict' object has no attribute 'append'
[2026-04-23 18:48:27] [ERROR] ❌ Error updating name for SKU 1140658054: 'dict' object has no attribute 'append'
[2026-04-23 18:48:27] [ERROR] ❌ Error updating name for SKU 1140658982: 'dict' object has no attribute 'append'
[2026-04-23 18:48:27] [ERROR] ❌ Error updating name for SKU 1140658983: 'dict' object has no attribute 'append'
[2026-04-23 18:48:27] [ERROR] ❌ Error updating name for SKU 1140658984: 'dict' object has no attribute 'append'
[2026-04-23 18:48:27] [ERROR] ❌ Error updating name for SKU 1140658985: 'dict' object has no attribute 'append'
[2026-04-23 18:48:27] [ERROR] ❌ Error updating name for SKU 1140659096: 'dict' object has no attribute 'append'
[2026-04-23 18:48:27] [ERROR] ❌ Error updating name for SKU 1140659097: 'dict' object has no attribute 'append'
[2026-04-23 18:48:27] [ERROR] ❌ Error updating name for SKU 1140659098: 'dict' object has no attribute 'append'
[2026-04-23 18:48:27] [ERROR] ❌ Error updating name for SKU 1140659100: 'dict' object has no attribute 'append'
[2026-04-23 18:48:27] [ERROR] ❌ Error updating name for SKU 1140659101: 'dict' object has no attribute 'append'
[2026-04-23 18:48:27] [ERROR] ❌ Error updating name for SKU 1140659102: 'dict' object has no attribute 'append'
[2026-04-23 18:48:27] [ERROR] ❌ Error updating name for SKU 1140659103: 'dict' object has no attribute 'append'
[2026-04-23 18:48:27] [ERROR] ❌ Error updating name for SKU 1140659104: 'dict' object has no attribute 'append'
[2026-04-23 18:48:27] [ERROR] ❌ Error updating name for SKU 1140659105: 'dict' object has no attribute 'append'
[2026-04-23 18:48:27] [ERROR] ❌ Error updating name for SKU 1140659112: 'dict' object has no attribute 'append'
[2026-04-23 18:48:27] [ERROR] ❌ Error updating name for SKU 1140659416: 'dict' object has no attribute 'append'
[2026-04-23 18:48:27] [ERROR] ❌ Error updating name for SKU 1140659420: 'dict' object has no attribute 'append'
[2026-04-23 18:48:27] [ERROR] ❌ Error updating name for SKU 1140659421: 'dict' object has no attribute 'append'
[2026-04-23 18:48:27] [ERROR] ❌ Error updating name for SKU 1140659604: 'dict' object has no attribute 'append'
[2026-04-23 18:48:27] [ERROR] ❌ Error updating name for SKU 1140659608: 'dict' object has no attribute 'append'
[2026-04-23 18:48:27] [ERROR] ❌ Error updating name for SKU 1140659611: 'dict' object has no attribute 'append'
[2026-04-23 18:48:27] [ERROR] ❌ Error updating name for SKU 1140659612: 'dict' object has no attribute 'append'
[2026-04-23 18:48:27] [ERROR] ❌ Error updating name for SKU 1140659614: 'dict' object has no attribute 'append'
[2026-04-23 18:48:27] [ERROR] ❌ Error updating name for SKU 1140659615: 'dict' object has no attribute 'append'
[2026-04-23 18:48:27] [ERROR] ❌ Error updating name for SKU 1140659653: 'dict' object has no attribute 'append'
[2026-04-23 18:48:27] [ERROR] ❌ Error updating name for SKU 1140659654: 'dict' object has no attribute 'append'
[2026-04-23 18:48:27] [ERROR] ❌ Error updating name for SKU 1140659656: 'dict' object has no attribute 'append'
[2026-04-23 18:48:27] [ERROR] ❌ Error updating name for SKU 1140660066: 'dict' object has no attribute 'append'
[2026-04-23 18:48:27] [ERROR] ❌ Error updating name for SKU 1140660069: 'dict' object has no attribute 'append'
[2026-04-23 18:48:27] [ERROR] ❌ Error updating name for SKU 1140660070: 'dict' object has no attribute 'append'
[2026-04-23 18:48:27] [INFO] Progress: 0/658 names added
[2026-04-23 18:48:27] [INFO] 
Processing batch 5 (100 products)...
[2026-04-23 18:48:27] [ERROR] ❌ Error updating name for SKU 1140660073: 'dict' object has no attribute 'append'
[2026-04-23 18:48:27] [ERROR] ❌ Error updating name for SKU 1140660080: 'dict' object has no attribute 'append'
[2026-04-23 18:48:27] [ERROR] ❌ Error updating name for SKU 1140660084: 'dict' object has no attribute 'append'
[2026-04-23 18:48:27] [ERROR] ❌ Error updating name for SKU 1140660094: 'dict' object has no attribute 'append'
[2026-04-23 18:48:27] [ERROR] ❌ Error updating name for SKU 1140660097: 'dict' object has no attribute 'append'
[2026-04-23 18:48:27] [ERROR] ❌ Error updating name for SKU 1140660098: 'dict' object has no attribute 'append'
[2026-04-23 18:48:27] [ERROR] ❌ Error updating name for SKU 1140660099: 'dict' object has no attribute 'append'
[2026-04-23 18:48:27] [ERROR] ❌ Error updating name for SKU 1140660100: 'dict' object has no attribute 'append'
[2026-04-23 18:48:27] [ERROR] ❌ Error updating name for SKU 1140660130: 'dict' object has no attribute 'append'
[2026-04-23 18:48:27] [ERROR] ❌ Error updating name for SKU 1140660259: 'dict' object has no attribute 'append'
[2026-04-23 18:48:27] [ERROR] ❌ Error updating name for SKU 1140660260: 'dict' object has no attribute 'append'
[2026-04-23 18:48:27] [ERROR] ❌ Error updating name for SKU 1140660411: 'dict' object has no attribute 'append'
[2026-04-23 18:48:27] [ERROR] ❌ Error updating name for SKU 1140660631: 'dict' object has no attribute 'append'
[2026-04-23 18:48:27] [ERROR] ❌ Error updating name for SKU 1140660652: 'dict' object has no attribute 'append'
[2026-04-23 18:48:27] [ERROR] ❌ Error updating name for SKU 1140660653: 'dict' object has no attribute 'append'
[2026-04-23 18:48:27] [ERROR] ❌ Error updating name for SKU 1140660654: 'dict' object has no attribute 'append'
[2026-04-23 18:48:27] [ERROR] ❌ Error updating name for SKU 1140660663: 'dict' object has no attribute 'append'
[2026-04-23 18:48:27] [ERROR] ❌ Error updating name for SKU 1140660664: 'dict' object has no attribute 'append'
[2026-04-23 18:48:27] [ERROR] ❌ Error updating name for SKU 1140660665: 'dict' object has no attribute 'append'
[2026-04-23 18:48:27] [ERROR] ❌ Error updating name for SKU 1140660675: 'dict' object has no attribute 'append'
[2026-04-23 18:48:27] [ERROR] ❌ Error updating name for SKU 1140660679: 'dict' object has no attribute 'append'
[2026-04-23 18:48:27] [ERROR] ❌ Error updating name for SKU 1140660680: 'dict' object has no attribute 'append'
[2026-04-23 18:48:27] [ERROR] ❌ Error updating name for SKU 1140660681: 'dict' object has no attribute 'append'
[2026-04-23 18:48:27] [ERROR] ❌ Error updating name for SKU 1140660682: 'dict' object has no attribute 'append'
[2026-04-23 18:48:27] [ERROR] ❌ Error updating name for SKU 1140660695: 'dict' object has no attribute 'append'
[2026-04-23 18:48:27] [ERROR] ❌ Error updating name for SKU 1140660702: 'dict' object has no attribute 'append'
[2026-04-23 18:48:27] [ERROR] ❌ Error updating name for SKU 1140660704: 'dict' object has no attribute 'append'
[2026-04-23 18:48:27] [ERROR] ❌ Error updating name for SKU 1140660705: 'dict' object has no attribute 'append'
[2026-04-23 18:48:27] [ERROR] ❌ Error updating name for SKU 1140660706: 'dict' object has no attribute 'append'
[2026-04-23 18:48:27] [ERROR] ❌ Error updating name for SKU 1140660707: 'dict' object has no attribute 'append'
[2026-04-23 18:48:27] [ERROR] ❌ Error updating name for SKU 1140660708: 'dict' object has no attribute 'append'
[2026-04-23 18:48:27] [ERROR] ❌ Error updating name for SKU 1140660710: 'dict' object has no attribute 'append'
[2026-04-23 18:48:27] [ERROR] ❌ Error updating name for SKU 1140660834: 'dict' object has no attribute 'append'
[2026-04-23 18:48:27] [ERROR] ❌ Error updating name for SKU 1140660901: 'dict' object has no attribute 'append'
[2026-04-23 18:48:27] [ERROR] ❌ Error updating name for SKU 1140660926: 'dict' object has no attribute 'append'
[2026-04-23 18:48:27] [ERROR] ❌ Error updating name for SKU 1140660952: 'dict' object has no attribute 'append'
[2026-04-23 18:48:27] [ERROR] ❌ Error updating name for SKU 1140660953: 'dict' object has no attribute 'append'
[2026-04-23 18:48:27] [ERROR] ❌ Error updating name for SKU 1140660954: 'dict' object has no attribute 'append'
[2026-04-23 18:48:27] [ERROR] ❌ Error updating name for SKU 1140660956: 'dict' object has no attribute 'append'
[2026-04-23 18:48:27] [ERROR] ❌ Error updating name for SKU 1140661010: 'dict' object has no attribute 'append'
[2026-04-23 18:48:27] [ERROR] ❌ Error updating name for SKU 1140661241: 'dict' object has no attribute 'append'
[2026-04-23 18:48:27] [ERROR] ❌ Error updating name for SKU 1140661242: 'dict' object has no attribute 'append'
[2026-04-23 18:48:27] [ERROR] ❌ Error updating name for SKU 1140661243: 'dict' object has no attribute 'append'
[2026-04-23 18:48:27] [ERROR] ❌ Error updating name for SKU 1140661245: 'dict' object has no attribute 'append'
[2026-04-23 18:48:27] [ERROR] ❌ Error updating name for SKU 1140661251: 'dict' object has no attribute 'append'
[2026-04-23 18:48:27] [ERROR] ❌ Error updating name for SKU 1140661252: 'dict' object has no attribute 'append'
[2026-04-23 18:48:27] [ERROR] ❌ Error updating name for SKU 1140661253: 'dict' object has no attribute 'append'
[2026-04-23 18:48:27] [ERROR] ❌ Error updating name for SKU 1140661254: 'dict' object has no attribute 'append'
[2026-04-23 18:48:27] [ERROR] ❌ Error updating name for SKU 1140661255: 'dict' object has no attribute 'append'
[2026-04-23 18:48:27] [ERROR] ❌ Error updating name for SKU 1140661256: 'dict' object has no attribute 'append'
[2026-04-23 18:48:27] [ERROR] ❌ Error updating name for SKU 1140661257: 'dict' object has no attribute 'append'
[2026-04-23 18:48:27] [ERROR] ❌ Error updating name for SKU 1140661264: 'dict' object has no attribute 'append'
[2026-04-23 18:48:27] [ERROR] ❌ Error updating name for SKU 1140661265: 'dict' object has no attribute 'append'
[2026-04-23 18:48:27] [ERROR] ❌ Error updating name for SKU 1140661350: 'dict' object has no attribute 'append'
[2026-04-23 18:48:27] [ERROR] ❌ Error updating name for SKU 1140661351: 'dict' object has no attribute 'append'
[2026-04-23 18:48:27] [ERROR] ❌ Error updating name for SKU 1140661352: 'dict' object has no attribute 'append'
[2026-04-23 18:48:27] [ERROR] ❌ Error updating name for SKU 1140661353: 'dict' object has no attribute 'append'
[2026-04-23 18:48:27] [ERROR] ❌ Error updating name for SKU 1140661354: 'dict' object has no attribute 'append'
[2026-04-23 18:48:27] [ERROR] ❌ Error updating name for SKU 1140661355: 'dict' object has no attribute 'append'
[2026-04-23 18:48:27] [ERROR] ❌ Error updating name for SKU 1140661356: 'dict' object has no attribute 'append'
[2026-04-23 18:48:27] [ERROR] ❌ Error updating name for SKU 1140661357: 'dict' object has no attribute 'append'
[2026-04-23 18:48:27] [ERROR] ❌ Error updating name for SKU 1140661358: 'dict' object has no attribute 'append'
[2026-04-23 18:48:27] [ERROR] ❌ Error updating name for SKU 1140661359: 'dict' object has no attribute 'append'
[2026-04-23 18:48:27] [ERROR] ❌ Error updating name for SKU 1140661360: 'dict' object has no attribute 'append'
[2026-04-23 18:48:27] [ERROR] ❌ Error updating name for SKU 1140661361: 'dict' object has no attribute 'append'
[2026-04-23 18:48:27] [ERROR] ❌ Error updating name for SKU 1140661362: 'dict' object has no attribute 'append'
[2026-04-23 18:48:27] [ERROR] ❌ Error updating name for SKU 1140661363: 'dict' object has no attribute 'append'
[2026-04-23 18:48:27] [ERROR] ❌ Error updating name for SKU 1140661820: 'dict' object has no attribute 'append'
[2026-04-23 18:48:27] [ERROR] ❌ Error updating name for SKU 1140661821: 'dict' object has no attribute 'append'
[2026-04-23 18:48:27] [ERROR] ❌ Error updating name for SKU 1140661901: 'dict' object has no attribute 'append'
[2026-04-23 18:48:27] [ERROR] ❌ Error updating name for SKU 1140661903: 'dict' object has no attribute 'append'
[2026-04-23 18:48:27] [ERROR] ❌ Error updating name for SKU 1140661905: 'dict' object has no attribute 'append'
[2026-04-23 18:48:27] [ERROR] ❌ Error updating name for SKU 1140661906: 'dict' object has no attribute 'append'
[2026-04-23 18:48:27] [ERROR] ❌ Error updating name for SKU 1140661907: 'dict' object has no attribute 'append'
[2026-04-23 18:48:27] [ERROR] ❌ Error updating name for SKU 1140661924: 'dict' object has no attribute 'append'
[2026-04-23 18:48:27] [ERROR] ❌ Error updating name for SKU 1140661925: 'dict' object has no attribute 'append'
[2026-04-23 18:48:27] [ERROR] ❌ Error updating name for SKU 1140661926: 'dict' object has no attribute 'append'
[2026-04-23 18:48:27] [ERROR] ❌ Error updating name for SKU 1140662181: 'dict' object has no attribute 'append'
[2026-04-23 18:48:27] [ERROR] ❌ Error updating name for SKU 1140662187: 'dict' object has no attribute 'append'
[2026-04-23 18:48:27] [ERROR] ❌ Error updating name for SKU 1140662420: 'dict' object has no attribute 'append'
[2026-04-23 18:48:27] [ERROR] ❌ Error updating name for SKU 1140662422: 'dict' object has no attribute 'append'
[2026-04-23 18:48:27] [ERROR] ❌ Error updating name for SKU 1140662423: 'dict' object has no attribute 'append'
[2026-04-23 18:48:27] [ERROR] ❌ Error updating name for SKU 1140662424: 'dict' object has no attribute 'append'
[2026-04-23 18:48:27] [ERROR] ❌ Error updating name for SKU 1140662425: 'dict' object has no attribute 'append'
[2026-04-23 18:48:27] [ERROR] ❌ Error updating name for SKU 1140662426: 'dict' object has no attribute 'append'
[2026-04-23 18:48:27] [ERROR] ❌ Error updating name for SKU 1140662427: 'dict' object has no attribute 'append'
[2026-04-23 18:48:27] [ERROR] ❌ Error updating name for SKU 1140662428: 'dict' object has no attribute 'append'
[2026-04-23 18:48:27] [ERROR] ❌ Error updating name for SKU 1140663678: 'dict' object has no attribute 'append'
[2026-04-23 18:48:27] [ERROR] ❌ Error updating name for SKU 1140663679: 'dict' object has no attribute 'append'
[2026-04-23 18:48:27] [ERROR] ❌ Error updating name for SKU 1140663680: 'dict' object has no attribute 'append'
[2026-04-23 18:48:27] [ERROR] ❌ Error updating name for SKU 1140663681: 'dict' object has no attribute 'append'
[2026-04-23 18:48:27] [ERROR] ❌ Error updating name for SKU 1140663682: 'dict' object has no attribute 'append'
[2026-04-23 18:48:27] [ERROR] ❌ Error updating name for SKU 1140663683: 'dict' object has no attribute 'append'
[2026-04-23 18:48:27] [ERROR] ❌ Error updating name for SKU 1140663684: 'dict' object has no attribute 'append'
[2026-04-23 18:48:27] [ERROR] ❌ Error updating name for SKU 1140663685: 'dict' object has no attribute 'append'
[2026-04-23 18:48:27] [ERROR] ❌ Error updating name for SKU 1140663686: 'dict' object has no attribute 'append'
[2026-04-23 18:48:27] [ERROR] ❌ Error updating name for SKU 1140663687: 'dict' object has no attribute 'append'
[2026-04-23 18:48:27] [ERROR] ❌ Error updating name for SKU 1140663688: 'dict' object has no attribute 'append'
[2026-04-23 18:48:27] [ERROR] ❌ Error updating name for SKU 1140663689: 'dict' object has no attribute 'append'
[2026-04-23 18:48:27] [ERROR] ❌ Error updating name for SKU 1140663690: 'dict' object has no attribute 'append'
[2026-04-23 18:48:27] [INFO] Progress: 0/658 names added
[2026-04-23 18:48:27] [INFO] 
Processing batch 6 (100 products)...
[2026-04-23 18:48:27] [ERROR] ❌ Error updating name for SKU 1140663691: 'dict' object has no attribute 'append'
[2026-04-23 18:48:27] [ERROR] ❌ Error updating name for SKU 1140663692: 'dict' object has no attribute 'append'
[2026-04-23 18:48:27] [ERROR] ❌ Error updating name for SKU 1140663693: 'dict' object has no attribute 'append'
[2026-04-23 18:48:27] [ERROR] ❌ Error updating name for SKU 1140663694: 'dict' object has no attribute 'append'
[2026-04-23 18:48:27] [ERROR] ❌ Error updating name for SKU 1140663695: 'dict' object has no attribute 'append'
[2026-04-23 18:48:27] [ERROR] ❌ Error updating name for SKU 1140663696: 'dict' object has no attribute 'append'
[2026-04-23 18:48:27] [ERROR] ❌ Error updating name for SKU 1140666042-1: 'dict' object has no attribute 'append'
[2026-04-23 18:48:27] [ERROR] ❌ Error updating name for SKU 1140669239: 'dict' object has no attribute 'append'
[2026-04-23 18:48:27] [ERROR] ❌ Error updating name for SKU 1140671618: 'dict' object has no attribute 'append'
[2026-04-23 18:48:27] [ERROR] ❌ Error updating name for SKU 1140671619: 'dict' object has no attribute 'append'
[2026-04-23 18:48:27] [ERROR] ❌ Error updating name for SKU 1140671620: 'dict' object has no attribute 'append'
[2026-04-23 18:48:27] [ERROR] ❌ Error updating name for SKU 1140671621: 'dict' object has no attribute 'append'
[2026-04-23 18:48:27] [ERROR] ❌ Error updating name for SKU 1140671622: 'dict' object has no attribute 'append'
[2026-04-23 18:48:27] [ERROR] ❌ Error updating name for SKU 1140671623: 'dict' object has no attribute 'append'
[2026-04-23 18:48:27] [ERROR] ❌ Error updating name for SKU 1140671624: 'dict' object has no attribute 'append'
[2026-04-23 18:48:27] [ERROR] ❌ Error updating name for SKU 1140671625: 'dict' object has no attribute 'append'
[2026-04-23 18:48:27] [ERROR] ❌ Error updating name for SKU 1140671627: 'dict' object has no attribute 'append'
[2026-04-23 18:48:27] [ERROR] ❌ Error updating name for SKU 1140671671: 'dict' object has no attribute 'append'
[2026-04-23 18:48:27] [ERROR] ❌ Error updating name for SKU 1140671672: 'dict' object has no attribute 'append'
[2026-04-23 18:48:27] [ERROR] ❌ Error updating name for SKU 1140671673: 'dict' object has no attribute 'append'
[2026-04-23 18:48:27] [ERROR] ❌ Error updating name for SKU 1140671674: 'dict' object has no attribute 'append'
[2026-04-23 18:48:27] [ERROR] ❌ Error updating name for SKU 1140671676: 'dict' object has no attribute 'append'
[2026-04-23 18:48:27] [ERROR] ❌ Error updating name for SKU 1140671677: 'dict' object has no attribute 'append'
[2026-04-23 18:48:27] [ERROR] ❌ Error updating name for SKU 1140672337: 'dict' object has no attribute 'append'
[2026-04-23 18:48:27] [ERROR] ❌ Error updating name for SKU 1140673457: 'dict' object has no attribute 'append'
[2026-04-23 18:48:27] [ERROR] ❌ Error updating name for SKU 1140673460: 'dict' object has no attribute 'append'
[2026-04-23 18:48:27] [ERROR] ❌ Error updating name for SKU 1263409: 'dict' object has no attribute 'append'
[2026-04-23 18:48:27] [ERROR] ❌ Error updating name for SKU 1530: 'dict' object has no attribute 'append'
[2026-04-23 18:48:27] [ERROR] ❌ Error updating name for SKU 1531: 'dict' object has no attribute 'append'
[2026-04-23 18:48:27] [ERROR] ❌ Error updating name for SKU 1532: 'dict' object has no attribute 'append'
[2026-04-23 18:48:27] [ERROR] ❌ Error updating name for SKU 1547: 'dict' object has no attribute 'append'
[2026-04-23 18:48:27] [ERROR] ❌ Error updating name for SKU 1634809: 'dict' object has no attribute 'append'
[2026-04-23 18:48:27] [ERROR] ❌ Error updating name for SKU 1660903: 'dict' object has no attribute 'append'
[2026-04-23 18:48:27] [ERROR] ❌ Error updating name for SKU 1714: 'dict' object has no attribute 'append'
[2026-04-23 18:48:27] [ERROR] ❌ Error updating name for SKU 1715: 'dict' object has no attribute 'append'
[2026-04-23 18:48:27] [ERROR] ❌ Error updating name for SKU 1716: 'dict' object has no attribute 'append'
[2026-04-23 18:48:27] [ERROR] ❌ Error updating name for SKU 1717: 'dict' object has no attribute 'append'
[2026-04-23 18:48:27] [ERROR] ❌ Error updating name for SKU 1738406: 'dict' object has no attribute 'append'
[2026-04-23 18:48:27] [ERROR] ❌ Error updating name for SKU 1738506: 'dict' object has no attribute 'append'
[2026-04-23 18:48:27] [ERROR] ❌ Error updating name for SKU 1738806: 'dict' object has no attribute 'append'
[2026-04-23 18:48:27] [ERROR] ❌ Error updating name for SKU 1739006: 'dict' object has no attribute 'append'
[2026-04-23 18:48:27] [ERROR] ❌ Error updating name for SKU 1739306: 'dict' object has no attribute 'append'
[2026-04-23 18:48:27] [ERROR] ❌ Error updating name for SKU 1739406: 'dict' object has no attribute 'append'
[2026-04-23 18:48:27] [ERROR] ❌ Error updating name for SKU 1739706: 'dict' object has no attribute 'append'
[2026-04-23 18:48:27] [ERROR] ❌ Error updating name for SKU 1739806: 'dict' object has no attribute 'append'
[2026-04-23 18:48:27] [ERROR] ❌ Error updating name for SKU 1740504: 'dict' object has no attribute 'append'
[2026-04-23 18:48:27] [ERROR] ❌ Error updating name for SKU 1758107: 'dict' object has no attribute 'append'
[2026-04-23 18:48:27] [ERROR] ❌ Error updating name for SKU 1761603: 'dict' object has no attribute 'append'
[2026-04-23 18:48:27] [ERROR] ❌ Error updating name for SKU 1761903: 'dict' object has no attribute 'append'
[2026-04-23 18:48:27] [ERROR] ❌ Error updating name for SKU 1818303: 'dict' object has no attribute 'append'
[2026-04-23 18:48:27] [ERROR] ❌ Error updating name for SKU 1828303: 'dict' object has no attribute 'append'
[2026-04-23 18:48:27] [ERROR] ❌ Error updating name for SKU 1828503: 'dict' object has no attribute 'append'
[2026-04-23 18:48:27] [ERROR] ❌ Error updating name for SKU 1829103: 'dict' object has no attribute 'append'
[2026-04-23 18:48:27] [ERROR] ❌ Error updating name for SKU 1829203: 'dict' object has no attribute 'append'
[2026-04-23 18:48:27] [ERROR] ❌ Error updating name for SKU 1829603: 'dict' object has no attribute 'append'
[2026-04-23 18:48:27] [ERROR] ❌ Error updating name for SKU 1858303: 'dict' object has no attribute 'append'
[2026-04-23 18:48:27] [ERROR] ❌ Error updating name for SKU 1942209: 'dict' object has no attribute 'append'
[2026-04-23 18:48:27] [ERROR] ❌ Error updating name for SKU 1942309: 'dict' object has no attribute 'append'
[2026-04-23 18:48:27] [ERROR] ❌ Error updating name for SKU 1956103: 'dict' object has no attribute 'append'
[2026-04-23 18:48:27] [ERROR] ❌ Error updating name for SKU 1966803: 'dict' object has no attribute 'append'
[2026-04-23 18:48:27] [ERROR] ❌ Error updating name for SKU 1967003: 'dict' object has no attribute 'append'
[2026-04-23 18:48:27] [ERROR] ❌ Error updating name for SKU 1977503: 'dict' object has no attribute 'append'
[2026-04-23 18:48:27] [ERROR] ❌ Error updating name for SKU 1985504: 'dict' object has no attribute 'append'
[2026-04-23 18:48:27] [ERROR] ❌ Error updating name for SKU 2: 'dict' object has no attribute 'append'
[2026-04-23 18:48:27] [ERROR] ❌ Error updating name for SKU 2063409: 'dict' object has no attribute 'append'
[2026-04-23 18:48:27] [ERROR] ❌ Error updating name for SKU 2067309: 'dict' object has no attribute 'append'
[2026-04-23 18:48:27] [ERROR] ❌ Error updating name for SKU 2078409: 'dict' object has no attribute 'append'
[2026-04-23 18:48:27] [ERROR] ❌ Error updating name for SKU 2084709: 'dict' object has no attribute 'append'
[2026-04-23 18:48:27] [ERROR] ❌ Error updating name for SKU 2190003: 'dict' object has no attribute 'append'
[2026-04-23 18:48:27] [ERROR] ❌ Error updating name for SKU 2249903: 'dict' object has no attribute 'append'
[2026-04-23 18:48:27] [ERROR] ❌ Error updating name for SKU 2296311: 'dict' object has no attribute 'append'
[2026-04-23 18:48:27] [ERROR] ❌ Error updating name for SKU 2343008: 'dict' object has no attribute 'append'
[2026-04-23 18:48:27] [ERROR] ❌ Error updating name for SKU 2442211: 'dict' object has no attribute 'append'
[2026-04-23 18:48:27] [ERROR] ❌ Error updating name for SKU 2443711: 'dict' object has no attribute 'append'
[2026-04-23 18:48:27] [ERROR] ❌ Error updating name for SKU 2469311: 'dict' object has no attribute 'append'
[2026-04-23 18:48:27] [ERROR] ❌ Error updating name for SKU 2556908: 'dict' object has no attribute 'append'
[2026-04-23 18:48:27] [ERROR] ❌ Error updating name for SKU 2569808: 'dict' object has no attribute 'append'
[2026-04-23 18:48:27] [ERROR] ❌ Error updating name for SKU 2581612: 'dict' object has no attribute 'append'
[2026-04-23 18:48:27] [ERROR] ❌ Error updating name for SKU 2581712: 'dict' object has no attribute 'append'
[2026-04-23 18:48:27] [ERROR] ❌ Error updating name for SKU 2581812: 'dict' object has no attribute 'append'
[2026-04-23 18:48:27] [ERROR] ❌ Error updating name for SKU 2581912: 'dict' object has no attribute 'append'
[2026-04-23 18:48:27] [ERROR] ❌ Error updating name for SKU 2582012: 'dict' object has no attribute 'append'
[2026-04-23 18:48:27] [ERROR] ❌ Error updating name for SKU 2582112: 'dict' object has no attribute 'append'
[2026-04-23 18:48:27] [ERROR] ❌ Error updating name for SKU 2582312: 'dict' object has no attribute 'append'
[2026-04-23 18:48:27] [ERROR] ❌ Error updating name for SKU 2582412: 'dict' object has no attribute 'append'
[2026-04-23 18:48:27] [ERROR] ❌ Error updating name for SKU 2602508: 'dict' object has no attribute 'append'
[2026-04-23 18:48:27] [ERROR] ❌ Error updating name for SKU 2618808: 'dict' object has no attribute 'append'
[2026-04-23 18:48:27] [ERROR] ❌ Error updating name for SKU 2697108: 'dict' object has no attribute 'append'
[2026-04-23 18:48:27] [ERROR] ❌ Error updating name for SKU 2731612: 'dict' object has no attribute 'append'
[2026-04-23 18:48:27] [ERROR] ❌ Error updating name for SKU 3: 'dict' object has no attribute 'append'
[2026-04-23 18:48:27] [ERROR] ❌ Error updating name for SKU 332603: 'dict' object has no attribute 'append'
[2026-04-23 18:48:27] [ERROR] ❌ Error updating name for SKU 340503: 'dict' object has no attribute 'append'
[2026-04-23 18:48:27] [ERROR] ❌ Error updating name for SKU 344: 'dict' object has no attribute 'append'
[2026-04-23 18:48:27] [ERROR] ❌ Error updating name for SKU 4: 'dict' object has no attribute 'append'
[2026-04-23 18:48:27] [ERROR] ❌ Error updating name for SKU 418: 'dict' object has no attribute 'append'
[2026-04-23 18:48:27] [ERROR] ❌ Error updating name for SKU 431: 'dict' object has no attribute 'append'
[2026-04-23 18:48:27] [ERROR] ❌ Error updating name for SKU 432: 'dict' object has no attribute 'append'
[2026-04-23 18:48:27] [ERROR] ❌ Error updating name for SKU 433: 'dict' object has no attribute 'append'
[2026-04-23 18:48:27] [ERROR] ❌ Error updating name for SKU 434: 'dict' object has no attribute 'append'
[2026-04-23 18:48:27] [ERROR] ❌ Error updating name for SKU 435: 'dict' object has no attribute 'append'
[2026-04-23 18:48:27] [INFO] Progress: 0/658 names added
[2026-04-23 18:48:27] [INFO] 
Processing batch 7 (58 products)...
[2026-04-23 18:48:27] [ERROR] ❌ Error updating name for SKU 461704: 'dict' object has no attribute 'append'
[2026-04-23 18:48:27] [ERROR] ❌ Error updating name for SKU 497403: 'dict' object has no attribute 'append'
[2026-04-23 18:48:27] [ERROR] ❌ Error updating name for SKU 540: 'dict' object has no attribute 'append'
[2026-04-23 18:48:27] [ERROR] ❌ Error updating name for SKU 541: 'dict' object has no attribute 'append'
[2026-04-23 18:48:27] [ERROR] ❌ Error updating name for SKU 542: 'dict' object has no attribute 'append'
[2026-04-23 18:48:27] [ERROR] ❌ Error updating name for SKU 543: 'dict' object has no attribute 'append'
[2026-04-23 18:48:27] [ERROR] ❌ Error updating name for SKU 544: 'dict' object has no attribute 'append'
[2026-04-23 18:48:27] [ERROR] ❌ Error updating name for SKU 545: 'dict' object has no attribute 'append'
[2026-04-23 18:48:27] [ERROR] ❌ Error updating name for SKU 546: 'dict' object has no attribute 'append'
[2026-04-23 18:48:27] [ERROR] ❌ Error updating name for SKU 547: 'dict' object has no attribute 'append'
[2026-04-23 18:48:27] [ERROR] ❌ Error updating name for SKU 548: 'dict' object has no attribute 'append'
[2026-04-23 18:48:27] [ERROR] ❌ Error updating name for SKU 549: 'dict' object has no attribute 'append'
[2026-04-23 18:48:27] [ERROR] ❌ Error updating name for SKU 550: 'dict' object has no attribute 'append'
[2026-04-23 18:48:27] [ERROR] ❌ Error updating name for SKU 551: 'dict' object has no attribute 'append'
[2026-04-23 18:48:27] [ERROR] ❌ Error updating name for SKU 629: 'dict' object has no attribute 'append'
[2026-04-23 18:48:27] [ERROR] ❌ Error updating name for SKU 74409: 'dict' object has no attribute 'append'
[2026-04-23 18:48:27] [ERROR] ❌ Error updating name for SKU 914: 'dict' object has no attribute 'append'
[2026-04-23 18:48:27] [ERROR] ❌ Error updating name for SKU 915: 'dict' object has no attribute 'append'
[2026-04-23 18:48:27] [ERROR] ❌ Error updating name for SKU 916: 'dict' object has no attribute 'append'
[2026-04-23 18:48:27] [ERROR] ❌ Error updating name for SKU 917: 'dict' object has no attribute 'append'
[2026-04-23 18:48:27] [ERROR] ❌ Error updating name for SKU B0000001: 'dict' object has no attribute 'append'
[2026-04-23 18:48:27] [ERROR] ❌ Error updating name for SKU B0000002: 'dict' object has no attribute 'append'
[2026-04-23 18:48:27] [ERROR] ❌ Error updating name for SKU B0000003: 'dict' object has no attribute 'append'
[2026-04-23 18:48:27] [ERROR] ❌ Error updating name for SKU B0000004: 'dict' object has no attribute 'append'
[2026-04-23 18:48:27] [ERROR] ❌ Error updating name for SKU B0000005: 'dict' object has no attribute 'append'
[2026-04-23 18:48:27] [ERROR] ❌ Error updating name for SKU B0000006: 'dict' object has no attribute 'append'
[2026-04-23 18:48:27] [ERROR] ❌ Error updating name for SKU B0000007: 'dict' object has no attribute 'append'
[2026-04-23 18:48:27] [ERROR] ❌ Error updating name for SKU B0000008: 'dict' object has no attribute 'append'
[2026-04-23 18:48:27] [ERROR] ❌ Error updating name for SKU B0000009: 'dict' object has no attribute 'append'
[2026-04-23 18:48:27] [ERROR] ❌ Error updating name for SKU B0000010: 'dict' object has no attribute 'append'
[2026-04-23 18:48:27] [ERROR] ❌ Error updating name for SKU B0000011: 'dict' object has no attribute 'append'
[2026-04-23 18:48:27] [ERROR] ❌ Error updating name for SKU B0000012: 'dict' object has no attribute 'append'
[2026-04-23 18:48:27] [ERROR] ❌ Error updating name for SKU B0000013: 'dict' object has no attribute 'append'
[2026-04-23 18:48:27] [ERROR] ❌ Error updating name for SKU B0000014: 'dict' object has no attribute 'append'
[2026-04-23 18:48:27] [ERROR] ❌ Error updating name for SKU B0000015: 'dict' object has no attribute 'append'
[2026-04-23 18:48:27] [ERROR] ❌ Error updating name for SKU B0000016: 'dict' object has no attribute 'append'
[2026-04-23 18:48:27] [ERROR] ❌ Error updating name for SKU B0000017: 'dict' object has no attribute 'append'
[2026-04-23 18:48:27] [ERROR] ❌ Error updating name for SKU B0000018: 'dict' object has no attribute 'append'
[2026-04-23 18:48:27] [ERROR] ❌ Error updating name for SKU B0000019: 'dict' object has no attribute 'append'
[2026-04-23 18:48:27] [ERROR] ❌ Error updating name for SKU B0000020: 'dict' object has no attribute 'append'
[2026-04-23 18:48:27] [ERROR] ❌ Error updating name for SKU B0000021: 'dict' object has no attribute 'append'
[2026-04-23 18:48:27] [ERROR] ❌ Error updating name for SKU B0000022: 'dict' object has no attribute 'append'
[2026-04-23 18:48:27] [ERROR] ❌ Error updating name for SKU B0000023: 'dict' object has no attribute 'append'
[2026-04-23 18:48:27] [ERROR] ❌ Error updating name for SKU B0000024: 'dict' object has no attribute 'append'
[2026-04-23 18:48:27] [ERROR] ❌ Error updating name for SKU B0000025: 'dict' object has no attribute 'append'
[2026-04-23 18:48:27] [ERROR] ❌ Error updating name for SKU B0000026: 'dict' object has no attribute 'append'
[2026-04-23 18:48:27] [ERROR] ❌ Error updating name for SKU B0000027: 'dict' object has no attribute 'append'
[2026-04-23 18:48:27] [ERROR] ❌ Error updating name for SKU B0000028: 'dict' object has no attribute 'append'
[2026-04-23 18:48:27] [ERROR] ❌ Error updating name for SKU B0000029: 'dict' object has no attribute 'append'
[2026-04-23 18:48:27] [ERROR] ❌ Error updating name for SKU B0000030: 'dict' object has no attribute 'append'
[2026-04-23 18:48:27] [ERROR] ❌ Error updating name for SKU B0000031: 'dict' object has no attribute 'append'
[2026-04-23 18:48:27] [ERROR] ❌ Error updating name for SKU B0000032: 'dict' object has no attribute 'append'
[2026-04-23 18:48:27] [ERROR] ❌ Error updating name for SKU B0000033: 'dict' object has no attribute 'append'
[2026-04-23 18:48:27] [ERROR] ❌ Error updating name for SKU B0000034: 'dict' object has no attribute 'append'
[2026-04-23 18:48:27] [ERROR] ❌ Error updating name for SKU B0000035: 'dict' object has no attribute 'append'
[2026-04-23 18:48:27] [ERROR] ❌ Error updating name for SKU B0000036: 'dict' object has no attribute 'append'
[2026-04-23 18:48:27] [ERROR] ❌ Error updating name for SKU B0000037: 'dict' object has no attribute 'append'
[2026-04-23 18:48:27] [ERROR] ❌ Error updating name for SKU G0000001: 'dict' object has no attribute 'append'
[2026-04-23 18:48:27] [INFO] Progress: 0/658 names added
[2026-04-23 18:48:27] [INFO] 
✅ Phase 2A Complete: 0 names added
[2026-04-23 18:48:27] [INFO] 
======================================================================
[2026-04-23 18:48:27] [INFO] PHASE 2B: FIXING MISSING DESCRIPTIONS
[2026-04-23 18:48:27] [INFO] ======================================================================
[2026-04-23 18:48:27] [INFO] Found 375 products without descriptions
[2026-04-23 18:48:27] [INFO] 
Processing batch 1 (100 products)...
[2026-04-23 18:48:27] [ERROR] ❌ Error updating description for SKU 1140607367: 'dict' object has no attribute 'append'
[2026-04-23 18:48:27] [ERROR] ❌ Error updating description for SKU 1140618931: 'dict' object has no attribute 'append'
[2026-04-23 18:48:27] [ERROR] ❌ Error updating description for SKU 111822654: 'dict' object has no attribute 'append'
[2026-04-23 18:48:27] [ERROR] ❌ Error updating description for SKU 1140611666: 'dict' object has no attribute 'append'
[2026-04-23 18:48:27] [ERROR] ❌ Error updating description for SKU 1140611717: 'dict' object has no attribute 'append'
[2026-04-23 18:48:27] [ERROR] ❌ Error updating description for SKU 1140611672: 'dict' object has no attribute 'append'
[2026-04-23 18:48:27] [ERROR] ❌ Error updating description for SKU 1140611684: 'dict' object has no attribute 'append'
[2026-04-23 18:48:27] [ERROR] ❌ Error updating description for SKU 1140611716: 'dict' object has no attribute 'append'
[2026-04-23 18:48:27] [ERROR] ❌ Error updating description for SKU 1140611665: 'dict' object has no attribute 'append'
[2026-04-23 18:48:27] [ERROR] ❌ Error updating description for SKU 333109: 'dict' object has no attribute 'append'
[2026-04-23 18:48:27] [ERROR] ❌ Error updating description for SKU 102909: 'dict' object has no attribute 'append'
[2026-04-23 18:48:27] [ERROR] ❌ Error updating description for SKU 1649409: 'dict' object has no attribute 'append'
[2026-04-23 18:48:27] [ERROR] ❌ Error updating description for SKU 1140611715: 'dict' object has no attribute 'append'
[2026-04-23 18:48:27] [ERROR] ❌ Error updating description for SKU 1140611664: 'dict' object has no attribute 'append'
[2026-04-23 18:48:27] [ERROR] ❌ Error updating description for SKU 2094509: 'dict' object has no attribute 'append'
[2026-04-23 18:48:27] [ERROR] ❌ Error updating description for SKU 2094409: 'dict' object has no attribute 'append'
[2026-04-23 18:48:27] [ERROR] ❌ Error updating description for SKU 1799307: 'dict' object has no attribute 'append'
[2026-04-23 18:48:27] [ERROR] ❌ Error updating description for SKU 1140622187: 'dict' object has no attribute 'append'
[2026-04-23 18:48:27] [ERROR] ❌ Error updating description for SKU 1140622006: 'dict' object has no attribute 'append'
[2026-04-23 18:48:27] [ERROR] ❌ Error updating description for SKU 1140622007: 'dict' object has no attribute 'append'
[2026-04-23 18:48:27] [ERROR] ❌ Error updating description for SKU 1140622008: 'dict' object has no attribute 'append'
[2026-04-23 18:48:27] [ERROR] ❌ Error updating description for SKU 1140622009: 'dict' object has no attribute 'append'
[2026-04-23 18:48:27] [ERROR] ❌ Error updating description for SKU 1140622010: 'dict' object has no attribute 'append'
[2026-04-23 18:48:27] [ERROR] ❌ Error updating description for SKU 1140622011: 'dict' object has no attribute 'append'
[2026-04-23 18:48:27] [ERROR] ❌ Error updating description for SKU 1794907: 'dict' object has no attribute 'append'
[2026-04-23 18:48:27] [ERROR] ❌ Error updating description for SKU 1140595931: 'dict' object has no attribute 'append'
[2026-04-23 18:48:27] [ERROR] ❌ Error updating description for SKU 1140630840: 'dict' object has no attribute 'append'
[2026-04-23 18:48:27] [ERROR] ❌ Error updating description for SKU 577: 'dict' object has no attribute 'append'
[2026-04-23 18:48:27] [ERROR] ❌ Error updating description for SKU 111823477: 'dict' object has no attribute 'append'
[2026-04-23 18:48:27] [ERROR] ❌ Error updating description for SKU 111823478: 'dict' object has no attribute 'append'
[2026-04-23 18:48:27] [ERROR] ❌ Error updating description for SKU 111823475: 'dict' object has no attribute 'append'
[2026-04-23 18:48:27] [ERROR] ❌ Error updating description for SKU 111823474: 'dict' object has no attribute 'append'
[2026-04-23 18:48:27] [ERROR] ❌ Error updating description for SKU 1140621304: 'dict' object has no attribute 'append'
[2026-04-23 18:48:27] [ERROR] ❌ Error updating description for SKU 1140621305: 'dict' object has no attribute 'append'
[2026-04-23 18:48:27] [ERROR] ❌ Error updating description for SKU 1140621306: 'dict' object has no attribute 'append'
[2026-04-23 18:48:27] [ERROR] ❌ Error updating description for SKU 1140621307: 'dict' object has no attribute 'append'
[2026-04-23 18:48:27] [ERROR] ❌ Error updating description for SKU 1140621308: 'dict' object has no attribute 'append'
[2026-04-23 18:48:27] [ERROR] ❌ Error updating description for SKU 1140621309: 'dict' object has no attribute 'append'
[2026-04-23 18:48:27] [ERROR] ❌ Error updating description for SKU 1140632700: 'dict' object has no attribute 'append'
[2026-04-23 18:48:27] [ERROR] ❌ Error updating description for SKU 1140632701: 'dict' object has no attribute 'append'
[2026-04-23 18:48:27] [ERROR] ❌ Error updating description for SKU 1140632702: 'dict' object has no attribute 'append'
[2026-04-23 18:48:27] [ERROR] ❌ Error updating description for SKU 339403: 'dict' object has no attribute 'append'
[2026-04-23 18:48:27] [ERROR] ❌ Error updating description for SKU 1140630688: 'dict' object has no attribute 'append'
[2026-04-23 18:48:27] [ERROR] ❌ Error updating description for SKU 1140630687: 'dict' object has no attribute 'append'
[2026-04-23 18:48:27] [ERROR] ❌ Error updating description for SKU 1140630686: 'dict' object has no attribute 'append'
[2026-04-23 18:48:27] [ERROR] ❌ Error updating description for SKU 1140630685: 'dict' object has no attribute 'append'
[2026-04-23 18:48:27] [ERROR] ❌ Error updating description for SKU 1140634389: 'dict' object has no attribute 'append'
[2026-04-23 18:48:27] [ERROR] ❌ Error updating description for SKU 1140634390: 'dict' object has no attribute 'append'
[2026-04-23 18:48:27] [ERROR] ❌ Error updating description for SKU 1140634863: 'dict' object has no attribute 'append'
[2026-04-23 18:48:27] [ERROR] ❌ Error updating description for SKU 2503312: 'dict' object has no attribute 'append'
[2026-04-23 18:48:27] [ERROR] ❌ Error updating description for SKU 1140630591: 'dict' object has no attribute 'append'
[2026-04-23 18:48:27] [ERROR] ❌ Error updating description for SKU 1140649410: 'dict' object has no attribute 'append'
[2026-04-23 18:48:27] [ERROR] ❌ Error updating description for SKU 1140649411: 'dict' object has no attribute 'append'
[2026-04-23 18:48:27] [ERROR] ❌ Error updating description for SKU 001: 'dict' object has no attribute 'append'
[2026-04-23 18:48:27] [ERROR] ❌ Error updating description for SKU 1140651327: 'dict' object has no attribute 'append'
[2026-04-23 18:48:27] [ERROR] ❌ Error updating description for SKU 1140651328: 'dict' object has no attribute 'append'
[2026-04-23 18:48:27] [ERROR] ❌ Error updating description for SKU 1140651329: 'dict' object has no attribute 'append'
[2026-04-23 18:48:27] [ERROR] ❌ Error updating description for SKU 1140651330: 'dict' object has no attribute 'append'
[2026-04-23 18:48:27] [ERROR] ❌ Error updating description for SKU 1140651337: 'dict' object has no attribute 'append'
[2026-04-23 18:48:27] [ERROR] ❌ Error updating description for SKU 1140651338: 'dict' object has no attribute 'append'
[2026-04-23 18:48:27] [ERROR] ❌ Error updating description for SKU 1140651767: 'dict' object has no attribute 'append'
[2026-04-23 18:48:27] [ERROR] ❌ Error updating description for SKU 1140651768: 'dict' object has no attribute 'append'
[2026-04-23 18:48:27] [ERROR] ❌ Error updating description for SKU 1140651769: 'dict' object has no attribute 'append'
[2026-04-23 18:48:27] [ERROR] ❌ Error updating description for SKU 1140651770: 'dict' object has no attribute 'append'
[2026-04-23 18:48:27] [ERROR] ❌ Error updating description for SKU 1140651771: 'dict' object has no attribute 'append'
[2026-04-23 18:48:27] [ERROR] ❌ Error updating description for SKU 1140651791: 'dict' object has no attribute 'append'
[2026-04-23 18:48:27] [ERROR] ❌ Error updating description for SKU 1140651821: 'dict' object has no attribute 'append'
[2026-04-23 18:48:27] [ERROR] ❌ Error updating description for SKU 1140651822: 'dict' object has no attribute 'append'
[2026-04-23 18:48:27] [ERROR] ❌ Error updating description for SKU 1140651823: 'dict' object has no attribute 'append'
[2026-04-23 18:48:27] [ERROR] ❌ Error updating description for SKU 1140651824: 'dict' object has no attribute 'append'
[2026-04-23 18:48:27] [ERROR] ❌ Error updating description for SKU 1140651825: 'dict' object has no attribute 'append'
[2026-04-23 18:48:27] [ERROR] ❌ Error updating description for SKU 1140651826: 'dict' object has no attribute 'append'
[2026-04-23 18:48:27] [ERROR] ❌ Error updating description for SKU 1140654664: 'dict' object has no attribute 'append'
[2026-04-23 18:48:27] [ERROR] ❌ Error updating description for SKU 1140654856: 'dict' object has no attribute 'append'
[2026-04-23 18:48:27] [ERROR] ❌ Error updating description for SKU 1140657118: 'dict' object has no attribute 'append'
[2026-04-23 18:48:27] [ERROR] ❌ Error updating description for SKU 1140657122: 'dict' object has no attribute 'append'
[2026-04-23 18:48:27] [ERROR] ❌ Error updating description for SKU 1140657868: 'dict' object has no attribute 'append'
[2026-04-23 18:48:27] [ERROR] ❌ Error updating description for SKU 1140657869: 'dict' object has no attribute 'append'
[2026-04-23 18:48:27] [ERROR] ❌ Error updating description for SKU 1140657870: 'dict' object has no attribute 'append'
[2026-04-23 18:48:27] [ERROR] ❌ Error updating description for SKU 1140657871: 'dict' object has no attribute 'append'
[2026-04-23 18:48:27] [ERROR] ❌ Error updating description for SKU 1140657873: 'dict' object has no attribute 'append'
[2026-04-23 18:48:27] [ERROR] ❌ Error updating description for SKU 1140657874: 'dict' object has no attribute 'append'
[2026-04-23 18:48:27] [ERROR] ❌ Error updating description for SKU 1140657876: 'dict' object has no attribute 'append'
[2026-04-23 18:48:27] [ERROR] ❌ Error updating description for SKU 1140657880: 'dict' object has no attribute 'append'
[2026-04-23 18:48:27] [ERROR] ❌ Error updating description for SKU 1140658024: 'dict' object has no attribute 'append'
[2026-04-23 18:48:27] [ERROR] ❌ Error updating description for SKU 1140658027: 'dict' object has no attribute 'append'
[2026-04-23 18:48:27] [ERROR] ❌ Error updating description for SKU 1140658047: 'dict' object has no attribute 'append'
[2026-04-23 18:48:27] [ERROR] ❌ Error updating description for SKU 1140658054: 'dict' object has no attribute 'append'
[2026-04-23 18:48:27] [ERROR] ❌ Error updating description for SKU 1140658982: 'dict' object has no attribute 'append'
[2026-04-23 18:48:27] [ERROR] ❌ Error updating description for SKU 1140658983: 'dict' object has no attribute 'append'
[2026-04-23 18:48:27] [ERROR] ❌ Error updating description for SKU 1140658984: 'dict' object has no attribute 'append'
[2026-04-23 18:48:27] [ERROR] ❌ Error updating description for SKU 1140658985: 'dict' object has no attribute 'append'
[2026-04-23 18:48:27] [ERROR] ❌ Error updating description for SKU 1140659096: 'dict' object has no attribute 'append'
[2026-04-23 18:48:27] [ERROR] ❌ Error updating description for SKU 1140659097: 'dict' object has no attribute 'append'
[2026-04-23 18:48:27] [ERROR] ❌ Error updating description for SKU 1140659098: 'dict' object has no attribute 'append'
[2026-04-23 18:48:27] [ERROR] ❌ Error updating description for SKU 1140659100: 'dict' object has no attribute 'append'
[2026-04-23 18:48:27] [ERROR] ❌ Error updating description for SKU 1140659101: 'dict' object has no attribute 'append'
[2026-04-23 18:48:27] [ERROR] ❌ Error updating description for SKU 1140659102: 'dict' object has no attribute 'append'
[2026-04-23 18:48:27] [ERROR] ❌ Error updating description for SKU 1140659103: 'dict' object has no attribute 'append'
[2026-04-23 18:48:27] [ERROR] ❌ Error updating description for SKU 1140659104: 'dict' object has no attribute 'append'
[2026-04-23 18:48:27] [INFO] Progress: 0/375 descriptions added
[2026-04-23 18:48:27] [INFO] 
Processing batch 2 (100 products)...
[2026-04-23 18:48:27] [ERROR] ❌ Error updating description for SKU 1140659105: 'dict' object has no attribute 'append'
[2026-04-23 18:48:27] [ERROR] ❌ Error updating description for SKU 1140659112: 'dict' object has no attribute 'append'
[2026-04-23 18:48:27] [ERROR] ❌ Error updating description for SKU 1140659416: 'dict' object has no attribute 'append'
[2026-04-23 18:48:27] [ERROR] ❌ Error updating description for SKU 1140659420: 'dict' object has no attribute 'append'
[2026-04-23 18:48:27] [ERROR] ❌ Error updating description for SKU 1140659421: 'dict' object has no attribute 'append'
[2026-04-23 18:48:27] [ERROR] ❌ Error updating description for SKU 1140659604: 'dict' object has no attribute 'append'
[2026-04-23 18:48:27] [ERROR] ❌ Error updating description for SKU 1140659608: 'dict' object has no attribute 'append'
[2026-04-23 18:48:27] [ERROR] ❌ Error updating description for SKU 1140659611: 'dict' object has no attribute 'append'
[2026-04-23 18:48:27] [ERROR] ❌ Error updating description for SKU 1140659612: 'dict' object has no attribute 'append'
[2026-04-23 18:48:27] [ERROR] ❌ Error updating description for SKU 1140659614: 'dict' object has no attribute 'append'
[2026-04-23 18:48:27] [ERROR] ❌ Error updating description for SKU 1140659615: 'dict' object has no attribute 'append'
[2026-04-23 18:48:27] [ERROR] ❌ Error updating description for SKU 1140659653: 'dict' object has no attribute 'append'
[2026-04-23 18:48:27] [ERROR] ❌ Error updating description for SKU 1140659654: 'dict' object has no attribute 'append'
[2026-04-23 18:48:27] [ERROR] ❌ Error updating description for SKU 1140659656: 'dict' object has no attribute 'append'
[2026-04-23 18:48:27] [ERROR] ❌ Error updating description for SKU 1140660066: 'dict' object has no attribute 'append'
[2026-04-23 18:48:27] [ERROR] ❌ Error updating description for SKU 1140660069: 'dict' object has no attribute 'append'
[2026-04-23 18:48:27] [ERROR] ❌ Error updating description for SKU 1140660070: 'dict' object has no attribute 'append'
[2026-04-23 18:48:27] [ERROR] ❌ Error updating description for SKU 1140660073: 'dict' object has no attribute 'append'
[2026-04-23 18:48:27] [ERROR] ❌ Error updating description for SKU 1140660080: 'dict' object has no attribute 'append'
[2026-04-23 18:48:27] [ERROR] ❌ Error updating description for SKU 1140660084: 'dict' object has no attribute 'append'
[2026-04-23 18:48:27] [ERROR] ❌ Error updating description for SKU 1140660094: 'dict' object has no attribute 'append'
[2026-04-23 18:48:27] [ERROR] ❌ Error updating description for SKU 1140660097: 'dict' object has no attribute 'append'
[2026-04-23 18:48:27] [ERROR] ❌ Error updating description for SKU 1140660098: 'dict' object has no attribute 'append'
[2026-04-23 18:48:27] [ERROR] ❌ Error updating description for SKU 1140660099: 'dict' object has no attribute 'append'
[2026-04-23 18:48:27] [ERROR] ❌ Error updating description for SKU 1140660100: 'dict' object has no attribute 'append'
[2026-04-23 18:48:27] [ERROR] ❌ Error updating description for SKU 1140660130: 'dict' object has no attribute 'append'
[2026-04-23 18:48:27] [ERROR] ❌ Error updating description for SKU 1140660259: 'dict' object has no attribute 'append'
[2026-04-23 18:48:27] [ERROR] ❌ Error updating description for SKU 1140660260: 'dict' object has no attribute 'append'
[2026-04-23 18:48:27] [ERROR] ❌ Error updating description for SKU 1140660411: 'dict' object has no attribute 'append'
[2026-04-23 18:48:27] [ERROR] ❌ Error updating description for SKU 1140660631: 'dict' object has no attribute 'append'
[2026-04-23 18:48:27] [ERROR] ❌ Error updating description for SKU 1140660652: 'dict' object has no attribute 'append'
[2026-04-23 18:48:27] [ERROR] ❌ Error updating description for SKU 1140660653: 'dict' object has no attribute 'append'
[2026-04-23 18:48:27] [ERROR] ❌ Error updating description for SKU 1140660654: 'dict' object has no attribute 'append'
[2026-04-23 18:48:27] [ERROR] ❌ Error updating description for SKU 1140660663: 'dict' object has no attribute 'append'
[2026-04-23 18:48:27] [ERROR] ❌ Error updating description for SKU 1140660664: 'dict' object has no attribute 'append'
[2026-04-23 18:48:27] [ERROR] ❌ Error updating description for SKU 1140660665: 'dict' object has no attribute 'append'
[2026-04-23 18:48:27] [ERROR] ❌ Error updating description for SKU 1140660675: 'dict' object has no attribute 'append'
[2026-04-23 18:48:27] [ERROR] ❌ Error updating description for SKU 1140660679: 'dict' object has no attribute 'append'
[2026-04-23 18:48:27] [ERROR] ❌ Error updating description for SKU 1140660680: 'dict' object has no attribute 'append'
[2026-04-23 18:48:27] [ERROR] ❌ Error updating description for SKU 1140660681: 'dict' object has no attribute 'append'
[2026-04-23 18:48:27] [ERROR] ❌ Error updating description for SKU 1140660682: 'dict' object has no attribute 'append'
[2026-04-23 18:48:27] [ERROR] ❌ Error updating description for SKU 1140660695: 'dict' object has no attribute 'append'
[2026-04-23 18:48:27] [ERROR] ❌ Error updating description for SKU 1140660702: 'dict' object has no attribute 'append'
[2026-04-23 18:48:27] [ERROR] ❌ Error updating description for SKU 1140660704: 'dict' object has no attribute 'append'
[2026-04-23 18:48:27] [ERROR] ❌ Error updating description for SKU 1140660705: 'dict' object has no attribute 'append'
[2026-04-23 18:48:27] [ERROR] ❌ Error updating description for SKU 1140660706: 'dict' object has no attribute 'append'
[2026-04-23 18:48:27] [ERROR] ❌ Error updating description for SKU 1140660707: 'dict' object has no attribute 'append'
[2026-04-23 18:48:27] [ERROR] ❌ Error updating description for SKU 1140660708: 'dict' object has no attribute 'append'
[2026-04-23 18:48:27] [ERROR] ❌ Error updating description for SKU 1140660710: 'dict' object has no attribute 'append'
[2026-04-23 18:48:27] [ERROR] ❌ Error updating description for SKU 1140660834: 'dict' object has no attribute 'append'
[2026-04-23 18:48:27] [ERROR] ❌ Error updating description for SKU 1140660901: 'dict' object has no attribute 'append'
[2026-04-23 18:48:27] [ERROR] ❌ Error updating description for SKU 1140660926: 'dict' object has no attribute 'append'
[2026-04-23 18:48:27] [ERROR] ❌ Error updating description for SKU 1140660952: 'dict' object has no attribute 'append'
[2026-04-23 18:48:27] [ERROR] ❌ Error updating description for SKU 1140660953: 'dict' object has no attribute 'append'
[2026-04-23 18:48:27] [ERROR] ❌ Error updating description for SKU 1140660954: 'dict' object has no attribute 'append'
[2026-04-23 18:48:27] [ERROR] ❌ Error updating description for SKU 1140660956: 'dict' object has no attribute 'append'
[2026-04-23 18:48:27] [ERROR] ❌ Error updating description for SKU 1140661010: 'dict' object has no attribute 'append'
[2026-04-23 18:48:27] [ERROR] ❌ Error updating description for SKU 1140661241: 'dict' object has no attribute 'append'
[2026-04-23 18:48:27] [ERROR] ❌ Error updating description for SKU 1140661242: 'dict' object has no attribute 'append'
[2026-04-23 18:48:27] [ERROR] ❌ Error updating description for SKU 1140661243: 'dict' object has no attribute 'append'
[2026-04-23 18:48:27] [ERROR] ❌ Error updating description for SKU 1140661245: 'dict' object has no attribute 'append'
[2026-04-23 18:48:27] [ERROR] ❌ Error updating description for SKU 1140661251: 'dict' object has no attribute 'append'
[2026-04-23 18:48:27] [ERROR] ❌ Error updating description for SKU 1140661252: 'dict' object has no attribute 'append'
[2026-04-23 18:48:27] [ERROR] ❌ Error updating description for SKU 1140661253: 'dict' object has no attribute 'append'
[2026-04-23 18:48:27] [ERROR] ❌ Error updating description for SKU 1140661254: 'dict' object has no attribute 'append'
[2026-04-23 18:48:27] [ERROR] ❌ Error updating description for SKU 1140661255: 'dict' object has no attribute 'append'
[2026-04-23 18:48:27] [ERROR] ❌ Error updating description for SKU 1140661256: 'dict' object has no attribute 'append'
[2026-04-23 18:48:27] [ERROR] ❌ Error updating description for SKU 1140661257: 'dict' object has no attribute 'append'
[2026-04-23 18:48:27] [ERROR] ❌ Error updating description for SKU 1140661264: 'dict' object has no attribute 'append'
[2026-04-23 18:48:27] [ERROR] ❌ Error updating description for SKU 1140661265: 'dict' object has no attribute 'append'
[2026-04-23 18:48:27] [ERROR] ❌ Error updating description for SKU 1140661350: 'dict' object has no attribute 'append'
[2026-04-23 18:48:27] [ERROR] ❌ Error updating description for SKU 1140661351: 'dict' object has no attribute 'append'
[2026-04-23 18:48:27] [ERROR] ❌ Error updating description for SKU 1140661352: 'dict' object has no attribute 'append'
[2026-04-23 18:48:27] [ERROR] ❌ Error updating description for SKU 1140661353: 'dict' object has no attribute 'append'
[2026-04-23 18:48:27] [ERROR] ❌ Error updating description for SKU 1140661354: 'dict' object has no attribute 'append'
[2026-04-23 18:48:27] [ERROR] ❌ Error updating description for SKU 1140661355: 'dict' object has no attribute 'append'
[2026-04-23 18:48:27] [ERROR] ❌ Error updating description for SKU 1140661356: 'dict' object has no attribute 'append'
[2026-04-23 18:48:27] [ERROR] ❌ Error updating description for SKU 1140661357: 'dict' object has no attribute 'append'
[2026-04-23 18:48:27] [ERROR] ❌ Error updating description for SKU 1140661358: 'dict' object has no attribute 'append'
[2026-04-23 18:48:27] [ERROR] ❌ Error updating description for SKU 1140661359: 'dict' object has no attribute 'append'
[2026-04-23 18:48:27] [ERROR] ❌ Error updating description for SKU 1140661360: 'dict' object has no attribute 'append'
[2026-04-23 18:48:27] [ERROR] ❌ Error updating description for SKU 1140661361: 'dict' object has no attribute 'append'
[2026-04-23 18:48:27] [ERROR] ❌ Error updating description for SKU 1140661362: 'dict' object has no attribute 'append'
[2026-04-23 18:48:27] [ERROR] ❌ Error updating description for SKU 1140661363: 'dict' object has no attribute 'append'
[2026-04-23 18:48:27] [ERROR] ❌ Error updating description for SKU 1140661820: 'dict' object has no attribute 'append'
[2026-04-23 18:48:27] [ERROR] ❌ Error updating description for SKU 1140661821: 'dict' object has no attribute 'append'
[2026-04-23 18:48:27] [ERROR] ❌ Error updating description for SKU 1140661901: 'dict' object has no attribute 'append'
[2026-04-23 18:48:27] [ERROR] ❌ Error updating description for SKU 1140661903: 'dict' object has no attribute 'append'
[2026-04-23 18:48:27] [ERROR] ❌ Error updating description for SKU 1140661905: 'dict' object has no attribute 'append'
[2026-04-23 18:48:27] [ERROR] ❌ Error updating description for SKU 1140661906: 'dict' object has no attribute 'append'
[2026-04-23 18:48:27] [ERROR] ❌ Error updating description for SKU 1140661907: 'dict' object has no attribute 'append'
[2026-04-23 18:48:27] [ERROR] ❌ Error updating description for SKU 1140661924: 'dict' object has no attribute 'append'
[2026-04-23 18:48:27] [ERROR] ❌ Error updating description for SKU 1140661925: 'dict' object has no attribute 'append'
[2026-04-23 18:48:27] [ERROR] ❌ Error updating description for SKU 1140661926: 'dict' object has no attribute 'append'
[2026-04-23 18:48:27] [ERROR] ❌ Error updating description for SKU 1140662181: 'dict' object has no attribute 'append'
[2026-04-23 18:48:27] [ERROR] ❌ Error updating description for SKU 1140662187: 'dict' object has no attribute 'append'
[2026-04-23 18:48:27] [ERROR] ❌ Error updating description for SKU 1140662420: 'dict' object has no attribute 'append'
[2026-04-23 18:48:27] [ERROR] ❌ Error updating description for SKU 1140662422: 'dict' object has no attribute 'append'
[2026-04-23 18:48:27] [ERROR] ❌ Error updating description for SKU 1140662423: 'dict' object has no attribute 'append'
[2026-04-23 18:48:27] [ERROR] ❌ Error updating description for SKU 1140662424: 'dict' object has no attribute 'append'
[2026-04-23 18:48:27] [INFO] Progress: 0/375 descriptions added
[2026-04-23 18:48:27] [INFO] 
Processing batch 3 (100 products)...
[2026-04-23 18:48:27] [ERROR] ❌ Error updating description for SKU 1140662425: 'dict' object has no attribute 'append'
[2026-04-23 18:48:27] [ERROR] ❌ Error updating description for SKU 1140662426: 'dict' object has no attribute 'append'
[2026-04-23 18:48:27] [ERROR] ❌ Error updating description for SKU 1140662427: 'dict' object has no attribute 'append'
[2026-04-23 18:48:27] [ERROR] ❌ Error updating description for SKU 1140662428: 'dict' object has no attribute 'append'
[2026-04-23 18:48:27] [ERROR] ❌ Error updating description for SKU 1140663678: 'dict' object has no attribute 'append'
[2026-04-23 18:48:27] [ERROR] ❌ Error updating description for SKU 1140663679: 'dict' object has no attribute 'append'
[2026-04-23 18:48:27] [ERROR] ❌ Error updating description for SKU 1140663680: 'dict' object has no attribute 'append'
[2026-04-23 18:48:27] [ERROR] ❌ Error updating description for SKU 1140663681: 'dict' object has no attribute 'append'
[2026-04-23 18:48:27] [ERROR] ❌ Error updating description for SKU 1140663682: 'dict' object has no attribute 'append'
[2026-04-23 18:48:27] [ERROR] ❌ Error updating description for SKU 1140663683: 'dict' object has no attribute 'append'
[2026-04-23 18:48:27] [ERROR] ❌ Error updating description for SKU 1140663684: 'dict' object has no attribute 'append'
[2026-04-23 18:48:27] [ERROR] ❌ Error updating description for SKU 1140663685: 'dict' object has no attribute 'append'
[2026-04-23 18:48:27] [ERROR] ❌ Error updating description for SKU 1140663686: 'dict' object has no attribute 'append'
[2026-04-23 18:48:27] [ERROR] ❌ Error updating description for SKU 1140663687: 'dict' object has no attribute 'append'
[2026-04-23 18:48:27] [ERROR] ❌ Error updating description for SKU 1140663688: 'dict' object has no attribute 'append'
[2026-04-23 18:48:27] [ERROR] ❌ Error updating description for SKU 1140663689: 'dict' object has no attribute 'append'
[2026-04-23 18:48:27] [ERROR] ❌ Error updating description for SKU 1140663690: 'dict' object has no attribute 'append'
[2026-04-23 18:48:27] [ERROR] ❌ Error updating description for SKU 1140663691: 'dict' object has no attribute 'append'
[2026-04-23 18:48:27] [ERROR] ❌ Error updating description for SKU 1140663692: 'dict' object has no attribute 'append'
[2026-04-23 18:48:27] [ERROR] ❌ Error updating description for SKU 1140663693: 'dict' object has no attribute 'append'
[2026-04-23 18:48:27] [ERROR] ❌ Error updating description for SKU 1140663694: 'dict' object has no attribute 'append'
[2026-04-23 18:48:27] [ERROR] ❌ Error updating description for SKU 1140663695: 'dict' object has no attribute 'append'
[2026-04-23 18:48:27] [ERROR] ❌ Error updating description for SKU 1140663696: 'dict' object has no attribute 'append'
[2026-04-23 18:48:27] [ERROR] ❌ Error updating description for SKU 1140666042-1: 'dict' object has no attribute 'append'
[2026-04-23 18:48:27] [ERROR] ❌ Error updating description for SKU 1140669239: 'dict' object has no attribute 'append'
[2026-04-23 18:48:27] [ERROR] ❌ Error updating description for SKU 1140671618: 'dict' object has no attribute 'append'
[2026-04-23 18:48:27] [ERROR] ❌ Error updating description for SKU 1140671619: 'dict' object has no attribute 'append'
[2026-04-23 18:48:27] [ERROR] ❌ Error updating description for SKU 1140671620: 'dict' object has no attribute 'append'
[2026-04-23 18:48:27] [ERROR] ❌ Error updating description for SKU 1140671621: 'dict' object has no attribute 'append'
[2026-04-23 18:48:27] [ERROR] ❌ Error updating description for SKU 1140671622: 'dict' object has no attribute 'append'
[2026-04-23 18:48:27] [ERROR] ❌ Error updating description for SKU 1140671623: 'dict' object has no attribute 'append'
[2026-04-23 18:48:27] [ERROR] ❌ Error updating description for SKU 1140671624: 'dict' object has no attribute 'append'
[2026-04-23 18:48:27] [ERROR] ❌ Error updating description for SKU 1140671625: 'dict' object has no attribute 'append'
[2026-04-23 18:48:27] [ERROR] ❌ Error updating description for SKU 1140671627: 'dict' object has no attribute 'append'
[2026-04-23 18:48:27] [ERROR] ❌ Error updating description for SKU 1140671671: 'dict' object has no attribute 'append'
[2026-04-23 18:48:27] [ERROR] ❌ Error updating description for SKU 1140671672: 'dict' object has no attribute 'append'
[2026-04-23 18:48:27] [ERROR] ❌ Error updating description for SKU 1140671673: 'dict' object has no attribute 'append'
[2026-04-23 18:48:27] [ERROR] ❌ Error updating description for SKU 1140671674: 'dict' object has no attribute 'append'
[2026-04-23 18:48:27] [ERROR] ❌ Error updating description for SKU 1140671676: 'dict' object has no attribute 'append'
[2026-04-23 18:48:27] [ERROR] ❌ Error updating description for SKU 1140671677: 'dict' object has no attribute 'append'
[2026-04-23 18:48:27] [ERROR] ❌ Error updating description for SKU 1140672337: 'dict' object has no attribute 'append'
[2026-04-23 18:48:27] [ERROR] ❌ Error updating description for SKU 1140673457: 'dict' object has no attribute 'append'
[2026-04-23 18:48:27] [ERROR] ❌ Error updating description for SKU 1140673460: 'dict' object has no attribute 'append'
[2026-04-23 18:48:27] [ERROR] ❌ Error updating description for SKU 1263409: 'dict' object has no attribute 'append'
[2026-04-23 18:48:27] [ERROR] ❌ Error updating description for SKU 1530: 'dict' object has no attribute 'append'
[2026-04-23 18:48:27] [ERROR] ❌ Error updating description for SKU 1531: 'dict' object has no attribute 'append'
[2026-04-23 18:48:27] [ERROR] ❌ Error updating description for SKU 1532: 'dict' object has no attribute 'append'
[2026-04-23 18:48:27] [ERROR] ❌ Error updating description for SKU 1547: 'dict' object has no attribute 'append'
[2026-04-23 18:48:27] [ERROR] ❌ Error updating description for SKU 1634809: 'dict' object has no attribute 'append'
[2026-04-23 18:48:27] [ERROR] ❌ Error updating description for SKU 1660903: 'dict' object has no attribute 'append'
[2026-04-23 18:48:27] [ERROR] ❌ Error updating description for SKU 1714: 'dict' object has no attribute 'append'
[2026-04-23 18:48:27] [ERROR] ❌ Error updating description for SKU 1715: 'dict' object has no attribute 'append'
[2026-04-23 18:48:27] [ERROR] ❌ Error updating description for SKU 1716: 'dict' object has no attribute 'append'
[2026-04-23 18:48:27] [ERROR] ❌ Error updating description for SKU 1717: 'dict' object has no attribute 'append'
[2026-04-23 18:48:27] [ERROR] ❌ Error updating description for SKU 1738406: 'dict' object has no attribute 'append'
[2026-04-23 18:48:27] [ERROR] ❌ Error updating description for SKU 1738506: 'dict' object has no attribute 'append'
[2026-04-23 18:48:27] [ERROR] ❌ Error updating description for SKU 1738806: 'dict' object has no attribute 'append'
[2026-04-23 18:48:27] [ERROR] ❌ Error updating description for SKU 1739006: 'dict' object has no attribute 'append'
[2026-04-23 18:48:27] [ERROR] ❌ Error updating description for SKU 1739306: 'dict' object has no attribute 'append'
[2026-04-23 18:48:27] [ERROR] ❌ Error updating description for SKU 1739406: 'dict' object has no attribute 'append'
[2026-04-23 18:48:27] [ERROR] ❌ Error updating description for SKU 1739706: 'dict' object has no attribute 'append'
[2026-04-23 18:48:27] [ERROR] ❌ Error updating description for SKU 1739806: 'dict' object has no attribute 'append'
[2026-04-23 18:48:27] [ERROR] ❌ Error updating description for SKU 1740504: 'dict' object has no attribute 'append'
[2026-04-23 18:48:27] [ERROR] ❌ Error updating description for SKU 1758107: 'dict' object has no attribute 'append'
[2026-04-23 18:48:27] [ERROR] ❌ Error updating description for SKU 1761603: 'dict' object has no attribute 'append'
[2026-04-23 18:48:27] [ERROR] ❌ Error updating description for SKU 1761903: 'dict' object has no attribute 'append'
[2026-04-23 18:48:27] [ERROR] ❌ Error updating description for SKU 1818303: 'dict' object has no attribute 'append'
[2026-04-23 18:48:27] [ERROR] ❌ Error updating description for SKU 1828303: 'dict' object has no attribute 'append'
[2026-04-23 18:48:27] [ERROR] ❌ Error updating description for SKU 1828503: 'dict' object has no attribute 'append'
[2026-04-23 18:48:27] [ERROR] ❌ Error updating description for SKU 1829103: 'dict' object has no attribute 'append'
[2026-04-23 18:48:27] [ERROR] ❌ Error updating description for SKU 1829203: 'dict' object has no attribute 'append'
[2026-04-23 18:48:27] [ERROR] ❌ Error updating description for SKU 1829603: 'dict' object has no attribute 'append'
[2026-04-23 18:48:27] [ERROR] ❌ Error updating description for SKU 1858303: 'dict' object has no attribute 'append'
[2026-04-23 18:48:27] [ERROR] ❌ Error updating description for SKU 1942209: 'dict' object has no attribute 'append'
[2026-04-23 18:48:27] [ERROR] ❌ Error updating description for SKU 1942309: 'dict' object has no attribute 'append'
[2026-04-23 18:48:27] [ERROR] ❌ Error updating description for SKU 1956103: 'dict' object has no attribute 'append'
[2026-04-23 18:48:27] [ERROR] ❌ Error updating description for SKU 1966803: 'dict' object has no attribute 'append'
[2026-04-23 18:48:27] [ERROR] ❌ Error updating description for SKU 1967003: 'dict' object has no attribute 'append'
[2026-04-23 18:48:27] [ERROR] ❌ Error updating description for SKU 1977503: 'dict' object has no attribute 'append'
[2026-04-23 18:48:27] [ERROR] ❌ Error updating description for SKU 1985504: 'dict' object has no attribute 'append'
[2026-04-23 18:48:27] [ERROR] ❌ Error updating description for SKU 2: 'dict' object has no attribute 'append'
[2026-04-23 18:48:27] [ERROR] ❌ Error updating description for SKU 2063409: 'dict' object has no attribute 'append'
[2026-04-23 18:48:27] [ERROR] ❌ Error updating description for SKU 2067309: 'dict' object has no attribute 'append'
[2026-04-23 18:48:27] [ERROR] ❌ Error updating description for SKU 2078409: 'dict' object has no attribute 'append'
[2026-04-23 18:48:27] [ERROR] ❌ Error updating description for SKU 2084709: 'dict' object has no attribute 'append'
[2026-04-23 18:48:27] [ERROR] ❌ Error updating description for SKU 2190003: 'dict' object has no attribute 'append'
[2026-04-23 18:48:27] [ERROR] ❌ Error updating description for SKU 2249903: 'dict' object has no attribute 'append'
[2026-04-23 18:48:27] [ERROR] ❌ Error updating description for SKU 2296311: 'dict' object has no attribute 'append'
[2026-04-23 18:48:27] [ERROR] ❌ Error updating description for SKU 2343008: 'dict' object has no attribute 'append'
[2026-04-23 18:48:27] [ERROR] ❌ Error updating description for SKU 2442211: 'dict' object has no attribute 'append'
[2026-04-23 18:48:27] [ERROR] ❌ Error updating description for SKU 2443711: 'dict' object has no attribute 'append'
[2026-04-23 18:48:27] [ERROR] ❌ Error updating description for SKU 2469311: 'dict' object has no attribute 'append'
[2026-04-23 18:48:27] [ERROR] ❌ Error updating description for SKU 2556908: 'dict' object has no attribute 'append'
[2026-04-23 18:48:27] [ERROR] ❌ Error updating description for SKU 2569808: 'dict' object has no attribute 'append'
[2026-04-23 18:48:27] [ERROR] ❌ Error updating description for SKU 2581612: 'dict' object has no attribute 'append'
[2026-04-23 18:48:27] [ERROR] ❌ Error updating description for SKU 2581712: 'dict' object has no attribute 'append'
[2026-04-23 18:48:27] [ERROR] ❌ Error updating description for SKU 2581812: 'dict' object has no attribute 'append'
[2026-04-23 18:48:27] [ERROR] ❌ Error updating description for SKU 2581912: 'dict' object has no attribute 'append'
[2026-04-23 18:48:27] [ERROR] ❌ Error updating description for SKU 2582012: 'dict' object has no attribute 'append'
[2026-04-23 18:48:27] [ERROR] ❌ Error updating description for SKU 2582112: 'dict' object has no attribute 'append'
[2026-04-23 18:48:27] [INFO] Progress: 0/375 descriptions added
[2026-04-23 18:48:27] [INFO] 
Processing batch 4 (75 products)...
[2026-04-23 18:48:27] [ERROR] ❌ Error updating description for SKU 2582312: 'dict' object has no attribute 'append'
[2026-04-23 18:48:27] [ERROR] ❌ Error updating description for SKU 2582412: 'dict' object has no attribute 'append'
[2026-04-23 18:48:27] [ERROR] ❌ Error updating description for SKU 2602508: 'dict' object has no attribute 'append'
[2026-04-23 18:48:27] [ERROR] ❌ Error updating description for SKU 2618808: 'dict' object has no attribute 'append'
[2026-04-23 18:48:27] [ERROR] ❌ Error updating description for SKU 2697108: 'dict' object has no attribute 'append'
[2026-04-23 18:48:27] [ERROR] ❌ Error updating description for SKU 2731612: 'dict' object has no attribute 'append'
[2026-04-23 18:48:27] [ERROR] ❌ Error updating description for SKU 3: 'dict' object has no attribute 'append'
[2026-04-23 18:48:27] [ERROR] ❌ Error updating description for SKU 332603: 'dict' object has no attribute 'append'
[2026-04-23 18:48:27] [ERROR] ❌ Error updating description for SKU 340503: 'dict' object has no attribute 'append'
[2026-04-23 18:48:27] [ERROR] ❌ Error updating description for SKU 344: 'dict' object has no attribute 'append'
[2026-04-23 18:48:27] [ERROR] ❌ Error updating description for SKU 4: 'dict' object has no attribute 'append'
[2026-04-23 18:48:27] [ERROR] ❌ Error updating description for SKU 418: 'dict' object has no attribute 'append'
[2026-04-23 18:48:27] [ERROR] ❌ Error updating description for SKU 431: 'dict' object has no attribute 'append'
[2026-04-23 18:48:27] [ERROR] ❌ Error updating description for SKU 432: 'dict' object has no attribute 'append'
[2026-04-23 18:48:27] [ERROR] ❌ Error updating description for SKU 433: 'dict' object has no attribute 'append'
[2026-04-23 18:48:27] [ERROR] ❌ Error updating description for SKU 434: 'dict' object has no attribute 'append'
[2026-04-23 18:48:27] [ERROR] ❌ Error updating description for SKU 435: 'dict' object has no attribute 'append'
[2026-04-23 18:48:27] [ERROR] ❌ Error updating description for SKU 461704: 'dict' object has no attribute 'append'
[2026-04-23 18:48:27] [ERROR] ❌ Error updating description for SKU 497403: 'dict' object has no attribute 'append'
[2026-04-23 18:48:27] [ERROR] ❌ Error updating description for SKU 540: 'dict' object has no attribute 'append'
[2026-04-23 18:48:27] [ERROR] ❌ Error updating description for SKU 541: 'dict' object has no attribute 'append'
[2026-04-23 18:48:27] [ERROR] ❌ Error updating description for SKU 542: 'dict' object has no attribute 'append'
[2026-04-23 18:48:27] [ERROR] ❌ Error updating description for SKU 543: 'dict' object has no attribute 'append'
[2026-04-23 18:48:27] [ERROR] ❌ Error updating description for SKU 544: 'dict' object has no attribute 'append'
[2026-04-23 18:48:27] [ERROR] ❌ Error updating description for SKU 545: 'dict' object has no attribute 'append'
[2026-04-23 18:48:27] [ERROR] ❌ Error updating description for SKU 546: 'dict' object has no attribute 'append'
[2026-04-23 18:48:27] [ERROR] ❌ Error updating description for SKU 547: 'dict' object has no attribute 'append'
[2026-04-23 18:48:27] [ERROR] ❌ Error updating description for SKU 548: 'dict' object has no attribute 'append'
[2026-04-23 18:48:27] [ERROR] ❌ Error updating description for SKU 549: 'dict' object has no attribute 'append'
[2026-04-23 18:48:27] [ERROR] ❌ Error updating description for SKU 550: 'dict' object has no attribute 'append'
[2026-04-23 18:48:27] [ERROR] ❌ Error updating description for SKU 551: 'dict' object has no attribute 'append'
[2026-04-23 18:48:27] [ERROR] ❌ Error updating description for SKU 629: 'dict' object has no attribute 'append'
[2026-04-23 18:48:27] [ERROR] ❌ Error updating description for SKU 74409: 'dict' object has no attribute 'append'
[2026-04-23 18:48:27] [ERROR] ❌ Error updating description for SKU 914: 'dict' object has no attribute 'append'
[2026-04-23 18:48:27] [ERROR] ❌ Error updating description for SKU 915: 'dict' object has no attribute 'append'
[2026-04-23 18:48:27] [ERROR] ❌ Error updating description for SKU 916: 'dict' object has no attribute 'append'
[2026-04-23 18:48:27] [ERROR] ❌ Error updating description for SKU 917: 'dict' object has no attribute 'append'
[2026-04-23 18:48:27] [ERROR] ❌ Error updating description for SKU B0000001: 'dict' object has no attribute 'append'
[2026-04-23 18:48:27] [ERROR] ❌ Error updating description for SKU B0000002: 'dict' object has no attribute 'append'
[2026-04-23 18:48:27] [ERROR] ❌ Error updating description for SKU B0000003: 'dict' object has no attribute 'append'
[2026-04-23 18:48:27] [ERROR] ❌ Error updating description for SKU B0000004: 'dict' object has no attribute 'append'
[2026-04-23 18:48:27] [ERROR] ❌ Error updating description for SKU B0000005: 'dict' object has no attribute 'append'
[2026-04-23 18:48:27] [ERROR] ❌ Error updating description for SKU B0000006: 'dict' object has no attribute 'append'
[2026-04-23 18:48:27] [ERROR] ❌ Error updating description for SKU B0000007: 'dict' object has no attribute 'append'
[2026-04-23 18:48:27] [ERROR] ❌ Error updating description for SKU B0000008: 'dict' object has no attribute 'append'
[2026-04-23 18:48:27] [ERROR] ❌ Error updating description for SKU B0000009: 'dict' object has no attribute 'append'
[2026-04-23 18:48:27] [ERROR] ❌ Error updating description for SKU B0000010: 'dict' object has no attribute 'append'
[2026-04-23 18:48:27] [ERROR] ❌ Error updating description for SKU B0000011: 'dict' object has no attribute 'append'
[2026-04-23 18:48:27] [ERROR] ❌ Error updating description for SKU B0000012: 'dict' object has no attribute 'append'
[2026-04-23 18:48:27] [ERROR] ❌ Error updating description for SKU B0000013: 'dict' object has no attribute 'append'
[2026-04-23 18:48:27] [ERROR] ❌ Error updating description for SKU B0000014: 'dict' object has no attribute 'append'
[2026-04-23 18:48:27] [ERROR] ❌ Error updating description for SKU B0000015: 'dict' object has no attribute 'append'
[2026-04-23 18:48:27] [ERROR] ❌ Error updating description for SKU B0000016: 'dict' object has no attribute 'append'
[2026-04-23 18:48:27] [ERROR] ❌ Error updating description for SKU B0000017: 'dict' object has no attribute 'append'
[2026-04-23 18:48:27] [ERROR] ❌ Error updating description for SKU B0000018: 'dict' object has no attribute 'append'
[2026-04-23 18:48:27] [ERROR] ❌ Error updating description for SKU B0000019: 'dict' object has no attribute 'append'
[2026-04-23 18:48:27] [ERROR] ❌ Error updating description for SKU B0000020: 'dict' object has no attribute 'append'
[2026-04-23 18:48:27] [ERROR] ❌ Error updating description for SKU B0000021: 'dict' object has no attribute 'append'
[2026-04-23 18:48:27] [ERROR] ❌ Error updating description for SKU B0000022: 'dict' object has no attribute 'append'
[2026-04-23 18:48:27] [ERROR] ❌ Error updating description for SKU B0000023: 'dict' object has no attribute 'append'
[2026-04-23 18:48:27] [ERROR] ❌ Error updating description for SKU B0000024: 'dict' object has no attribute 'append'
[2026-04-23 18:48:27] [ERROR] ❌ Error updating description for SKU B0000025: 'dict' object has no attribute 'append'
[2026-04-23 18:48:27] [ERROR] ❌ Error updating description for SKU B0000026: 'dict' object has no attribute 'append'
[2026-04-23 18:48:27] [ERROR] ❌ Error updating description for SKU B0000027: 'dict' object has no attribute 'append'
[2026-04-23 18:48:27] [ERROR] ❌ Error updating description for SKU B0000028: 'dict' object has no attribute 'append'
[2026-04-23 18:48:27] [ERROR] ❌ Error updating description for SKU B0000029: 'dict' object has no attribute 'append'
[2026-04-23 18:48:27] [ERROR] ❌ Error updating description for SKU B0000030: 'dict' object has no attribute 'append'
[2026-04-23 18:48:27] [ERROR] ❌ Error updating description for SKU B0000031: 'dict' object has no attribute 'append'
[2026-04-23 18:48:27] [ERROR] ❌ Error updating description for SKU B0000032: 'dict' object has no attribute 'append'
[2026-04-23 18:48:27] [ERROR] ❌ Error updating description for SKU B0000033: 'dict' object has no attribute 'append'
[2026-04-23 18:48:27] [ERROR] ❌ Error updating description for SKU B0000034: 'dict' object has no attribute 'append'
[2026-04-23 18:48:27] [ERROR] ❌ Error updating description for SKU B0000035: 'dict' object has no attribute 'append'
[2026-04-23 18:48:27] [ERROR] ❌ Error updating description for SKU B0000036: 'dict' object has no attribute 'append'
[2026-04-23 18:48:27] [ERROR] ❌ Error updating description for SKU B0000037: 'dict' object has no attribute 'append'
[2026-04-23 18:48:27] [ERROR] ❌ Error updating description for SKU G0000001: 'dict' object has no attribute 'append'
[2026-04-23 18:48:27] [INFO] Progress: 0/375 descriptions added
[2026-04-23 18:48:27] [INFO] 
✅ Phase 2B Complete: 0 descriptions added
[2026-04-23 18:48:27] [INFO] 
======================================================================
[2026-04-23 18:48:27] [INFO] PHASE 2C: FIXING MISSING WEIGHTS
[2026-04-23 18:48:27] [INFO] ======================================================================
[2026-04-23 18:48:28] [INFO] Found 480 products without weights
[2026-04-23 18:48:28] [INFO] 
Processing batch 1 (100 products)...
[2026-04-23 18:48:28] [WARN] ⚠️  No weight found in Magento for SKU: 1140629578
[2026-04-23 18:48:28] [WARN] ⚠️  No weight found in Magento for SKU: 1140629690
[2026-04-23 18:48:28] [WARN] ⚠️  No weight found in Magento for SKU: 1140629691
[2026-04-23 18:48:28] [WARN] ⚠️  No weight found in Magento for SKU: 1140629693
[2026-04-23 18:48:28] [WARN] ⚠️  No weight found in Magento for SKU: 1140629694
[2026-04-23 18:48:28] [WARN] ⚠️  No weight found in Magento for SKU: 1140629695
[2026-04-23 18:48:28] [WARN] ⚠️  No weight found in Magento for SKU: 1140629696
[2026-04-23 18:48:28] [WARN] ⚠️  No weight found in Magento for SKU: 1140631127
[2026-04-23 18:48:28] [WARN] ⚠️  No weight found in Magento for SKU: 1140631126
[2026-04-23 18:48:28] [WARN] ⚠️  No weight found in Magento for SKU: 1140631125
[2026-04-23 18:48:28] [WARN] ⚠️  No weight found in Magento for SKU: 1140631124
[2026-04-23 18:48:28] [WARN] ⚠️  No weight found in Magento for SKU: 1140631123
[2026-04-23 18:48:28] [WARN] ⚠️  No weight found in Magento for SKU: 1140631122
[2026-04-23 18:48:28] [WARN] ⚠️  No weight found in Magento for SKU: 1140631121
[2026-04-23 18:48:28] [WARN] ⚠️  No weight found in Magento for SKU: 1140631120
[2026-04-23 18:48:28] [WARN] ⚠️  No weight found in Magento for SKU: 1140631119
[2026-04-23 18:48:28] [WARN] ⚠️  No weight found in Magento for SKU: 1140631118
[2026-04-23 18:48:28] [WARN] ⚠️  No weight found in Magento for SKU: 1140631117
[2026-04-23 18:48:28] [WARN] ⚠️  No weight found in Magento for SKU: 1140631116
[2026-04-23 18:48:28] [WARN] ⚠️  No weight found in Magento for SKU: 1140631115
[2026-04-23 18:48:28] [WARN] ⚠️  No weight found in Magento for SKU: 1140631114
[2026-04-23 18:48:28] [WARN] ⚠️  No weight found in Magento for SKU: 1140631113
[2026-04-23 18:48:28] [WARN] ⚠️  No weight found in Magento for SKU: 1140625931
[2026-04-23 18:48:28] [WARN] ⚠️  No weight found in Magento for SKU: 1140625928
[2026-04-23 18:48:28] [WARN] ⚠️  No weight found in Magento for SKU: 782503
[2026-04-23 18:48:28] [WARN] ⚠️  No weight found in Magento for SKU: 1140629176
[2026-04-23 18:48:28] [WARN] ⚠️  No weight found in Magento for SKU: 107794801
[2026-04-23 18:48:28] [WARN] ⚠️  No weight found in Magento for SKU: 1140602629
[2026-04-23 18:48:28] [WARN] ⚠️  No weight found in Magento for SKU: 21
[2026-04-23 18:48:28] [WARN] ⚠️  No weight found in Magento for SKU: 1140629611
[2026-04-23 18:48:28] [WARN] ⚠️  No weight found in Magento for SKU: 1140629687
[2026-04-23 18:48:28] [WARN] ⚠️  No weight found in Magento for SKU: 1140629682
[2026-04-23 18:48:28] [WARN] ⚠️  No weight found in Magento for SKU: 1140629686
[2026-04-23 18:48:28] [WARN] ⚠️  No weight found in Magento for SKU: 1140629685
[2026-04-23 18:48:28] [WARN] ⚠️  No weight found in Magento for SKU: 1140629610
[2026-04-23 18:48:28] [WARN] ⚠️  No weight found in Magento for SKU: 1140629683
[2026-04-23 18:48:28] [WARN] ⚠️  No weight found in Magento for SKU: 1140629684
[2026-04-23 18:48:28] [WARN] ⚠️  No weight found in Magento for SKU: 1140629584
[2026-04-23 18:48:28] [WARN] ⚠️  No weight found in Magento for SKU: 1140629575
[2026-04-23 18:48:28] [WARN] ⚠️  No weight found in Magento for SKU: 1140629576
[2026-04-23 18:48:28] [WARN] ⚠️  No weight found in Magento for SKU: 1140629577
[2026-04-23 18:48:28] [WARN] ⚠️  No weight found in Magento for SKU: 1140658507
[2026-04-23 18:48:28] [WARN] ⚠️  No weight found in Magento for SKU: 1140658508
[2026-04-23 18:48:28] [WARN] ⚠️  No weight found in Magento for SKU: 1140658509
[2026-04-23 18:48:28] [WARN] ⚠️  No weight found in Magento for SKU: 1140658510
[2026-04-23 18:48:28] [WARN] ⚠️  No weight found in Magento for SKU: 1140658393
[2026-04-23 18:48:28] [WARN] ⚠️  No weight found in Magento for SKU: 1140658394
[2026-04-23 18:48:28] [WARN] ⚠️  No weight found in Magento for SKU: 1140658395
[2026-04-23 18:48:28] [WARN] ⚠️  No weight found in Magento for SKU: 1140658396
[2026-04-23 18:48:28] [WARN] ⚠️  No weight found in Magento for SKU: 1140658397
[2026-04-23 18:48:28] [WARN] ⚠️  No weight found in Magento for SKU: 1140658398
[2026-04-23 18:48:28] [WARN] ⚠️  No weight found in Magento for SKU: 1140658399
[2026-04-23 18:48:28] [WARN] ⚠️  No weight found in Magento for SKU: 1140658400
[2026-04-23 18:48:28] [WARN] ⚠️  No weight found in Magento for SKU: 1140658401
[2026-04-23 18:48:28] [WARN] ⚠️  No weight found in Magento for SKU: 1140658403
[2026-04-23 18:48:28] [WARN] ⚠️  No weight found in Magento for SKU: 1140658404
[2026-04-23 18:48:28] [WARN] ⚠️  No weight found in Magento for SKU: 1140658405
[2026-04-23 18:48:28] [WARN] ⚠️  No weight found in Magento for SKU: 1140658406
[2026-04-23 18:48:28] [WARN] ⚠️  No weight found in Magento for SKU: 1140658407
[2026-04-23 18:48:28] [WARN] ⚠️  No weight found in Magento for SKU: 1140658408
[2026-04-23 18:48:28] [WARN] ⚠️  No weight found in Magento for SKU: 1140658929
[2026-04-23 18:48:28] [WARN] ⚠️  No weight found in Magento for SKU: 1140658787
[2026-04-23 18:48:28] [WARN] ⚠️  No weight found in Magento for SKU: 1140658506
[2026-04-23 18:48:28] [WARN] ⚠️  No weight found in Magento for SKU: 1140654860
[2026-04-23 18:48:28] [WARN] ⚠️  No weight found in Magento for SKU: 1140654857
[2026-04-23 18:48:28] [WARN] ⚠️  No weight found in Magento for SKU: 1140654668
[2026-04-23 18:48:28] [WARN] ⚠️  No weight found in Magento for SKU: 1140654667
[2026-04-23 18:48:28] [WARN] ⚠️  No weight found in Magento for SKU: 1140654662
[2026-04-23 18:48:28] [WARN] ⚠️  No weight found in Magento for SKU: 1140651143
[2026-04-23 18:48:28] [WARN] ⚠️  No weight found in Magento for SKU: 1140651142
[2026-04-23 18:48:28] [WARN] ⚠️  No weight found in Magento for SKU: 1140651141
[2026-04-23 18:48:28] [WARN] ⚠️  No weight found in Magento for SKU: 1140651136
[2026-04-23 18:48:28] [WARN] ⚠️  No weight found in Magento for SKU: 1140651138
[2026-04-23 18:48:28] [WARN] ⚠️  No weight found in Magento for SKU: 1140651135
[2026-04-23 18:48:28] [WARN] ⚠️  No weight found in Magento for SKU: 1140651134
[2026-04-23 18:48:28] [WARN] ⚠️  No weight found in Magento for SKU: 1140651133
[2026-04-23 18:48:28] [WARN] ⚠️  No weight found in Magento for SKU: 1140651132
[2026-04-23 18:48:28] [WARN] ⚠️  No weight found in Magento for SKU: 1140651131
[2026-04-23 18:48:28] [WARN] ⚠️  No weight found in Magento for SKU: 1140651130
[2026-04-23 18:48:28] [WARN] ⚠️  No weight found in Magento for SKU: 1140651129
[2026-04-23 18:48:28] [WARN] ⚠️  No weight found in Magento for SKU: 1140651137
[2026-04-23 18:48:28] [WARN] ⚠️  No weight found in Magento for SKU: 1140651165
[2026-04-23 18:48:28] [WARN] ⚠️  No weight found in Magento for SKU: 1140651168
[2026-04-23 18:48:28] [WARN] ⚠️  No weight found in Magento for SKU: 1140651154
[2026-04-23 18:48:28] [WARN] ⚠️  No weight found in Magento for SKU: 1140651149
[2026-04-23 18:48:28] [WARN] ⚠️  No weight found in Magento for SKU: 1140634863
[2026-04-23 18:48:28] [WARN] ⚠️  No weight found in Magento for SKU: 1191303
[2026-04-23 18:48:28] [WARN] ⚠️  No weight found in Magento for SKU: 1140636724
[2026-04-23 18:48:28] [WARN] ⚠️  No weight found in Magento for SKU: 1140636725
[2026-04-23 18:48:28] [WARN] ⚠️  No weight found in Magento for SKU: 1140636726
[2026-04-23 18:48:28] [WARN] ⚠️  No weight found in Magento for SKU: 1140636727
[2026-04-23 18:48:28] [WARN] ⚠️  No weight found in Magento for SKU: 1140636800
[2026-04-23 18:48:28] [WARN] ⚠️  No weight found in Magento for SKU: 1140636801
[2026-04-23 18:48:28] [WARN] ⚠️  No weight found in Magento for SKU: 1140636802
[2026-04-23 18:48:28] [WARN] ⚠️  No weight found in Magento for SKU: 1140636803
[2026-04-23 18:48:28] [WARN] ⚠️  No weight found in Magento for SKU: 1140636804
[2026-04-23 18:48:28] [WARN] ⚠️  No weight found in Magento for SKU: 1140636805
[2026-04-23 18:48:28] [WARN] ⚠️  No weight found in Magento for SKU: 1140636806
[2026-04-23 18:48:28] [WARN] ⚠️  No weight found in Magento for SKU: 1140636807
[2026-04-23 18:48:28] [WARN] ⚠️  No weight found in Magento for SKU: 1140661677
[2026-04-23 18:48:28] [INFO] Progress: 0/480 weights added
[2026-04-23 18:48:28] [INFO] 
Processing batch 2 (100 products)...
[2026-04-23 18:48:28] [WARN] ⚠️  No weight found in Magento for SKU: 1140660481
[2026-04-23 18:48:28] [WARN] ⚠️  No weight found in Magento for SKU: 1140660482
[2026-04-23 18:48:28] [WARN] ⚠️  No weight found in Magento for SKU: 1140660473
[2026-04-23 18:48:28] [WARN] ⚠️  No weight found in Magento for SKU: 1140660147
[2026-04-23 18:48:28] [WARN] ⚠️  No weight found in Magento for SKU: 1140660944
[2026-04-23 18:48:28] [WARN] ⚠️  No weight found in Magento for SKU: 1140660131
[2026-04-23 18:48:28] [WARN] ⚠️  No weight found in Magento for SKU: 1140660945
[2026-04-23 18:48:28] [WARN] ⚠️  No weight found in Magento for SKU: 1140660946
[2026-04-23 18:48:28] [WARN] ⚠️  No weight found in Magento for SKU: 1140661557
[2026-04-23 18:48:28] [WARN] ⚠️  No weight found in Magento for SKU: 1140661514
[2026-04-23 18:48:28] [WARN] ⚠️  No weight found in Magento for SKU: 1140661496
[2026-04-23 18:48:28] [WARN] ⚠️  No weight found in Magento for SKU: 1140661558
[2026-04-23 18:48:28] [WARN] ⚠️  No weight found in Magento for SKU: 1140661535
[2026-04-23 18:48:28] [WARN] ⚠️  No weight found in Magento for SKU: 1140661543
[2026-04-23 18:48:28] [WARN] ⚠️  No weight found in Magento for SKU: 1140660504
[2026-04-23 18:48:28] [WARN] ⚠️  No weight found in Magento for SKU: 1140661534
[2026-04-23 18:48:28] [WARN] ⚠️  No weight found in Magento for SKU: 1140661513
[2026-04-23 18:48:28] [WARN] ⚠️  No weight found in Magento for SKU: 1140661561
[2026-04-23 18:48:28] [WARN] ⚠️  No weight found in Magento for SKU: 1140661537
[2026-04-23 18:48:28] [WARN] ⚠️  No weight found in Magento for SKU: 1140661498
[2026-04-23 18:48:28] [WARN] ⚠️  No weight found in Magento for SKU: 1140661539
[2026-04-23 18:48:28] [WARN] ⚠️  No weight found in Magento for SKU: 1140661533
[2026-04-23 18:48:28] [WARN] ⚠️  No weight found in Magento for SKU: 1140661560
[2026-04-23 18:48:28] [WARN] ⚠️  No weight found in Magento for SKU: 1140661540
[2026-04-23 18:48:28] [WARN] ⚠️  No weight found in Magento for SKU: 1140661542
[2026-04-23 18:48:28] [WARN] ⚠️  No weight found in Magento for SKU: 1140661562
[2026-04-23 18:48:28] [WARN] ⚠️  No weight found in Magento for SKU: 1140661538
[2026-04-23 18:48:28] [WARN] ⚠️  No weight found in Magento for SKU: 1140661515
[2026-04-23 18:48:28] [WARN] ⚠️  No weight found in Magento for SKU: 1140661556
[2026-04-23 18:48:28] [WARN] ⚠️  No weight found in Magento for SKU: 1140661555
[2026-04-23 18:48:28] [WARN] ⚠️  No weight found in Magento for SKU: 1140661563
[2026-04-23 18:48:28] [WARN] ⚠️  No weight found in Magento for SKU: 1140661554
[2026-04-23 18:48:28] [WARN] ⚠️  No weight found in Magento for SKU: 1140661581
[2026-04-23 18:48:28] [WARN] ⚠️  No weight found in Magento for SKU: 1140661532
[2026-04-23 18:48:28] [WARN] ⚠️  No weight found in Magento for SKU: 1140660474
[2026-04-23 18:48:28] [WARN] ⚠️  No weight found in Magento for SKU: 1140660148
[2026-04-23 18:48:28] [WARN] ⚠️  No weight found in Magento for SKU: 1140660149
[2026-04-23 18:48:28] [WARN] ⚠️  No weight found in Magento for SKU: 1140660150
[2026-04-23 18:48:28] [WARN] ⚠️  No weight found in Magento for SKU: 1140660151
[2026-04-23 18:48:28] [WARN] ⚠️  No weight found in Magento for SKU: 1140660157
[2026-04-23 18:48:28] [WARN] ⚠️  No weight found in Magento for SKU: 1140660263
[2026-04-23 18:48:28] [WARN] ⚠️  No weight found in Magento for SKU: 1140660271
[2026-04-23 18:48:28] [WARN] ⚠️  No weight found in Magento for SKU: 1140660475
[2026-04-23 18:48:28] [WARN] ⚠️  No weight found in Magento for SKU: 1140660154
[2026-04-23 18:48:28] [WARN] ⚠️  No weight found in Magento for SKU: 1140660262
[2026-04-23 18:48:28] [WARN] ⚠️  No weight found in Magento for SKU: 1140660264
[2026-04-23 18:48:28] [WARN] ⚠️  No weight found in Magento for SKU: 1140660265
[2026-04-23 18:48:28] [WARN] ⚠️  No weight found in Magento for SKU: 1140660289
[2026-04-23 18:48:28] [WARN] ⚠️  No weight found in Magento for SKU: 1140660290
[2026-04-23 18:48:28] [WARN] ⚠️  No weight found in Magento for SKU: 1140660291
[2026-04-23 18:48:28] [WARN] ⚠️  No weight found in Magento for SKU: 1140660292
[2026-04-23 18:48:28] [WARN] ⚠️  No weight found in Magento for SKU: 1140660293
[2026-04-23 18:48:28] [WARN] ⚠️  No weight found in Magento for SKU: 1140660295
[2026-04-23 18:48:28] [WARN] ⚠️  No weight found in Magento for SKU: 1140660296
[2026-04-23 18:48:28] [WARN] ⚠️  No weight found in Magento for SKU: 1140660300
[2026-04-23 18:48:28] [WARN] ⚠️  No weight found in Magento for SKU: 1140660301
[2026-04-23 18:48:28] [WARN] ⚠️  No weight found in Magento for SKU: 1140660304
[2026-04-23 18:48:28] [WARN] ⚠️  No weight found in Magento for SKU: 1140660468
[2026-04-23 18:48:28] [WARN] ⚠️  No weight found in Magento for SKU: 1140660477
[2026-04-23 18:48:28] [WARN] ⚠️  No weight found in Magento for SKU: 1140660499
[2026-04-23 18:48:28] [WARN] ⚠️  No weight found in Magento for SKU: 1140660484
[2026-04-23 18:48:28] [WARN] ⚠️  No weight found in Magento for SKU: 1140660928
[2026-04-23 18:48:28] [WARN] ⚠️  No weight found in Magento for SKU: 1140660930
[2026-04-23 18:48:28] [WARN] ⚠️  No weight found in Magento for SKU: 1140660278
[2026-04-23 18:48:28] [WARN] ⚠️  No weight found in Magento for SKU: 1140660437
[2026-04-23 18:48:28] [WARN] ⚠️  No weight found in Magento for SKU: 1140660476
[2026-04-23 18:48:28] [WARN] ⚠️  No weight found in Magento for SKU: 1140660498
[2026-04-23 18:48:28] [WARN] ⚠️  No weight found in Magento for SKU: 1140660279
[2026-04-23 18:48:28] [WARN] ⚠️  No weight found in Magento for SKU: 1140660318
[2026-04-23 18:48:28] [WARN] ⚠️  No weight found in Magento for SKU: 1140660319
[2026-04-23 18:48:28] [WARN] ⚠️  No weight found in Magento for SKU: 1140660320
[2026-04-23 18:48:28] [WARN] ⚠️  No weight found in Magento for SKU: 1140660331
[2026-04-23 18:48:28] [WARN] ⚠️  No weight found in Magento for SKU: 1140660332
[2026-04-23 18:48:28] [WARN] ⚠️  No weight found in Magento for SKU: 1140660333
[2026-04-23 18:48:28] [WARN] ⚠️  No weight found in Magento for SKU: 1140660334
[2026-04-23 18:48:28] [WARN] ⚠️  No weight found in Magento for SKU: 1140660336
[2026-04-23 18:48:28] [WARN] ⚠️  No weight found in Magento for SKU: 1140660337
[2026-04-23 18:48:28] [WARN] ⚠️  No weight found in Magento for SKU: 1140660395
[2026-04-23 18:48:28] [WARN] ⚠️  No weight found in Magento for SKU: 1140660397
[2026-04-23 18:48:28] [WARN] ⚠️  No weight found in Magento for SKU: 1140660398
[2026-04-23 18:48:28] [WARN] ⚠️  No weight found in Magento for SKU: 1140660399
[2026-04-23 18:48:28] [WARN] ⚠️  No weight found in Magento for SKU: 1140660417
[2026-04-23 18:48:28] [WARN] ⚠️  No weight found in Magento for SKU: 1140660501
[2026-04-23 18:48:28] [WARN] ⚠️  No weight found in Magento for SKU: 1140660502
[2026-04-23 18:48:28] [WARN] ⚠️  No weight found in Magento for SKU: 1140660939
[2026-04-23 18:48:28] [WARN] ⚠️  No weight found in Magento for SKU: 1140660940
[2026-04-23 18:48:28] [WARN] ⚠️  No weight found in Magento for SKU: 1140660941
[2026-04-23 18:48:28] [WARN] ⚠️  No weight found in Magento for SKU: 1140660335
[2026-04-23 18:48:28] [WARN] ⚠️  No weight found in Magento for SKU: 1140660396
[2026-04-23 18:48:28] [WARN] ⚠️  No weight found in Magento for SKU: 1140660938
[2026-04-23 18:48:28] [WARN] ⚠️  No weight found in Magento for SKU: 1140660297
[2026-04-23 18:48:28] [WARN] ⚠️  No weight found in Magento for SKU: 1140660298
[2026-04-23 18:48:28] [WARN] ⚠️  No weight found in Magento for SKU: 1140660299
[2026-04-23 18:48:28] [WARN] ⚠️  No weight found in Magento for SKU: 1140660302
[2026-04-23 18:48:28] [WARN] ⚠️  No weight found in Magento for SKU: 1140660303
[2026-04-23 18:48:28] [WARN] ⚠️  No weight found in Magento for SKU: 1140660305
[2026-04-23 18:48:28] [WARN] ⚠️  No weight found in Magento for SKU: 1140660307
[2026-04-23 18:48:28] [WARN] ⚠️  No weight found in Magento for SKU: 1140660308
[2026-04-23 18:48:28] [WARN] ⚠️  No weight found in Magento for SKU: 1140660309
[2026-04-23 18:48:28] [WARN] ⚠️  No weight found in Magento for SKU: 1140660310
[2026-04-23 18:48:28] [INFO] Progress: 0/480 weights added
[2026-04-23 18:48:28] [INFO] 
Processing batch 3 (100 products)...
[2026-04-23 18:48:28] [WARN] ⚠️  No weight found in Magento for SKU: 1140660312
[2026-04-23 18:48:28] [WARN] ⚠️  No weight found in Magento for SKU: 1140660313
[2026-04-23 18:48:28] [WARN] ⚠️  No weight found in Magento for SKU: 1140660314
[2026-04-23 18:48:28] [WARN] ⚠️  No weight found in Magento for SKU: 1140660315
[2026-04-23 18:48:28] [WARN] ⚠️  No weight found in Magento for SKU: 1140660316
[2026-04-23 18:48:28] [WARN] ⚠️  No weight found in Magento for SKU: 1140660317
[2026-04-23 18:48:28] [WARN] ⚠️  No weight found in Magento for SKU: 1140660478
[2026-04-23 18:48:28] [WARN] ⚠️  No weight found in Magento for SKU: 1140660927
[2026-04-23 18:48:28] [WARN] ⚠️  No weight found in Magento for SKU: 1140660929
[2026-04-23 18:48:28] [WARN] ⚠️  No weight found in Magento for SKU: 1140660932
[2026-04-23 18:48:28] [WARN] ⚠️  No weight found in Magento for SKU: 1140660933
[2026-04-23 18:48:28] [WARN] ⚠️  No weight found in Magento for SKU: 1140660934
[2026-04-23 18:48:28] [WARN] ⚠️  No weight found in Magento for SKU: 1140660935
[2026-04-23 18:48:28] [WARN] ⚠️  No weight found in Magento for SKU: 1140660936
[2026-04-23 18:48:28] [WARN] ⚠️  No weight found in Magento for SKU: 1140660311
[2026-04-23 18:48:28] [WARN] ⚠️  No weight found in Magento for SKU: 1140660937
[2026-04-23 18:48:28] [WARN] ⚠️  No weight found in Magento for SKU: 1140660152
[2026-04-23 18:48:28] [WARN] ⚠️  No weight found in Magento for SKU: 1140660153
[2026-04-23 18:48:28] [WARN] ⚠️  No weight found in Magento for SKU: 1140660155
[2026-04-23 18:48:28] [WARN] ⚠️  No weight found in Magento for SKU: 1140660156
[2026-04-23 18:48:28] [WARN] ⚠️  No weight found in Magento for SKU: 1140660267
[2026-04-23 18:48:28] [WARN] ⚠️  No weight found in Magento for SKU: 1140660268
[2026-04-23 18:48:28] [WARN] ⚠️  No weight found in Magento for SKU: 1140660280
[2026-04-23 18:48:28] [WARN] ⚠️  No weight found in Magento for SKU: 1140660282
[2026-04-23 18:48:28] [WARN] ⚠️  No weight found in Magento for SKU: 1140660287
[2026-04-23 18:48:28] [WARN] ⚠️  No weight found in Magento for SKU: 1140660480
[2026-04-23 18:48:28] [WARN] ⚠️  No weight found in Magento for SKU: 1140660483
[2026-04-23 18:48:28] [WARN] ⚠️  No weight found in Magento for SKU: 1140660485
[2026-04-23 18:48:28] [WARN] ⚠️  No weight found in Magento for SKU: 1140660487
[2026-04-23 18:48:28] [WARN] ⚠️  No weight found in Magento for SKU: 1140660488
[2026-04-23 18:48:28] [WARN] ⚠️  No weight found in Magento for SKU: 1140660942
[2026-04-23 18:48:28] [WARN] ⚠️  No weight found in Magento for SKU: 1140660943
[2026-04-23 18:48:28] [WARN] ⚠️  No weight found in Magento for SKU: 1140660479
[2026-04-23 18:48:28] [WARN] ⚠️  No weight found in Magento for SKU: 1140660486
[2026-04-23 18:48:28] [WARN] ⚠️  No weight found in Magento for SKU: 1140660497
[2026-04-23 18:48:28] [WARN] ⚠️  No weight found in Magento for SKU: 1140660269
[2026-04-23 18:48:28] [WARN] ⚠️  No weight found in Magento for SKU: 1140660266
[2026-04-23 18:48:28] [WARN] ⚠️  No weight found in Magento for SKU: 1140660281
[2026-04-23 18:48:28] [WARN] ⚠️  No weight found in Magento for SKU: 1140660418
[2026-04-23 18:48:28] [WARN] ⚠️  No weight found in Magento for SKU: 1140660419
[2026-04-23 18:48:28] [WARN] ⚠️  No weight found in Magento for SKU: 1140660429
[2026-04-23 18:48:28] [WARN] ⚠️  No weight found in Magento for SKU: 1140660430
[2026-04-23 18:48:28] [WARN] ⚠️  No weight found in Magento for SKU: 1140660432
[2026-04-23 18:48:28] [WARN] ⚠️  No weight found in Magento for SKU: 1140660433
[2026-04-23 18:48:28] [WARN] ⚠️  No weight found in Magento for SKU: 1140660434
[2026-04-23 18:48:28] [WARN] ⚠️  No weight found in Magento for SKU: 1140660431
[2026-04-23 18:48:28] [WARN] ⚠️  No weight found in Magento for SKU: 1140660420
[2026-04-23 18:48:28] [WARN] ⚠️  No weight found in Magento for SKU: 1140660503
[2026-04-23 18:48:28] [WARN] ⚠️  No weight found in Magento for SKU: 1140661510
[2026-04-23 18:48:28] [WARN] ⚠️  No weight found in Magento for SKU: 1140660505
[2026-04-23 18:48:28] [WARN] ⚠️  No weight found in Magento for SKU: 1140660438
[2026-04-23 18:48:28] [WARN] ⚠️  No weight found in Magento for SKU: 1140660465
[2026-04-23 18:48:28] [WARN] ⚠️  No weight found in Magento for SKU: 1140660470
[2026-04-23 18:48:28] [WARN] ⚠️  No weight found in Magento for SKU: 1140660471
[2026-04-23 18:48:28] [WARN] ⚠️  No weight found in Magento for SKU: 1140660435
[2026-04-23 18:48:28] [WARN] ⚠️  No weight found in Magento for SKU: 1140660436
[2026-04-23 18:48:28] [WARN] ⚠️  No weight found in Magento for SKU: 1140660462
[2026-04-23 18:48:28] [WARN] ⚠️  No weight found in Magento for SKU: 1140660463
[2026-04-23 18:48:28] [WARN] ⚠️  No weight found in Magento for SKU: 1140660464
[2026-04-23 18:48:28] [WARN] ⚠️  No weight found in Magento for SKU: 1140660466
[2026-04-23 18:48:28] [WARN] ⚠️  No weight found in Magento for SKU: 1140660467
[2026-04-23 18:48:28] [WARN] ⚠️  No weight found in Magento for SKU: 1140660469
[2026-04-23 18:48:28] [WARN] ⚠️  No weight found in Magento for SKU: 1140660472
[2026-04-23 18:48:28] [WARN] ⚠️  No weight found in Magento for SKU: 1140660270
[2026-04-23 18:48:28] [WARN] ⚠️  No weight found in Magento for SKU: 1140660288
[2026-04-23 18:48:28] [WARN] ⚠️  No weight found in Magento for SKU: 1140660294
[2026-04-23 18:48:28] [WARN] ⚠️  No weight found in Magento for SKU: 1140660931
[2026-04-23 18:48:28] [WARN] ⚠️  No weight found in Magento for SKU: 1140660500
[2026-04-23 18:48:28] [WARN] ⚠️  No weight found in Magento for SKU: 1140669600
[2026-04-23 18:48:28] [WARN] ⚠️  No weight found in Magento for SKU: 1140671617
[2026-04-23 18:48:28] [WARN] ⚠️  No weight found in Magento for SKU: 1140673242
[2026-04-23 18:48:28] [WARN] ⚠️  No weight found in Magento for SKU: 1140673241
[2026-04-23 18:48:28] [WARN] ⚠️  No weight found in Magento for SKU: 1140673246
[2026-04-23 18:48:28] [WARN] ⚠️  No weight found in Magento for SKU: 1140673239
[2026-04-23 18:48:28] [WARN] ⚠️  No weight found in Magento for SKU: 1140673244
[2026-04-23 18:48:28] [WARN] ⚠️  No weight found in Magento for SKU: 1140673245
[2026-04-23 18:48:28] [WARN] ⚠️  No weight found in Magento for SKU: 1140673240
[2026-04-23 18:48:28] [WARN] ⚠️  No weight found in Magento for SKU: 1140673243
[2026-04-23 18:48:28] [WARN] ⚠️  No weight found in Magento for SKU: 1140662178
[2026-04-23 18:48:28] [WARN] ⚠️  No weight found in Magento for SKU: 1140662177
[2026-04-23 18:48:28] [WARN] ⚠️  No weight found in Magento for SKU: 1140662179
[2026-04-23 18:48:28] [WARN] ⚠️  No weight found in Magento for SKU: 1140662182
[2026-04-23 18:48:28] [WARN] ⚠️  No weight found in Magento for SKU: 1140662180
[2026-04-23 18:48:28] [WARN] ⚠️  No weight found in Magento for SKU: 1140662193
[2026-04-23 18:48:28] [WARN] ⚠️  No weight found in Magento for SKU: 1140662192
[2026-04-23 18:48:28] [WARN] ⚠️  No weight found in Magento for SKU: 1140662190
[2026-04-23 18:48:28] [WARN] ⚠️  No weight found in Magento for SKU: 1140662189
[2026-04-23 18:48:28] [WARN] ⚠️  No weight found in Magento for SKU: 1140662188
[2026-04-23 18:48:28] [WARN] ⚠️  No weight found in Magento for SKU: 1140662191
[2026-04-23 18:48:28] [WARN] ⚠️  No weight found in Magento for SKU: 1140662184
[2026-04-23 18:48:28] [WARN] ⚠️  No weight found in Magento for SKU: 1140662186
[2026-04-23 18:48:28] [WARN] ⚠️  No weight found in Magento for SKU: 1140662185
[2026-04-23 18:48:28] [WARN] ⚠️  No weight found in Magento for SKU: 1140662194
[2026-04-23 18:48:28] [WARN] ⚠️  No weight found in Magento for SKU: 1140662195
[2026-04-23 18:48:28] [WARN] ⚠️  No weight found in Magento for SKU: 1140662197
[2026-04-23 18:48:28] [WARN] ⚠️  No weight found in Magento for SKU: 1140662199
[2026-04-23 18:48:28] [WARN] ⚠️  No weight found in Magento for SKU: 1140662196
[2026-04-23 18:48:28] [WARN] ⚠️  No weight found in Magento for SKU: 1140662198
[2026-04-23 18:48:28] [WARN] ⚠️  No weight found in Magento for SKU: 1140662400
[2026-04-23 18:48:28] [WARN] ⚠️  No weight found in Magento for SKU: 1140662201
[2026-04-23 18:48:28] [INFO] Progress: 0/480 weights added
[2026-04-23 18:48:28] [INFO] 
Processing batch 4 (100 products)...
[2026-04-23 18:48:28] [WARN] ⚠️  No weight found in Magento for SKU: 1140662202
[2026-04-23 18:48:28] [WARN] ⚠️  No weight found in Magento for SKU: 1140662401
[2026-04-23 18:48:28] [WARN] ⚠️  No weight found in Magento for SKU: 1140662399
[2026-04-23 18:48:28] [WARN] ⚠️  No weight found in Magento for SKU: 1140662200
[2026-04-23 18:48:28] [WARN] ⚠️  No weight found in Magento for SKU: 1140662407
[2026-04-23 18:48:28] [WARN] ⚠️  No weight found in Magento for SKU: 1140662409
[2026-04-23 18:48:28] [WARN] ⚠️  No weight found in Magento for SKU: 1140662408
[2026-04-23 18:48:28] [WARN] ⚠️  No weight found in Magento for SKU: 1140662406
[2026-04-23 18:48:28] [WARN] ⚠️  No weight found in Magento for SKU: 1140662417
[2026-04-23 18:48:28] [WARN] ⚠️  No weight found in Magento for SKU: 1140662419
[2026-04-23 18:48:28] [WARN] ⚠️  No weight found in Magento for SKU: 1140662421
[2026-04-23 18:48:28] [WARN] ⚠️  No weight found in Magento for SKU: 1140662416
[2026-04-23 18:48:28] [WARN] ⚠️  No weight found in Magento for SKU: 1140662418
[2026-04-23 18:48:28] [WARN] ⚠️  No weight found in Magento for SKU: 1140662411
[2026-04-23 18:48:28] [WARN] ⚠️  No weight found in Magento for SKU: 1140662414
[2026-04-23 18:48:28] [WARN] ⚠️  No weight found in Magento for SKU: 1140662415
[2026-04-23 18:48:28] [WARN] ⚠️  No weight found in Magento for SKU: 1140662413
[2026-04-23 18:48:28] [WARN] ⚠️  No weight found in Magento for SKU: 1140662410
[2026-04-23 18:48:28] [WARN] ⚠️  No weight found in Magento for SKU: 1140662412
[2026-04-23 18:48:28] [WARN] ⚠️  No weight found in Magento for SKU: 1140673459
[2026-04-23 18:48:28] [WARN] ⚠️  No weight found in Magento for SKU: 1140673458
[2026-04-23 18:48:28] [WARN] ⚠️  No weight found in Magento for SKU: 1140672338
[2026-04-23 18:48:28] [WARN] ⚠️  No weight found in Magento for SKU: 1140678237
[2026-04-23 18:48:28] [WARN] ⚠️  No weight found in Magento for SKU: 1062309
[2026-04-23 18:48:28] [WARN] ⚠️  No weight found in Magento for SKU: 1140602606
[2026-04-23 18:48:28] [WARN] ⚠️  No weight found in Magento for SKU: 1140621543
[2026-04-23 18:48:28] [WARN] ⚠️  No weight found in Magento for SKU: 1140625927
[2026-04-23 18:48:28] [WARN] ⚠️  No weight found in Magento for SKU: 1140625929
[2026-04-23 18:48:28] [WARN] ⚠️  No weight found in Magento for SKU: 1140625935
[2026-04-23 18:48:28] [WARN] ⚠️  No weight found in Magento for SKU: 1140625938
[2026-04-23 18:48:28] [WARN] ⚠️  No weight found in Magento for SKU: 1140642382
[2026-04-23 18:48:28] [WARN] ⚠️  No weight found in Magento for SKU: 1140642385
[2026-04-23 18:48:28] [WARN] ⚠️  No weight found in Magento for SKU: 1140642400
[2026-04-23 18:48:28] [WARN] ⚠️  No weight found in Magento for SKU: 1140642405
[2026-04-23 18:48:28] [WARN] ⚠️  No weight found in Magento for SKU: 1140642659
[2026-04-23 18:48:28] [WARN] ⚠️  No weight found in Magento for SKU: 1140643675
[2026-04-23 18:48:28] [WARN] ⚠️  No weight found in Magento for SKU: 1140643676
[2026-04-23 18:48:28] [WARN] ⚠️  No weight found in Magento for SKU: 1140643677
[2026-04-23 18:48:28] [WARN] ⚠️  No weight found in Magento for SKU: 1140643678
[2026-04-23 18:48:28] [WARN] ⚠️  No weight found in Magento for SKU: 1140643679
[2026-04-23 18:48:28] [WARN] ⚠️  No weight found in Magento for SKU: 1140643680
[2026-04-23 18:48:28] [WARN] ⚠️  No weight found in Magento for SKU: 1140643841
[2026-04-23 18:48:28] [WARN] ⚠️  No weight found in Magento for SKU: 1140643842
[2026-04-23 18:48:28] [WARN] ⚠️  No weight found in Magento for SKU: 1140643843
[2026-04-23 18:48:28] [WARN] ⚠️  No weight found in Magento for SKU: 1140643912
[2026-04-23 18:48:28] [WARN] ⚠️  No weight found in Magento for SKU: 1140643913
[2026-04-23 18:48:28] [WARN] ⚠️  No weight found in Magento for SKU: 1140645921
[2026-04-23 18:48:28] [WARN] ⚠️  No weight found in Magento for SKU: 1140645922
[2026-04-23 18:48:28] [WARN] ⚠️  No weight found in Magento for SKU: 1140651157
[2026-04-23 18:48:28] [WARN] ⚠️  No weight found in Magento for SKU: 1140651164
[2026-04-23 18:48:28] [WARN] ⚠️  No weight found in Magento for SKU: 1140654856
[2026-04-23 18:48:28] [WARN] ⚠️  No weight found in Magento for SKU: 1140657868
[2026-04-23 18:48:28] [WARN] ⚠️  No weight found in Magento for SKU: 1140657869
[2026-04-23 18:48:28] [WARN] ⚠️  No weight found in Magento for SKU: 1140657870
[2026-04-23 18:48:28] [WARN] ⚠️  No weight found in Magento for SKU: 1140657871
[2026-04-23 18:48:28] [WARN] ⚠️  No weight found in Magento for SKU: 1140657873
[2026-04-23 18:48:28] [WARN] ⚠️  No weight found in Magento for SKU: 1140657874
[2026-04-23 18:48:28] [WARN] ⚠️  No weight found in Magento for SKU: 1140657876
[2026-04-23 18:48:28] [WARN] ⚠️  No weight found in Magento for SKU: 1140657880
[2026-04-23 18:48:28] [WARN] ⚠️  No weight found in Magento for SKU: 1140658024
[2026-04-23 18:48:28] [WARN] ⚠️  No weight found in Magento for SKU: 1140658027
[2026-04-23 18:48:28] [WARN] ⚠️  No weight found in Magento for SKU: 1140658047
[2026-04-23 18:48:28] [WARN] ⚠️  No weight found in Magento for SKU: 1140658054
[2026-04-23 18:48:28] [WARN] ⚠️  No weight found in Magento for SKU: 1140658982
[2026-04-23 18:48:28] [WARN] ⚠️  No weight found in Magento for SKU: 1140658983
[2026-04-23 18:48:28] [WARN] ⚠️  No weight found in Magento for SKU: 1140658984
[2026-04-23 18:48:28] [WARN] ⚠️  No weight found in Magento for SKU: 1140658985
[2026-04-23 18:48:28] [WARN] ⚠️  No weight found in Magento for SKU: 1140659112
[2026-04-23 18:48:28] [WARN] ⚠️  No weight found in Magento for SKU: 1140659611
[2026-04-23 18:48:28] [WARN] ⚠️  No weight found in Magento for SKU: 1140659612
[2026-04-23 18:48:28] [WARN] ⚠️  No weight found in Magento for SKU: 1140659614
[2026-04-23 18:48:28] [WARN] ⚠️  No weight found in Magento for SKU: 1140659615
[2026-04-23 18:48:28] [WARN] ⚠️  No weight found in Magento for SKU: 1140660066
[2026-04-23 18:48:28] [WARN] ⚠️  No weight found in Magento for SKU: 1140660069
[2026-04-23 18:48:28] [WARN] ⚠️  No weight found in Magento for SKU: 1140660070
[2026-04-23 18:48:28] [WARN] ⚠️  No weight found in Magento for SKU: 1140660073
[2026-04-23 18:48:28] [WARN] ⚠️  No weight found in Magento for SKU: 1140660080
[2026-04-23 18:48:28] [WARN] ⚠️  No weight found in Magento for SKU: 1140660084
[2026-04-23 18:48:28] [WARN] ⚠️  No weight found in Magento for SKU: 1140660094
[2026-04-23 18:48:28] [WARN] ⚠️  No weight found in Magento for SKU: 1140660097
[2026-04-23 18:48:28] [WARN] ⚠️  No weight found in Magento for SKU: 1140660098
[2026-04-23 18:48:28] [WARN] ⚠️  No weight found in Magento for SKU: 1140660099
[2026-04-23 18:48:28] [WARN] ⚠️  No weight found in Magento for SKU: 1140660100
[2026-04-23 18:48:28] [WARN] ⚠️  No weight found in Magento for SKU: 1140660130
[2026-04-23 18:48:28] [WARN] ⚠️  No weight found in Magento for SKU: 1140660411
[2026-04-23 18:48:28] [WARN] ⚠️  No weight found in Magento for SKU: 1140660926
[2026-04-23 18:48:28] [WARN] ⚠️  No weight found in Magento for SKU: 1140660952
[2026-04-23 18:48:28] [WARN] ⚠️  No weight found in Magento for SKU: 1140660953
[2026-04-23 18:48:28] [WARN] ⚠️  No weight found in Magento for SKU: 1140660954
[2026-04-23 18:48:28] [WARN] ⚠️  No weight found in Magento for SKU: 1140660956
[2026-04-23 18:48:28] [WARN] ⚠️  No weight found in Magento for SKU: 1140661241
[2026-04-23 18:48:28] [WARN] ⚠️  No weight found in Magento for SKU: 1140661242
[2026-04-23 18:48:28] [WARN] ⚠️  No weight found in Magento for SKU: 1140661243
[2026-04-23 18:48:28] [WARN] ⚠️  No weight found in Magento for SKU: 1140661245
[2026-04-23 18:48:28] [WARN] ⚠️  No weight found in Magento for SKU: 1140661251
[2026-04-23 18:48:28] [WARN] ⚠️  No weight found in Magento for SKU: 1140661252
[2026-04-23 18:48:28] [WARN] ⚠️  No weight found in Magento for SKU: 1140661253
[2026-04-23 18:48:28] [WARN] ⚠️  No weight found in Magento for SKU: 1140661254
[2026-04-23 18:48:28] [WARN] ⚠️  No weight found in Magento for SKU: 1140661255
[2026-04-23 18:48:28] [WARN] ⚠️  No weight found in Magento for SKU: 1140661256
[2026-04-23 18:48:28] [INFO] Progress: 0/480 weights added
[2026-04-23 18:48:28] [INFO] 
Processing batch 5 (80 products)...
[2026-04-23 18:48:28] [WARN] ⚠️  No weight found in Magento for SKU: 1140661257
[2026-04-23 18:48:28] [WARN] ⚠️  No weight found in Magento for SKU: 1140661264
[2026-04-23 18:48:28] [WARN] ⚠️  No weight found in Magento for SKU: 1140661265
[2026-04-23 18:48:28] [WARN] ⚠️  No weight found in Magento for SKU: 1140661820
[2026-04-23 18:48:28] [WARN] ⚠️  No weight found in Magento for SKU: 1140661821
[2026-04-23 18:48:28] [WARN] ⚠️  No weight found in Magento for SKU: 1140661901
[2026-04-23 18:48:28] [WARN] ⚠️  No weight found in Magento for SKU: 1140661903
[2026-04-23 18:48:28] [WARN] ⚠️  No weight found in Magento for SKU: 1140661905
[2026-04-23 18:48:28] [WARN] ⚠️  No weight found in Magento for SKU: 1140661906
[2026-04-23 18:48:28] [WARN] ⚠️  No weight found in Magento for SKU: 1140661907
[2026-04-23 18:48:28] [WARN] ⚠️  No weight found in Magento for SKU: 1140661924
[2026-04-23 18:48:28] [WARN] ⚠️  No weight found in Magento for SKU: 1140661925
[2026-04-23 18:48:28] [WARN] ⚠️  No weight found in Magento for SKU: 1140661926
[2026-04-23 18:48:28] [WARN] ⚠️  No weight found in Magento for SKU: 1140662181
[2026-04-23 18:48:28] [WARN] ⚠️  No weight found in Magento for SKU: 1140662187
[2026-04-23 18:48:28] [WARN] ⚠️  No weight found in Magento for SKU: 1140662420
[2026-04-23 18:48:28] [WARN] ⚠️  No weight found in Magento for SKU: 1140662422
[2026-04-23 18:48:28] [WARN] ⚠️  No weight found in Magento for SKU: 1140662423
[2026-04-23 18:48:28] [WARN] ⚠️  No weight found in Magento for SKU: 1140662424
[2026-04-23 18:48:28] [WARN] ⚠️  No weight found in Magento for SKU: 1140662425
[2026-04-23 18:48:28] [WARN] ⚠️  No weight found in Magento for SKU: 1140662426
[2026-04-23 18:48:28] [WARN] ⚠️  No weight found in Magento for SKU: 1140662427
[2026-04-23 18:48:28] [WARN] ⚠️  No weight found in Magento for SKU: 1140662428
[2026-04-23 18:48:28] [WARN] ⚠️  No weight found in Magento for SKU: 1140666042-1
[2026-04-23 18:48:28] [WARN] ⚠️  No weight found in Magento for SKU: 1140671618
[2026-04-23 18:48:28] [WARN] ⚠️  No weight found in Magento for SKU: 1140671619
[2026-04-23 18:48:28] [WARN] ⚠️  No weight found in Magento for SKU: 1140671620
[2026-04-23 18:48:28] [WARN] ⚠️  No weight found in Magento for SKU: 1140671621
[2026-04-23 18:48:28] [WARN] ⚠️  No weight found in Magento for SKU: 1140671622
[2026-04-23 18:48:28] [WARN] ⚠️  No weight found in Magento for SKU: 1140671623
[2026-04-23 18:48:28] [WARN] ⚠️  No weight found in Magento for SKU: 1140671624
[2026-04-23 18:48:28] [WARN] ⚠️  No weight found in Magento for SKU: 1140671625
[2026-04-23 18:48:28] [WARN] ⚠️  No weight found in Magento for SKU: 1140671627
[2026-04-23 18:48:28] [WARN] ⚠️  No weight found in Magento for SKU: 1140671671
[2026-04-23 18:48:28] [WARN] ⚠️  No weight found in Magento for SKU: 1140671672
[2026-04-23 18:48:28] [WARN] ⚠️  No weight found in Magento for SKU: 1140671673
[2026-04-23 18:48:28] [WARN] ⚠️  No weight found in Magento for SKU: 1140671674
[2026-04-23 18:48:28] [WARN] ⚠️  No weight found in Magento for SKU: 1140671676
[2026-04-23 18:48:28] [WARN] ⚠️  No weight found in Magento for SKU: 1140671677
[2026-04-23 18:48:28] [WARN] ⚠️  No weight found in Magento for SKU: 1140672337
[2026-04-23 18:48:28] [WARN] ⚠️  No weight found in Magento for SKU: 1140673457
[2026-04-23 18:48:28] [WARN] ⚠️  No weight found in Magento for SKU: 1140673460
[2026-04-23 18:48:28] [WARN] ⚠️  No weight found in Magento for SKU: B0000001
[2026-04-23 18:48:28] [WARN] ⚠️  No weight found in Magento for SKU: B0000002
[2026-04-23 18:48:28] [WARN] ⚠️  No weight found in Magento for SKU: B0000003
[2026-04-23 18:48:28] [WARN] ⚠️  No weight found in Magento for SKU: B0000004
[2026-04-23 18:48:28] [WARN] ⚠️  No weight found in Magento for SKU: B0000005
[2026-04-23 18:48:28] [WARN] ⚠️  No weight found in Magento for SKU: B0000006
[2026-04-23 18:48:28] [WARN] ⚠️  No weight found in Magento for SKU: B0000007
[2026-04-23 18:48:28] [WARN] ⚠️  No weight found in Magento for SKU: B0000008
[2026-04-23 18:48:28] [WARN] ⚠️  No weight found in Magento for SKU: B0000009
[2026-04-23 18:48:28] [WARN] ⚠️  No weight found in Magento for SKU: B0000010
[2026-04-23 18:48:28] [WARN] ⚠️  No weight found in Magento for SKU: B0000011
[2026-04-23 18:48:28] [WARN] ⚠️  No weight found in Magento for SKU: B0000012
[2026-04-23 18:48:28] [WARN] ⚠️  No weight found in Magento for SKU: B0000013
[2026-04-23 18:48:28] [WARN] ⚠️  No weight found in Magento for SKU: B0000014
[2026-04-23 18:48:28] [WARN] ⚠️  No weight found in Magento for SKU: B0000015
[2026-04-23 18:48:28] [WARN] ⚠️  No weight found in Magento for SKU: B0000016
[2026-04-23 18:48:28] [WARN] ⚠️  No weight found in Magento for SKU: B0000017
[2026-04-23 18:48:28] [WARN] ⚠️  No weight found in Magento for SKU: B0000018
[2026-04-23 18:48:28] [WARN] ⚠️  No weight found in Magento for SKU: B0000019
[2026-04-23 18:48:28] [WARN] ⚠️  No weight found in Magento for SKU: B0000020
[2026-04-23 18:48:28] [WARN] ⚠️  No weight found in Magento for SKU: B0000021
[2026-04-23 18:48:28] [WARN] ⚠️  No weight found in Magento for SKU: B0000022
[2026-04-23 18:48:28] [WARN] ⚠️  No weight found in Magento for SKU: B0000023
[2026-04-23 18:48:28] [WARN] ⚠️  No weight found in Magento for SKU: B0000024
[2026-04-23 18:48:28] [WARN] ⚠️  No weight found in Magento for SKU: B0000025
[2026-04-23 18:48:28] [WARN] ⚠️  No weight found in Magento for SKU: B0000026
[2026-04-23 18:48:28] [WARN] ⚠️  No weight found in Magento for SKU: B0000027
[2026-04-23 18:48:28] [WARN] ⚠️  No weight found in Magento for SKU: B0000028
[2026-04-23 18:48:28] [WARN] ⚠️  No weight found in Magento for SKU: B0000029
[2026-04-23 18:48:28] [WARN] ⚠️  No weight found in Magento for SKU: B0000030
[2026-04-23 18:48:28] [WARN] ⚠️  No weight found in Magento for SKU: B0000031
[2026-04-23 18:48:28] [WARN] ⚠️  No weight found in Magento for SKU: B0000032
[2026-04-23 18:48:28] [WARN] ⚠️  No weight found in Magento for SKU: B0000033
[2026-04-23 18:48:28] [WARN] ⚠️  No weight found in Magento for SKU: B0000034
[2026-04-23 18:48:28] [WARN] ⚠️  No weight found in Magento for SKU: B0000035
[2026-04-23 18:48:28] [WARN] ⚠️  No weight found in Magento for SKU: B0000036
[2026-04-23 18:48:28] [WARN] ⚠️  No weight found in Magento for SKU: B0000037
[2026-04-23 18:48:28] [WARN] ⚠️  No weight found in Magento for SKU: G0000001
[2026-04-23 18:48:28] [INFO] Progress: 0/480 weights added
[2026-04-23 18:48:28] [INFO] 
✅ Phase 2C Complete: 0 weights added
[2026-04-23 18:48:28] [INFO] 
======================================================================
[2026-04-23 18:48:28] [INFO] FINAL REPORT - PHASE 2: FIX MISSING FIELDS
[2026-04-23 18:48:28] [INFO] ======================================================================
[2026-04-23 18:48:28] [INFO] 
📊 STATISTICS:
[2026-04-23 18:48:28] [INFO]   • Names Added:        0
[2026-04-23 18:48:28] [INFO]   • Descriptions Added: 0
[2026-04-23 18:48:28] [INFO]   • Weights Added:      0
[2026-04-23 18:48:28] [INFO]   • Errors:             1033
[2026-04-23 18:48:28] [INFO] 
✅ Phase 2 Complete!
[2026-04-23 18:48:28] [INFO]    Log file: /home/pim/public_html/webapp/fix_missing_fields_20260423_184827.log